City,State,Housing type,Project,Units,Sq. ft. per unit,Population density,Neighborhood median income,Total duration (years),Total duration low,Total duration high,Total duration 95% CI,Permitting duration (years),Permitting low,Permitting high,Permitting 95% CI,Rank (longest first)
San Francisco,CA,Duplex/triplex,"2 units, 800 sq. ft. each",2,800,"4,000/sq. mi.","$80,000",4.24,3.42,5.06,3.42–5.06,1.55,1.12,1.98,1.12–1.98,1
Jersey City,NJ,Duplex/triplex,"2 units, 800 sq. ft. each",2,800,"4,000/sq. mi.","$80,000",3.95,2.29,5.6,2.29–5.6,0.33,0.12,0.53,0.12–0.53,2
Miami,FL,Duplex/triplex,"2 units, 800 sq. ft. each",2,800,"4,000/sq. mi.","$80,000",3.7,2.97,4.42,2.97–4.42,1.28,1.01,1.56,1.01–1.56,3
Phoenix,AZ,Duplex/triplex,"2 units, 800 sq. ft. each",2,800,"4,000/sq. mi.","$80,000",3.38,3.14,3.61,3.14–3.61,1.85,1.63,2.07,1.63–2.07,4
Tulsa,OK,Duplex/triplex,"2 units, 800 sq. ft. each",2,800,"4,000/sq. mi.","$80,000",3.33,2.36,4.3,2.36–4.3,1.08,0.74,1.42,0.74–1.42,5
Philadelphia,PA,Duplex/triplex,"2 units, 800 sq. ft. each",2,800,"4,000/sq. mi.","$80,000",2.96,2.7,3.21,2.7–3.21,0.21,0.18,0.24,0.18–0.24,6
Oakland,CA,Duplex/triplex,"2 units, 800 sq. ft. each",2,800,"4,000/sq. mi.","$80,000",2.84,2.23,3.45,2.23–3.45,0.47,0.29,0.65,0.29–0.65,7
Washington,DC,Duplex/triplex,"2 units, 800 sq. ft. each",2,800,"4,000/sq. mi.","$80,000",2.83,2.22,3.43,2.22–3.43,1,0.74,1.26,0.74–1.26,8
New York,NY,Duplex/triplex,"2 units, 800 sq. ft. each",2,800,"4,000/sq. mi.","$80,000",2.79,2.69,2.88,2.69–2.88,0.82,0.78,0.87,0.78–0.87,9
Fort Lauderdale,FL,Duplex/triplex,"2 units, 800 sq. ft. each",2,800,"4,000/sq. mi.","$80,000",2.71,2.15,3.27,2.15–3.27,1.11,0.8,1.42,0.8–1.42,10
Los Angeles,CA,Duplex/triplex,"2 units, 800 sq. ft. each",2,800,"4,000/sq. mi.","$80,000",2.65,2.44,2.85,2.44–2.85,0.91,0.81,1,0.81–1,11
Boston,MA,Duplex/triplex,"2 units, 800 sq. ft. each",2,800,"4,000/sq. mi.","$80,000",2.52,2.21,2.84,2.21–2.84,1.07,0.87,1.28,0.87–1.28,12
Honolulu,HI,Duplex/triplex,"2 units, 800 sq. ft. each",2,800,"4,000/sq. mi.","$80,000",2.5,2.28,2.71,2.28–2.71,1.01,0.89,1.13,0.89–1.13,13
Seattle,WA,Duplex/triplex,"2 units, 800 sq. ft. each",2,800,"4,000/sq. mi.","$80,000",2.26,2.15,2.38,2.15–2.38,0.68,0.63,0.73,0.63–0.73,14
Cleveland,OH,Duplex/triplex,"2 units, 800 sq. ft. each",2,800,"4,000/sq. mi.","$80,000",2.16,1.6,2.72,1.6–2.72,0.51,0.32,0.7,0.32–0.7,15
Boise,ID,Duplex/triplex,"2 units, 800 sq. ft. each",2,800,"4,000/sq. mi.","$80,000",2.12,1.29,2.94,1.29–2.94,0.44,0.23,0.65,0.23–0.65,16
Louisville,KY,Duplex/triplex,"2 units, 800 sq. ft. each",2,800,"4,000/sq. mi.","$80,000",2.06,1.35,2.77,1.35–2.77,0.25,0.12,0.38,0.12–0.38,17
San Diego,CA,Duplex/triplex,"2 units, 800 sq. ft. each",2,800,"4,000/sq. mi.","$80,000",1.94,1.72,2.16,1.72–2.16,0.59,0.49,0.68,0.49–0.68,18
Albuquerque,NM,Duplex/triplex,"2 units, 800 sq. ft. each",2,800,"4,000/sq. mi.","$80,000",1.84,1.07,2.61,1.07–2.61,0.18,0.07,0.29,0.07–0.29,19
Jacksonville,FL,Duplex/triplex,"2 units, 800 sq. ft. each",2,800,"4,000/sq. mi.","$80,000",1.82,1.59,2.06,1.59–2.06,0.47,0.37,0.58,0.37–0.58,20
Providence,RI,Duplex/triplex,"2 units, 800 sq. ft. each",2,800,"4,000/sq. mi.","$80,000",1.77,1.33,2.21,1.33–2.21,0.1,0.05,0.14,0.05–0.14,21
Houston,TX,Duplex/triplex,"2 units, 800 sq. ft. each",2,800,"4,000/sq. mi.","$80,000",1.72,1.46,1.97,1.46–1.97,0.27,0.18,0.36,0.18–0.36,22
Boulder,CO,Duplex/triplex,"2 units, 800 sq. ft. each",2,800,"4,000/sq. mi.","$80,000",1.71,1.41,2,1.41–2,0.75,0.46,1.05,0.46–1.05,23
Durham,NC,Duplex/triplex,"2 units, 800 sq. ft. each",2,800,"4,000/sq. mi.","$80,000",1.67,1.21,2.12,1.21–2.12,0.17,0.13,0.21,0.13–0.21,24
Sacramento,CA,Duplex/triplex,"2 units, 800 sq. ft. each",2,800,"4,000/sq. mi.","$80,000",1.61,1.37,1.86,1.37–1.86,0.36,0.24,0.49,0.24–0.49,25
Portland,OR,Duplex/triplex,"2 units, 800 sq. ft. each",2,800,"4,000/sq. mi.","$80,000",1.53,1.45,1.61,1.45–1.61,0.55,0.51,0.6,0.51–0.6,26
Atlanta,GA,Duplex/triplex,"2 units, 800 sq. ft. each",2,800,"4,000/sq. mi.","$80,000",1.5,1.31,1.68,1.31–1.68,0.35,0.26,0.44,0.26–0.44,27
Austin,TX,Duplex/triplex,"2 units, 800 sq. ft. each",2,800,"4,000/sq. mi.","$80,000",1.43,1.35,1.52,1.35–1.52,0.3,0.27,0.33,0.27–0.33,28
Columbus,OH,Duplex/triplex,"2 units, 800 sq. ft. each",2,800,"4,000/sq. mi.","$80,000",1.25,1.1,1.4,1.1–1.4,0.09,0.07,0.12,0.07–0.12,29
Tampa,FL,Duplex/triplex,"2 units, 800 sq. ft. each",2,800,"4,000/sq. mi.","$80,000",1.23,1.01,1.46,1.01–1.46,0.34,0.24,0.43,0.24–0.43,30
Reno,NV,Duplex/triplex,"2 units, 800 sq. ft. each",2,800,"4,000/sq. mi.","$80,000",1.23,0.98,1.49,0.98–1.49,0.37,0.2,0.54,0.2–0.54,31
San Antonio,TX,Duplex/triplex,"2 units, 800 sq. ft. each",2,800,"4,000/sq. mi.","$80,000",1.21,0.98,1.44,0.98–1.44,0.13,0.08,0.17,0.08–0.17,32
Nashville,TN,Duplex/triplex,"2 units, 800 sq. ft. each",2,800,"4,000/sq. mi.","$80,000",1.21,0.96,1.46,0.96–1.46,0.14,0.09,0.2,0.09–0.2,33
Colorado Springs,CO,Duplex/triplex,"2 units, 800 sq. ft. each",2,800,"4,000/sq. mi.","$80,000",1.2,1.05,1.34,1.05–1.34,0.12,0.08,0.16,0.08–0.16,34
Fort Worth,TX,Duplex/triplex,"2 units, 800 sq. ft. each",2,800,"4,000/sq. mi.","$80,000",1.13,1.02,1.24,1.02–1.24,0.12,0.09,0.15,0.09–0.15,35
Baton Rouge,LA,Duplex/triplex,"2 units, 800 sq. ft. each",2,800,"4,000/sq. mi.","$80,000",1.13,0.95,1.3,0.95–1.3,0.32,0.23,0.4,0.23–0.4,36
Denver,CO,Duplex/triplex,"2 units, 800 sq. ft. each",2,800,"4,000/sq. mi.","$80,000",1.08,0.98,1.19,0.98–1.19,0.2,0.12,0.28,0.12–0.28,37
Orlando,FL,Duplex/triplex,"2 units, 800 sq. ft. each",2,800,"4,000/sq. mi.","$80,000",1.07,0.96,1.19,0.96–1.19,0.24,0.18,0.31,0.18–0.31,38
New Orleans,LA,Duplex/triplex,"2 units, 800 sq. ft. each",2,800,"4,000/sq. mi.","$80,000",1.06,0.92,1.2,0.92–1.2,0.16,0.12,0.19,0.12–0.19,39
El Paso,TX,Duplex/triplex,"2 units, 800 sq. ft. each",2,800,"4,000/sq. mi.","$80,000",0.82,0.67,0.98,0.67–0.98,0.12,0.05,0.19,0.05–0.19,40
Oklahoma City,OK,Duplex/triplex,"2 units, 800 sq. ft. each",2,800,"4,000/sq. mi.","$80,000",0.76,0.68,0.85,0.68–0.85,0.05,0.03,0.07,0.03–0.07,41
Wilmington,NC,Duplex/triplex,"2 units, 800 sq. ft. each",2,800,"4,000/sq. mi.","$80,000",0.52,0.49,0.55,0.49–0.55,0,0,0,0–0,42
San Francisco,CA,Duplex/triplex,"2 units, 1,200 sq. ft. each",2,1200,"4,000/sq. mi.","$80,000",4.82,4,5.63,4–5.63,1.89,1.43,2.36,1.43–2.36,1
Jersey City,NJ,Duplex/triplex,"2 units, 1,200 sq. ft. each",2,1200,"4,000/sq. mi.","$80,000",3.88,2.27,5.49,2.27–5.49,0.34,0.14,0.54,0.14–0.54,2
Miami,FL,Duplex/triplex,"2 units, 1,200 sq. ft. each",2,1200,"4,000/sq. mi.","$80,000",3.68,3.06,4.3,3.06–4.3,1.35,1.09,1.6,1.09–1.6,3
Tulsa,OK,Duplex/triplex,"2 units, 1,200 sq. ft. each",2,1200,"4,000/sq. mi.","$80,000",3.22,2.49,3.95,2.49–3.95,0.92,0.72,1.12,0.72–1.12,4
Phoenix,AZ,Duplex/triplex,"2 units, 1,200 sq. ft. each",2,1200,"4,000/sq. mi.","$80,000",3.11,2.9,3.32,2.9–3.32,1.33,1.18,1.48,1.18–1.48,5
Oakland,CA,Duplex/triplex,"2 units, 1,200 sq. ft. each",2,1200,"4,000/sq. mi.","$80,000",3.01,2.51,3.51,2.51–3.51,0.49,0.38,0.61,0.38–0.61,6
Philadelphia,PA,Duplex/triplex,"2 units, 1,200 sq. ft. each",2,1200,"4,000/sq. mi.","$80,000",2.99,2.74,3.23,2.74–3.23,0.21,0.19,0.24,0.19–0.24,7
Washington,DC,Duplex/triplex,"2 units, 1,200 sq. ft. each",2,1200,"4,000/sq. mi.","$80,000",2.92,2.38,3.45,2.38–3.45,0.92,0.68,1.16,0.68–1.16,8
New York,NY,Duplex/triplex,"2 units, 1,200 sq. ft. each",2,1200,"4,000/sq. mi.","$80,000",2.9,2.81,2.98,2.81–2.98,0.81,0.77,0.85,0.77–0.85,9
Los Angeles,CA,Duplex/triplex,"2 units, 1,200 sq. ft. each",2,1200,"4,000/sq. mi.","$80,000",2.58,2.42,2.74,2.42–2.74,0.91,0.83,0.99,0.83–0.99,10
Boston,MA,Duplex/triplex,"2 units, 1,200 sq. ft. each",2,1200,"4,000/sq. mi.","$80,000",2.53,2.27,2.79,2.27–2.79,1.1,0.91,1.29,0.91–1.29,11
Honolulu,HI,Duplex/triplex,"2 units, 1,200 sq. ft. each",2,1200,"4,000/sq. mi.","$80,000",2.5,2.31,2.7,2.31–2.7,0.96,0.86,1.07,0.86–1.07,12
Fort Lauderdale,FL,Duplex/triplex,"2 units, 1,200 sq. ft. each",2,1200,"4,000/sq. mi.","$80,000",2.48,2.06,2.91,2.06–2.91,0.94,0.71,1.17,0.71–1.17,13
Seattle,WA,Duplex/triplex,"2 units, 1,200 sq. ft. each",2,1200,"4,000/sq. mi.","$80,000",2.39,2.28,2.5,2.28–2.5,0.72,0.67,0.76,0.67–0.76,14
Cleveland,OH,Duplex/triplex,"2 units, 1,200 sq. ft. each",2,1200,"4,000/sq. mi.","$80,000",2.34,1.68,2.99,1.68–2.99,0.63,0.41,0.86,0.41–0.86,15
Boise,ID,Duplex/triplex,"2 units, 1,200 sq. ft. each",2,1200,"4,000/sq. mi.","$80,000",2.18,1.24,3.11,1.24–3.11,0.44,0.22,0.66,0.22–0.66,16
San Diego,CA,Duplex/triplex,"2 units, 1,200 sq. ft. each",2,1200,"4,000/sq. mi.","$80,000",2.01,1.81,2.2,1.81–2.2,0.6,0.51,0.7,0.51–0.7,17
Louisville,KY,Duplex/triplex,"2 units, 1,200 sq. ft. each",2,1200,"4,000/sq. mi.","$80,000",1.97,1.35,2.59,1.35–2.59,0.23,0.11,0.36,0.11–0.36,18
Jacksonville,FL,Duplex/triplex,"2 units, 1,200 sq. ft. each",2,1200,"4,000/sq. mi.","$80,000",1.88,1.66,2.11,1.66–2.11,0.48,0.38,0.58,0.38–0.58,19
Albuquerque,NM,Duplex/triplex,"2 units, 1,200 sq. ft. each",2,1200,"4,000/sq. mi.","$80,000",1.84,1.17,2.52,1.17–2.52,0.21,0.1,0.32,0.1–0.32,20
Houston,TX,Duplex/triplex,"2 units, 1,200 sq. ft. each",2,1200,"4,000/sq. mi.","$80,000",1.82,1.56,2.07,1.56–2.07,0.28,0.2,0.36,0.2–0.36,21
Providence,RI,Duplex/triplex,"2 units, 1,200 sq. ft. each",2,1200,"4,000/sq. mi.","$80,000",1.8,1.36,2.25,1.36–2.25,0.1,0.05,0.14,0.05–0.14,22
Boulder,CO,Duplex/triplex,"2 units, 1,200 sq. ft. each",2,1200,"4,000/sq. mi.","$80,000",1.69,1.44,1.94,1.44–1.94,0.71,0.46,0.96,0.46–0.96,23
Sacramento,CA,Duplex/triplex,"2 units, 1,200 sq. ft. each",2,1200,"4,000/sq. mi.","$80,000",1.67,1.44,1.89,1.44–1.89,0.37,0.25,0.48,0.25–0.48,24
Portland,OR,Duplex/triplex,"2 units, 1,200 sq. ft. each",2,1200,"4,000/sq. mi.","$80,000",1.6,1.53,1.67,1.53–1.67,0.58,0.53,0.62,0.53–0.62,25
Durham,NC,Duplex/triplex,"2 units, 1,200 sq. ft. each",2,1200,"4,000/sq. mi.","$80,000",1.58,1.21,1.95,1.21–1.95,0.2,0.15,0.25,0.15–0.25,26
Atlanta,GA,Duplex/triplex,"2 units, 1,200 sq. ft. each",2,1200,"4,000/sq. mi.","$80,000",1.53,1.36,1.69,1.36–1.69,0.38,0.28,0.47,0.28–0.47,27
Austin,TX,Duplex/triplex,"2 units, 1,200 sq. ft. each",2,1200,"4,000/sq. mi.","$80,000",1.47,1.4,1.53,1.4–1.53,0.32,0.29,0.34,0.29–0.34,28
Reno,NV,Duplex/triplex,"2 units, 1,200 sq. ft. each",2,1200,"4,000/sq. mi.","$80,000",1.43,1.22,1.64,1.22–1.64,0.39,0.25,0.53,0.25–0.53,29
Tampa,FL,Duplex/triplex,"2 units, 1,200 sq. ft. each",2,1200,"4,000/sq. mi.","$80,000",1.38,1.17,1.59,1.17–1.59,0.37,0.28,0.45,0.28–0.45,30
Columbus,OH,Duplex/triplex,"2 units, 1,200 sq. ft. each",2,1200,"4,000/sq. mi.","$80,000",1.34,1.21,1.48,1.21–1.48,0.1,0.08,0.13,0.08–0.13,31
Nashville,TN,Duplex/triplex,"2 units, 1,200 sq. ft. each",2,1200,"4,000/sq. mi.","$80,000",1.29,1.02,1.56,1.02–1.56,0.15,0.09,0.21,0.09–0.21,32
Colorado Springs,CO,Duplex/triplex,"2 units, 1,200 sq. ft. each",2,1200,"4,000/sq. mi.","$80,000",1.28,1.11,1.45,1.11–1.45,0.2,0.14,0.26,0.14–0.26,33
San Antonio,TX,Duplex/triplex,"2 units, 1,200 sq. ft. each",2,1200,"4,000/sq. mi.","$80,000",1.25,1.02,1.48,1.02–1.48,0.14,0.09,0.18,0.09–0.18,34
Baton Rouge,LA,Duplex/triplex,"2 units, 1,200 sq. ft. each",2,1200,"4,000/sq. mi.","$80,000",1.22,1.05,1.39,1.05–1.39,0.35,0.26,0.44,0.26–0.44,35
Denver,CO,Duplex/triplex,"2 units, 1,200 sq. ft. each",2,1200,"4,000/sq. mi.","$80,000",1.2,1.08,1.32,1.08–1.32,0.22,0.13,0.3,0.13–0.3,36
Fort Worth,TX,Duplex/triplex,"2 units, 1,200 sq. ft. each",2,1200,"4,000/sq. mi.","$80,000",1.15,1.05,1.26,1.05–1.26,0.15,0.12,0.18,0.12–0.18,37
New Orleans,LA,Duplex/triplex,"2 units, 1,200 sq. ft. each",2,1200,"4,000/sq. mi.","$80,000",1.14,1,1.27,1–1.27,0.18,0.14,0.21,0.14–0.21,38
Orlando,FL,Duplex/triplex,"2 units, 1,200 sq. ft. each",2,1200,"4,000/sq. mi.","$80,000",1.08,0.98,1.19,0.98–1.19,0.21,0.14,0.28,0.14–0.28,39
Oklahoma City,OK,Duplex/triplex,"2 units, 1,200 sq. ft. each",2,1200,"4,000/sq. mi.","$80,000",0.83,0.74,0.91,0.74–0.91,0.06,0.03,0.08,0.03–0.08,40
El Paso,TX,Duplex/triplex,"2 units, 1,200 sq. ft. each",2,1200,"4,000/sq. mi.","$80,000",0.82,0.66,0.97,0.66–0.97,0.15,0.06,0.23,0.06–0.23,41
Wilmington,NC,Duplex/triplex,"2 units, 1,200 sq. ft. each",2,1200,"4,000/sq. mi.","$80,000",0.59,0.56,0.61,0.56–0.61,0,0,0,0–0,42
San Francisco,CA,Duplex/triplex,"2 units, 1,600 sq. ft. each",2,1600,"4,000/sq. mi.","$80,000",5.28,4.41,6.15,4.41–6.15,2.18,1.66,2.7,1.66–2.7,1
Jersey City,NJ,Duplex/triplex,"2 units, 1,600 sq. ft. each",2,1600,"4,000/sq. mi.","$80,000",3.83,2.24,5.41,2.24–5.41,0.35,0.14,0.55,0.14–0.55,2
Miami,FL,Duplex/triplex,"2 units, 1,600 sq. ft. each",2,1600,"4,000/sq. mi.","$80,000",3.66,3.09,4.23,3.09–4.23,1.39,1.14,1.64,1.14–1.64,3
Tulsa,OK,Duplex/triplex,"2 units, 1,600 sq. ft. each",2,1600,"4,000/sq. mi.","$80,000",3.15,2.53,3.78,2.53–3.78,0.82,0.66,0.98,0.66–0.98,4
Oakland,CA,Duplex/triplex,"2 units, 1,600 sq. ft. each",2,1600,"4,000/sq. mi.","$80,000",3.13,2.61,3.66,2.61–3.66,0.51,0.4,0.63,0.4–0.63,5
Philadelphia,PA,Duplex/triplex,"2 units, 1,600 sq. ft. each",2,1600,"4,000/sq. mi.","$80,000",3.01,2.75,3.26,2.75–3.26,0.22,0.19,0.25,0.19–0.25,6
Washington,DC,Duplex/triplex,"2 units, 1,600 sq. ft. each",2,1600,"4,000/sq. mi.","$80,000",2.98,2.44,3.52,2.44–3.52,0.87,0.62,1.11,0.62–1.11,7
New York,NY,Duplex/triplex,"2 units, 1,600 sq. ft. each",2,1600,"4,000/sq. mi.","$80,000",2.97,2.89,3.06,2.89–3.06,0.8,0.76,0.84,0.76–0.84,8
Phoenix,AZ,Duplex/triplex,"2 units, 1,600 sq. ft. each",2,1600,"4,000/sq. mi.","$80,000",2.93,2.74,3.13,2.74–3.13,1.06,0.93,1.18,0.93–1.18,9
Los Angeles,CA,Duplex/triplex,"2 units, 1,600 sq. ft. each",2,1600,"4,000/sq. mi.","$80,000",2.53,2.39,2.68,2.39–2.68,0.91,0.84,0.99,0.84–0.99,10
Boston,MA,Duplex/triplex,"2 units, 1,600 sq. ft. each",2,1600,"4,000/sq. mi.","$80,000",2.53,2.29,2.77,2.29–2.77,1.12,0.93,1.3,0.93–1.3,11
Honolulu,HI,Duplex/triplex,"2 units, 1,600 sq. ft. each",2,1600,"4,000/sq. mi.","$80,000",2.51,2.32,2.69,2.32–2.69,0.93,0.84,1.03,0.84–1.03,12
Seattle,WA,Duplex/triplex,"2 units, 1,600 sq. ft. each",2,1600,"4,000/sq. mi.","$80,000",2.48,2.37,2.59,2.37–2.59,0.75,0.7,0.79,0.7–0.79,13
Cleveland,OH,Duplex/triplex,"2 units, 1,600 sq. ft. each",2,1600,"4,000/sq. mi.","$80,000",2.47,1.72,3.22,1.72–3.22,0.74,0.48,1,0.48–1,14
Fort Lauderdale,FL,Duplex/triplex,"2 units, 1,600 sq. ft. each",2,1600,"4,000/sq. mi.","$80,000",2.33,1.95,2.71,1.95–2.71,0.84,0.63,1.04,0.63–1.04,15
Boise,ID,Duplex/triplex,"2 units, 1,600 sq. ft. each",2,1600,"4,000/sq. mi.","$80,000",2.22,1.18,3.25,1.18–3.25,0.43,0.19,0.67,0.19–0.67,16
San Diego,CA,Duplex/triplex,"2 units, 1,600 sq. ft. each",2,1600,"4,000/sq. mi.","$80,000",2.06,1.85,2.27,1.85–2.27,0.61,0.51,0.72,0.51–0.72,17
Jacksonville,FL,Duplex/triplex,"2 units, 1,600 sq. ft. each",2,1600,"4,000/sq. mi.","$80,000",1.93,1.7,2.16,1.7–2.16,0.48,0.38,0.59,0.38–0.59,18
Louisville,KY,Duplex/triplex,"2 units, 1,600 sq. ft. each",2,1600,"4,000/sq. mi.","$80,000",1.91,1.34,2.48,1.34–2.48,0.22,0.11,0.34,0.11–0.34,19
Houston,TX,Duplex/triplex,"2 units, 1,600 sq. ft. each",2,1600,"4,000/sq. mi.","$80,000",1.9,1.64,2.15,1.64–2.15,0.28,0.21,0.36,0.21–0.36,20
Albuquerque,NM,Duplex/triplex,"2 units, 1,600 sq. ft. each",2,1600,"4,000/sq. mi.","$80,000",1.85,1.23,2.47,1.23–2.47,0.23,0.11,0.35,0.11–0.35,21
Providence,RI,Duplex/triplex,"2 units, 1,600 sq. ft. each",2,1600,"4,000/sq. mi.","$80,000",1.82,1.37,2.28,1.37–2.28,0.1,0.05,0.14,0.05–0.14,22
Sacramento,CA,Duplex/triplex,"2 units, 1,600 sq. ft. each",2,1600,"4,000/sq. mi.","$80,000",1.7,1.47,1.93,1.47–1.93,0.37,0.25,0.48,0.25–0.48,23
Boulder,CO,Duplex/triplex,"2 units, 1,600 sq. ft. each",2,1600,"4,000/sq. mi.","$80,000",1.69,1.44,1.93,1.44–1.93,0.68,0.44,0.92,0.44–0.92,24
Portland,OR,Duplex/triplex,"2 units, 1,600 sq. ft. each",2,1600,"4,000/sq. mi.","$80,000",1.65,1.56,1.74,1.56–1.74,0.59,0.54,0.65,0.54–0.65,25
Reno,NV,Duplex/triplex,"2 units, 1,600 sq. ft. each",2,1600,"4,000/sq. mi.","$80,000",1.59,1.4,1.77,1.4–1.77,0.4,0.27,0.54,0.27–0.54,26
Atlanta,GA,Duplex/triplex,"2 units, 1,600 sq. ft. each",2,1600,"4,000/sq. mi.","$80,000",1.55,1.38,1.71,1.38–1.71,0.4,0.29,0.5,0.29–0.5,27
Durham,NC,Duplex/triplex,"2 units, 1,600 sq. ft. each",2,1600,"4,000/sq. mi.","$80,000",1.52,1.16,1.88,1.16–1.88,0.23,0.17,0.29,0.17–0.29,28
Tampa,FL,Duplex/triplex,"2 units, 1,600 sq. ft. each",2,1600,"4,000/sq. mi.","$80,000",1.5,1.29,1.71,1.29–1.71,0.39,0.31,0.47,0.31–0.47,29
Austin,TX,Duplex/triplex,"2 units, 1,600 sq. ft. each",2,1600,"4,000/sq. mi.","$80,000",1.49,1.43,1.55,1.43–1.55,0.33,0.31,0.36,0.31–0.36,30
Columbus,OH,Duplex/triplex,"2 units, 1,600 sq. ft. each",2,1600,"4,000/sq. mi.","$80,000",1.42,1.28,1.55,1.28–1.55,0.11,0.08,0.13,0.08–0.13,31
Nashville,TN,Duplex/triplex,"2 units, 1,600 sq. ft. each",2,1600,"4,000/sq. mi.","$80,000",1.35,1.07,1.64,1.07–1.64,0.15,0.09,0.22,0.09–0.22,32
Colorado Springs,CO,Duplex/triplex,"2 units, 1,600 sq. ft. each",2,1600,"4,000/sq. mi.","$80,000",1.35,1.15,1.54,1.15–1.54,0.28,0.19,0.37,0.19–0.37,33
Baton Rouge,LA,Duplex/triplex,"2 units, 1,600 sq. ft. each",2,1600,"4,000/sq. mi.","$80,000",1.29,1.11,1.46,1.11–1.46,0.37,0.27,0.47,0.27–0.47,34
Denver,CO,Duplex/triplex,"2 units, 1,600 sq. ft. each",2,1600,"4,000/sq. mi.","$80,000",1.28,1.15,1.42,1.15–1.42,0.23,0.13,0.32,0.13–0.32,35
San Antonio,TX,Duplex/triplex,"2 units, 1,600 sq. ft. each",2,1600,"4,000/sq. mi.","$80,000",1.28,1.05,1.51,1.05–1.51,0.14,0.1,0.18,0.1–0.18,36
New Orleans,LA,Duplex/triplex,"2 units, 1,600 sq. ft. each",2,1600,"4,000/sq. mi.","$80,000",1.19,1.04,1.34,1.04–1.34,0.2,0.15,0.24,0.15–0.24,37
Fort Worth,TX,Duplex/triplex,"2 units, 1,600 sq. ft. each",2,1600,"4,000/sq. mi.","$80,000",1.17,1.06,1.27,1.06–1.27,0.18,0.15,0.21,0.15–0.21,38
Orlando,FL,Duplex/triplex,"2 units, 1,600 sq. ft. each",2,1600,"4,000/sq. mi.","$80,000",1.09,0.97,1.2,0.97–1.2,0.19,0.12,0.26,0.12–0.26,39
Oklahoma City,OK,Duplex/triplex,"2 units, 1,600 sq. ft. each",2,1600,"4,000/sq. mi.","$80,000",0.88,0.78,0.97,0.78–0.97,0.06,0.03,0.09,0.03–0.09,40
El Paso,TX,Duplex/triplex,"2 units, 1,600 sq. ft. each",2,1600,"4,000/sq. mi.","$80,000",0.81,0.66,0.97,0.66–0.97,0.16,0.07,0.26,0.07–0.26,41
Wilmington,NC,Duplex/triplex,"2 units, 1,600 sq. ft. each",2,1600,"4,000/sq. mi.","$80,000",0.64,0.61,0.66,0.61–0.66,0,0,0,0–0,42
Tulsa,OK,Duplex/triplex,"3 units, 800 sq. ft. each",3,800,"4,000/sq. mi.","$80,000",9.46,6.34,12.58,6.34–12.58,1.3,0.78,1.82,0.78–1.82,1
San Francisco,CA,Duplex/triplex,"3 units, 800 sq. ft. each",3,800,"4,000/sq. mi.","$80,000",4.73,3.71,5.74,3.71–5.74,1.8,1.24,2.35,1.24–2.35,2
Washington,DC,Duplex/triplex,"3 units, 800 sq. ft. each",3,800,"4,000/sq. mi.","$80,000",4.06,2.89,5.23,2.89–5.23,1.53,0.93,2.12,0.93–2.12,3
Los Angeles,CA,Duplex/triplex,"3 units, 800 sq. ft. each",3,800,"4,000/sq. mi.","$80,000",4.01,3.58,4.44,3.58–4.44,1.53,1.31,1.75,1.31–1.75,4
Phoenix,AZ,Duplex/triplex,"3 units, 800 sq. ft. each",3,800,"4,000/sq. mi.","$80,000",3.4,3.11,3.69,3.11–3.69,2.35,1.96,2.75,1.96–2.75,5
New York,NY,Duplex/triplex,"3 units, 800 sq. ft. each",3,800,"4,000/sq. mi.","$80,000",2.95,2.83,3.06,2.83–3.06,0.79,0.73,0.84,0.73–0.84,6
Philadelphia,PA,Duplex/triplex,"3 units, 800 sq. ft. each",3,800,"4,000/sq. mi.","$80,000",2.93,2.64,3.22,2.64–3.22,0.22,0.18,0.25,0.18–0.25,7
Oakland,CA,Duplex/triplex,"3 units, 800 sq. ft. each",3,800,"4,000/sq. mi.","$80,000",2.93,2.09,3.76,2.09–3.76,0.5,0.28,0.73,0.28–0.73,8
Boston,MA,Duplex/triplex,"3 units, 800 sq. ft. each",3,800,"4,000/sq. mi.","$80,000",2.7,2.36,3.03,2.36–3.03,1.14,0.92,1.37,0.92–1.37,9
Seattle,WA,Duplex/triplex,"3 units, 800 sq. ft. each",3,800,"4,000/sq. mi.","$80,000",2.53,2.41,2.65,2.41–2.65,0.81,0.75,0.87,0.75–0.87,10
Boulder,CO,Duplex/triplex,"3 units, 800 sq. ft. each",3,800,"4,000/sq. mi.","$80,000",2.52,2.06,2.98,2.06–2.98,0.8,0.51,1.1,0.51–1.1,11
Sacramento,CA,Duplex/triplex,"3 units, 800 sq. ft. each",3,800,"4,000/sq. mi.","$80,000",2.38,1.8,2.96,1.8–2.96,0.38,0.15,0.6,0.15–0.6,12
San Diego,CA,Duplex/triplex,"3 units, 800 sq. ft. each",3,800,"4,000/sq. mi.","$80,000",2.26,1.95,2.57,1.95–2.57,0.59,0.47,0.7,0.47–0.7,13
Durham,NC,Duplex/triplex,"3 units, 800 sq. ft. each",3,800,"4,000/sq. mi.","$80,000",2.19,1.28,3.09,1.28–3.09,0.21,0.12,0.3,0.12–0.3,14
Providence,RI,Duplex/triplex,"3 units, 800 sq. ft. each",3,800,"4,000/sq. mi.","$80,000",2.18,1.4,2.97,1.4–2.97,0.21,0.04,0.39,0.04–0.39,15
Honolulu,HI,Duplex/triplex,"3 units, 800 sq. ft. each",3,800,"4,000/sq. mi.","$80,000",2.14,1.76,2.53,1.76–2.53,1.19,0.79,1.59,0.79–1.59,16
Portland,OR,Duplex/triplex,"3 units, 800 sq. ft. each",3,800,"4,000/sq. mi.","$80,000",2.04,1.8,2.29,1.8–2.29,0.69,0.57,0.82,0.57–0.82,17
Austin,TX,Duplex/triplex,"3 units, 800 sq. ft. each",3,800,"4,000/sq. mi.","$80,000",2.02,1.83,2.22,1.83–2.22,0.52,0.44,0.6,0.44–0.6,18
Louisville,KY,Duplex/triplex,"3 units, 800 sq. ft. each",3,800,"4,000/sq. mi.","$80,000",2.02,1.13,2.9,1.13–2.9,0.17,0.09,0.25,0.09–0.25,19
Oklahoma City,OK,Duplex/triplex,"3 units, 800 sq. ft. each",3,800,"4,000/sq. mi.","$80,000",1.89,1.63,2.14,1.63–2.14,0.04,0.02,0.06,0.02–0.06,20
Albuquerque,NM,Duplex/triplex,"3 units, 800 sq. ft. each",3,800,"4,000/sq. mi.","$80,000",1.88,1.28,2.47,1.28–2.47,0.28,0.13,0.43,0.13–0.43,21
Jacksonville,FL,Duplex/triplex,"3 units, 800 sq. ft. each",3,800,"4,000/sq. mi.","$80,000",1.79,1.43,2.14,1.43–2.14,0.45,0.31,0.59,0.31–0.59,22
Fort Worth,TX,Duplex/triplex,"3 units, 800 sq. ft. each",3,800,"4,000/sq. mi.","$80,000",1.71,1.51,1.91,1.51–1.91,0.14,0.09,0.19,0.09–0.19,23
Colorado Springs,CO,Duplex/triplex,"3 units, 800 sq. ft. each",3,800,"4,000/sq. mi.","$80,000",1.7,1.13,2.28,1.13–2.28,0.19,0.11,0.26,0.11–0.26,24
Houston,TX,Duplex/triplex,"3 units, 800 sq. ft. each",3,800,"4,000/sq. mi.","$80,000",1.62,1.34,1.89,1.34–1.89,0.24,0.12,0.35,0.12–0.35,25
Columbus,OH,Duplex/triplex,"3 units, 800 sq. ft. each",3,800,"4,000/sq. mi.","$80,000",1.46,1.25,1.67,1.25–1.67,0.17,0.12,0.23,0.12–0.23,26
Nashville,TN,Duplex/triplex,"3 units, 800 sq. ft. each",3,800,"4,000/sq. mi.","$80,000",1.27,0.96,1.58,0.96–1.58,0.13,0.07,0.19,0.07–0.19,27
El Paso,TX,Duplex/triplex,"3 units, 800 sq. ft. each",3,800,"4,000/sq. mi.","$80,000",1.24,0.89,1.59,0.89–1.59,0.16,0.05,0.27,0.05–0.27,28
Tampa,FL,Duplex/triplex,"3 units, 800 sq. ft. each",3,800,"4,000/sq. mi.","$80,000",1.19,0.92,1.46,0.92–1.46,0.41,0.27,0.56,0.27–0.56,29
Wilmington,NC,Duplex/triplex,"3 units, 800 sq. ft. each",3,800,"4,000/sq. mi.","$80,000",1.16,0.62,1.7,0.62–1.7,0,0,0,0–0,30
New Orleans,LA,Duplex/triplex,"3 units, 800 sq. ft. each",3,800,"4,000/sq. mi.","$80,000",1.14,0.94,1.35,0.94–1.35,0.07,0.05,0.09,0.05–0.09,31
Denver,CO,Duplex/triplex,"3 units, 800 sq. ft. each",3,800,"4,000/sq. mi.","$80,000",1.08,0.9,1.26,0.9–1.26,0.27,0.09,0.46,0.09–0.46,32
San Antonio,TX,Duplex/triplex,"3 units, 800 sq. ft. each",3,800,"4,000/sq. mi.","$80,000",1.04,0.8,1.28,0.8–1.28,0.12,0.06,0.17,0.06–0.17,33
Reno,NV,Duplex/triplex,"3 units, 800 sq. ft. each",3,800,"4,000/sq. mi.","$80,000",0.81,0.66,0.96,0.66–0.96,0.3,0.19,0.41,0.19–0.41,34
Tulsa,OK,Duplex/triplex,"3 units, 1,200 sq. ft. each",3,1200,"4,000/sq. mi.","$80,000",9.16,6.64,11.67,6.64–11.67,1.11,0.76,1.47,0.76–1.47,1
San Francisco,CA,Duplex/triplex,"3 units, 1,200 sq. ft. each",3,1200,"4,000/sq. mi.","$80,000",5.37,4.35,6.4,4.35–6.4,2.2,1.59,2.8,1.59–2.8,2
Washington,DC,Duplex/triplex,"3 units, 1,200 sq. ft. each",3,1200,"4,000/sq. mi.","$80,000",4.19,3.07,5.31,3.07–5.31,1.41,0.86,1.95,0.86–1.95,3
Los Angeles,CA,Duplex/triplex,"3 units, 1,200 sq. ft. each",3,1200,"4,000/sq. mi.","$80,000",3.91,3.56,4.26,3.56–4.26,1.54,1.34,1.73,1.34–1.73,4
Phoenix,AZ,Duplex/triplex,"3 units, 1,200 sq. ft. each",3,1200,"4,000/sq. mi.","$80,000",3.13,2.86,3.4,2.86–3.4,1.7,1.41,1.98,1.41–1.98,5
Oakland,CA,Duplex/triplex,"3 units, 1,200 sq. ft. each",3,1200,"4,000/sq. mi.","$80,000",3.1,2.38,3.82,2.38–3.82,0.53,0.36,0.7,0.36–0.7,6
New York,NY,Duplex/triplex,"3 units, 1,200 sq. ft. each",3,1200,"4,000/sq. mi.","$80,000",3.06,2.95,3.17,2.95–3.17,0.77,0.72,0.82,0.72–0.82,7
Philadelphia,PA,Duplex/triplex,"3 units, 1,200 sq. ft. each",3,1200,"4,000/sq. mi.","$80,000",2.96,2.67,3.25,2.67–3.25,0.22,0.19,0.26,0.19–0.26,8
Boston,MA,Duplex/triplex,"3 units, 1,200 sq. ft. each",3,1200,"4,000/sq. mi.","$80,000",2.7,2.41,2.99,2.41–2.99,1.17,0.97,1.38,0.97–1.38,9
Seattle,WA,Duplex/triplex,"3 units, 1,200 sq. ft. each",3,1200,"4,000/sq. mi.","$80,000",2.67,2.55,2.79,2.55–2.79,0.86,0.8,0.91,0.8–0.91,10
Boulder,CO,Duplex/triplex,"3 units, 1,200 sq. ft. each",3,1200,"4,000/sq. mi.","$80,000",2.5,2.1,2.91,2.1–2.91,0.76,0.53,0.98,0.53–0.98,11
Sacramento,CA,Duplex/triplex,"3 units, 1,200 sq. ft. each",3,1200,"4,000/sq. mi.","$80,000",2.46,1.91,3,1.91–3,0.38,0.17,0.59,0.17–0.59,12
San Diego,CA,Duplex/triplex,"3 units, 1,200 sq. ft. each",3,1200,"4,000/sq. mi.","$80,000",2.35,2.07,2.62,2.07–2.62,0.6,0.49,0.7,0.49–0.7,13
Providence,RI,Duplex/triplex,"3 units, 1,200 sq. ft. each",3,1200,"4,000/sq. mi.","$80,000",2.22,1.43,3.01,1.43–3.01,0.22,0.05,0.38,0.05–0.38,14
Honolulu,HI,Duplex/triplex,"3 units, 1,200 sq. ft. each",3,1200,"4,000/sq. mi.","$80,000",2.15,1.77,2.53,1.77–2.53,1.14,0.76,1.52,0.76–1.52,15
Portland,OR,Duplex/triplex,"3 units, 1,200 sq. ft. each",3,1200,"4,000/sq. mi.","$80,000",2.13,1.9,2.37,1.9–2.37,0.72,0.61,0.84,0.61–0.84,16
Durham,NC,Duplex/triplex,"3 units, 1,200 sq. ft. each",3,1200,"4,000/sq. mi.","$80,000",2.07,1.28,2.87,1.28–2.87,0.25,0.15,0.35,0.15–0.35,17
Austin,TX,Duplex/triplex,"3 units, 1,200 sq. ft. each",3,1200,"4,000/sq. mi.","$80,000",2.07,1.87,2.26,1.87–2.26,0.56,0.48,0.63,0.48–0.63,18
Oklahoma City,OK,Duplex/triplex,"3 units, 1,200 sq. ft. each",3,1200,"4,000/sq. mi.","$80,000",2.05,1.75,2.35,1.75–2.35,0.05,0.02,0.07,0.02–0.07,19
Louisville,KY,Duplex/triplex,"3 units, 1,200 sq. ft. each",3,1200,"4,000/sq. mi.","$80,000",1.93,1.14,2.73,1.14–2.73,0.16,0.08,0.24,0.08–0.24,20
Albuquerque,NM,Duplex/triplex,"3 units, 1,200 sq. ft. each",3,1200,"4,000/sq. mi.","$80,000",1.88,1.36,2.4,1.36–2.4,0.33,0.16,0.5,0.16–0.5,21
Jacksonville,FL,Duplex/triplex,"3 units, 1,200 sq. ft. each",3,1200,"4,000/sq. mi.","$80,000",1.85,1.49,2.2,1.49–2.2,0.46,0.31,0.6,0.31–0.6,22
Colorado Springs,CO,Duplex/triplex,"3 units, 1,200 sq. ft. each",3,1200,"4,000/sq. mi.","$80,000",1.83,1.22,2.43,1.22–2.43,0.3,0.18,0.43,0.18–0.43,23
Fort Worth,TX,Duplex/triplex,"3 units, 1,200 sq. ft. each",3,1200,"4,000/sq. mi.","$80,000",1.74,1.55,1.93,1.55–1.93,0.18,0.12,0.24,0.12–0.24,24
Houston,TX,Duplex/triplex,"3 units, 1,200 sq. ft. each",3,1200,"4,000/sq. mi.","$80,000",1.71,1.42,2.01,1.42–2.01,0.24,0.13,0.36,0.13–0.36,25
Columbus,OH,Duplex/triplex,"3 units, 1,200 sq. ft. each",3,1200,"4,000/sq. mi.","$80,000",1.57,1.36,1.78,1.36–1.78,0.19,0.14,0.24,0.14–0.24,26
Nashville,TN,Duplex/triplex,"3 units, 1,200 sq. ft. each",3,1200,"4,000/sq. mi.","$80,000",1.36,1.05,1.68,1.05–1.68,0.14,0.08,0.2,0.08–0.2,27
Tampa,FL,Duplex/triplex,"3 units, 1,200 sq. ft. each",3,1200,"4,000/sq. mi.","$80,000",1.33,1.09,1.57,1.09–1.57,0.45,0.31,0.58,0.31–0.58,28
Wilmington,NC,Duplex/triplex,"3 units, 1,200 sq. ft. each",3,1200,"4,000/sq. mi.","$80,000",1.3,0.7,1.91,0.7–1.91,0,0,0,0–0,29
El Paso,TX,Duplex/triplex,"3 units, 1,200 sq. ft. each",3,1200,"4,000/sq. mi.","$80,000",1.23,0.88,1.58,0.88–1.58,0.19,0.06,0.32,0.06–0.32,30
New Orleans,LA,Duplex/triplex,"3 units, 1,200 sq. ft. each",3,1200,"4,000/sq. mi.","$80,000",1.22,1.02,1.43,1.02–1.43,0.08,0.05,0.11,0.05–0.11,31
Denver,CO,Duplex/triplex,"3 units, 1,200 sq. ft. each",3,1200,"4,000/sq. mi.","$80,000",1.19,1,1.38,1–1.38,0.29,0.09,0.49,0.09–0.49,32
San Antonio,TX,Duplex/triplex,"3 units, 1,200 sq. ft. each",3,1200,"4,000/sq. mi.","$80,000",1.08,0.84,1.32,0.84–1.32,0.12,0.07,0.18,0.07–0.18,33
Reno,NV,Duplex/triplex,"3 units, 1,200 sq. ft. each",3,1200,"4,000/sq. mi.","$80,000",0.94,0.81,1.07,0.81–1.07,0.32,0.22,0.42,0.22–0.42,34
Tulsa,OK,Duplex/triplex,"3 units, 1,600 sq. ft. each",3,1600,"4,000/sq. mi.","$80,000",8.95,6.68,11.22,6.68–11.22,0.99,0.7,1.29,0.7–1.29,1
San Francisco,CA,Duplex/triplex,"3 units, 1,600 sq. ft. each",3,1600,"4,000/sq. mi.","$80,000",5.89,4.8,6.97,4.8–6.97,2.53,1.86,3.2,1.86–3.2,2
Washington,DC,Duplex/triplex,"3 units, 1,600 sq. ft. each",3,1600,"4,000/sq. mi.","$80,000",4.28,3.14,5.43,3.14–5.43,1.33,0.8,1.85,0.8–1.85,3
Los Angeles,CA,Duplex/triplex,"3 units, 1,600 sq. ft. each",3,1600,"4,000/sq. mi.","$80,000",3.84,3.51,4.17,3.51–4.17,1.54,1.35,1.73,1.35–1.73,4
Oakland,CA,Duplex/triplex,"3 units, 1,600 sq. ft. each",3,1600,"4,000/sq. mi.","$80,000",3.23,2.51,3.94,2.51–3.94,0.55,0.39,0.71,0.39–0.71,5
New York,NY,Duplex/triplex,"3 units, 1,600 sq. ft. each",3,1600,"4,000/sq. mi.","$80,000",3.14,3.04,3.25,3.04–3.25,0.76,0.71,0.81,0.71–0.81,6
Philadelphia,PA,Duplex/triplex,"3 units, 1,600 sq. ft. each",3,1600,"4,000/sq. mi.","$80,000",2.98,2.69,3.27,2.69–3.27,0.23,0.19,0.27,0.19–0.27,7
Phoenix,AZ,Duplex/triplex,"3 units, 1,600 sq. ft. each",3,1600,"4,000/sq. mi.","$80,000",2.95,2.7,3.21,2.7–3.21,1.35,1.11,1.58,1.11–1.58,8
Seattle,WA,Duplex/triplex,"3 units, 1,600 sq. ft. each",3,1600,"4,000/sq. mi.","$80,000",2.77,2.64,2.9,2.64–2.9,0.89,0.83,0.95,0.83–0.95,9
Boston,MA,Duplex/triplex,"3 units, 1,600 sq. ft. each",3,1600,"4,000/sq. mi.","$80,000",2.7,2.43,2.98,2.43–2.98,1.19,0.99,1.4,0.99–1.4,10
Sacramento,CA,Duplex/triplex,"3 units, 1,600 sq. ft. each",3,1600,"4,000/sq. mi.","$80,000",2.51,1.98,3.04,1.98–3.04,0.38,0.18,0.58,0.18–0.58,11
Boulder,CO,Duplex/triplex,"3 units, 1,600 sq. ft. each",3,1600,"4,000/sq. mi.","$80,000",2.49,2.1,2.88,2.1–2.88,0.72,0.53,0.92,0.53–0.92,12
San Diego,CA,Duplex/triplex,"3 units, 1,600 sq. ft. each",3,1600,"4,000/sq. mi.","$80,000",2.41,2.12,2.69,2.12–2.69,0.61,0.5,0.72,0.5–0.72,13
Providence,RI,Duplex/triplex,"3 units, 1,600 sq. ft. each",3,1600,"4,000/sq. mi.","$80,000",2.24,1.44,3.04,1.44–3.04,0.22,0.06,0.38,0.06–0.38,14
Portland,OR,Duplex/triplex,"3 units, 1,600 sq. ft. each",3,1600,"4,000/sq. mi.","$80,000",2.2,1.97,2.44,1.97–2.44,0.75,0.64,0.86,0.64–0.86,15
Oklahoma City,OK,Duplex/triplex,"3 units, 1,600 sq. ft. each",3,1600,"4,000/sq. mi.","$80,000",2.17,1.83,2.52,1.83–2.52,0.05,0.02,0.09,0.02–0.09,16
Honolulu,HI,Duplex/triplex,"3 units, 1,600 sq. ft. each",3,1600,"4,000/sq. mi.","$80,000",2.15,1.77,2.53,1.77–2.53,1.1,0.73,1.47,0.73–1.47,17
Austin,TX,Duplex/triplex,"3 units, 1,600 sq. ft. each",3,1600,"4,000/sq. mi.","$80,000",2.1,1.9,2.3,1.9–2.3,0.58,0.5,0.66,0.5–0.66,18
Durham,NC,Duplex/triplex,"3 units, 1,600 sq. ft. each",3,1600,"4,000/sq. mi.","$80,000",1.99,1.24,2.75,1.24–2.75,0.28,0.17,0.39,0.17–0.39,19
Colorado Springs,CO,Duplex/triplex,"3 units, 1,600 sq. ft. each",3,1600,"4,000/sq. mi.","$80,000",1.92,1.28,2.55,1.28–2.55,0.43,0.26,0.6,0.26–0.6,20
Jacksonville,FL,Duplex/triplex,"3 units, 1,600 sq. ft. each",3,1600,"4,000/sq. mi.","$80,000",1.89,1.53,2.25,1.53–2.25,0.46,0.31,0.61,0.31–0.61,21
Albuquerque,NM,Duplex/triplex,"3 units, 1,600 sq. ft. each",3,1600,"4,000/sq. mi.","$80,000",1.89,1.4,2.37,1.4–2.37,0.36,0.17,0.56,0.17–0.56,22
Louisville,KY,Duplex/triplex,"3 units, 1,600 sq. ft. each",3,1600,"4,000/sq. mi.","$80,000",1.88,1.13,2.62,1.13–2.62,0.15,0.08,0.23,0.08–0.23,23
Houston,TX,Duplex/triplex,"3 units, 1,600 sq. ft. each",3,1600,"4,000/sq. mi.","$80,000",1.78,1.48,2.09,1.48–2.09,0.25,0.13,0.37,0.13–0.37,24
Fort Worth,TX,Duplex/triplex,"3 units, 1,600 sq. ft. each",3,1600,"4,000/sq. mi.","$80,000",1.77,1.58,1.95,1.58–1.95,0.22,0.15,0.28,0.15–0.28,25
Columbus,OH,Duplex/triplex,"3 units, 1,600 sq. ft. each",3,1600,"4,000/sq. mi.","$80,000",1.65,1.43,1.87,1.43–1.87,0.2,0.15,0.24,0.15–0.24,26
Tampa,FL,Duplex/triplex,"3 units, 1,600 sq. ft. each",3,1600,"4,000/sq. mi.","$80,000",1.45,1.22,1.67,1.22–1.67,0.47,0.34,0.6,0.34–0.6,27
Nashville,TN,Duplex/triplex,"3 units, 1,600 sq. ft. each",3,1600,"4,000/sq. mi.","$80,000",1.43,1.11,1.75,1.11–1.75,0.15,0.08,0.21,0.08–0.21,28
Wilmington,NC,Duplex/triplex,"3 units, 1,600 sq. ft. each",3,1600,"4,000/sq. mi.","$80,000",1.42,0.76,2.08,0.76–2.08,0,0,0,0–0,29
New Orleans,LA,Duplex/triplex,"3 units, 1,600 sq. ft. each",3,1600,"4,000/sq. mi.","$80,000",1.28,1.06,1.5,1.06–1.5,0.09,0.06,0.12,0.06–0.12,30
Denver,CO,Duplex/triplex,"3 units, 1,600 sq. ft. each",3,1600,"4,000/sq. mi.","$80,000",1.28,1.08,1.47,1.08–1.47,0.31,0.1,0.51,0.1–0.51,31
El Paso,TX,Duplex/triplex,"3 units, 1,600 sq. ft. each",3,1600,"4,000/sq. mi.","$80,000",1.22,0.87,1.58,0.87–1.58,0.21,0.06,0.37,0.06–0.37,32
San Antonio,TX,Duplex/triplex,"3 units, 1,600 sq. ft. each",3,1600,"4,000/sq. mi.","$80,000",1.1,0.86,1.35,0.86–1.35,0.13,0.08,0.18,0.08–0.18,33
Reno,NV,Duplex/triplex,"3 units, 1,600 sq. ft. each",3,1600,"4,000/sq. mi.","$80,000",1.05,0.91,1.18,0.91–1.18,0.33,0.22,0.44,0.22–0.44,34
Miami,FL,Multifamily,"5 units, 700 sq. ft. each",5,700,"4,000/sq. mi.","$80,000",5.73,4.56,6.91,4.56–6.91,1.85,1.27,2.44,1.27–2.44,1
Oakland,CA,Multifamily,"5 units, 700 sq. ft. each",5,700,"4,000/sq. mi.","$80,000",5.1,3.97,6.23,3.97–6.23,1.14,0.78,1.5,0.78–1.5,2
San Francisco,CA,Multifamily,"5 units, 700 sq. ft. each",5,700,"4,000/sq. mi.","$80,000",4.55,3.97,5.13,3.97–5.13,1.73,1.33,2.13,1.33–2.13,3
New York,NY,Multifamily,"5 units, 700 sq. ft. each",5,700,"4,000/sq. mi.","$80,000",3.88,3.71,4.06,3.71–4.06,1.3,1.18,1.42,1.18–1.42,4
Los Angeles,CA,Multifamily,"5 units, 700 sq. ft. each",5,700,"4,000/sq. mi.","$80,000",3.74,3.54,3.94,3.54–3.94,1.51,1.39,1.64,1.39–1.64,5
Boston,MA,Multifamily,"5 units, 700 sq. ft. each",5,700,"4,000/sq. mi.","$80,000",3.37,3.05,3.7,3.05–3.7,1.69,1.44,1.94,1.44–1.94,6
Seattle,WA,Multifamily,"5 units, 700 sq. ft. each",5,700,"4,000/sq. mi.","$80,000",2.89,2.72,3.06,2.72–3.06,0.93,0.86,1.01,0.86–1.01,7
Washington,DC,Multifamily,"5 units, 700 sq. ft. each",5,700,"4,000/sq. mi.","$80,000",2.77,2.38,3.17,2.38–3.17,0.75,0.56,0.94,0.56–0.94,8
Houston,TX,Multifamily,"5 units, 700 sq. ft. each",5,700,"4,000/sq. mi.","$80,000",2.74,2.63,2.86,2.63–2.86,0.71,0.64,0.77,0.64–0.77,9
Durham,NC,Multifamily,"5 units, 700 sq. ft. each",5,700,"4,000/sq. mi.","$80,000",2.71,2.31,3.11,2.31–3.11,0.26,0.2,0.33,0.2–0.33,10
Sacramento,CA,Multifamily,"5 units, 700 sq. ft. each",5,700,"4,000/sq. mi.","$80,000",2.65,2.23,3.06,2.23–3.06,0.96,0.7,1.22,0.7–1.22,11
Baton Rouge,LA,Multifamily,"5 units, 700 sq. ft. each",5,700,"4,000/sq. mi.","$80,000",2.63,1.78,3.48,1.78–3.48,0.55,0.36,0.75,0.36–0.75,12
Philadelphia,PA,Multifamily,"5 units, 700 sq. ft. each",5,700,"4,000/sq. mi.","$80,000",2.59,2.29,2.9,2.29–2.9,0.27,0.2,0.33,0.2–0.33,13
Tulsa,OK,Multifamily,"5 units, 700 sq. ft. each",5,700,"4,000/sq. mi.","$80,000",2.33,1.9,2.76,1.9–2.76,0.82,0.6,1.05,0.6–1.05,14
San Diego,CA,Multifamily,"5 units, 700 sq. ft. each",5,700,"4,000/sq. mi.","$80,000",2.32,2.12,2.53,2.12–2.53,0.67,0.59,0.74,0.59–0.74,15
Phoenix,AZ,Multifamily,"5 units, 700 sq. ft. each",5,700,"4,000/sq. mi.","$80,000",2.29,2.05,2.53,2.05–2.53,1.03,0.85,1.21,0.85–1.21,16
Denver,CO,Multifamily,"5 units, 700 sq. ft. each",5,700,"4,000/sq. mi.","$80,000",2.17,1.99,2.35,1.99–2.35,0.52,0.43,0.61,0.43–0.61,17
Austin,TX,Multifamily,"5 units, 700 sq. ft. each",5,700,"4,000/sq. mi.","$80,000",2.16,2.05,2.26,2.05–2.26,0.63,0.57,0.69,0.57–0.69,18
Boise,ID,Multifamily,"5 units, 700 sq. ft. each",5,700,"4,000/sq. mi.","$80,000",2.11,1.74,2.48,1.74–2.48,0.76,0.49,1.02,0.49–1.02,19
Portland,OR,Multifamily,"5 units, 700 sq. ft. each",5,700,"4,000/sq. mi.","$80,000",2.05,1.95,2.16,1.95–2.16,0.8,0.73,0.87,0.73–0.87,20
Boulder,CO,Multifamily,"5 units, 700 sq. ft. each",5,700,"4,000/sq. mi.","$80,000",2.05,1.72,2.38,1.72–2.38,0.54,0.37,0.71,0.37–0.71,21
Honolulu,HI,Multifamily,"5 units, 700 sq. ft. each",5,700,"4,000/sq. mi.","$80,000",2,1.74,2.27,1.74–2.27,0.77,0.65,0.89,0.65–0.89,22
Spokane,WA,Multifamily,"5 units, 700 sq. ft. each",5,700,"4,000/sq. mi.","$80,000",1.89,1.41,2.38,1.41–2.38,0.31,0.21,0.41,0.21–0.41,23
Charleston,SC,Multifamily,"5 units, 700 sq. ft. each",5,700,"4,000/sq. mi.","$80,000",1.88,1.51,2.26,1.51–2.26,0.34,0.1,0.59,0.1–0.59,24
Sioux Falls,SD,Multifamily,"5 units, 700 sq. ft. each",5,700,"4,000/sq. mi.","$80,000",1.87,1.67,2.07,1.67–2.07,0.25,0.2,0.3,0.2–0.3,25
Atlanta,GA,Multifamily,"5 units, 700 sq. ft. each",5,700,"4,000/sq. mi.","$80,000",1.81,1.6,2.03,1.6–2.03,1.21,0.92,1.5,0.92–1.5,26
Kansas City,MO,Multifamily,"5 units, 700 sq. ft. each",5,700,"4,000/sq. mi.","$80,000",1.78,1.57,2,1.57–2,0.19,0.14,0.24,0.14–0.24,27
Nashville,TN,Multifamily,"5 units, 700 sq. ft. each",5,700,"4,000/sq. mi.","$80,000",1.76,1.53,1.99,1.53–1.99,0.33,0.23,0.43,0.23–0.43,28
Tampa,FL,Multifamily,"5 units, 700 sq. ft. each",5,700,"4,000/sq. mi.","$80,000",1.72,1.38,2.06,1.38–2.06,0.53,0.4,0.66,0.4–0.66,29
Cleveland,OH,Multifamily,"5 units, 700 sq. ft. each",5,700,"4,000/sq. mi.","$80,000",1.7,1.46,1.94,1.46–1.94,0.4,0.28,0.52,0.28–0.52,30
Anaheim,CA,Multifamily,"5 units, 700 sq. ft. each",5,700,"4,000/sq. mi.","$80,000",1.59,1.37,1.81,1.37–1.81,1.3,0.98,1.61,0.98–1.61,31
Fort Worth,TX,Multifamily,"5 units, 700 sq. ft. each",5,700,"4,000/sq. mi.","$80,000",1.56,1.48,1.65,1.48–1.65,0.21,0.17,0.24,0.17–0.24,32
Jacksonville,FL,Multifamily,"5 units, 700 sq. ft. each",5,700,"4,000/sq. mi.","$80,000",1.55,1.39,1.72,1.39–1.72,0.37,0.3,0.43,0.3–0.43,33
Orlando,FL,Multifamily,"5 units, 700 sq. ft. each",5,700,"4,000/sq. mi.","$80,000",1.54,1.38,1.7,1.38–1.7,0.39,0.31,0.47,0.31–0.47,34
Colorado Springs,CO,Multifamily,"5 units, 700 sq. ft. each",5,700,"4,000/sq. mi.","$80,000",1.5,1.26,1.75,1.26–1.75,0.41,0.29,0.53,0.29–0.53,35
Columbus,OH,Multifamily,"5 units, 700 sq. ft. each",5,700,"4,000/sq. mi.","$80,000",1.5,1.41,1.6,1.41–1.6,0.28,0.25,0.31,0.25–0.31,36
Indianapolis,IN,Multifamily,"5 units, 700 sq. ft. each",5,700,"4,000/sq. mi.","$80,000",1.44,1.28,1.6,1.28–1.6,0.51,0.39,0.62,0.39–0.62,37
Louisville,KY,Multifamily,"5 units, 700 sq. ft. each",5,700,"4,000/sq. mi.","$80,000",1.38,1.21,1.55,1.21–1.55,0.29,0.24,0.34,0.24–0.34,38
Grand Rapids,MI,Multifamily,"5 units, 700 sq. ft. each",5,700,"4,000/sq. mi.","$80,000",1.35,1.15,1.55,1.15–1.55,0.26,0.18,0.35,0.18–0.35,39
Reno,NV,Multifamily,"5 units, 700 sq. ft. each",5,700,"4,000/sq. mi.","$80,000",1.27,1.2,1.34,1.2–1.34,0.08,0.06,0.1,0.06–0.1,40
Raleigh,NC,Multifamily,"5 units, 700 sq. ft. each",5,700,"4,000/sq. mi.","$80,000",1.18,1.03,1.34,1.03–1.34,0.2,0.15,0.25,0.15–0.25,41
Miami,FL,Multifamily,"5 units, 900 sq. ft. each",5,900,"4,000/sq. mi.","$80,000",5.73,4.61,6.86,4.61–6.86,1.9,1.32,2.48,1.32–2.48,1
Oakland,CA,Multifamily,"5 units, 900 sq. ft. each",5,900,"4,000/sq. mi.","$80,000",4.92,4.01,5.82,4.01–5.82,1.03,0.77,1.28,0.77–1.28,2
San Francisco,CA,Multifamily,"5 units, 900 sq. ft. each",5,900,"4,000/sq. mi.","$80,000",4.59,4.07,5.11,4.07–5.11,1.76,1.38,2.14,1.38–2.14,3
New York,NY,Multifamily,"5 units, 900 sq. ft. each",5,900,"4,000/sq. mi.","$80,000",3.99,3.82,4.16,3.82–4.16,1.31,1.2,1.43,1.2–1.43,4
Los Angeles,CA,Multifamily,"5 units, 900 sq. ft. each",5,900,"4,000/sq. mi.","$80,000",3.84,3.66,4.02,3.66–4.02,1.49,1.39,1.6,1.39–1.6,5
Boston,MA,Multifamily,"5 units, 900 sq. ft. each",5,900,"4,000/sq. mi.","$80,000",3.35,3.06,3.64,3.06–3.64,1.65,1.43,1.88,1.43–1.88,6
Seattle,WA,Multifamily,"5 units, 900 sq. ft. each",5,900,"4,000/sq. mi.","$80,000",2.91,2.74,3.07,2.74–3.07,0.94,0.87,1.01,0.87–1.01,7
Houston,TX,Multifamily,"5 units, 900 sq. ft. each",5,900,"4,000/sq. mi.","$80,000",2.77,2.66,2.88,2.66–2.88,0.72,0.65,0.78,0.65–0.78,8
Washington,DC,Multifamily,"5 units, 900 sq. ft. each",5,900,"4,000/sq. mi.","$80,000",2.74,2.35,3.12,2.35–3.12,0.74,0.56,0.93,0.56–0.93,9
Baton Rouge,LA,Multifamily,"5 units, 900 sq. ft. each",5,900,"4,000/sq. mi.","$80,000",2.74,1.87,3.61,1.87–3.61,0.6,0.39,0.81,0.39–0.81,10
Durham,NC,Multifamily,"5 units, 900 sq. ft. each",5,900,"4,000/sq. mi.","$80,000",2.73,2.37,3.1,2.37–3.1,0.26,0.2,0.32,0.2–0.32,11
Philadelphia,PA,Multifamily,"5 units, 900 sq. ft. each",5,900,"4,000/sq. mi.","$80,000",2.59,2.3,2.89,2.3–2.89,0.27,0.21,0.33,0.21–0.33,12
Sacramento,CA,Multifamily,"5 units, 900 sq. ft. each",5,900,"4,000/sq. mi.","$80,000",2.58,2.21,2.96,2.21–2.96,0.95,0.72,1.19,0.72–1.19,13
Tulsa,OK,Multifamily,"5 units, 900 sq. ft. each",5,900,"4,000/sq. mi.","$80,000",2.36,1.92,2.79,1.92–2.79,0.86,0.62,1.09,0.62–1.09,14
Phoenix,AZ,Multifamily,"5 units, 900 sq. ft. each",5,900,"4,000/sq. mi.","$80,000",2.35,2.13,2.56,2.13–2.56,1.01,0.85,1.16,0.85–1.16,15
San Diego,CA,Multifamily,"5 units, 900 sq. ft. each",5,900,"4,000/sq. mi.","$80,000",2.32,2.11,2.53,2.11–2.53,0.67,0.59,0.75,0.59–0.75,16
Austin,TX,Multifamily,"5 units, 900 sq. ft. each",5,900,"4,000/sq. mi.","$80,000",2.22,2.11,2.32,2.11–2.32,0.64,0.58,0.69,0.58–0.69,17
Portland,OR,Multifamily,"5 units, 900 sq. ft. each",5,900,"4,000/sq. mi.","$80,000",2.17,2.05,2.28,2.05–2.28,0.82,0.75,0.9,0.75–0.9,18
Boulder,CO,Multifamily,"5 units, 900 sq. ft. each",5,900,"4,000/sq. mi.","$80,000",2.16,1.86,2.47,1.86–2.47,0.57,0.41,0.74,0.41–0.74,19
Denver,CO,Multifamily,"5 units, 900 sq. ft. each",5,900,"4,000/sq. mi.","$80,000",2.16,1.99,2.33,1.99–2.33,0.52,0.43,0.6,0.43–0.6,20
Boise,ID,Multifamily,"5 units, 900 sq. ft. each",5,900,"4,000/sq. mi.","$80,000",2.13,1.76,2.49,1.76–2.49,0.74,0.49,1,0.49–1,21
Honolulu,HI,Multifamily,"5 units, 900 sq. ft. each",5,900,"4,000/sq. mi.","$80,000",2.05,1.79,2.32,1.79–2.32,0.8,0.68,0.92,0.68–0.92,22
Spokane,WA,Multifamily,"5 units, 900 sq. ft. each",5,900,"4,000/sq. mi.","$80,000",2.02,1.49,2.54,1.49–2.54,0.31,0.21,0.42,0.21–0.42,23
Nashville,TN,Multifamily,"5 units, 900 sq. ft. each",5,900,"4,000/sq. mi.","$80,000",1.9,1.65,2.15,1.65–2.15,0.36,0.25,0.46,0.25–0.46,24
Atlanta,GA,Multifamily,"5 units, 900 sq. ft. each",5,900,"4,000/sq. mi.","$80,000",1.87,1.65,2.09,1.65–2.09,1.28,0.96,1.59,0.96–1.59,25
Kansas City,MO,Multifamily,"5 units, 900 sq. ft. each",5,900,"4,000/sq. mi.","$80,000",1.83,1.63,2.02,1.63–2.02,0.2,0.14,0.25,0.14–0.25,26
Sioux Falls,SD,Multifamily,"5 units, 900 sq. ft. each",5,900,"4,000/sq. mi.","$80,000",1.82,1.62,2.01,1.62–2.01,0.26,0.21,0.31,0.21–0.31,27
Cleveland,OH,Multifamily,"5 units, 900 sq. ft. each",5,900,"4,000/sq. mi.","$80,000",1.79,1.54,2.05,1.54–2.05,0.44,0.31,0.57,0.31–0.57,28
Colorado Springs,CO,Multifamily,"5 units, 900 sq. ft. each",5,900,"4,000/sq. mi.","$80,000",1.72,1.51,1.92,1.51–1.92,0.49,0.39,0.6,0.39–0.6,29
Tampa,FL,Multifamily,"5 units, 900 sq. ft. each",5,900,"4,000/sq. mi.","$80,000",1.72,1.41,2.03,1.41–2.03,0.52,0.4,0.63,0.4–0.63,30
Anaheim,CA,Multifamily,"5 units, 900 sq. ft. each",5,900,"4,000/sq. mi.","$80,000",1.63,1.43,1.84,1.43–1.84,1.29,1,1.58,1–1.58,31
Orlando,FL,Multifamily,"5 units, 900 sq. ft. each",5,900,"4,000/sq. mi.","$80,000",1.62,1.46,1.77,1.46–1.77,0.43,0.36,0.51,0.36–0.51,32
Fort Worth,TX,Multifamily,"5 units, 900 sq. ft. each",5,900,"4,000/sq. mi.","$80,000",1.61,1.52,1.69,1.52–1.69,0.23,0.19,0.26,0.19–0.26,33
Jacksonville,FL,Multifamily,"5 units, 900 sq. ft. each",5,900,"4,000/sq. mi.","$80,000",1.59,1.43,1.76,1.43–1.76,0.36,0.29,0.43,0.29–0.43,34
Columbus,OH,Multifamily,"5 units, 900 sq. ft. each",5,900,"4,000/sq. mi.","$80,000",1.55,1.47,1.64,1.47–1.64,0.28,0.25,0.3,0.25–0.3,35
Indianapolis,IN,Multifamily,"5 units, 900 sq. ft. each",5,900,"4,000/sq. mi.","$80,000",1.49,1.33,1.65,1.33–1.65,0.52,0.41,0.64,0.41–0.64,36
Louisville,KY,Multifamily,"5 units, 900 sq. ft. each",5,900,"4,000/sq. mi.","$80,000",1.43,1.26,1.6,1.26–1.6,0.31,0.26,0.36,0.26–0.36,37
Grand Rapids,MI,Multifamily,"5 units, 900 sq. ft. each",5,900,"4,000/sq. mi.","$80,000",1.35,1.16,1.54,1.16–1.54,0.27,0.19,0.35,0.19–0.35,38
Reno,NV,Multifamily,"5 units, 900 sq. ft. each",5,900,"4,000/sq. mi.","$80,000",1.31,1.24,1.38,1.24–1.38,0.08,0.06,0.1,0.06–0.1,39
Raleigh,NC,Multifamily,"5 units, 900 sq. ft. each",5,900,"4,000/sq. mi.","$80,000",1.22,1.09,1.36,1.09–1.36,0.22,0.17,0.27,0.17–0.27,40
Miami,FL,Multifamily,"5 units, 1,200 sq. ft. each",5,1200,"4,000/sq. mi.","$80,000",5.73,4.66,6.81,4.66–6.81,1.95,1.36,2.55,1.36–2.55,1
Oakland,CA,Multifamily,"5 units, 1,200 sq. ft. each",5,1200,"4,000/sq. mi.","$80,000",4.72,4.03,5.41,4.03–5.41,0.91,0.75,1.08,0.75–1.08,2
San Francisco,CA,Multifamily,"5 units, 1,200 sq. ft. each",5,1200,"4,000/sq. mi.","$80,000",4.64,4.16,5.12,4.16–5.12,1.79,1.43,2.15,1.43–2.15,3
New York,NY,Multifamily,"5 units, 1,200 sq. ft. each",5,1200,"4,000/sq. mi.","$80,000",4.11,3.94,4.28,3.94–4.28,1.33,1.21,1.45,1.21–1.45,4
Los Angeles,CA,Multifamily,"5 units, 1,200 sq. ft. each",5,1200,"4,000/sq. mi.","$80,000",3.96,3.8,4.13,3.8–4.13,1.47,1.38,1.57,1.38–1.57,5
Boston,MA,Multifamily,"5 units, 1,200 sq. ft. each",5,1200,"4,000/sq. mi.","$80,000",3.32,3.05,3.6,3.05–3.6,1.61,1.4,1.83,1.4–1.83,6
Seattle,WA,Multifamily,"5 units, 1,200 sq. ft. each",5,1200,"4,000/sq. mi.","$80,000",2.93,2.76,3.1,2.76–3.1,0.94,0.87,1.02,0.87–1.02,7
Baton Rouge,LA,Multifamily,"5 units, 1,200 sq. ft. each",5,1200,"4,000/sq. mi.","$80,000",2.86,1.97,3.76,1.97–3.76,0.67,0.44,0.89,0.44–0.89,8
Houston,TX,Multifamily,"5 units, 1,200 sq. ft. each",5,1200,"4,000/sq. mi.","$80,000",2.8,2.69,2.9,2.69–2.9,0.72,0.66,0.79,0.66–0.79,9
Durham,NC,Multifamily,"5 units, 1,200 sq. ft. each",5,1200,"4,000/sq. mi.","$80,000",2.76,2.41,3.11,2.41–3.11,0.26,0.2,0.32,0.2–0.32,10
Washington,DC,Multifamily,"5 units, 1,200 sq. ft. each",5,1200,"4,000/sq. mi.","$80,000",2.7,2.31,3.08,2.31–3.08,0.73,0.55,0.92,0.55–0.92,11
Philadelphia,PA,Multifamily,"5 units, 1,200 sq. ft. each",5,1200,"4,000/sq. mi.","$80,000",2.59,2.3,2.88,2.3–2.88,0.27,0.21,0.33,0.21–0.33,12
Sacramento,CA,Multifamily,"5 units, 1,200 sq. ft. each",5,1200,"4,000/sq. mi.","$80,000",2.51,2.18,2.85,2.18–2.85,0.94,0.73,1.16,0.73–1.16,13
Phoenix,AZ,Multifamily,"5 units, 1,200 sq. ft. each",5,1200,"4,000/sq. mi.","$80,000",2.41,2.21,2.61,2.21–2.61,0.98,0.84,1.12,0.84–1.12,14
Tulsa,OK,Multifamily,"5 units, 1,200 sq. ft. each",5,1200,"4,000/sq. mi.","$80,000",2.39,1.95,2.83,1.95–2.83,0.9,0.65,1.14,0.65–1.14,15
San Diego,CA,Multifamily,"5 units, 1,200 sq. ft. each",5,1200,"4,000/sq. mi.","$80,000",2.32,2.11,2.53,2.11–2.53,0.68,0.6,0.76,0.6–0.76,16
Portland,OR,Multifamily,"5 units, 1,200 sq. ft. each",5,1200,"4,000/sq. mi.","$80,000",2.31,2.16,2.45,2.16–2.45,0.85,0.76,0.93,0.76–0.93,17
Boulder,CO,Multifamily,"5 units, 1,200 sq. ft. each",5,1200,"4,000/sq. mi.","$80,000",2.3,2.01,2.58,2.01–2.58,0.62,0.46,0.77,0.46–0.77,18
Austin,TX,Multifamily,"5 units, 1,200 sq. ft. each",5,1200,"4,000/sq. mi.","$80,000",2.28,2.18,2.38,2.18–2.38,0.64,0.59,0.7,0.59–0.7,19
Spokane,WA,Multifamily,"5 units, 1,200 sq. ft. each",5,1200,"4,000/sq. mi.","$80,000",2.17,1.58,2.75,1.58–2.75,0.32,0.21,0.42,0.21–0.42,20
Denver,CO,Multifamily,"5 units, 1,200 sq. ft. each",5,1200,"4,000/sq. mi.","$80,000",2.14,1.98,2.31,1.98–2.31,0.51,0.43,0.59,0.43–0.59,21
Boise,ID,Multifamily,"5 units, 1,200 sq. ft. each",5,1200,"4,000/sq. mi.","$80,000",2.14,1.78,2.51,1.78–2.51,0.73,0.48,0.98,0.48–0.98,22
Honolulu,HI,Multifamily,"5 units, 1,200 sq. ft. each",5,1200,"4,000/sq. mi.","$80,000",2.11,1.85,2.38,1.85–2.38,0.84,0.72,0.95,0.72–0.95,23
Cincinnati,OH,Multifamily,"5 units, 1,200 sq. ft. each",5,1200,"4,000/sq. mi.","$80,000",2.1,1.55,2.66,1.55–2.66,0.46,0.21,0.71,0.21–0.71,24
Nashville,TN,Multifamily,"5 units, 1,200 sq. ft. each",5,1200,"4,000/sq. mi.","$80,000",2.06,1.79,2.34,1.79–2.34,0.39,0.27,0.51,0.27–0.51,25
Colorado Springs,CO,Multifamily,"5 units, 1,200 sq. ft. each",5,1200,"4,000/sq. mi.","$80,000",2,1.82,2.17,1.82–2.17,0.61,0.5,0.71,0.5–0.71,26
Atlanta,GA,Multifamily,"5 units, 1,200 sq. ft. each",5,1200,"4,000/sq. mi.","$80,000",1.95,1.72,2.18,1.72–2.18,1.35,1.01,1.7,1.01–1.7,27
Cleveland,OH,Multifamily,"5 units, 1,200 sq. ft. each",5,1200,"4,000/sq. mi.","$80,000",1.91,1.63,2.19,1.63–2.19,0.48,0.34,0.63,0.34–0.63,28
Kansas City,MO,Multifamily,"5 units, 1,200 sq. ft. each",5,1200,"4,000/sq. mi.","$80,000",1.88,1.7,2.06,1.7–2.06,0.2,0.15,0.26,0.15–0.26,29
Sioux Falls,SD,Multifamily,"5 units, 1,200 sq. ft. each",5,1200,"4,000/sq. mi.","$80,000",1.76,1.57,1.95,1.57–1.95,0.27,0.21,0.32,0.21–0.32,30
Tampa,FL,Multifamily,"5 units, 1,200 sq. ft. each",5,1200,"4,000/sq. mi.","$80,000",1.72,1.43,2,1.43–2,0.5,0.39,0.61,0.39–0.61,31
Orlando,FL,Multifamily,"5 units, 1,200 sq. ft. each",5,1200,"4,000/sq. mi.","$80,000",1.71,1.54,1.87,1.54–1.87,0.49,0.41,0.57,0.41–0.57,32
Anaheim,CA,Multifamily,"5 units, 1,200 sq. ft. each",5,1200,"4,000/sq. mi.","$80,000",1.68,1.48,1.88,1.48–1.88,1.28,1.02,1.55,1.02–1.55,33
Fort Worth,TX,Multifamily,"5 units, 1,200 sq. ft. each",5,1200,"4,000/sq. mi.","$80,000",1.65,1.57,1.74,1.57–1.74,0.25,0.21,0.29,0.21–0.29,34
Jacksonville,FL,Multifamily,"5 units, 1,200 sq. ft. each",5,1200,"4,000/sq. mi.","$80,000",1.65,1.47,1.82,1.47–1.82,0.36,0.29,0.43,0.29–0.43,35
Columbus,OH,Multifamily,"5 units, 1,200 sq. ft. each",5,1200,"4,000/sq. mi.","$80,000",1.62,1.53,1.7,1.53–1.7,0.28,0.25,0.3,0.25–0.3,36
Indianapolis,IN,Multifamily,"5 units, 1,200 sq. ft. each",5,1200,"4,000/sq. mi.","$80,000",1.55,1.39,1.72,1.39–1.72,0.54,0.43,0.66,0.43–0.66,37
Louisville,KY,Multifamily,"5 units, 1,200 sq. ft. each",5,1200,"4,000/sq. mi.","$80,000",1.49,1.31,1.67,1.31–1.67,0.32,0.27,0.38,0.27–0.38,38
Reno,NV,Multifamily,"5 units, 1,200 sq. ft. each",5,1200,"4,000/sq. mi.","$80,000",1.36,1.28,1.43,1.28–1.43,0.09,0.06,0.11,0.06–0.11,39
Grand Rapids,MI,Multifamily,"5 units, 1,200 sq. ft. each",5,1200,"4,000/sq. mi.","$80,000",1.35,1.18,1.53,1.18–1.53,0.28,0.2,0.35,0.2–0.35,40
Raleigh,NC,Multifamily,"5 units, 1,200 sq. ft. each",5,1200,"4,000/sq. mi.","$80,000",1.27,1.14,1.4,1.14–1.4,0.24,0.18,0.29,0.18–0.29,41
Miami,FL,Multifamily,"5 units, 1,500 sq. ft. each",5,1500,"4,000/sq. mi.","$80,000",5.73,4.68,6.78,4.68–6.78,2,1.39,2.6,1.39–2.6,1
San Francisco,CA,Multifamily,"5 units, 1,500 sq. ft. each",5,1500,"4,000/sq. mi.","$80,000",4.68,4.21,5.14,4.21–5.14,1.82,1.46,2.18,1.46–2.18,2
Oakland,CA,Multifamily,"5 units, 1,500 sq. ft. each",5,1500,"4,000/sq. mi.","$80,000",4.57,4.01,5.13,4.01–5.13,0.83,0.7,0.96,0.7–0.96,3
New York,NY,Multifamily,"5 units, 1,500 sq. ft. each",5,1500,"4,000/sq. mi.","$80,000",4.21,4.03,4.39,4.03–4.39,1.35,1.22,1.47,1.22–1.47,4
Los Angeles,CA,Multifamily,"5 units, 1,500 sq. ft. each",5,1500,"4,000/sq. mi.","$80,000",4.06,3.89,4.22,3.89–4.22,1.46,1.37,1.55,1.37–1.55,5
Boston,MA,Multifamily,"5 units, 1,500 sq. ft. each",5,1500,"4,000/sq. mi.","$80,000",3.3,3.01,3.59,3.01–3.59,1.58,1.36,1.8,1.36–1.8,6
Baton Rouge,LA,Multifamily,"5 units, 1,500 sq. ft. each",5,1500,"4,000/sq. mi.","$80,000",2.96,2.05,3.88,2.05–3.88,0.72,0.48,0.96,0.48–0.96,7
Seattle,WA,Multifamily,"5 units, 1,500 sq. ft. each",5,1500,"4,000/sq. mi.","$80,000",2.95,2.77,3.13,2.77–3.13,0.95,0.87,1.03,0.87–1.03,8
Houston,TX,Multifamily,"5 units, 1,500 sq. ft. each",5,1500,"4,000/sq. mi.","$80,000",2.82,2.71,2.92,2.71–2.92,0.73,0.67,0.79,0.67–0.79,9
Durham,NC,Multifamily,"5 units, 1,500 sq. ft. each",5,1500,"4,000/sq. mi.","$80,000",2.78,2.43,3.13,2.43–3.13,0.26,0.2,0.32,0.2–0.32,10
Washington,DC,Multifamily,"5 units, 1,500 sq. ft. each",5,1500,"4,000/sq. mi.","$80,000",2.67,2.28,3.05,2.28–3.05,0.73,0.54,0.92,0.54–0.92,11
Philadelphia,PA,Multifamily,"5 units, 1,500 sq. ft. each",5,1500,"4,000/sq. mi.","$80,000",2.58,2.3,2.87,2.3–2.87,0.28,0.22,0.34,0.22–0.34,12
Phoenix,AZ,Multifamily,"5 units, 1,500 sq. ft. each",5,1500,"4,000/sq. mi.","$80,000",2.46,2.27,2.65,2.27–2.65,0.96,0.83,1.09,0.83–1.09,13
Sacramento,CA,Multifamily,"5 units, 1,500 sq. ft. each",5,1500,"4,000/sq. mi.","$80,000",2.46,2.14,2.77,2.14–2.77,0.93,0.73,1.14,0.73–1.14,14
Portland,OR,Multifamily,"5 units, 1,500 sq. ft. each",5,1500,"4,000/sq. mi.","$80,000",2.42,2.24,2.6,2.24–2.6,0.87,0.77,0.97,0.77–0.97,15
Tulsa,OK,Multifamily,"5 units, 1,500 sq. ft. each",5,1500,"4,000/sq. mi.","$80,000",2.41,1.96,2.86,1.96–2.86,0.93,0.66,1.19,0.66–1.19,16
Boulder,CO,Multifamily,"5 units, 1,500 sq. ft. each",5,1500,"4,000/sq. mi.","$80,000",2.41,2.13,2.68,2.13–2.68,0.65,0.5,0.81,0.5–0.81,17
Austin,TX,Multifamily,"5 units, 1,500 sq. ft. each",5,1500,"4,000/sq. mi.","$80,000",2.34,2.22,2.45,2.22–2.45,0.65,0.59,0.7,0.59–0.7,18
San Diego,CA,Multifamily,"5 units, 1,500 sq. ft. each",5,1500,"4,000/sq. mi.","$80,000",2.32,2.11,2.53,2.11–2.53,0.69,0.6,0.77,0.6–0.77,19
Spokane,WA,Multifamily,"5 units, 1,500 sq. ft. each",5,1500,"4,000/sq. mi.","$80,000",2.29,1.64,2.94,1.64–2.94,0.32,0.21,0.43,0.21–0.43,20
Colorado Springs,CO,Multifamily,"5 units, 1,500 sq. ft. each",5,1500,"4,000/sq. mi.","$80,000",2.24,2.04,2.44,2.04–2.44,0.71,0.59,0.84,0.59–0.84,21
Nashville,TN,Multifamily,"5 units, 1,500 sq. ft. each",5,1500,"4,000/sq. mi.","$80,000",2.2,1.9,2.51,1.9–2.51,0.42,0.29,0.54,0.29–0.54,22
Honolulu,HI,Multifamily,"5 units, 1,500 sq. ft. each",5,1500,"4,000/sq. mi.","$80,000",2.16,1.88,2.44,1.88–2.44,0.87,0.75,0.99,0.75–0.99,23
Boise,ID,Multifamily,"5 units, 1,500 sq. ft. each",5,1500,"4,000/sq. mi.","$80,000",2.16,1.79,2.52,1.79–2.52,0.72,0.48,0.96,0.48–0.96,24
Cincinnati,OH,Multifamily,"5 units, 1,500 sq. ft. each",5,1500,"4,000/sq. mi.","$80,000",2.16,1.7,2.62,1.7–2.62,0.43,0.23,0.63,0.23–0.63,25
Denver,CO,Multifamily,"5 units, 1,500 sq. ft. each",5,1500,"4,000/sq. mi.","$80,000",2.13,1.97,2.3,1.97–2.3,0.51,0.43,0.58,0.43–0.58,26
Atlanta,GA,Multifamily,"5 units, 1,500 sq. ft. each",5,1500,"4,000/sq. mi.","$80,000",2,1.76,2.25,1.76–2.25,1.42,1.05,1.79,1.05–1.79,27
Cleveland,OH,Multifamily,"5 units, 1,500 sq. ft. each",5,1500,"4,000/sq. mi.","$80,000",2,1.7,2.31,1.7–2.31,0.53,0.37,0.68,0.37–0.68,28
Kansas City,MO,Multifamily,"5 units, 1,500 sq. ft. each",5,1500,"4,000/sq. mi.","$80,000",1.92,1.75,2.1,1.75–2.1,0.21,0.15,0.27,0.15–0.27,29
Orlando,FL,Multifamily,"5 units, 1,500 sq. ft. each",5,1500,"4,000/sq. mi.","$80,000",1.78,1.61,1.95,1.61–1.95,0.54,0.45,0.63,0.45–0.63,30
Anaheim,CA,Multifamily,"5 units, 1,500 sq. ft. each",5,1500,"4,000/sq. mi.","$80,000",1.72,1.53,1.91,1.53–1.91,1.28,1.02,1.53,1.02–1.53,31
Sioux Falls,SD,Multifamily,"5 units, 1,500 sq. ft. each",5,1500,"4,000/sq. mi.","$80,000",1.72,1.52,1.91,1.52–1.91,0.27,0.21,0.34,0.21–0.34,32
Tampa,FL,Multifamily,"5 units, 1,500 sq. ft. each",5,1500,"4,000/sq. mi.","$80,000",1.72,1.45,1.98,1.45–1.98,0.49,0.39,0.6,0.39–0.6,33
Fort Worth,TX,Multifamily,"5 units, 1,500 sq. ft. each",5,1500,"4,000/sq. mi.","$80,000",1.69,1.61,1.78,1.61–1.78,0.27,0.23,0.32,0.23–0.32,34
Jacksonville,FL,Multifamily,"5 units, 1,500 sq. ft. each",5,1500,"4,000/sq. mi.","$80,000",1.69,1.5,1.87,1.5–1.87,0.36,0.29,0.43,0.29–0.43,35
Columbus,OH,Multifamily,"5 units, 1,500 sq. ft. each",5,1500,"4,000/sq. mi.","$80,000",1.66,1.58,1.74,1.58–1.74,0.27,0.25,0.3,0.25–0.3,36
Indianapolis,IN,Multifamily,"5 units, 1,500 sq. ft. each",5,1500,"4,000/sq. mi.","$80,000",1.6,1.43,1.77,1.43–1.77,0.56,0.44,0.67,0.44–0.67,37
Louisville,KY,Multifamily,"5 units, 1,500 sq. ft. each",5,1500,"4,000/sq. mi.","$80,000",1.53,1.35,1.72,1.35–1.72,0.34,0.28,0.39,0.28–0.39,38
Reno,NV,Multifamily,"5 units, 1,500 sq. ft. each",5,1500,"4,000/sq. mi.","$80,000",1.39,1.32,1.47,1.32–1.47,0.09,0.06,0.11,0.06–0.11,39
Grand Rapids,MI,Multifamily,"5 units, 1,500 sq. ft. each",5,1500,"4,000/sq. mi.","$80,000",1.36,1.18,1.53,1.18–1.53,0.28,0.2,0.36,0.2–0.36,40
Raleigh,NC,Multifamily,"5 units, 1,500 sq. ft. each",5,1500,"4,000/sq. mi.","$80,000",1.31,1.18,1.44,1.18–1.44,0.25,0.19,0.31,0.19–0.31,41
Miami,FL,Multifamily,"10 units, 700 sq. ft. each",10,700,"4,000/sq. mi.","$80,000",5.36,4.36,6.36,4.36–6.36,1.83,1.28,2.37,1.28–2.37,1
Oakland,CA,Multifamily,"10 units, 700 sq. ft. each",10,700,"4,000/sq. mi.","$80,000",4.98,4.1,5.86,4.1–5.86,1.17,0.83,1.5,0.83–1.5,2
San Francisco,CA,Multifamily,"10 units, 700 sq. ft. each",10,700,"4,000/sq. mi.","$80,000",4.67,4.14,5.19,4.14–5.19,1.56,1.24,1.89,1.24–1.89,3
New York,NY,Multifamily,"10 units, 700 sq. ft. each",10,700,"4,000/sq. mi.","$80,000",4.19,4.01,4.37,4.01–4.37,1.33,1.21,1.45,1.21–1.45,4
Los Angeles,CA,Multifamily,"10 units, 700 sq. ft. each",10,700,"4,000/sq. mi.","$80,000",3.87,3.69,4.06,3.69–4.06,1.54,1.42,1.65,1.42–1.65,5
Boston,MA,Multifamily,"10 units, 700 sq. ft. each",10,700,"4,000/sq. mi.","$80,000",3.59,3.25,3.92,3.25–3.92,1.72,1.47,1.97,1.47–1.97,6
Baton Rouge,LA,Multifamily,"10 units, 700 sq. ft. each",10,700,"4,000/sq. mi.","$80,000",3.11,2.22,3.99,2.22–3.99,0.68,0.45,0.9,0.45–0.9,7
Seattle,WA,Multifamily,"10 units, 700 sq. ft. each",10,700,"4,000/sq. mi.","$80,000",3.07,2.89,3.25,2.89–3.25,0.98,0.9,1.05,0.9–1.05,8
Sacramento,CA,Multifamily,"10 units, 700 sq. ft. each",10,700,"4,000/sq. mi.","$80,000",2.8,2.47,3.12,2.47–3.12,0.96,0.77,1.15,0.77–1.15,9
Philadelphia,PA,Multifamily,"10 units, 700 sq. ft. each",10,700,"4,000/sq. mi.","$80,000",2.79,2.48,3.1,2.48–3.1,0.28,0.22,0.34,0.22–0.34,10
Washington,DC,Multifamily,"10 units, 700 sq. ft. each",10,700,"4,000/sq. mi.","$80,000",2.79,2.43,3.15,2.43–3.15,0.76,0.59,0.93,0.59–0.93,11
Durham,NC,Multifamily,"10 units, 700 sq. ft. each",10,700,"4,000/sq. mi.","$80,000",2.75,2.39,3.11,2.39–3.11,0.3,0.24,0.36,0.24–0.36,12
Jersey City,NJ,Multifamily,"10 units, 700 sq. ft. each",10,700,"4,000/sq. mi.","$80,000",2.74,2.06,3.41,2.06–3.41,0.3,0.05,0.54,0.05–0.54,13
Houston,TX,Multifamily,"10 units, 700 sq. ft. each",10,700,"4,000/sq. mi.","$80,000",2.71,2.62,2.79,2.62–2.79,0.67,0.63,0.72,0.63–0.72,14
San Diego,CA,Multifamily,"10 units, 700 sq. ft. each",10,700,"4,000/sq. mi.","$80,000",2.46,2.28,2.64,2.28–2.64,0.7,0.63,0.77,0.63–0.77,15
Tulsa,OK,Multifamily,"10 units, 700 sq. ft. each",10,700,"4,000/sq. mi.","$80,000",2.44,2.06,2.81,2.06–2.81,0.8,0.57,1.03,0.57–1.03,16
Honolulu,HI,Multifamily,"10 units, 700 sq. ft. each",10,700,"4,000/sq. mi.","$80,000",2.42,2.15,2.68,2.15–2.68,0.95,0.82,1.08,0.82–1.08,17
Austin,TX,Multifamily,"10 units, 700 sq. ft. each",10,700,"4,000/sq. mi.","$80,000",2.32,2.23,2.41,2.23–2.41,0.69,0.64,0.74,0.64–0.74,18
Denver,CO,Multifamily,"10 units, 700 sq. ft. each",10,700,"4,000/sq. mi.","$80,000",2.32,2.17,2.47,2.17–2.47,0.55,0.48,0.62,0.48–0.62,19
Phoenix,AZ,Multifamily,"10 units, 700 sq. ft. each",10,700,"4,000/sq. mi.","$80,000",2.28,2.08,2.48,2.08–2.48,0.86,0.73,0.98,0.73–0.98,20
Portland,OR,Multifamily,"10 units, 700 sq. ft. each",10,700,"4,000/sq. mi.","$80,000",2.17,2.08,2.26,2.08–2.26,0.83,0.77,0.89,0.77–0.89,21
Charleston,SC,Multifamily,"10 units, 700 sq. ft. each",10,700,"4,000/sq. mi.","$80,000",2.16,1.8,2.52,1.8–2.52,0.39,0.16,0.61,0.16–0.61,22
Boulder,CO,Multifamily,"10 units, 700 sq. ft. each",10,700,"4,000/sq. mi.","$80,000",2.15,1.84,2.45,1.84–2.45,0.57,0.43,0.71,0.43–0.71,23
Spokane,WA,Multifamily,"10 units, 700 sq. ft. each",10,700,"4,000/sq. mi.","$80,000",2.09,1.59,2.6,1.59–2.6,0.28,0.2,0.36,0.2–0.36,24
Boise,ID,Multifamily,"10 units, 700 sq. ft. each",10,700,"4,000/sq. mi.","$80,000",2.06,1.76,2.37,1.76–2.37,0.66,0.46,0.85,0.46–0.85,25
Nashville,TN,Multifamily,"10 units, 700 sq. ft. each",10,700,"4,000/sq. mi.","$80,000",1.93,1.73,2.14,1.73–2.14,0.4,0.3,0.5,0.3–0.5,26
Sioux Falls,SD,Multifamily,"10 units, 700 sq. ft. each",10,700,"4,000/sq. mi.","$80,000",1.93,1.73,2.13,1.73–2.13,0.24,0.2,0.29,0.2–0.29,27
St. Paul,MN,Multifamily,"10 units, 700 sq. ft. each",10,700,"4,000/sq. mi.","$80,000",1.86,1.07,2.66,1.07–2.66,0.28,0.13,0.42,0.13–0.42,28
Tampa,FL,Multifamily,"10 units, 700 sq. ft. each",10,700,"4,000/sq. mi.","$80,000",1.86,1.53,2.2,1.53–2.2,0.52,0.42,0.63,0.42–0.63,29
Atlanta,GA,Multifamily,"10 units, 700 sq. ft. each",10,700,"4,000/sq. mi.","$80,000",1.86,1.67,2.05,1.67–2.05,0.83,0.66,1,0.66–1,30
Kansas City,MO,Multifamily,"10 units, 700 sq. ft. each",10,700,"4,000/sq. mi.","$80,000",1.86,1.67,2.04,1.67–2.04,0.19,0.14,0.24,0.14–0.24,31
Cleveland,OH,Multifamily,"10 units, 700 sq. ft. each",10,700,"4,000/sq. mi.","$80,000",1.8,1.56,2.05,1.56–2.05,0.43,0.31,0.55,0.31–0.55,32
Orlando,FL,Multifamily,"10 units, 700 sq. ft. each",10,700,"4,000/sq. mi.","$80,000",1.76,1.6,1.92,1.6–1.92,0.44,0.36,0.52,0.36–0.52,33
Anaheim,CA,Multifamily,"10 units, 700 sq. ft. each",10,700,"4,000/sq. mi.","$80,000",1.76,1.57,1.95,1.57–1.95,1.12,0.91,1.33,0.91–1.33,34
Fort Worth,TX,Multifamily,"10 units, 700 sq. ft. each",10,700,"4,000/sq. mi.","$80,000",1.68,1.6,1.75,1.6–1.75,0.23,0.2,0.26,0.2–0.26,35
Jacksonville,FL,Multifamily,"10 units, 700 sq. ft. each",10,700,"4,000/sq. mi.","$80,000",1.66,1.53,1.8,1.53–1.8,0.38,0.32,0.43,0.32–0.43,36
Colorado Springs,CO,Multifamily,"10 units, 700 sq. ft. each",10,700,"4,000/sq. mi.","$80,000",1.62,1.37,1.86,1.37–1.86,0.4,0.29,0.5,0.29–0.5,37
Columbus,OH,Multifamily,"10 units, 700 sq. ft. each",10,700,"4,000/sq. mi.","$80,000",1.61,1.53,1.7,1.53–1.7,0.3,0.28,0.33,0.28–0.33,38
Louisville,KY,Multifamily,"10 units, 700 sq. ft. each",10,700,"4,000/sq. mi.","$80,000",1.58,1.42,1.75,1.42–1.75,0.36,0.3,0.41,0.3–0.41,39
Indianapolis,IN,Multifamily,"10 units, 700 sq. ft. each",10,700,"4,000/sq. mi.","$80,000",1.56,1.41,1.71,1.41–1.71,0.51,0.41,0.61,0.41–0.61,40
Grand Rapids,MI,Multifamily,"10 units, 700 sq. ft. each",10,700,"4,000/sq. mi.","$80,000",1.49,1.32,1.67,1.32–1.67,0.27,0.2,0.35,0.2–0.35,41
Reno,NV,Multifamily,"10 units, 700 sq. ft. each",10,700,"4,000/sq. mi.","$80,000",1.4,1.35,1.46,1.35–1.46,0.11,0.09,0.13,0.09–0.13,42
Raleigh,NC,Multifamily,"10 units, 700 sq. ft. each",10,700,"4,000/sq. mi.","$80,000",1.31,1.16,1.46,1.16–1.46,0.22,0.17,0.27,0.17–0.27,43
Miami,FL,Multifamily,"10 units, 900 sq. ft. each",10,900,"4,000/sq. mi.","$80,000",5.36,4.42,6.31,4.42–6.31,1.87,1.34,2.41,1.34–2.41,1
Oakland,CA,Multifamily,"10 units, 900 sq. ft. each",10,900,"4,000/sq. mi.","$80,000",4.8,4.13,5.47,4.13–5.47,1.05,0.83,1.28,0.83–1.28,2
San Francisco,CA,Multifamily,"10 units, 900 sq. ft. each",10,900,"4,000/sq. mi.","$80,000",4.71,4.24,5.17,4.24–5.17,1.59,1.29,1.89,1.29–1.89,3
New York,NY,Multifamily,"10 units, 900 sq. ft. each",10,900,"4,000/sq. mi.","$80,000",4.31,4.13,4.48,4.13–4.48,1.34,1.23,1.46,1.23–1.46,4
Los Angeles,CA,Multifamily,"10 units, 900 sq. ft. each",10,900,"4,000/sq. mi.","$80,000",3.98,3.82,4.14,3.82–4.14,1.52,1.42,1.62,1.42–1.62,5
Boston,MA,Multifamily,"10 units, 900 sq. ft. each",10,900,"4,000/sq. mi.","$80,000",3.56,3.26,3.85,3.26–3.85,1.68,1.46,1.9,1.46–1.9,6
Baton Rouge,LA,Multifamily,"10 units, 900 sq. ft. each",10,900,"4,000/sq. mi.","$80,000",3.23,2.33,4.14,2.33–4.14,0.74,0.5,0.98,0.5–0.98,7
Seattle,WA,Multifamily,"10 units, 900 sq. ft. each",10,900,"4,000/sq. mi.","$80,000",3.09,2.92,3.27,2.92–3.27,0.98,0.9,1.06,0.9–1.06,8
Philadelphia,PA,Multifamily,"10 units, 900 sq. ft. each",10,900,"4,000/sq. mi.","$80,000",2.79,2.49,3.08,2.49–3.08,0.29,0.23,0.34,0.23–0.34,9
Durham,NC,Multifamily,"10 units, 900 sq. ft. each",10,900,"4,000/sq. mi.","$80,000",2.77,2.45,3.1,2.45–3.1,0.3,0.25,0.35,0.25–0.35,10
Washington,DC,Multifamily,"10 units, 900 sq. ft. each",10,900,"4,000/sq. mi.","$80,000",2.75,2.4,3.1,2.4–3.1,0.75,0.59,0.92,0.59–0.92,11
Houston,TX,Multifamily,"10 units, 900 sq. ft. each",10,900,"4,000/sq. mi.","$80,000",2.73,2.65,2.81,2.65–2.81,0.68,0.63,0.73,0.63–0.73,12
Sacramento,CA,Multifamily,"10 units, 900 sq. ft. each",10,900,"4,000/sq. mi.","$80,000",2.73,2.44,3.02,2.44–3.02,0.95,0.78,1.12,0.78–1.12,13
Jersey City,NJ,Multifamily,"10 units, 900 sq. ft. each",10,900,"4,000/sq. mi.","$80,000",2.72,2.05,3.39,2.05–3.39,0.3,0.06,0.55,0.06–0.55,14
Honolulu,HI,Multifamily,"10 units, 900 sq. ft. each",10,900,"4,000/sq. mi.","$80,000",2.48,2.22,2.73,2.22–2.73,0.99,0.86,1.12,0.86–1.12,15
Tulsa,OK,Multifamily,"10 units, 900 sq. ft. each",10,900,"4,000/sq. mi.","$80,000",2.46,2.08,2.84,2.08–2.84,0.83,0.59,1.07,0.59–1.07,16
San Diego,CA,Multifamily,"10 units, 900 sq. ft. each",10,900,"4,000/sq. mi.","$80,000",2.46,2.28,2.64,2.28–2.64,0.71,0.64,0.78,0.64–0.78,17
Austin,TX,Multifamily,"10 units, 900 sq. ft. each",10,900,"4,000/sq. mi.","$80,000",2.38,2.3,2.46,2.3–2.46,0.7,0.65,0.74,0.65–0.74,18
Phoenix,AZ,Multifamily,"10 units, 900 sq. ft. each",10,900,"4,000/sq. mi.","$80,000",2.33,2.15,2.51,2.15–2.51,0.84,0.72,0.95,0.72–0.95,19
Denver,CO,Multifamily,"10 units, 900 sq. ft. each",10,900,"4,000/sq. mi.","$80,000",2.3,2.16,2.45,2.16–2.45,0.54,0.48,0.61,0.48–0.61,20
Portland,OR,Multifamily,"10 units, 900 sq. ft. each",10,900,"4,000/sq. mi.","$80,000",2.29,2.19,2.39,2.19–2.39,0.85,0.79,0.91,0.79–0.91,21
Boulder,CO,Multifamily,"10 units, 900 sq. ft. each",10,900,"4,000/sq. mi.","$80,000",2.27,1.99,2.54,1.99–2.54,0.61,0.48,0.73,0.48–0.73,22
Spokane,WA,Multifamily,"10 units, 900 sq. ft. each",10,900,"4,000/sq. mi.","$80,000",2.23,1.66,2.79,1.66–2.79,0.28,0.2,0.37,0.2–0.37,23
Nashville,TN,Multifamily,"10 units, 900 sq. ft. each",10,900,"4,000/sq. mi.","$80,000",2.08,1.86,2.31,1.86–2.31,0.43,0.32,0.54,0.32–0.54,24
Boise,ID,Multifamily,"10 units, 900 sq. ft. each",10,900,"4,000/sq. mi.","$80,000",2.08,1.78,2.38,1.78–2.38,0.64,0.46,0.83,0.46–0.83,25
Atlanta,GA,Multifamily,"10 units, 900 sq. ft. each",10,900,"4,000/sq. mi.","$80,000",1.92,1.72,2.12,1.72–2.12,0.87,0.69,1.06,0.69–1.06,26
St. Paul,MN,Multifamily,"10 units, 900 sq. ft. each",10,900,"4,000/sq. mi.","$80,000",1.92,1.1,2.75,1.1–2.75,0.29,0.14,0.44,0.14–0.44,27
Kansas City,MO,Multifamily,"10 units, 900 sq. ft. each",10,900,"4,000/sq. mi.","$80,000",1.9,1.74,2.07,1.74–2.07,0.2,0.15,0.25,0.15–0.25,28
Cleveland,OH,Multifamily,"10 units, 900 sq. ft. each",10,900,"4,000/sq. mi.","$80,000",1.9,1.64,2.16,1.64–2.16,0.47,0.35,0.6,0.35–0.6,29
Sioux Falls,SD,Multifamily,"10 units, 900 sq. ft. each",10,900,"4,000/sq. mi.","$80,000",1.88,1.68,2.07,1.68–2.07,0.25,0.2,0.3,0.2–0.3,30
Tampa,FL,Multifamily,"10 units, 900 sq. ft. each",10,900,"4,000/sq. mi.","$80,000",1.86,1.56,2.17,1.56–2.17,0.51,0.41,0.61,0.41–0.61,31
Orlando,FL,Multifamily,"10 units, 900 sq. ft. each",10,900,"4,000/sq. mi.","$80,000",1.85,1.68,2.01,1.68–2.01,0.49,0.42,0.57,0.42–0.57,32
Colorado Springs,CO,Multifamily,"10 units, 900 sq. ft. each",10,900,"4,000/sq. mi.","$80,000",1.84,1.65,2.04,1.65–2.04,0.48,0.39,0.57,0.39–0.57,33
Anaheim,CA,Multifamily,"10 units, 900 sq. ft. each",10,900,"4,000/sq. mi.","$80,000",1.8,1.62,1.98,1.62–1.98,1.11,0.92,1.31,0.92–1.31,34
Fort Worth,TX,Multifamily,"10 units, 900 sq. ft. each",10,900,"4,000/sq. mi.","$80,000",1.72,1.65,1.79,1.65–1.79,0.25,0.22,0.29,0.22–0.29,35
Jacksonville,FL,Multifamily,"10 units, 900 sq. ft. each",10,900,"4,000/sq. mi.","$80,000",1.71,1.57,1.85,1.57–1.85,0.38,0.32,0.43,0.32–0.43,36
Columbus,OH,Multifamily,"10 units, 900 sq. ft. each",10,900,"4,000/sq. mi.","$80,000",1.67,1.59,1.74,1.59–1.74,0.3,0.28,0.32,0.28–0.32,37
Louisville,KY,Multifamily,"10 units, 900 sq. ft. each",10,900,"4,000/sq. mi.","$80,000",1.64,1.48,1.8,1.48–1.8,0.37,0.32,0.43,0.32–0.43,38
Indianapolis,IN,Multifamily,"10 units, 900 sq. ft. each",10,900,"4,000/sq. mi.","$80,000",1.62,1.47,1.76,1.47–1.76,0.52,0.43,0.62,0.43–0.62,39
Grand Rapids,MI,Multifamily,"10 units, 900 sq. ft. each",10,900,"4,000/sq. mi.","$80,000",1.49,1.34,1.65,1.34–1.65,0.28,0.21,0.35,0.21–0.35,40
Reno,NV,Multifamily,"10 units, 900 sq. ft. each",10,900,"4,000/sq. mi.","$80,000",1.45,1.39,1.5,1.39–1.5,0.11,0.09,0.13,0.09–0.13,41
Raleigh,NC,Multifamily,"10 units, 900 sq. ft. each",10,900,"4,000/sq. mi.","$80,000",1.35,1.22,1.48,1.22–1.48,0.24,0.18,0.29,0.18–0.29,42
Miami,FL,Multifamily,"10 units, 1,200 sq. ft. each",10,1200,"4,000/sq. mi.","$80,000",5.36,4.47,6.26,4.47–6.26,1.93,1.39,2.46,1.39–2.46,1
San Francisco,CA,Multifamily,"10 units, 1,200 sq. ft. each",10,1200,"4,000/sq. mi.","$80,000",4.76,4.34,5.18,4.34–5.18,1.62,1.33,1.91,1.33–1.91,2
Oakland,CA,Multifamily,"10 units, 1,200 sq. ft. each",10,1200,"4,000/sq. mi.","$80,000",4.61,4.14,5.07,4.14–5.07,0.94,0.8,1.07,0.8–1.07,3
New York,NY,Multifamily,"10 units, 1,200 sq. ft. each",10,1200,"4,000/sq. mi.","$80,000",4.44,4.26,4.62,4.26–4.62,1.36,1.24,1.48,1.24–1.48,4
Los Angeles,CA,Multifamily,"10 units, 1,200 sq. ft. each",10,1200,"4,000/sq. mi.","$80,000",4.1,3.95,4.25,3.95–4.25,1.5,1.41,1.59,1.41–1.59,5
Boston,MA,Multifamily,"10 units, 1,200 sq. ft. each",10,1200,"4,000/sq. mi.","$80,000",3.53,3.25,3.81,3.25–3.81,1.64,1.43,1.85,1.43–1.85,6
Baton Rouge,LA,Multifamily,"10 units, 1,200 sq. ft. each",10,1200,"4,000/sq. mi.","$80,000",3.38,2.45,4.32,2.45–4.32,0.82,0.56,1.08,0.56–1.08,7
Seattle,WA,Multifamily,"10 units, 1,200 sq. ft. each",10,1200,"4,000/sq. mi.","$80,000",3.12,2.93,3.3,2.93–3.3,0.99,0.91,1.07,0.91–1.07,8
Durham,NC,Multifamily,"10 units, 1,200 sq. ft. each",10,1200,"4,000/sq. mi.","$80,000",2.8,2.5,3.1,2.5–3.1,0.3,0.25,0.35,0.25–0.35,9
Philadelphia,PA,Multifamily,"10 units, 1,200 sq. ft. each",10,1200,"4,000/sq. mi.","$80,000",2.78,2.49,3.07,2.49–3.07,0.29,0.23,0.35,0.23–0.35,10
Houston,TX,Multifamily,"10 units, 1,200 sq. ft. each",10,1200,"4,000/sq. mi.","$80,000",2.76,2.68,2.84,2.68–2.84,0.69,0.64,0.73,0.64–0.73,11
Washington,DC,Multifamily,"10 units, 1,200 sq. ft. each",10,1200,"4,000/sq. mi.","$80,000",2.71,2.36,3.06,2.36–3.06,0.75,0.58,0.92,0.58–0.92,12
Jersey City,NJ,Multifamily,"10 units, 1,200 sq. ft. each",10,1200,"4,000/sq. mi.","$80,000",2.71,2.04,3.37,2.04–3.37,0.3,0.06,0.55,0.06–0.55,13
Sacramento,CA,Multifamily,"10 units, 1,200 sq. ft. each",10,1200,"4,000/sq. mi.","$80,000",2.65,2.4,2.91,2.4–2.91,0.94,0.78,1.1,0.78–1.1,14
Honolulu,HI,Multifamily,"10 units, 1,200 sq. ft. each",10,1200,"4,000/sq. mi.","$80,000",2.55,2.28,2.81,2.28–2.81,1.04,0.91,1.16,0.91–1.16,15
Tulsa,OK,Multifamily,"10 units, 1,200 sq. ft. each",10,1200,"4,000/sq. mi.","$80,000",2.5,2.11,2.88,2.11–2.88,0.87,0.61,1.12,0.61–1.12,16
San Diego,CA,Multifamily,"10 units, 1,200 sq. ft. each",10,1200,"4,000/sq. mi.","$80,000",2.46,2.27,2.65,2.27–2.65,0.72,0.64,0.79,0.64–0.79,17
Austin,TX,Multifamily,"10 units, 1,200 sq. ft. each",10,1200,"4,000/sq. mi.","$80,000",2.45,2.37,2.53,2.37–2.53,0.7,0.66,0.75,0.66–0.75,18
Portland,OR,Multifamily,"10 units, 1,200 sq. ft. each",10,1200,"4,000/sq. mi.","$80,000",2.44,2.3,2.57,2.3–2.57,0.88,0.8,0.95,0.8–0.95,19
Boulder,CO,Multifamily,"10 units, 1,200 sq. ft. each",10,1200,"4,000/sq. mi.","$80,000",2.41,2.16,2.65,2.16–2.65,0.65,0.54,0.77,0.54–0.77,20
Phoenix,AZ,Multifamily,"10 units, 1,200 sq. ft. each",10,1200,"4,000/sq. mi.","$80,000",2.4,2.23,2.57,2.23–2.57,0.81,0.72,0.91,0.72–0.91,21
Spokane,WA,Multifamily,"10 units, 1,200 sq. ft. each",10,1200,"4,000/sq. mi.","$80,000",2.39,1.75,3.04,1.75–3.04,0.28,0.19,0.37,0.19–0.37,22
Denver,CO,Multifamily,"10 units, 1,200 sq. ft. each",10,1200,"4,000/sq. mi.","$80,000",2.29,2.15,2.42,2.15–2.42,0.54,0.47,0.6,0.47–0.6,23
Nashville,TN,Multifamily,"10 units, 1,200 sq. ft. each",10,1200,"4,000/sq. mi.","$80,000",2.27,2.01,2.52,2.01–2.52,0.47,0.35,0.6,0.35–0.6,24
Cincinnati,OH,Multifamily,"10 units, 1,200 sq. ft. each",10,1200,"4,000/sq. mi.","$80,000",2.17,1.72,2.63,1.72–2.63,0.46,0.26,0.67,0.26–0.67,25
Colorado Springs,CO,Multifamily,"10 units, 1,200 sq. ft. each",10,1200,"4,000/sq. mi.","$80,000",2.14,1.99,2.3,1.99–2.3,0.58,0.51,0.66,0.51–0.66,26
Boise,ID,Multifamily,"10 units, 1,200 sq. ft. each",10,1200,"4,000/sq. mi.","$80,000",2.1,1.79,2.4,1.79–2.4,0.63,0.45,0.81,0.45–0.81,27
Cleveland,OH,Multifamily,"10 units, 1,200 sq. ft. each",10,1200,"4,000/sq. mi.","$80,000",2.02,1.73,2.31,1.73–2.31,0.52,0.38,0.66,0.38–0.66,28
Atlanta,GA,Multifamily,"10 units, 1,200 sq. ft. each",10,1200,"4,000/sq. mi.","$80,000",2,1.79,2.21,1.79–2.21,0.93,0.73,1.13,0.73–1.13,29
St. Paul,MN,Multifamily,"10 units, 1,200 sq. ft. each",10,1200,"4,000/sq. mi.","$80,000",1.99,1.09,2.89,1.09–2.89,0.3,0.14,0.45,0.14–0.45,30
Kansas City,MO,Multifamily,"10 units, 1,200 sq. ft. each",10,1200,"4,000/sq. mi.","$80,000",1.96,1.8,2.11,1.8–2.11,0.2,0.15,0.26,0.15–0.26,31
Orlando,FL,Multifamily,"10 units, 1,200 sq. ft. each",10,1200,"4,000/sq. mi.","$80,000",1.95,1.78,2.11,1.78–2.11,0.56,0.48,0.64,0.48–0.64,32
Tampa,FL,Multifamily,"10 units, 1,200 sq. ft. each",10,1200,"4,000/sq. mi.","$80,000",1.86,1.59,2.13,1.59–2.13,0.5,0.41,0.59,0.41–0.59,33
Anaheim,CA,Multifamily,"10 units, 1,200 sq. ft. each",10,1200,"4,000/sq. mi.","$80,000",1.85,1.68,2.03,1.68–2.03,1.11,0.92,1.29,0.92–1.29,34
Sioux Falls,SD,Multifamily,"10 units, 1,200 sq. ft. each",10,1200,"4,000/sq. mi.","$80,000",1.82,1.62,2.02,1.62–2.02,0.26,0.2,0.31,0.2–0.31,35
Fort Worth,TX,Multifamily,"10 units, 1,200 sq. ft. each",10,1200,"4,000/sq. mi.","$80,000",1.77,1.7,1.84,1.7–1.84,0.28,0.24,0.32,0.24–0.32,36
Jacksonville,FL,Multifamily,"10 units, 1,200 sq. ft. each",10,1200,"4,000/sq. mi.","$80,000",1.76,1.62,1.91,1.62–1.91,0.37,0.32,0.43,0.32–0.43,37
Columbus,OH,Multifamily,"10 units, 1,200 sq. ft. each",10,1200,"4,000/sq. mi.","$80,000",1.73,1.67,1.8,1.67–1.8,0.3,0.28,0.32,0.28–0.32,38
Louisville,KY,Multifamily,"10 units, 1,200 sq. ft. each",10,1200,"4,000/sq. mi.","$80,000",1.7,1.54,1.87,1.54–1.87,0.39,0.34,0.45,0.34–0.45,39
Indianapolis,IN,Multifamily,"10 units, 1,200 sq. ft. each",10,1200,"4,000/sq. mi.","$80,000",1.68,1.53,1.83,1.53–1.83,0.54,0.44,0.64,0.44–0.64,40
Grand Rapids,MI,Multifamily,"10 units, 1,200 sq. ft. each",10,1200,"4,000/sq. mi.","$80,000",1.5,1.35,1.65,1.35–1.65,0.29,0.22,0.35,0.22–0.35,41
Reno,NV,Multifamily,"10 units, 1,200 sq. ft. each",10,1200,"4,000/sq. mi.","$80,000",1.5,1.44,1.55,1.44–1.55,0.12,0.09,0.14,0.09–0.14,42
Raleigh,NC,Multifamily,"10 units, 1,200 sq. ft. each",10,1200,"4,000/sq. mi.","$80,000",1.41,1.29,1.52,1.29–1.52,0.26,0.2,0.31,0.2–0.31,43
Miami,FL,Multifamily,"10 units, 1,500 sq. ft. each",10,1500,"4,000/sq. mi.","$80,000",5.36,4.49,6.23,4.49–6.23,1.97,1.43,2.51,1.43–2.51,1
San Francisco,CA,Multifamily,"10 units, 1,500 sq. ft. each",10,1500,"4,000/sq. mi.","$80,000",4.8,4.39,5.21,4.39–5.21,1.64,1.36,1.93,1.36–1.93,2
New York,NY,Multifamily,"10 units, 1,500 sq. ft. each",10,1500,"4,000/sq. mi.","$80,000",4.55,4.35,4.74,4.35–4.74,1.38,1.26,1.5,1.26–1.5,3
Oakland,CA,Multifamily,"10 units, 1,500 sq. ft. each",10,1500,"4,000/sq. mi.","$80,000",4.46,4.1,4.82,4.1–4.82,0.86,0.76,0.95,0.76–0.95,4
Los Angeles,CA,Multifamily,"10 units, 1,500 sq. ft. each",10,1500,"4,000/sq. mi.","$80,000",4.2,4.05,4.35,4.05–4.35,1.49,1.4,1.57,1.4–1.57,5
Boston,MA,Multifamily,"10 units, 1,500 sq. ft. each",10,1500,"4,000/sq. mi.","$80,000",3.51,3.22,3.79,3.22–3.79,1.61,1.4,1.82,1.4–1.82,6
Baton Rouge,LA,Multifamily,"10 units, 1,500 sq. ft. each",10,1500,"4,000/sq. mi.","$80,000",3.5,2.54,4.46,2.54–4.46,0.89,0.6,1.17,0.6–1.17,7
Seattle,WA,Multifamily,"10 units, 1,500 sq. ft. each",10,1500,"4,000/sq. mi.","$80,000",3.14,2.94,3.34,2.94–3.34,0.99,0.91,1.07,0.91–1.07,8
Durham,NC,Multifamily,"10 units, 1,500 sq. ft. each",10,1500,"4,000/sq. mi.","$80,000",2.82,2.51,3.13,2.51–3.13,0.3,0.24,0.35,0.24–0.35,9
Houston,TX,Multifamily,"10 units, 1,500 sq. ft. each",10,1500,"4,000/sq. mi.","$80,000",2.78,2.71,2.86,2.71–2.86,0.69,0.65,0.74,0.65–0.74,10
Philadelphia,PA,Multifamily,"10 units, 1,500 sq. ft. each",10,1500,"4,000/sq. mi.","$80,000",2.78,2.49,3.07,2.49–3.07,0.29,0.23,0.35,0.23–0.35,11
Jersey City,NJ,Multifamily,"10 units, 1,500 sq. ft. each",10,1500,"4,000/sq. mi.","$80,000",2.69,2.04,3.35,2.04–3.35,0.3,0.06,0.55,0.06–0.55,12
Washington,DC,Multifamily,"10 units, 1,500 sq. ft. each",10,1500,"4,000/sq. mi.","$80,000",2.68,2.32,3.04,2.32–3.04,0.74,0.57,0.92,0.57–0.92,13
Honolulu,HI,Multifamily,"10 units, 1,500 sq. ft. each",10,1500,"4,000/sq. mi.","$80,000",2.6,2.32,2.88,2.32–2.88,1.07,0.94,1.2,0.94–1.2,14
Sacramento,CA,Multifamily,"10 units, 1,500 sq. ft. each",10,1500,"4,000/sq. mi.","$80,000",2.6,2.35,2.84,2.35–2.84,0.93,0.78,1.08,0.78–1.08,15
Portland,OR,Multifamily,"10 units, 1,500 sq. ft. each",10,1500,"4,000/sq. mi.","$80,000",2.56,2.38,2.74,2.38–2.74,0.89,0.8,0.99,0.8–0.99,16
Spokane,WA,Multifamily,"10 units, 1,500 sq. ft. each",10,1500,"4,000/sq. mi.","$80,000",2.53,1.8,3.26,1.8–3.26,0.29,0.19,0.38,0.19–0.38,17
Boulder,CO,Multifamily,"10 units, 1,500 sq. ft. each",10,1500,"4,000/sq. mi.","$80,000",2.52,2.29,2.76,2.29–2.76,0.69,0.59,0.8,0.59–0.8,18
Tulsa,OK,Multifamily,"10 units, 1,500 sq. ft. each",10,1500,"4,000/sq. mi.","$80,000",2.52,2.13,2.92,2.13–2.92,0.9,0.63,1.17,0.63–1.17,19
Austin,TX,Multifamily,"10 units, 1,500 sq. ft. each",10,1500,"4,000/sq. mi.","$80,000",2.51,2.42,2.6,2.42–2.6,0.71,0.66,0.76,0.66–0.76,20
San Diego,CA,Multifamily,"10 units, 1,500 sq. ft. each",10,1500,"4,000/sq. mi.","$80,000",2.46,2.27,2.65,2.27–2.65,0.72,0.65,0.8,0.65–0.8,21
Phoenix,AZ,Multifamily,"10 units, 1,500 sq. ft. each",10,1500,"4,000/sq. mi.","$80,000",2.45,2.29,2.61,2.29–2.61,0.8,0.7,0.9,0.7–0.9,22
Nashville,TN,Multifamily,"10 units, 1,500 sq. ft. each",10,1500,"4,000/sq. mi.","$80,000",2.42,2.14,2.7,2.14–2.7,0.51,0.37,0.65,0.37–0.65,23
Colorado Springs,CO,Multifamily,"10 units, 1,500 sq. ft. each",10,1500,"4,000/sq. mi.","$80,000",2.41,2.23,2.59,2.23–2.59,0.69,0.59,0.78,0.59–0.78,24
Denver,CO,Multifamily,"10 units, 1,500 sq. ft. each",10,1500,"4,000/sq. mi.","$80,000",2.27,2.14,2.41,2.14–2.41,0.54,0.47,0.6,0.47–0.6,25
Cincinnati,OH,Multifamily,"10 units, 1,500 sq. ft. each",10,1500,"4,000/sq. mi.","$80,000",2.23,1.87,2.58,1.87–2.58,0.44,0.27,0.6,0.27–0.6,26
Cleveland,OH,Multifamily,"10 units, 1,500 sq. ft. each",10,1500,"4,000/sq. mi.","$80,000",2.12,1.81,2.43,1.81–2.43,0.57,0.41,0.72,0.41–0.72,27
Boise,ID,Multifamily,"10 units, 1,500 sq. ft. each",10,1500,"4,000/sq. mi.","$80,000",2.11,1.8,2.42,1.8–2.42,0.62,0.45,0.8,0.45–0.8,28
Atlanta,GA,Multifamily,"10 units, 1,500 sq. ft. each",10,1500,"4,000/sq. mi.","$80,000",2.06,1.84,2.27,1.84–2.27,0.97,0.75,1.19,0.75–1.19,29
St. Paul,MN,Multifamily,"10 units, 1,500 sq. ft. each",10,1500,"4,000/sq. mi.","$80,000",2.04,1.06,3.03,1.06–3.03,0.31,0.14,0.47,0.14–0.47,30
Orlando,FL,Multifamily,"10 units, 1,500 sq. ft. each",10,1500,"4,000/sq. mi.","$80,000",2.03,1.86,2.2,1.86–2.2,0.61,0.52,0.7,0.52–0.7,31
Kansas City,MO,Multifamily,"10 units, 1,500 sq. ft. each",10,1500,"4,000/sq. mi.","$80,000",2,1.85,2.15,1.85–2.15,0.21,0.15,0.27,0.15–0.27,32
Anaheim,CA,Multifamily,"10 units, 1,500 sq. ft. each",10,1500,"4,000/sq. mi.","$80,000",1.89,1.72,2.07,1.72–2.07,1.1,0.92,1.28,0.92–1.28,33
Tampa,FL,Multifamily,"10 units, 1,500 sq. ft. each",10,1500,"4,000/sq. mi.","$80,000",1.86,1.61,2.12,1.61–2.12,0.49,0.39,0.58,0.39–0.58,34
Fort Worth,TX,Multifamily,"10 units, 1,500 sq. ft. each",10,1500,"4,000/sq. mi.","$80,000",1.81,1.74,1.89,1.74–1.89,0.3,0.26,0.34,0.26–0.34,35
Jacksonville,FL,Multifamily,"10 units, 1,500 sq. ft. each",10,1500,"4,000/sq. mi.","$80,000",1.81,1.66,1.96,1.66–1.96,0.37,0.31,0.42,0.31–0.42,36
Columbus,OH,Multifamily,"10 units, 1,500 sq. ft. each",10,1500,"4,000/sq. mi.","$80,000",1.79,1.71,1.86,1.71–1.86,0.3,0.28,0.31,0.28–0.31,37
Sioux Falls,SD,Multifamily,"10 units, 1,500 sq. ft. each",10,1500,"4,000/sq. mi.","$80,000",1.77,1.57,1.98,1.57–1.98,0.27,0.21,0.33,0.21–0.33,38
Louisville,KY,Multifamily,"10 units, 1,500 sq. ft. each",10,1500,"4,000/sq. mi.","$80,000",1.76,1.59,1.93,1.59–1.93,0.41,0.35,0.47,0.35–0.47,39
Indianapolis,IN,Multifamily,"10 units, 1,500 sq. ft. each",10,1500,"4,000/sq. mi.","$80,000",1.73,1.57,1.89,1.57–1.89,0.55,0.46,0.65,0.46–0.65,40
Reno,NV,Multifamily,"10 units, 1,500 sq. ft. each",10,1500,"4,000/sq. mi.","$80,000",1.54,1.47,1.6,1.47–1.6,0.12,0.09,0.14,0.09–0.14,41
Grand Rapids,MI,Multifamily,"10 units, 1,500 sq. ft. each",10,1500,"4,000/sq. mi.","$80,000",1.5,1.35,1.64,1.35–1.64,0.29,0.23,0.36,0.23–0.36,42
Raleigh,NC,Multifamily,"10 units, 1,500 sq. ft. each",10,1500,"4,000/sq. mi.","$80,000",1.45,1.33,1.57,1.33–1.57,0.27,0.21,0.34,0.21–0.34,43
Miami,FL,Multifamily,"20 units, 700 sq. ft. each",20,700,"4,000/sq. mi.","$80,000",5.02,4.15,5.89,4.15–5.89,1.8,1.27,2.33,1.27–2.33,1
Oakland,CA,Multifamily,"20 units, 700 sq. ft. each",20,700,"4,000/sq. mi.","$80,000",4.86,4.18,5.54,4.18–5.54,1.2,0.86,1.53,0.86–1.53,2
San Francisco,CA,Multifamily,"20 units, 700 sq. ft. each",20,700,"4,000/sq. mi.","$80,000",4.79,4.3,5.27,4.3–5.27,1.41,1.15,1.68,1.15–1.68,3
New York,NY,Multifamily,"20 units, 700 sq. ft. each",20,700,"4,000/sq. mi.","$80,000",4.53,4.34,4.71,4.34–4.71,1.36,1.24,1.48,1.24–1.48,4
Los Angeles,CA,Multifamily,"20 units, 700 sq. ft. each",20,700,"4,000/sq. mi.","$80,000",4.01,3.83,4.19,3.83–4.19,1.56,1.46,1.67,1.46–1.67,5
Boston,MA,Multifamily,"20 units, 700 sq. ft. each",20,700,"4,000/sq. mi.","$80,000",3.81,3.44,4.18,3.44–4.18,1.75,1.48,2.02,1.48–2.02,6
Baton Rouge,LA,Multifamily,"20 units, 700 sq. ft. each",20,700,"4,000/sq. mi.","$80,000",3.67,2.67,4.68,2.67–4.68,0.83,0.55,1.12,0.55–1.12,7
Seattle,WA,Multifamily,"20 units, 700 sq. ft. each",20,700,"4,000/sq. mi.","$80,000",3.27,3.07,3.47,3.07–3.47,1.02,0.93,1.1,0.93–1.1,8
Philadelphia,PA,Multifamily,"20 units, 700 sq. ft. each",20,700,"4,000/sq. mi.","$80,000",3,2.68,3.32,2.68–3.32,0.3,0.24,0.36,0.24–0.36,9
Sacramento,CA,Multifamily,"20 units, 700 sq. ft. each",20,700,"4,000/sq. mi.","$80,000",2.96,2.67,3.24,2.67–3.24,0.96,0.8,1.11,0.8–1.11,10
Honolulu,HI,Multifamily,"20 units, 700 sq. ft. each",20,700,"4,000/sq. mi.","$80,000",2.91,2.62,3.21,2.62–3.21,1.18,1.03,1.33,1.03–1.33,11
Washington,DC,Multifamily,"20 units, 700 sq. ft. each",20,700,"4,000/sq. mi.","$80,000",2.8,2.46,3.14,2.46–3.14,0.77,0.62,0.93,0.62–0.93,12
Jersey City,NJ,Multifamily,"20 units, 700 sq. ft. each",20,700,"4,000/sq. mi.","$80,000",2.8,2.15,3.44,2.15–3.44,0.31,0.08,0.53,0.08–0.53,13
Durham,NC,Multifamily,"20 units, 700 sq. ft. each",20,700,"4,000/sq. mi.","$80,000",2.79,2.45,3.14,2.45–3.14,0.35,0.28,0.41,0.28–0.41,14
Houston,TX,Multifamily,"20 units, 700 sq. ft. each",20,700,"4,000/sq. mi.","$80,000",2.67,2.61,2.74,2.61–2.74,0.64,0.6,0.68,0.6–0.68,15
San Diego,CA,Multifamily,"20 units, 700 sq. ft. each",20,700,"4,000/sq. mi.","$80,000",2.61,2.45,2.78,2.45–2.78,0.74,0.67,0.8,0.67–0.8,16
Tulsa,OK,Multifamily,"20 units, 700 sq. ft. each",20,700,"4,000/sq. mi.","$80,000",2.55,2.16,2.94,2.16–2.94,0.77,0.52,1.03,0.52–1.03,17
Austin,TX,Multifamily,"20 units, 700 sq. ft. each",20,700,"4,000/sq. mi.","$80,000",2.49,2.42,2.57,2.42–2.57,0.75,0.71,0.8,0.71–0.8,18
Charleston,SC,Multifamily,"20 units, 700 sq. ft. each",20,700,"4,000/sq. mi.","$80,000",2.48,2.13,2.83,2.13–2.83,0.43,0.23,0.63,0.23–0.63,19
Denver,CO,Multifamily,"20 units, 700 sq. ft. each",20,700,"4,000/sq. mi.","$80,000",2.47,2.34,2.6,2.34–2.6,0.58,0.52,0.64,0.52–0.64,20
Spokane,WA,Multifamily,"20 units, 700 sq. ft. each",20,700,"4,000/sq. mi.","$80,000",2.31,1.74,2.88,1.74–2.88,0.25,0.18,0.32,0.18–0.32,21
Portland,OR,Multifamily,"20 units, 700 sq. ft. each",20,700,"4,000/sq. mi.","$80,000",2.29,2.21,2.37,2.21–2.37,0.86,0.81,0.91,0.81–0.91,22
Phoenix,AZ,Multifamily,"20 units, 700 sq. ft. each",20,700,"4,000/sq. mi.","$80,000",2.27,2.09,2.44,2.09–2.44,0.71,0.61,0.81,0.61–0.81,23
Boulder,CO,Multifamily,"20 units, 700 sq. ft. each",20,700,"4,000/sq. mi.","$80,000",2.25,1.95,2.56,1.95–2.56,0.6,0.44,0.76,0.44–0.76,24
Nashville,TN,Multifamily,"20 units, 700 sq. ft. each",20,700,"4,000/sq. mi.","$80,000",2.12,1.92,2.33,1.92–2.33,0.49,0.37,0.6,0.37–0.6,25
Tampa,FL,Multifamily,"20 units, 700 sq. ft. each",20,700,"4,000/sq. mi.","$80,000",2.02,1.67,2.37,1.67–2.37,0.52,0.42,0.62,0.42–0.62,26
Boise,ID,Multifamily,"20 units, 700 sq. ft. each",20,700,"4,000/sq. mi.","$80,000",2.02,1.76,2.28,1.76–2.28,0.57,0.43,0.71,0.43–0.71,27
Orlando,FL,Multifamily,"20 units, 700 sq. ft. each",20,700,"4,000/sq. mi.","$80,000",2.01,1.83,2.19,1.83–2.19,0.51,0.42,0.59,0.42–0.59,28
Sioux Falls,SD,Multifamily,"20 units, 700 sq. ft. each",20,700,"4,000/sq. mi.","$80,000",1.99,1.78,2.21,1.78–2.21,0.24,0.19,0.28,0.19–0.28,29
Anaheim,CA,Multifamily,"20 units, 700 sq. ft. each",20,700,"4,000/sq. mi.","$80,000",1.94,1.71,2.17,1.71–2.17,0.97,0.74,1.19,0.74–1.19,30
Kansas City,MO,Multifamily,"20 units, 700 sq. ft. each",20,700,"4,000/sq. mi.","$80,000",1.93,1.76,2.11,1.76–2.11,0.19,0.14,0.24,0.14–0.24,31
Atlanta,GA,Multifamily,"20 units, 700 sq. ft. each",20,700,"4,000/sq. mi.","$80,000",1.91,1.73,2.09,1.73–2.09,0.57,0.47,0.67,0.47–0.67,32
Cleveland,OH,Multifamily,"20 units, 700 sq. ft. each",20,700,"4,000/sq. mi.","$80,000",1.91,1.65,2.17,1.65–2.17,0.46,0.35,0.58,0.35–0.58,33
Louisville,KY,Multifamily,"20 units, 700 sq. ft. each",20,700,"4,000/sq. mi.","$80,000",1.81,1.65,1.98,1.65–1.98,0.43,0.37,0.49,0.37–0.49,34
St. Paul,MN,Multifamily,"20 units, 700 sq. ft. each",20,700,"4,000/sq. mi.","$80,000",1.81,1.18,2.44,1.18–2.44,0.29,0.16,0.41,0.16–0.41,35
Fort Worth,TX,Multifamily,"20 units, 700 sq. ft. each",20,700,"4,000/sq. mi.","$80,000",1.8,1.73,1.86,1.73–1.86,0.26,0.22,0.29,0.22–0.29,36
Jacksonville,FL,Multifamily,"20 units, 700 sq. ft. each",20,700,"4,000/sq. mi.","$80,000",1.79,1.67,1.9,1.67–1.9,0.39,0.35,0.44,0.35–0.44,37
Colorado Springs,CO,Multifamily,"20 units, 700 sq. ft. each",20,700,"4,000/sq. mi.","$80,000",1.73,1.49,1.98,1.49–1.98,0.38,0.29,0.48,0.29–0.48,38
Columbus,OH,Multifamily,"20 units, 700 sq. ft. each",20,700,"4,000/sq. mi.","$80,000",1.73,1.65,1.81,1.65–1.81,0.33,0.3,0.35,0.3–0.35,39
Indianapolis,IN,Multifamily,"20 units, 700 sq. ft. each",20,700,"4,000/sq. mi.","$80,000",1.69,1.55,1.83,1.55–1.83,0.51,0.42,0.6,0.42–0.6,40
Grand Rapids,MI,Multifamily,"20 units, 700 sq. ft. each",20,700,"4,000/sq. mi.","$80,000",1.65,1.5,1.8,1.5–1.8,0.29,0.22,0.35,0.22–0.35,41
Reno,NV,Multifamily,"20 units, 700 sq. ft. each",20,700,"4,000/sq. mi.","$80,000",1.55,1.48,1.62,1.48–1.62,0.15,0.12,0.18,0.12–0.18,42
Raleigh,NC,Multifamily,"20 units, 700 sq. ft. each",20,700,"4,000/sq. mi.","$80,000",1.45,1.3,1.6,1.3–1.6,0.24,0.19,0.29,0.19–0.29,43
Miami,FL,Multifamily,"20 units, 900 sq. ft. each",20,900,"4,000/sq. mi.","$80,000",5.02,4.21,5.83,4.21–5.83,1.85,1.33,2.36,1.33–2.36,1
San Francisco,CA,Multifamily,"20 units, 900 sq. ft. each",20,900,"4,000/sq. mi.","$80,000",4.83,4.41,5.25,4.41–5.25,1.44,1.19,1.68,1.19–1.68,2
Oakland,CA,Multifamily,"20 units, 900 sq. ft. each",20,900,"4,000/sq. mi.","$80,000",4.69,4.21,5.16,4.21–5.16,1.08,0.86,1.3,0.86–1.3,3
New York,NY,Multifamily,"20 units, 900 sq. ft. each",20,900,"4,000/sq. mi.","$80,000",4.65,4.47,4.83,4.47–4.83,1.38,1.26,1.49,1.26–1.49,4
Los Angeles,CA,Multifamily,"20 units, 900 sq. ft. each",20,900,"4,000/sq. mi.","$80,000",4.12,3.96,4.28,3.96–4.28,1.55,1.45,1.64,1.45–1.64,5
Baton Rouge,LA,Multifamily,"20 units, 900 sq. ft. each",20,900,"4,000/sq. mi.","$80,000",3.82,2.79,4.85,2.79–4.85,0.91,0.6,1.22,0.6–1.22,6
Boston,MA,Multifamily,"20 units, 900 sq. ft. each",20,900,"4,000/sq. mi.","$80,000",3.78,3.45,4.11,3.45–4.11,1.71,1.47,1.95,1.47–1.95,7
Seattle,WA,Multifamily,"20 units, 900 sq. ft. each",20,900,"4,000/sq. mi.","$80,000",3.29,3.09,3.49,3.09–3.49,1.02,0.94,1.11,0.94–1.11,8
Philadelphia,PA,Multifamily,"20 units, 900 sq. ft. each",20,900,"4,000/sq. mi.","$80,000",3,2.69,3.31,2.69–3.31,0.3,0.24,0.36,0.24–0.36,9
Honolulu,HI,Multifamily,"20 units, 900 sq. ft. each",20,900,"4,000/sq. mi.","$80,000",2.99,2.71,3.27,2.71–3.27,1.23,1.08,1.37,1.08–1.37,10
Sacramento,CA,Multifamily,"20 units, 900 sq. ft. each",20,900,"4,000/sq. mi.","$80,000",2.88,2.63,3.14,2.63–3.14,0.95,0.81,1.09,0.81–1.09,11
Charleston,SC,Multifamily,"20 units, 900 sq. ft. each",20,900,"4,000/sq. mi.","$80,000",2.84,2.31,3.37,2.31–3.37,0.78,0.41,1.16,0.41–1.16,12
Durham,NC,Multifamily,"20 units, 900 sq. ft. each",20,900,"4,000/sq. mi.","$80,000",2.82,2.52,3.12,2.52–3.12,0.34,0.29,0.4,0.29–0.4,13
Jersey City,NJ,Multifamily,"20 units, 900 sq. ft. each",20,900,"4,000/sq. mi.","$80,000",2.78,2.15,3.42,2.15–3.42,0.31,0.08,0.53,0.08–0.53,14
Washington,DC,Multifamily,"20 units, 900 sq. ft. each",20,900,"4,000/sq. mi.","$80,000",2.77,2.43,3.1,2.43–3.1,0.77,0.61,0.93,0.61–0.93,15
Houston,TX,Multifamily,"20 units, 900 sq. ft. each",20,900,"4,000/sq. mi.","$80,000",2.7,2.64,2.76,2.64–2.76,0.65,0.61,0.68,0.61–0.68,16
San Diego,CA,Multifamily,"20 units, 900 sq. ft. each",20,900,"4,000/sq. mi.","$80,000",2.61,2.44,2.78,2.44–2.78,0.75,0.68,0.82,0.68–0.82,17
Tulsa,OK,Multifamily,"20 units, 900 sq. ft. each",20,900,"4,000/sq. mi.","$80,000",2.58,2.18,2.97,2.18–2.97,0.8,0.53,1.07,0.53–1.07,18
Austin,TX,Multifamily,"20 units, 900 sq. ft. each",20,900,"4,000/sq. mi.","$80,000",2.56,2.5,2.62,2.5–2.62,0.76,0.72,0.8,0.72–0.8,19
Spokane,WA,Multifamily,"20 units, 900 sq. ft. each",20,900,"4,000/sq. mi.","$80,000",2.46,1.81,3.11,1.81–3.11,0.26,0.18,0.33,0.18–0.33,20
Denver,CO,Multifamily,"20 units, 900 sq. ft. each",20,900,"4,000/sq. mi.","$80,000",2.46,2.33,2.58,2.33–2.58,0.58,0.52,0.64,0.52–0.64,21
Portland,OR,Multifamily,"20 units, 900 sq. ft. each",20,900,"4,000/sq. mi.","$80,000",2.42,2.33,2.51,2.33–2.51,0.88,0.82,0.94,0.82–0.94,22
Boulder,CO,Multifamily,"20 units, 900 sq. ft. each",20,900,"4,000/sq. mi.","$80,000",2.37,2.1,2.65,2.1–2.65,0.64,0.49,0.8,0.49–0.8,23
Phoenix,AZ,Multifamily,"20 units, 900 sq. ft. each",20,900,"4,000/sq. mi.","$80,000",2.32,2.17,2.48,2.17–2.48,0.69,0.61,0.78,0.61–0.78,24
Nashville,TN,Multifamily,"20 units, 900 sq. ft. each",20,900,"4,000/sq. mi.","$80,000",2.29,2.07,2.51,2.07–2.51,0.53,0.4,0.66,0.4–0.66,25
Cincinnati,OH,Multifamily,"20 units, 900 sq. ft. each",20,900,"4,000/sq. mi.","$80,000",2.17,1.65,2.69,1.65–2.69,0.51,0.28,0.75,0.28–0.75,26
Orlando,FL,Multifamily,"20 units, 900 sq. ft. each",20,900,"4,000/sq. mi.","$80,000",2.11,1.93,2.28,1.93–2.28,0.56,0.48,0.65,0.48–0.65,27
Boise,ID,Multifamily,"20 units, 900 sq. ft. each",20,900,"4,000/sq. mi.","$80,000",2.03,1.77,2.3,1.77–2.3,0.56,0.42,0.7,0.42–0.7,28
Tampa,FL,Multifamily,"20 units, 900 sq. ft. each",20,900,"4,000/sq. mi.","$80,000",2.02,1.71,2.34,1.71–2.34,0.51,0.41,0.6,0.41–0.6,29
Cleveland,OH,Multifamily,"20 units, 900 sq. ft. each",20,900,"4,000/sq. mi.","$80,000",2.01,1.74,2.29,1.74–2.29,0.51,0.38,0.64,0.38–0.64,30
Anaheim,CA,Multifamily,"20 units, 900 sq. ft. each",20,900,"4,000/sq. mi.","$80,000",1.99,1.76,2.21,1.76–2.21,0.96,0.74,1.18,0.74–1.18,31
Kansas City,MO,Multifamily,"20 units, 900 sq. ft. each",20,900,"4,000/sq. mi.","$80,000",1.98,1.82,2.14,1.82–2.14,0.19,0.14,0.25,0.14–0.25,32
Colorado Springs,CO,Multifamily,"20 units, 900 sq. ft. each",20,900,"4,000/sq. mi.","$80,000",1.98,1.78,2.17,1.78–2.17,0.46,0.38,0.54,0.38–0.54,33
Atlanta,GA,Multifamily,"20 units, 900 sq. ft. each",20,900,"4,000/sq. mi.","$80,000",1.97,1.79,2.16,1.79–2.16,0.6,0.49,0.71,0.49–0.71,34
Sioux Falls,SD,Multifamily,"20 units, 900 sq. ft. each",20,900,"4,000/sq. mi.","$80,000",1.94,1.72,2.15,1.72–2.15,0.25,0.19,0.3,0.19–0.3,35
Louisville,KY,Multifamily,"20 units, 900 sq. ft. each",20,900,"4,000/sq. mi.","$80,000",1.88,1.71,2.04,1.71–2.04,0.45,0.39,0.52,0.39–0.52,36
St. Paul,MN,Multifamily,"20 units, 900 sq. ft. each",20,900,"4,000/sq. mi.","$80,000",1.87,1.23,2.5,1.23–2.5,0.29,0.17,0.42,0.17–0.42,37
Fort Worth,TX,Multifamily,"20 units, 900 sq. ft. each",20,900,"4,000/sq. mi.","$80,000",1.84,1.78,1.91,1.78–1.91,0.28,0.25,0.32,0.25–0.32,38
Jacksonville,FL,Multifamily,"20 units, 900 sq. ft. each",20,900,"4,000/sq. mi.","$80,000",1.84,1.72,1.95,1.72–1.95,0.39,0.35,0.43,0.35–0.43,39
Columbus,OH,Multifamily,"20 units, 900 sq. ft. each",20,900,"4,000/sq. mi.","$80,000",1.79,1.72,1.86,1.72–1.86,0.32,0.31,0.34,0.31–0.34,40
Indianapolis,IN,Multifamily,"20 units, 900 sq. ft. each",20,900,"4,000/sq. mi.","$80,000",1.75,1.61,1.89,1.61–1.89,0.52,0.43,0.61,0.43–0.61,41
Grand Rapids,MI,Multifamily,"20 units, 900 sq. ft. each",20,900,"4,000/sq. mi.","$80,000",1.65,1.52,1.79,1.52–1.79,0.29,0.23,0.36,0.23–0.36,42
Reno,NV,Multifamily,"20 units, 900 sq. ft. each",20,900,"4,000/sq. mi.","$80,000",1.59,1.52,1.67,1.52–1.67,0.15,0.12,0.18,0.12–0.18,43
Raleigh,NC,Multifamily,"20 units, 900 sq. ft. each",20,900,"4,000/sq. mi.","$80,000",1.5,1.37,1.62,1.37–1.62,0.26,0.2,0.31,0.2–0.31,44
Miami,FL,Multifamily,"20 units, 1,200 sq. ft. each",20,1200,"4,000/sq. mi.","$80,000",5.02,4.25,5.78,4.25–5.78,1.9,1.39,2.41,1.39–2.41,1
San Francisco,CA,Multifamily,"20 units, 1,200 sq. ft. each",20,1200,"4,000/sq. mi.","$80,000",4.88,4.5,5.26,4.5–5.26,1.46,1.23,1.7,1.23–1.7,2
New York,NY,Multifamily,"20 units, 1,200 sq. ft. each",20,1200,"4,000/sq. mi.","$80,000",4.79,4.6,4.98,4.6–4.98,1.39,1.28,1.51,1.28–1.51,3
Oakland,CA,Multifamily,"20 units, 1,200 sq. ft. each",20,1200,"4,000/sq. mi.","$80,000",4.5,4.19,4.8,4.19–4.8,0.96,0.83,1.09,0.83–1.09,4
Los Angeles,CA,Multifamily,"20 units, 1,200 sq. ft. each",20,1200,"4,000/sq. mi.","$80,000",4.25,4.1,4.4,4.1–4.4,1.53,1.44,1.61,1.44–1.61,5
Baton Rouge,LA,Multifamily,"20 units, 1,200 sq. ft. each",20,1200,"4,000/sq. mi.","$80,000",4,2.92,5.07,2.92–5.07,1.01,0.67,1.35,0.67–1.35,6
Boston,MA,Multifamily,"20 units, 1,200 sq. ft. each",20,1200,"4,000/sq. mi.","$80,000",3.75,3.44,4.06,3.44–4.06,1.67,1.44,1.89,1.44–1.89,7
Seattle,WA,Multifamily,"20 units, 1,200 sq. ft. each",20,1200,"4,000/sq. mi.","$80,000",3.32,3.1,3.53,3.1–3.53,1.03,0.94,1.12,0.94–1.12,8
Honolulu,HI,Multifamily,"20 units, 1,200 sq. ft. each",20,1200,"4,000/sq. mi.","$80,000",3.07,2.79,3.36,2.79–3.36,1.28,1.13,1.43,1.13–1.43,9
Philadelphia,PA,Multifamily,"20 units, 1,200 sq. ft. each",20,1200,"4,000/sq. mi.","$80,000",3,2.7,3.29,2.7–3.29,0.31,0.25,0.37,0.25–0.37,10
Durham,NC,Multifamily,"20 units, 1,200 sq. ft. each",20,1200,"4,000/sq. mi.","$80,000",2.85,2.56,3.13,2.56–3.13,0.34,0.29,0.39,0.29–0.39,11
Sacramento,CA,Multifamily,"20 units, 1,200 sq. ft. each",20,1200,"4,000/sq. mi.","$80,000",2.8,2.57,3.04,2.57–3.04,0.94,0.8,1.08,0.8–1.08,12
Jersey City,NJ,Multifamily,"20 units, 1,200 sq. ft. each",20,1200,"4,000/sq. mi.","$80,000",2.76,2.13,3.39,2.13–3.39,0.31,0.09,0.53,0.09–0.53,13
Houston,TX,Multifamily,"20 units, 1,200 sq. ft. each",20,1200,"4,000/sq. mi.","$80,000",2.73,2.66,2.79,2.66–2.79,0.66,0.62,0.69,0.62–0.69,14
Washington,DC,Multifamily,"20 units, 1,200 sq. ft. each",20,1200,"4,000/sq. mi.","$80,000",2.73,2.39,3.06,2.39–3.06,0.76,0.6,0.92,0.6–0.92,15
Spokane,WA,Multifamily,"20 units, 1,200 sq. ft. each",20,1200,"4,000/sq. mi.","$80,000",2.64,1.88,3.41,1.88–3.41,0.26,0.18,0.34,0.18–0.34,16
Austin,TX,Multifamily,"20 units, 1,200 sq. ft. each",20,1200,"4,000/sq. mi.","$80,000",2.64,2.57,2.7,2.57–2.7,0.77,0.73,0.81,0.73–0.81,17
Tulsa,OK,Multifamily,"20 units, 1,200 sq. ft. each",20,1200,"4,000/sq. mi.","$80,000",2.61,2.21,3.01,2.21–3.01,0.84,0.55,1.13,0.55–1.13,18
San Diego,CA,Multifamily,"20 units, 1,200 sq. ft. each",20,1200,"4,000/sq. mi.","$80,000",2.61,2.43,2.78,2.43–2.78,0.76,0.68,0.83,0.68–0.83,19
Portland,OR,Multifamily,"20 units, 1,200 sq. ft. each",20,1200,"4,000/sq. mi.","$80,000",2.58,2.44,2.71,2.44–2.71,0.9,0.83,0.98,0.83–0.98,20
Boulder,CO,Multifamily,"20 units, 1,200 sq. ft. each",20,1200,"4,000/sq. mi.","$80,000",2.52,2.28,2.77,2.28–2.77,0.69,0.54,0.85,0.54–0.85,21
Nashville,TN,Multifamily,"20 units, 1,200 sq. ft. each",20,1200,"4,000/sq. mi.","$80,000",2.49,2.24,2.74,2.24–2.74,0.58,0.43,0.72,0.43–0.72,22
Denver,CO,Multifamily,"20 units, 1,200 sq. ft. each",20,1200,"4,000/sq. mi.","$80,000",2.44,2.32,2.55,2.32–2.55,0.57,0.52,0.63,0.52–0.63,23
Phoenix,AZ,Multifamily,"20 units, 1,200 sq. ft. each",20,1200,"4,000/sq. mi.","$80,000",2.39,2.24,2.53,2.24–2.53,0.68,0.6,0.76,0.6–0.76,24
Colorado Springs,CO,Multifamily,"20 units, 1,200 sq. ft. each",20,1200,"4,000/sq. mi.","$80,000",2.3,2.15,2.45,2.15–2.45,0.56,0.5,0.62,0.5–0.62,25
Cincinnati,OH,Multifamily,"20 units, 1,200 sq. ft. each",20,1200,"4,000/sq. mi.","$80,000",2.24,1.87,2.61,1.87–2.61,0.47,0.3,0.64,0.3–0.64,26
Orlando,FL,Multifamily,"20 units, 1,200 sq. ft. each",20,1200,"4,000/sq. mi.","$80,000",2.22,2.05,2.4,2.05–2.4,0.64,0.55,0.72,0.55–0.72,27
Cleveland,OH,Multifamily,"20 units, 1,200 sq. ft. each",20,1200,"4,000/sq. mi.","$80,000",2.14,1.84,2.45,1.84–2.45,0.57,0.42,0.71,0.42–0.71,28
Boise,ID,Multifamily,"20 units, 1,200 sq. ft. each",20,1200,"4,000/sq. mi.","$80,000",2.05,1.77,2.32,1.77–2.32,0.55,0.41,0.68,0.41–0.68,29
Atlanta,GA,Multifamily,"20 units, 1,200 sq. ft. each",20,1200,"4,000/sq. mi.","$80,000",2.05,1.85,2.24,1.85–2.24,0.64,0.51,0.76,0.51–0.76,30
Anaheim,CA,Multifamily,"20 units, 1,200 sq. ft. each",20,1200,"4,000/sq. mi.","$80,000",2.04,1.81,2.27,1.81–2.27,0.95,0.73,1.18,0.73–1.18,31
Kansas City,MO,Multifamily,"20 units, 1,200 sq. ft. each",20,1200,"4,000/sq. mi.","$80,000",2.04,1.88,2.2,1.88–2.2,0.2,0.15,0.26,0.15–0.26,32
Tampa,FL,Multifamily,"20 units, 1,200 sq. ft. each",20,1200,"4,000/sq. mi.","$80,000",2.02,1.74,2.31,1.74–2.31,0.49,0.4,0.58,0.4–0.58,33
Louisville,KY,Multifamily,"20 units, 1,200 sq. ft. each",20,1200,"4,000/sq. mi.","$80,000",1.95,1.79,2.12,1.79–2.12,0.48,0.41,0.55,0.41–0.55,34
St. Paul,MN,Multifamily,"20 units, 1,200 sq. ft. each",20,1200,"4,000/sq. mi.","$80,000",1.93,1.24,2.62,1.24–2.62,0.3,0.17,0.44,0.17–0.44,35
Fort Worth,TX,Multifamily,"20 units, 1,200 sq. ft. each",20,1200,"4,000/sq. mi.","$80,000",1.9,1.83,1.96,1.83–1.96,0.31,0.28,0.35,0.28–0.35,36
Jacksonville,FL,Multifamily,"20 units, 1,200 sq. ft. each",20,1200,"4,000/sq. mi.","$80,000",1.89,1.78,2.01,1.78–2.01,0.39,0.34,0.43,0.34–0.43,37
Sioux Falls,SD,Multifamily,"20 units, 1,200 sq. ft. each",20,1200,"4,000/sq. mi.","$80,000",1.88,1.66,2.1,1.66–2.1,0.25,0.2,0.31,0.2–0.31,38
Columbus,OH,Multifamily,"20 units, 1,200 sq. ft. each",20,1200,"4,000/sq. mi.","$80,000",1.86,1.79,1.93,1.79–1.93,0.32,0.3,0.34,0.3–0.34,39
Indianapolis,IN,Multifamily,"20 units, 1,200 sq. ft. each",20,1200,"4,000/sq. mi.","$80,000",1.82,1.67,1.97,1.67–1.97,0.54,0.45,0.63,0.45–0.63,40
Grand Rapids,MI,Multifamily,"20 units, 1,200 sq. ft. each",20,1200,"4,000/sq. mi.","$80,000",1.66,1.53,1.78,1.53–1.78,0.3,0.24,0.36,0.24–0.36,41
Reno,NV,Multifamily,"20 units, 1,200 sq. ft. each",20,1200,"4,000/sq. mi.","$80,000",1.65,1.57,1.73,1.57–1.73,0.16,0.13,0.19,0.13–0.19,42
Raleigh,NC,Multifamily,"20 units, 1,200 sq. ft. each",20,1200,"4,000/sq. mi.","$80,000",1.55,1.44,1.66,1.44–1.66,0.28,0.22,0.34,0.22–0.34,43
Miami,FL,Multifamily,"20 units, 1,500 sq. ft. each",20,1500,"4,000/sq. mi.","$80,000",5.02,4.28,5.76,4.28–5.76,1.94,1.43,2.45,1.43–2.45,1
San Francisco,CA,Multifamily,"20 units, 1,500 sq. ft. each",20,1500,"4,000/sq. mi.","$80,000",4.92,4.55,5.29,4.55–5.29,1.49,1.25,1.72,1.25–1.72,2
New York,NY,Multifamily,"20 units, 1,500 sq. ft. each",20,1500,"4,000/sq. mi.","$80,000",4.91,4.7,5.12,4.7–5.12,1.41,1.29,1.53,1.29–1.53,3
Oakland,CA,Multifamily,"20 units, 1,500 sq. ft. each",20,1500,"4,000/sq. mi.","$80,000",4.35,4.09,4.62,4.09–4.62,0.88,0.78,0.97,0.78–0.97,4
Los Angeles,CA,Multifamily,"20 units, 1,500 sq. ft. each",20,1500,"4,000/sq. mi.","$80,000",4.35,4.19,4.51,4.19–4.51,1.51,1.42,1.6,1.42–1.6,5
Baton Rouge,LA,Multifamily,"20 units, 1,500 sq. ft. each",20,1500,"4,000/sq. mi.","$80,000",4.14,3.03,5.25,3.03–5.25,1.09,0.72,1.46,0.72–1.46,6
Boston,MA,Multifamily,"20 units, 1,500 sq. ft. each",20,1500,"4,000/sq. mi.","$80,000",3.73,3.4,4.05,3.4–4.05,1.64,1.41,1.86,1.41–1.86,7
Seattle,WA,Multifamily,"20 units, 1,500 sq. ft. each",20,1500,"4,000/sq. mi.","$80,000",3.34,3.11,3.57,3.11–3.57,1.03,0.94,1.13,0.94–1.13,8
Honolulu,HI,Multifamily,"20 units, 1,500 sq. ft. each",20,1500,"4,000/sq. mi.","$80,000",3.14,2.83,3.45,2.83–3.45,1.33,1.17,1.48,1.17–1.48,9
Philadelphia,PA,Multifamily,"20 units, 1,500 sq. ft. each",20,1500,"4,000/sq. mi.","$80,000",2.99,2.69,3.29,2.69–3.29,0.31,0.25,0.37,0.25–0.37,10
Durham,NC,Multifamily,"20 units, 1,500 sq. ft. each",20,1500,"4,000/sq. mi.","$80,000",2.87,2.58,3.16,2.58–3.16,0.34,0.29,0.39,0.29–0.39,11
Spokane,WA,Multifamily,"20 units, 1,500 sq. ft. each",20,1500,"4,000/sq. mi.","$80,000",2.8,1.93,3.66,1.93–3.66,0.26,0.17,0.34,0.17–0.34,12
Jersey City,NJ,Multifamily,"20 units, 1,500 sq. ft. each",20,1500,"4,000/sq. mi.","$80,000",2.75,2.13,3.37,2.13–3.37,0.31,0.09,0.53,0.09–0.53,13
Houston,TX,Multifamily,"20 units, 1,500 sq. ft. each",20,1500,"4,000/sq. mi.","$80,000",2.75,2.69,2.81,2.69–2.81,0.66,0.62,0.7,0.62–0.7,14
Sacramento,CA,Multifamily,"20 units, 1,500 sq. ft. each",20,1500,"4,000/sq. mi.","$80,000",2.74,2.51,2.98,2.51–2.98,0.93,0.79,1.07,0.79–1.07,15
Portland,OR,Multifamily,"20 units, 1,500 sq. ft. each",20,1500,"4,000/sq. mi.","$80,000",2.7,2.52,2.89,2.52–2.89,0.92,0.83,1.02,0.83–1.02,16
Austin,TX,Multifamily,"20 units, 1,500 sq. ft. each",20,1500,"4,000/sq. mi.","$80,000",2.7,2.62,2.78,2.62–2.78,0.78,0.73,0.82,0.73–0.82,17
Washington,DC,Multifamily,"20 units, 1,500 sq. ft. each",20,1500,"4,000/sq. mi.","$80,000",2.7,2.36,3.03,2.36–3.03,0.76,0.59,0.92,0.59–0.92,18
Nashville,TN,Multifamily,"20 units, 1,500 sq. ft. each",20,1500,"4,000/sq. mi.","$80,000",2.66,2.38,2.93,2.38–2.93,0.62,0.46,0.78,0.46–0.78,19
Boulder,CO,Multifamily,"20 units, 1,500 sq. ft. each",20,1500,"4,000/sq. mi.","$80,000",2.64,2.41,2.87,2.41–2.87,0.74,0.57,0.9,0.57–0.9,20
Tulsa,OK,Multifamily,"20 units, 1,500 sq. ft. each",20,1500,"4,000/sq. mi.","$80,000",2.64,2.22,3.05,2.22–3.05,0.87,0.57,1.17,0.57–1.17,21
San Diego,CA,Multifamily,"20 units, 1,500 sq. ft. each",20,1500,"4,000/sq. mi.","$80,000",2.61,2.43,2.79,2.43–2.79,0.76,0.68,0.84,0.68–0.84,22
Colorado Springs,CO,Multifamily,"20 units, 1,500 sq. ft. each",20,1500,"4,000/sq. mi.","$80,000",2.59,2.41,2.76,2.41–2.76,0.66,0.58,0.74,0.58–0.74,23
Phoenix,AZ,Multifamily,"20 units, 1,500 sq. ft. each",20,1500,"4,000/sq. mi.","$80,000",2.44,2.29,2.59,2.29–2.59,0.66,0.58,0.74,0.58–0.74,24
Denver,CO,Multifamily,"20 units, 1,500 sq. ft. each",20,1500,"4,000/sq. mi.","$80,000",2.42,2.32,2.53,2.32–2.53,0.57,0.51,0.62,0.51–0.62,25
Orlando,FL,Multifamily,"20 units, 1,500 sq. ft. each",20,1500,"4,000/sq. mi.","$80,000",2.32,2.13,2.51,2.13–2.51,0.7,0.6,0.79,0.6–0.79,26
Cincinnati,OH,Multifamily,"20 units, 1,500 sq. ft. each",20,1500,"4,000/sq. mi.","$80,000",2.3,2.02,2.58,2.02–2.58,0.44,0.31,0.57,0.31–0.57,27
Cleveland,OH,Multifamily,"20 units, 1,500 sq. ft. each",20,1500,"4,000/sq. mi.","$80,000",2.25,1.91,2.58,1.91–2.58,0.61,0.46,0.77,0.46–0.77,28
Atlanta,GA,Multifamily,"20 units, 1,500 sq. ft. each",20,1500,"4,000/sq. mi.","$80,000",2.11,1.9,2.31,1.9–2.31,0.67,0.53,0.8,0.53–0.8,29
Anaheim,CA,Multifamily,"20 units, 1,500 sq. ft. each",20,1500,"4,000/sq. mi.","$80,000",2.09,1.85,2.33,1.85–2.33,0.95,0.72,1.18,0.72–1.18,30
Kansas City,MO,Multifamily,"20 units, 1,500 sq. ft. each",20,1500,"4,000/sq. mi.","$80,000",2.08,1.92,2.25,1.92–2.25,0.21,0.15,0.27,0.15–0.27,31
Boise,ID,Multifamily,"20 units, 1,500 sq. ft. each",20,1500,"4,000/sq. mi.","$80,000",2.06,1.78,2.35,1.78–2.35,0.54,0.41,0.67,0.41–0.67,32
Tampa,FL,Multifamily,"20 units, 1,500 sq. ft. each",20,1500,"4,000/sq. mi.","$80,000",2.02,1.75,2.29,1.75–2.29,0.48,0.39,0.58,0.39–0.58,33
Louisville,KY,Multifamily,"20 units, 1,500 sq. ft. each",20,1500,"4,000/sq. mi.","$80,000",2.01,1.84,2.18,1.84–2.18,0.5,0.43,0.57,0.43–0.57,34
St. Paul,MN,Multifamily,"20 units, 1,500 sq. ft. each",20,1500,"4,000/sq. mi.","$80,000",1.99,1.22,2.75,1.22–2.75,0.31,0.17,0.45,0.17–0.45,35
Fort Worth,TX,Multifamily,"20 units, 1,500 sq. ft. each",20,1500,"4,000/sq. mi.","$80,000",1.94,1.88,2.01,1.88–2.01,0.34,0.3,0.38,0.3–0.38,36
Jacksonville,FL,Multifamily,"20 units, 1,500 sq. ft. each",20,1500,"4,000/sq. mi.","$80,000",1.94,1.81,2.07,1.81–2.07,0.38,0.34,0.43,0.34–0.43,37
Columbus,OH,Multifamily,"20 units, 1,500 sq. ft. each",20,1500,"4,000/sq. mi.","$80,000",1.92,1.84,2,1.84–2,0.32,0.3,0.34,0.3–0.34,38
Indianapolis,IN,Multifamily,"20 units, 1,500 sq. ft. each",20,1500,"4,000/sq. mi.","$80,000",1.87,1.72,2.03,1.72–2.03,0.55,0.46,0.65,0.46–0.65,39
Sioux Falls,SD,Multifamily,"20 units, 1,500 sq. ft. each",20,1500,"4,000/sq. mi.","$80,000",1.83,1.6,2.06,1.6–2.06,0.26,0.2,0.33,0.2–0.33,40
Reno,NV,Multifamily,"20 units, 1,500 sq. ft. each",20,1500,"4,000/sq. mi.","$80,000",1.69,1.6,1.79,1.6–1.79,0.16,0.13,0.2,0.13–0.2,41
Grand Rapids,MI,Multifamily,"20 units, 1,500 sq. ft. each",20,1500,"4,000/sq. mi.","$80,000",1.66,1.53,1.78,1.53–1.78,0.31,0.24,0.37,0.24–0.37,42
Raleigh,NC,Multifamily,"20 units, 1,500 sq. ft. each",20,1500,"4,000/sq. mi.","$80,000",1.6,1.48,1.72,1.48–1.72,0.3,0.23,0.36,0.23–0.36,43
New York,NY,Multifamily,"50 units, 700 sq. ft. each",50,700,"4,000/sq. mi.","$80,000",5.01,4.8,5.22,4.8–5.22,1.4,1.28,1.53,1.28–1.53,1
San Francisco,CA,Multifamily,"50 units, 700 sq. ft. each",50,700,"4,000/sq. mi.","$80,000",4.95,4.49,5.41,4.49–5.41,1.24,1.02,1.46,1.02–1.46,2
Oakland,CA,Multifamily,"50 units, 700 sq. ft. each",50,700,"4,000/sq. mi.","$80,000",4.71,4.19,5.22,4.19–5.22,1.24,0.89,1.59,0.89–1.59,3
Miami,FL,Multifamily,"50 units, 700 sq. ft. each",50,700,"4,000/sq. mi.","$80,000",4.6,3.84,5.35,3.84–5.35,1.77,1.22,2.32,1.22–2.32,4
Baton Rouge,LA,Multifamily,"50 units, 700 sq. ft. each",50,700,"4,000/sq. mi.","$80,000",4.58,3.18,5.98,3.18–5.98,1.09,0.65,1.54,0.65–1.54,5
Los Angeles,CA,Multifamily,"50 units, 700 sq. ft. each",50,700,"4,000/sq. mi.","$80,000",4.2,4.01,4.38,4.01–4.38,1.6,1.49,1.71,1.49–1.71,6
Boston,MA,Multifamily,"50 units, 700 sq. ft. each",50,700,"4,000/sq. mi.","$80,000",4.13,3.66,4.6,3.66–4.6,1.79,1.46,2.12,1.46–2.12,7
Honolulu,HI,Multifamily,"50 units, 700 sq. ft. each",50,700,"4,000/sq. mi.","$80,000",3.73,3.31,4.15,3.31–4.15,1.56,1.35,1.77,1.35–1.77,8
Seattle,WA,Multifamily,"50 units, 700 sq. ft. each",50,700,"4,000/sq. mi.","$80,000",3.55,3.3,3.8,3.3–3.8,1.08,0.97,1.18,0.97–1.18,9
Philadelphia,PA,Multifamily,"50 units, 700 sq. ft. each",50,700,"4,000/sq. mi.","$80,000",3.31,2.96,3.66,2.96–3.66,0.32,0.26,0.39,0.26–0.39,10
Sacramento,CA,Multifamily,"50 units, 700 sq. ft. each",50,700,"4,000/sq. mi.","$80,000",3.18,2.82,3.54,2.82–3.54,0.96,0.78,1.14,0.78–1.14,11
Charleston,SC,Multifamily,"50 units, 700 sq. ft. each",50,700,"4,000/sq. mi.","$80,000",2.98,2.59,3.37,2.59–3.37,0.51,0.29,0.72,0.29–0.72,12
Jersey City,NJ,Multifamily,"50 units, 700 sq. ft. each",50,700,"4,000/sq. mi.","$80,000",2.87,2.24,3.51,2.24–3.51,0.32,0.11,0.52,0.11–0.52,13
Durham,NC,Multifamily,"50 units, 700 sq. ft. each",50,700,"4,000/sq. mi.","$80,000",2.85,2.5,3.2,2.5–3.2,0.41,0.33,0.5,0.33–0.5,14
San Diego,CA,Multifamily,"50 units, 700 sq. ft. each",50,700,"4,000/sq. mi.","$80,000",2.82,2.64,3,2.64–3,0.79,0.71,0.87,0.71–0.87,15
Washington,DC,Multifamily,"50 units, 700 sq. ft. each",50,700,"4,000/sq. mi.","$80,000",2.82,2.49,3.15,2.49–3.15,0.79,0.64,0.95,0.64–0.95,16
Austin,TX,Multifamily,"50 units, 700 sq. ft. each",50,700,"4,000/sq. mi.","$80,000",2.74,2.66,2.82,2.66–2.82,0.85,0.8,0.9,0.8–0.9,17
Tulsa,OK,Multifamily,"50 units, 700 sq. ft. each",50,700,"4,000/sq. mi.","$80,000",2.7,2.17,3.23,2.17–3.23,0.74,0.43,1.05,0.43–1.05,18
Denver,CO,Multifamily,"50 units, 700 sq. ft. each",50,700,"4,000/sq. mi.","$80,000",2.69,2.56,2.81,2.56–2.81,0.63,0.56,0.69,0.56–0.69,19
Spokane,WA,Multifamily,"50 units, 700 sq. ft. each",50,700,"4,000/sq. mi.","$80,000",2.64,1.89,3.38,1.89–3.38,0.22,0.16,0.28,0.16–0.28,20
Houston,TX,Multifamily,"50 units, 700 sq. ft. each",50,700,"4,000/sq. mi.","$80,000",2.63,2.56,2.7,2.56–2.7,0.6,0.56,0.64,0.56–0.64,21
Portland,OR,Multifamily,"50 units, 700 sq. ft. each",50,700,"4,000/sq. mi.","$80,000",2.46,2.37,2.56,2.37–2.56,0.9,0.84,0.95,0.84–0.95,22
Nashville,TN,Multifamily,"50 units, 700 sq. ft. each",50,700,"4,000/sq. mi.","$80,000",2.4,2.15,2.65,2.15–2.65,0.63,0.46,0.81,0.46–0.81,23
Boulder,CO,Multifamily,"50 units, 700 sq. ft. each",50,700,"4,000/sq. mi.","$80,000",2.4,2.05,2.74,2.05–2.74,0.65,0.38,0.92,0.38–0.92,24
Orlando,FL,Multifamily,"50 units, 700 sq. ft. each",50,700,"4,000/sq. mi.","$80,000",2.4,2.18,2.61,2.18–2.61,0.6,0.5,0.71,0.5–0.71,25
Tampa,FL,Multifamily,"50 units, 700 sq. ft. each",50,700,"4,000/sq. mi.","$80,000",2.25,1.85,2.66,1.85–2.66,0.52,0.4,0.63,0.4–0.63,26
Phoenix,AZ,Multifamily,"50 units, 700 sq. ft. each",50,700,"4,000/sq. mi.","$80,000",2.25,2.1,2.41,2.1–2.41,0.56,0.48,0.63,0.48–0.63,27
Anaheim,CA,Multifamily,"50 units, 700 sq. ft. each",50,700,"4,000/sq. mi.","$80,000",2.21,1.82,2.59,1.82–2.59,0.79,0.49,1.1,0.49–1.1,28
Cincinnati,OH,Multifamily,"50 units, 700 sq. ft. each",50,700,"4,000/sq. mi.","$80,000",2.2,1.62,2.78,1.62–2.78,0.56,0.3,0.82,0.3–0.82,29
Louisville,KY,Multifamily,"50 units, 700 sq. ft. each",50,700,"4,000/sq. mi.","$80,000",2.17,1.95,2.39,1.95–2.39,0.56,0.46,0.65,0.46–0.65,30
Sioux Falls,SD,Multifamily,"50 units, 700 sq. ft. each",50,700,"4,000/sq. mi.","$80,000",2.08,1.82,2.34,1.82–2.34,0.23,0.18,0.28,0.18–0.28,31
Cleveland,OH,Multifamily,"50 units, 700 sq. ft. each",50,700,"4,000/sq. mi.","$80,000",2.06,1.76,2.36,1.76–2.36,0.51,0.38,0.64,0.38–0.64,32
Kansas City,MO,Multifamily,"50 units, 700 sq. ft. each",50,700,"4,000/sq. mi.","$80,000",2.03,1.83,2.24,1.83–2.24,0.19,0.13,0.25,0.13–0.25,33
Atlanta,GA,Multifamily,"50 units, 700 sq. ft. each",50,700,"4,000/sq. mi.","$80,000",1.97,1.8,2.15,1.8–2.15,0.35,0.28,0.41,0.28–0.41,34
Fort Worth,TX,Multifamily,"50 units, 700 sq. ft. each",50,700,"4,000/sq. mi.","$80,000",1.97,1.9,2.04,1.9–2.04,0.3,0.26,0.34,0.26–0.34,35
Jacksonville,FL,Multifamily,"50 units, 700 sq. ft. each",50,700,"4,000/sq. mi.","$80,000",1.96,1.84,2.08,1.84–2.08,0.41,0.36,0.46,0.36–0.46,36
Boise,ID,Multifamily,"50 units, 700 sq. ft. each",50,700,"4,000/sq. mi.","$80,000",1.96,1.71,2.21,1.71–2.21,0.47,0.37,0.57,0.37–0.57,37
Colorado Springs,CO,Multifamily,"50 units, 700 sq. ft. each",50,700,"4,000/sq. mi.","$80,000",1.91,1.64,2.17,1.64–2.17,0.37,0.27,0.46,0.27–0.46,38
Columbus,OH,Multifamily,"50 units, 700 sq. ft. each",50,700,"4,000/sq. mi.","$80,000",1.9,1.81,2,1.81–2,0.36,0.34,0.39,0.34–0.39,39
Grand Rapids,MI,Multifamily,"50 units, 700 sq. ft. each",50,700,"4,000/sq. mi.","$80,000",1.89,1.74,2.03,1.74–2.03,0.3,0.22,0.38,0.22–0.38,40
Indianapolis,IN,Multifamily,"50 units, 700 sq. ft. each",50,700,"4,000/sq. mi.","$80,000",1.88,1.73,2.02,1.73–2.02,0.51,0.42,0.59,0.42–0.59,41
Reno,NV,Multifamily,"50 units, 700 sq. ft. each",50,700,"4,000/sq. mi.","$80,000",1.76,1.61,1.91,1.61–1.91,0.22,0.16,0.29,0.16–0.29,42
St. Paul,MN,Multifamily,"50 units, 700 sq. ft. each",50,700,"4,000/sq. mi.","$80,000",1.74,1.26,2.22,1.26–2.22,0.29,0.18,0.4,0.18–0.4,43
Raleigh,NC,Multifamily,"50 units, 700 sq. ft. each",50,700,"4,000/sq. mi.","$80,000",1.65,1.49,1.81,1.49–1.81,0.27,0.21,0.33,0.21–0.33,44
New York,NY,Multifamily,"50 units, 900 sq. ft. each",50,900,"4,000/sq. mi.","$80,000",5.15,4.94,5.35,4.94–5.35,1.42,1.29,1.54,1.29–1.54,1
San Francisco,CA,Multifamily,"50 units, 900 sq. ft. each",50,900,"4,000/sq. mi.","$80,000",5,4.6,5.39,4.6–5.39,1.26,1.05,1.47,1.05–1.47,2
Baton Rouge,LA,Multifamily,"50 units, 900 sq. ft. each",50,900,"4,000/sq. mi.","$80,000",4.76,3.31,6.21,3.31–6.21,1.2,0.71,1.68,0.71–1.68,3
Miami,FL,Multifamily,"50 units, 900 sq. ft. each",50,900,"4,000/sq. mi.","$80,000",4.6,3.89,5.3,3.89–5.3,1.82,1.28,2.35,1.28–2.35,4
Oakland,CA,Multifamily,"50 units, 900 sq. ft. each",50,900,"4,000/sq. mi.","$80,000",4.54,4.16,4.92,4.16–4.92,1.12,0.87,1.36,0.87–1.36,5
Los Angeles,CA,Multifamily,"50 units, 900 sq. ft. each",50,900,"4,000/sq. mi.","$80,000",4.31,4.14,4.48,4.14–4.48,1.58,1.48,1.68,1.48–1.68,6
Boston,MA,Multifamily,"50 units, 900 sq. ft. each",50,900,"4,000/sq. mi.","$80,000",4.1,3.67,4.52,3.67–4.52,1.75,1.45,2.05,1.45–2.05,7
Honolulu,HI,Multifamily,"50 units, 900 sq. ft. each",50,900,"4,000/sq. mi.","$80,000",3.83,3.42,4.23,3.42–4.23,1.63,1.41,1.84,1.41–1.84,8
Seattle,WA,Multifamily,"50 units, 900 sq. ft. each",50,900,"4,000/sq. mi.","$80,000",3.57,3.32,3.83,3.32–3.83,1.08,0.97,1.19,0.97–1.19,9
Charleston,SC,Multifamily,"50 units, 900 sq. ft. each",50,900,"4,000/sq. mi.","$80,000",3.41,2.83,3.99,2.83–3.99,0.91,0.59,1.24,0.59–1.24,10
Philadelphia,PA,Multifamily,"50 units, 900 sq. ft. each",50,900,"4,000/sq. mi.","$80,000",3.3,2.97,3.64,2.97–3.64,0.33,0.27,0.39,0.27–0.39,11
Sacramento,CA,Multifamily,"50 units, 900 sq. ft. each",50,900,"4,000/sq. mi.","$80,000",3.1,2.75,3.45,2.75–3.45,0.95,0.77,1.13,0.77–1.13,12
Durham,NC,Multifamily,"50 units, 900 sq. ft. each",50,900,"4,000/sq. mi.","$80,000",2.88,2.56,3.19,2.56–3.19,0.41,0.34,0.48,0.34–0.48,13
Jersey City,NJ,Multifamily,"50 units, 900 sq. ft. each",50,900,"4,000/sq. mi.","$80,000",2.86,2.23,3.49,2.23–3.49,0.32,0.11,0.52,0.11–0.52,14
San Diego,CA,Multifamily,"50 units, 900 sq. ft. each",50,900,"4,000/sq. mi.","$80,000",2.82,2.64,3.01,2.64–3.01,0.8,0.72,0.88,0.72–0.88,15
Austin,TX,Multifamily,"50 units, 900 sq. ft. each",50,900,"4,000/sq. mi.","$80,000",2.82,2.75,2.88,2.75–2.88,0.86,0.81,0.9,0.81–0.9,16
Spokane,WA,Multifamily,"50 units, 900 sq. ft. each",50,900,"4,000/sq. mi.","$80,000",2.81,1.95,3.66,1.95–3.66,0.22,0.16,0.29,0.16–0.29,17
Washington,DC,Multifamily,"50 units, 900 sq. ft. each",50,900,"4,000/sq. mi.","$80,000",2.79,2.46,3.11,2.46–3.11,0.79,0.64,0.94,0.64–0.94,18
Tulsa,OK,Multifamily,"50 units, 900 sq. ft. each",50,900,"4,000/sq. mi.","$80,000",2.73,2.19,3.27,2.19–3.27,0.77,0.44,1.1,0.44–1.1,19
Denver,CO,Multifamily,"50 units, 900 sq. ft. each",50,900,"4,000/sq. mi.","$80,000",2.67,2.55,2.79,2.55–2.79,0.62,0.56,0.69,0.56–0.69,20
Houston,TX,Multifamily,"50 units, 900 sq. ft. each",50,900,"4,000/sq. mi.","$80,000",2.65,2.58,2.72,2.58–2.72,0.61,0.57,0.65,0.57–0.65,21
Portland,OR,Multifamily,"50 units, 900 sq. ft. each",50,900,"4,000/sq. mi.","$80,000",2.6,2.49,2.71,2.49–2.71,0.92,0.85,0.98,0.85–0.98,22
Nashville,TN,Multifamily,"50 units, 900 sq. ft. each",50,900,"4,000/sq. mi.","$80,000",2.59,2.31,2.86,2.31–2.86,0.69,0.49,0.88,0.49–0.88,23
Boulder,CO,Multifamily,"50 units, 900 sq. ft. each",50,900,"4,000/sq. mi.","$80,000",2.53,2.21,2.85,2.21–2.85,0.7,0.41,0.98,0.41–0.98,24
Orlando,FL,Multifamily,"50 units, 900 sq. ft. each",50,900,"4,000/sq. mi.","$80,000",2.51,2.3,2.73,2.3–2.73,0.67,0.57,0.77,0.57–0.77,25
Phoenix,AZ,Multifamily,"50 units, 900 sq. ft. each",50,900,"4,000/sq. mi.","$80,000",2.31,2.16,2.45,2.16–2.45,0.54,0.47,0.61,0.47–0.61,26
Cincinnati,OH,Multifamily,"50 units, 900 sq. ft. each",50,900,"4,000/sq. mi.","$80,000",2.26,1.81,2.72,1.81–2.72,0.52,0.33,0.72,0.33–0.72,27
Anaheim,CA,Multifamily,"50 units, 900 sq. ft. each",50,900,"4,000/sq. mi.","$80,000",2.26,1.86,2.66,1.86–2.66,0.79,0.48,1.1,0.48–1.1,28
Tampa,FL,Multifamily,"50 units, 900 sq. ft. each",50,900,"4,000/sq. mi.","$80,000",2.25,1.88,2.63,1.88–2.63,0.5,0.39,0.61,0.39–0.61,29
Louisville,KY,Multifamily,"50 units, 900 sq. ft. each",50,900,"4,000/sq. mi.","$80,000",2.25,2.03,2.46,2.03–2.46,0.59,0.49,0.69,0.49–0.69,30
Cleveland,OH,Multifamily,"50 units, 900 sq. ft. each",50,900,"4,000/sq. mi.","$80,000",2.18,1.86,2.49,1.86–2.49,0.56,0.42,0.71,0.42–0.71,31
Colorado Springs,CO,Multifamily,"50 units, 900 sq. ft. each",50,900,"4,000/sq. mi.","$80,000",2.17,1.96,2.39,1.96–2.39,0.44,0.36,0.51,0.36–0.51,32
Kansas City,MO,Multifamily,"50 units, 900 sq. ft. each",50,900,"4,000/sq. mi.","$80,000",2.09,1.88,2.29,1.88–2.29,0.19,0.13,0.26,0.13–0.26,33
Atlanta,GA,Multifamily,"50 units, 900 sq. ft. each",50,900,"4,000/sq. mi.","$80,000",2.04,1.86,2.22,1.86–2.22,0.36,0.3,0.43,0.3–0.43,34
Sioux Falls,SD,Multifamily,"50 units, 900 sq. ft. each",50,900,"4,000/sq. mi.","$80,000",2.02,1.76,2.29,1.76–2.29,0.24,0.18,0.3,0.18–0.3,35
Fort Worth,TX,Multifamily,"50 units, 900 sq. ft. each",50,900,"4,000/sq. mi.","$80,000",2.02,1.95,2.09,1.95–2.09,0.33,0.29,0.36,0.29–0.36,36
Jacksonville,FL,Multifamily,"50 units, 900 sq. ft. each",50,900,"4,000/sq. mi.","$80,000",2.01,1.9,2.12,1.9–2.12,0.41,0.36,0.45,0.36–0.45,37
Boise,ID,Multifamily,"50 units, 900 sq. ft. each",50,900,"4,000/sq. mi.","$80,000",1.97,1.71,2.24,1.71–2.24,0.46,0.36,0.56,0.36–0.56,38
Columbus,OH,Multifamily,"50 units, 900 sq. ft. each",50,900,"4,000/sq. mi.","$80,000",1.97,1.87,2.06,1.87–2.06,0.36,0.33,0.38,0.33–0.38,39
Indianapolis,IN,Multifamily,"50 units, 900 sq. ft. each",50,900,"4,000/sq. mi.","$80,000",1.94,1.79,2.1,1.79–2.1,0.52,0.43,0.61,0.43–0.61,40
Grand Rapids,MI,Multifamily,"50 units, 900 sq. ft. each",50,900,"4,000/sq. mi.","$80,000",1.89,1.75,2.02,1.75–2.02,0.31,0.23,0.39,0.23–0.39,41
Reno,NV,Multifamily,"50 units, 900 sq. ft. each",50,900,"4,000/sq. mi.","$80,000",1.82,1.66,1.97,1.66–1.97,0.23,0.16,0.29,0.16–0.29,42
St. Paul,MN,Multifamily,"50 units, 900 sq. ft. each",50,900,"4,000/sq. mi.","$80,000",1.8,1.35,2.24,1.35–2.24,0.3,0.2,0.41,0.2–0.41,43
Raleigh,NC,Multifamily,"50 units, 900 sq. ft. each",50,900,"4,000/sq. mi.","$80,000",1.71,1.57,1.84,1.57–1.84,0.29,0.22,0.35,0.22–0.35,44
New York,NY,Multifamily,"50 units, 1,200 sq. ft. each",50,1200,"4,000/sq. mi.","$80,000",5.31,5.09,5.53,5.09–5.53,1.44,1.31,1.56,1.31–1.56,1
San Francisco,CA,Multifamily,"50 units, 1,200 sq. ft. each",50,1200,"4,000/sq. mi.","$80,000",5.05,4.68,5.41,4.68–5.41,1.28,1.08,1.49,1.08–1.49,2
Baton Rouge,LA,Multifamily,"50 units, 1,200 sq. ft. each",50,1200,"4,000/sq. mi.","$80,000",4.98,3.47,6.5,3.47–6.5,1.32,0.79,1.86,0.79–1.86,3
Miami,FL,Multifamily,"50 units, 1,200 sq. ft. each",50,1200,"4,000/sq. mi.","$80,000",4.6,3.93,5.26,3.93–5.26,1.87,1.35,2.38,1.35–2.38,4
Los Angeles,CA,Multifamily,"50 units, 1,200 sq. ft. each",50,1200,"4,000/sq. mi.","$80,000",4.45,4.27,4.62,4.27–4.62,1.56,1.47,1.66,1.47–1.66,5
Oakland,CA,Multifamily,"50 units, 1,200 sq. ft. each",50,1200,"4,000/sq. mi.","$80,000",4.36,4.02,4.69,4.02–4.69,0.99,0.83,1.15,0.83–1.15,6
Boston,MA,Multifamily,"50 units, 1,200 sq. ft. each",50,1200,"4,000/sq. mi.","$80,000",4.06,3.66,4.47,3.66–4.47,1.71,1.42,1.99,1.42–1.99,7
Charleston,SC,Multifamily,"50 units, 1,200 sq. ft. each",50,1200,"4,000/sq. mi.","$80,000",3.97,3.06,4.89,3.06–4.89,1.79,1.1,2.49,1.1–2.49,8
Honolulu,HI,Multifamily,"50 units, 1,200 sq. ft. each",50,1200,"4,000/sq. mi.","$80,000",3.93,3.51,4.35,3.51–4.35,1.7,1.48,1.92,1.48–1.92,9
Seattle,WA,Multifamily,"50 units, 1,200 sq. ft. each",50,1200,"4,000/sq. mi.","$80,000",3.6,3.33,3.87,3.33–3.87,1.09,0.98,1.2,0.98–1.2,10
Philadelphia,PA,Multifamily,"50 units, 1,200 sq. ft. each",50,1200,"4,000/sq. mi.","$80,000",3.3,2.97,3.63,2.97–3.63,0.33,0.27,0.4,0.27–0.4,11
Spokane,WA,Multifamily,"50 units, 1,200 sq. ft. each",50,1200,"4,000/sq. mi.","$80,000",3.02,2.01,4.02,2.01–4.02,0.22,0.15,0.3,0.15–0.3,12
Sacramento,CA,Multifamily,"50 units, 1,200 sq. ft. each",50,1200,"4,000/sq. mi.","$80,000",3.02,2.66,3.37,2.66–3.37,0.94,0.75,1.13,0.75–1.13,13
Durham,NC,Multifamily,"50 units, 1,200 sq. ft. each",50,1200,"4,000/sq. mi.","$80,000",2.9,2.6,3.2,2.6–3.2,0.41,0.34,0.48,0.34–0.48,14
Austin,TX,Multifamily,"50 units, 1,200 sq. ft. each",50,1200,"4,000/sq. mi.","$80,000",2.9,2.83,2.97,2.83–2.97,0.86,0.82,0.91,0.82–0.91,15
Jersey City,NJ,Multifamily,"50 units, 1,200 sq. ft. each",50,1200,"4,000/sq. mi.","$80,000",2.84,2.21,3.47,2.21–3.47,0.32,0.11,0.53,0.11–0.53,16
San Diego,CA,Multifamily,"50 units, 1,200 sq. ft. each",50,1200,"4,000/sq. mi.","$80,000",2.82,2.63,3.01,2.63–3.01,0.81,0.72,0.89,0.72–0.89,17
Nashville,TN,Multifamily,"50 units, 1,200 sq. ft. each",50,1200,"4,000/sq. mi.","$80,000",2.82,2.51,3.12,2.51–3.12,0.75,0.53,0.96,0.53–0.96,18
Portland,OR,Multifamily,"50 units, 1,200 sq. ft. each",50,1200,"4,000/sq. mi.","$80,000",2.77,2.61,2.93,2.61–2.93,0.94,0.86,1.03,0.86–1.03,19
Tulsa,OK,Multifamily,"50 units, 1,200 sq. ft. each",50,1200,"4,000/sq. mi.","$80,000",2.77,2.22,3.32,2.22–3.32,0.81,0.46,1.15,0.46–1.15,20
Washington,DC,Multifamily,"50 units, 1,200 sq. ft. each",50,1200,"4,000/sq. mi.","$80,000",2.74,2.42,3.07,2.42–3.07,0.78,0.63,0.93,0.63–0.93,21
Boulder,CO,Multifamily,"50 units, 1,200 sq. ft. each",50,1200,"4,000/sq. mi.","$80,000",2.68,2.38,2.99,2.38–2.99,0.75,0.45,1.05,0.45–1.05,22
Houston,TX,Multifamily,"50 units, 1,200 sq. ft. each",50,1200,"4,000/sq. mi.","$80,000",2.68,2.61,2.75,2.61–2.75,0.61,0.57,0.65,0.57–0.65,23
Denver,CO,Multifamily,"50 units, 1,200 sq. ft. each",50,1200,"4,000/sq. mi.","$80,000",2.65,2.54,2.77,2.54–2.77,0.61,0.55,0.68,0.55–0.68,24
Orlando,FL,Multifamily,"50 units, 1,200 sq. ft. each",50,1200,"4,000/sq. mi.","$80,000",2.65,2.44,2.87,2.44–2.87,0.76,0.65,0.86,0.65–0.86,25
Colorado Springs,CO,Multifamily,"50 units, 1,200 sq. ft. each",50,1200,"4,000/sq. mi.","$80,000",2.53,2.36,2.69,2.36–2.69,0.54,0.48,0.59,0.48–0.59,26
Phoenix,AZ,Multifamily,"50 units, 1,200 sq. ft. each",50,1200,"4,000/sq. mi.","$80,000",2.37,2.23,2.52,2.23–2.52,0.53,0.46,0.6,0.46–0.6,27
Cincinnati,OH,Multifamily,"50 units, 1,200 sq. ft. each",50,1200,"4,000/sq. mi.","$80,000",2.34,2,2.67,2–2.67,0.48,0.34,0.62,0.34–0.62,28
Louisville,KY,Multifamily,"50 units, 1,200 sq. ft. each",50,1200,"4,000/sq. mi.","$80,000",2.33,2.12,2.55,2.12–2.55,0.62,0.51,0.73,0.51–0.73,29
Anaheim,CA,Multifamily,"50 units, 1,200 sq. ft. each",50,1200,"4,000/sq. mi.","$80,000",2.33,1.91,2.75,1.91–2.75,0.78,0.47,1.1,0.47–1.1,30
Cleveland,OH,Multifamily,"50 units, 1,200 sq. ft. each",50,1200,"4,000/sq. mi.","$80,000",2.31,1.96,2.67,1.96–2.67,0.63,0.47,0.79,0.47–0.79,31
Tampa,FL,Multifamily,"50 units, 1,200 sq. ft. each",50,1200,"4,000/sq. mi.","$80,000",2.25,1.91,2.6,1.91–2.6,0.49,0.38,0.6,0.38–0.6,32
Kansas City,MO,Multifamily,"50 units, 1,200 sq. ft. each",50,1200,"4,000/sq. mi.","$80,000",2.15,1.93,2.36,1.93–2.36,0.2,0.13,0.27,0.13–0.27,33
Atlanta,GA,Multifamily,"50 units, 1,200 sq. ft. each",50,1200,"4,000/sq. mi.","$80,000",2.12,1.92,2.31,1.92–2.31,0.39,0.32,0.46,0.32–0.46,34
Fort Worth,TX,Multifamily,"50 units, 1,200 sq. ft. each",50,1200,"4,000/sq. mi.","$80,000",2.08,2.01,2.15,2.01–2.15,0.36,0.32,0.4,0.32–0.4,35
Jacksonville,FL,Multifamily,"50 units, 1,200 sq. ft. each",50,1200,"4,000/sq. mi.","$80,000",2.08,1.96,2.19,1.96–2.19,0.4,0.36,0.45,0.36–0.45,36
Columbus,OH,Multifamily,"50 units, 1,200 sq. ft. each",50,1200,"4,000/sq. mi.","$80,000",2.04,1.94,2.15,1.94–2.15,0.36,0.33,0.38,0.33–0.38,37
Indianapolis,IN,Multifamily,"50 units, 1,200 sq. ft. each",50,1200,"4,000/sq. mi.","$80,000",2.02,1.85,2.19,1.85–2.19,0.54,0.44,0.63,0.44–0.63,38
Boise,ID,Multifamily,"50 units, 1,200 sq. ft. each",50,1200,"4,000/sq. mi.","$80,000",1.99,1.71,2.27,1.71–2.27,0.45,0.35,0.56,0.35–0.56,39
Sioux Falls,SD,Multifamily,"50 units, 1,200 sq. ft. each",50,1200,"4,000/sq. mi.","$80,000",1.96,1.69,2.23,1.69–2.23,0.25,0.18,0.31,0.18–0.31,40
Grand Rapids,MI,Multifamily,"50 units, 1,200 sq. ft. each",50,1200,"4,000/sq. mi.","$80,000",1.89,1.75,2.03,1.75–2.03,0.32,0.24,0.4,0.24–0.4,41
Reno,NV,Multifamily,"50 units, 1,200 sq. ft. each",50,1200,"4,000/sq. mi.","$80,000",1.88,1.71,2.05,1.71–2.05,0.24,0.17,0.3,0.17–0.3,42
St. Paul,MN,Multifamily,"50 units, 1,200 sq. ft. each",50,1200,"4,000/sq. mi.","$80,000",1.86,1.4,2.32,1.4–2.32,0.31,0.2,0.42,0.2–0.42,43
Raleigh,NC,Multifamily,"50 units, 1,200 sq. ft. each",50,1200,"4,000/sq. mi.","$80,000",1.78,1.65,1.9,1.65–1.9,0.31,0.24,0.38,0.24–0.38,44
New York,NY,Multifamily,"50 units, 1,500 sq. ft. each",50,1500,"4,000/sq. mi.","$80,000",5.43,5.2,5.67,5.2–5.67,1.45,1.32,1.58,1.32–1.58,1
Baton Rouge,LA,Multifamily,"50 units, 1,500 sq. ft. each",50,1500,"4,000/sq. mi.","$80,000",5.16,3.58,6.74,3.58–6.74,1.43,0.85,2.02,0.85–2.02,2
San Francisco,CA,Multifamily,"50 units, 1,500 sq. ft. each",50,1500,"4,000/sq. mi.","$80,000",5.09,4.71,5.46,4.71–5.46,1.3,1.09,1.51,1.09–1.51,3
Miami,FL,Multifamily,"50 units, 1,500 sq. ft. each",50,1500,"4,000/sq. mi.","$80,000",4.59,3.95,5.24,3.95–5.24,1.91,1.39,2.42,1.39–2.42,4
Los Angeles,CA,Multifamily,"50 units, 1,500 sq. ft. each",50,1500,"4,000/sq. mi.","$80,000",4.55,4.37,4.74,4.37–4.74,1.55,1.45,1.65,1.45–1.65,5
Charleston,SC,Multifamily,"50 units, 1,500 sq. ft. each",50,1500,"4,000/sq. mi.","$80,000",4.48,3.23,5.72,3.23–5.72,3.03,1.61,4.45,1.61–4.45,6
Oakland,CA,Multifamily,"50 units, 1,500 sq. ft. each",50,1500,"4,000/sq. mi.","$80,000",4.22,3.83,4.6,3.83–4.6,0.91,0.77,1.04,0.77–1.04,7
Boston,MA,Multifamily,"50 units, 1,500 sq. ft. each",50,1500,"4,000/sq. mi.","$80,000",4.04,3.62,4.45,3.62–4.45,1.67,1.39,1.95,1.39–1.95,8
Honolulu,HI,Multifamily,"50 units, 1,500 sq. ft. each",50,1500,"4,000/sq. mi.","$80,000",4.02,3.57,4.47,3.57–4.47,1.76,1.53,1.99,1.53–1.99,9
Seattle,WA,Multifamily,"50 units, 1,500 sq. ft. each",50,1500,"4,000/sq. mi.","$80,000",3.62,3.34,3.91,3.34–3.91,1.09,0.98,1.21,0.98–1.21,10
Philadelphia,PA,Multifamily,"50 units, 1,500 sq. ft. each",50,1500,"4,000/sq. mi.","$80,000",3.3,2.97,3.63,2.97–3.63,0.34,0.27,0.4,0.27–0.4,11
Spokane,WA,Multifamily,"50 units, 1,500 sq. ft. each",50,1500,"4,000/sq. mi.","$80,000",3.19,2.05,4.33,2.05–4.33,0.23,0.15,0.3,0.15–0.3,12
Nashville,TN,Multifamily,"50 units, 1,500 sq. ft. each",50,1500,"4,000/sq. mi.","$80,000",3.01,2.67,3.34,2.67–3.34,0.8,0.57,1.04,0.57–1.04,13
Austin,TX,Multifamily,"50 units, 1,500 sq. ft. each",50,1500,"4,000/sq. mi.","$80,000",2.97,2.88,3.06,2.88–3.06,0.87,0.82,0.93,0.82–0.93,14
Sacramento,CA,Multifamily,"50 units, 1,500 sq. ft. each",50,1500,"4,000/sq. mi.","$80,000",2.95,2.58,3.32,2.58–3.32,0.93,0.73,1.13,0.73–1.13,15
Durham,NC,Multifamily,"50 units, 1,500 sq. ft. each",50,1500,"4,000/sq. mi.","$80,000",2.93,2.61,3.24,2.61–3.24,0.41,0.33,0.48,0.33–0.48,16
Portland,OR,Multifamily,"50 units, 1,500 sq. ft. each",50,1500,"4,000/sq. mi.","$80,000",2.91,2.7,3.11,2.7–3.11,0.97,0.86,1.07,0.86–1.07,17
Colorado Springs,CO,Multifamily,"50 units, 1,500 sq. ft. each",50,1500,"4,000/sq. mi.","$80,000",2.84,2.64,3.04,2.64–3.04,0.63,0.56,0.7,0.56–0.7,18
Jersey City,NJ,Multifamily,"50 units, 1,500 sq. ft. each",50,1500,"4,000/sq. mi.","$80,000",2.83,2.2,3.45,2.2–3.45,0.32,0.12,0.53,0.12–0.53,19
San Diego,CA,Multifamily,"50 units, 1,500 sq. ft. each",50,1500,"4,000/sq. mi.","$80,000",2.82,2.62,3.02,2.62–3.02,0.82,0.73,0.9,0.73–0.9,20
Boulder,CO,Multifamily,"50 units, 1,500 sq. ft. each",50,1500,"4,000/sq. mi.","$80,000",2.81,2.51,3.12,2.51–3.12,0.8,0.47,1.12,0.47–1.12,21
Tulsa,OK,Multifamily,"50 units, 1,500 sq. ft. each",50,1500,"4,000/sq. mi.","$80,000",2.8,2.23,3.36,2.23–3.36,0.83,0.47,1.19,0.47–1.19,22
Orlando,FL,Multifamily,"50 units, 1,500 sq. ft. each",50,1500,"4,000/sq. mi.","$80,000",2.77,2.54,2.99,2.54–2.99,0.83,0.71,0.95,0.71–0.95,23
Washington,DC,Multifamily,"50 units, 1,500 sq. ft. each",50,1500,"4,000/sq. mi.","$80,000",2.71,2.38,3.05,2.38–3.05,0.78,0.62,0.93,0.62–0.93,24
Houston,TX,Multifamily,"50 units, 1,500 sq. ft. each",50,1500,"4,000/sq. mi.","$80,000",2.7,2.63,2.78,2.63–2.78,0.62,0.58,0.66,0.58–0.66,25
Denver,CO,Multifamily,"50 units, 1,500 sq. ft. each",50,1500,"4,000/sq. mi.","$80,000",2.64,2.53,2.75,2.53–2.75,0.61,0.55,0.67,0.55–0.67,26
Cleveland,OH,Multifamily,"50 units, 1,500 sq. ft. each",50,1500,"4,000/sq. mi.","$80,000",2.43,2.04,2.81,2.04–2.81,0.68,0.5,0.86,0.5–0.86,27
Phoenix,AZ,Multifamily,"50 units, 1,500 sq. ft. each",50,1500,"4,000/sq. mi.","$80,000",2.42,2.27,2.58,2.27–2.58,0.52,0.44,0.59,0.44–0.59,28
Louisville,KY,Multifamily,"50 units, 1,500 sq. ft. each",50,1500,"4,000/sq. mi.","$80,000",2.41,2.18,2.63,2.18–2.63,0.65,0.53,0.76,0.53–0.76,29
Cincinnati,OH,Multifamily,"50 units, 1,500 sq. ft. each",50,1500,"4,000/sq. mi.","$80,000",2.4,2.1,2.69,2.1–2.69,0.45,0.33,0.58,0.33–0.58,30
Anaheim,CA,Multifamily,"50 units, 1,500 sq. ft. each",50,1500,"4,000/sq. mi.","$80,000",2.38,1.94,2.82,1.94–2.82,0.78,0.46,1.1,0.46–1.1,31
Tampa,FL,Multifamily,"50 units, 1,500 sq. ft. each",50,1500,"4,000/sq. mi.","$80,000",2.25,1.92,2.59,1.92–2.59,0.48,0.37,0.59,0.37–0.59,32
Kansas City,MO,Multifamily,"50 units, 1,500 sq. ft. each",50,1500,"4,000/sq. mi.","$80,000",2.2,1.96,2.43,1.96–2.43,0.21,0.14,0.28,0.14–0.28,33
Atlanta,GA,Multifamily,"50 units, 1,500 sq. ft. each",50,1500,"4,000/sq. mi.","$80,000",2.18,1.98,2.38,1.98–2.38,0.41,0.33,0.48,0.33–0.48,34
Fort Worth,TX,Multifamily,"50 units, 1,500 sq. ft. each",50,1500,"4,000/sq. mi.","$80,000",2.13,2.06,2.2,2.06–2.2,0.39,0.35,0.44,0.35–0.44,35
Jacksonville,FL,Multifamily,"50 units, 1,500 sq. ft. each",50,1500,"4,000/sq. mi.","$80,000",2.13,2,2.26,2–2.26,0.4,0.36,0.44,0.36–0.44,36
Columbus,OH,Multifamily,"50 units, 1,500 sq. ft. each",50,1500,"4,000/sq. mi.","$80,000",2.1,1.99,2.22,1.99–2.22,0.35,0.32,0.38,0.32–0.38,37
Indianapolis,IN,Multifamily,"50 units, 1,500 sq. ft. each",50,1500,"4,000/sq. mi.","$80,000",2.08,1.9,2.26,1.9–2.26,0.55,0.45,0.65,0.45–0.65,38
Boise,ID,Multifamily,"50 units, 1,500 sq. ft. each",50,1500,"4,000/sq. mi.","$80,000",2,1.7,2.3,1.7–2.3,0.45,0.34,0.55,0.34–0.55,39
Reno,NV,Multifamily,"50 units, 1,500 sq. ft. each",50,1500,"4,000/sq. mi.","$80,000",1.93,1.75,2.11,1.75–2.11,0.24,0.17,0.31,0.17–0.31,40
Sioux Falls,SD,Multifamily,"50 units, 1,500 sq. ft. each",50,1500,"4,000/sq. mi.","$80,000",1.91,1.63,2.19,1.63–2.19,0.25,0.18,0.33,0.18–0.33,41
St. Paul,MN,Multifamily,"50 units, 1,500 sq. ft. each",50,1500,"4,000/sq. mi.","$80,000",1.91,1.39,2.43,1.39–2.43,0.32,0.21,0.44,0.21–0.44,42
Grand Rapids,MI,Multifamily,"50 units, 1,500 sq. ft. each",50,1500,"4,000/sq. mi.","$80,000",1.89,1.74,2.04,1.74–2.04,0.32,0.24,0.41,0.24–0.41,43
Raleigh,NC,Multifamily,"50 units, 1,500 sq. ft. each",50,1500,"4,000/sq. mi.","$80,000",1.83,1.7,1.96,1.7–1.96,0.33,0.26,0.4,0.26–0.4,44
Baton Rouge,LA,Multifamily,"100 units, 700 sq. ft. each",100,700,"4,000/sq. mi.","$80,000",5.41,3.49,7.34,3.49–7.34,1.34,0.71,1.98,0.71–1.98,1
New York,NY,Multifamily,"100 units, 700 sq. ft. each",100,700,"4,000/sq. mi.","$80,000",5.41,5.17,5.65,5.17–5.65,1.43,1.3,1.57,1.3–1.57,2
San Francisco,CA,Multifamily,"100 units, 700 sq. ft. each",100,700,"4,000/sq. mi.","$80,000",5.08,4.6,5.55,4.6–5.55,1.12,0.91,1.33,0.91–1.33,3
Oakland,CA,Multifamily,"100 units, 700 sq. ft. each",100,700,"4,000/sq. mi.","$80,000",4.59,4.07,5.12,4.07–5.12,1.27,0.88,1.66,0.88–1.66,4
Honolulu,HI,Multifamily,"100 units, 700 sq. ft. each",100,700,"4,000/sq. mi.","$80,000",4.5,3.89,5.12,3.89–5.12,1.93,1.64,2.23,1.64–2.23,5
Boston,MA,Multifamily,"100 units, 700 sq. ft. each",100,700,"4,000/sq. mi.","$80,000",4.39,3.82,4.96,3.82–4.96,1.82,1.43,2.21,1.43–2.21,6
Los Angeles,CA,Multifamily,"100 units, 700 sq. ft. each",100,700,"4,000/sq. mi.","$80,000",4.35,4.14,4.55,4.14–4.55,1.63,1.51,1.75,1.51–1.75,7
Miami,FL,Multifamily,"100 units, 700 sq. ft. each",100,700,"4,000/sq. mi.","$80,000",4.3,3.58,5.02,3.58–5.02,1.75,1.15,2.34,1.15–2.34,8
Seattle,WA,Multifamily,"100 units, 700 sq. ft. each",100,700,"4,000/sq. mi.","$80,000",3.77,3.47,4.08,3.47–4.08,1.12,1,1.25,1–1.25,9
Philadelphia,PA,Multifamily,"100 units, 700 sq. ft. each",100,700,"4,000/sq. mi.","$80,000",3.56,3.17,3.95,3.17–3.95,0.34,0.28,0.41,0.28–0.41,10
Charleston,SC,Multifamily,"100 units, 700 sq. ft. each",100,700,"4,000/sq. mi.","$80,000",3.43,2.93,3.92,2.93–3.92,0.57,0.29,0.84,0.29–0.84,11
Sacramento,CA,Multifamily,"100 units, 700 sq. ft. each",100,700,"4,000/sq. mi.","$80,000",3.36,2.85,3.87,2.85–3.87,0.96,0.71,1.2,0.71–1.2,12
San Diego,CA,Multifamily,"100 units, 700 sq. ft. each",100,700,"4,000/sq. mi.","$80,000",3,2.78,3.21,2.78–3.21,0.83,0.74,0.92,0.74–0.92,13
Austin,TX,Multifamily,"100 units, 700 sq. ft. each",100,700,"4,000/sq. mi.","$80,000",2.95,2.84,3.05,2.84–3.05,0.93,0.86,0.99,0.86–0.99,14
Jersey City,NJ,Multifamily,"100 units, 700 sq. ft. each",100,700,"4,000/sq. mi.","$80,000",2.94,2.27,3.6,2.27–3.6,0.32,0.12,0.53,0.12–0.53,15
Spokane,WA,Multifamily,"100 units, 700 sq. ft. each",100,700,"4,000/sq. mi.","$80,000",2.91,1.97,3.86,1.97–3.86,0.2,0.14,0.26,0.14–0.26,16
Durham,NC,Multifamily,"100 units, 700 sq. ft. each",100,700,"4,000/sq. mi.","$80,000",2.9,2.51,3.29,2.51–3.29,0.47,0.35,0.59,0.35–0.59,17
Denver,CO,Multifamily,"100 units, 700 sq. ft. each",100,700,"4,000/sq. mi.","$80,000",2.87,2.71,3.02,2.71–3.02,0.66,0.57,0.75,0.57–0.75,18
Washington,DC,Multifamily,"100 units, 700 sq. ft. each",100,700,"4,000/sq. mi.","$80,000",2.84,2.49,3.18,2.49–3.18,0.81,0.65,0.96,0.65–0.96,19
Tulsa,OK,Multifamily,"100 units, 700 sq. ft. each",100,700,"4,000/sq. mi.","$80,000",2.83,2.12,3.53,2.12–3.53,0.72,0.36,1.08,0.36–1.08,20
Orlando,FL,Multifamily,"100 units, 700 sq. ft. each",100,700,"4,000/sq. mi.","$80,000",2.74,2.47,3,2.47–3,0.69,0.56,0.82,0.56–0.82,21
Nashville,TN,Multifamily,"100 units, 700 sq. ft. each",100,700,"4,000/sq. mi.","$80,000",2.64,2.31,2.97,2.31–2.97,0.77,0.52,1.02,0.52–1.02,22
Portland,OR,Multifamily,"100 units, 700 sq. ft. each",100,700,"4,000/sq. mi.","$80,000",2.6,2.48,2.73,2.48–2.73,0.93,0.86,0.99,0.86–0.99,23
Houston,TX,Multifamily,"100 units, 700 sq. ft. each",100,700,"4,000/sq. mi.","$80,000",2.6,2.51,2.69,2.51–2.69,0.57,0.52,0.62,0.52–0.62,24
Louisville,KY,Multifamily,"100 units, 700 sq. ft. each",100,700,"4,000/sq. mi.","$80,000",2.49,2.18,2.79,2.18–2.79,0.68,0.54,0.82,0.54–0.82,25
Tampa,FL,Multifamily,"100 units, 700 sq. ft. each",100,700,"4,000/sq. mi.","$80,000",2.45,1.96,2.93,1.96–2.93,0.51,0.37,0.65,0.37–0.65,26
Cincinnati,OH,Multifamily,"100 units, 700 sq. ft. each",100,700,"4,000/sq. mi.","$80,000",2.27,1.71,2.83,1.71–2.83,0.57,0.32,0.81,0.32–0.81,27
Phoenix,AZ,Multifamily,"100 units, 700 sq. ft. each",100,700,"4,000/sq. mi.","$80,000",2.24,2.08,2.4,2.08–2.4,0.46,0.39,0.53,0.39–0.53,28
Cleveland,OH,Multifamily,"100 units, 700 sq. ft. each",100,700,"4,000/sq. mi.","$80,000",2.18,1.84,2.53,1.84–2.53,0.55,0.4,0.71,0.4–0.71,29
Sioux Falls,SD,Multifamily,"100 units, 700 sq. ft. each",100,700,"4,000/sq. mi.","$80,000",2.15,1.84,2.47,1.84–2.47,0.23,0.17,0.29,0.17–0.29,30
Kansas City,MO,Multifamily,"100 units, 700 sq. ft. each",100,700,"4,000/sq. mi.","$80,000",2.12,1.86,2.38,1.86–2.38,0.19,0.11,0.26,0.11–0.26,31
Fort Worth,TX,Multifamily,"100 units, 700 sq. ft. each",100,700,"4,000/sq. mi.","$80,000",2.11,2.02,2.2,2.02–2.2,0.33,0.28,0.38,0.28–0.38,32
Jacksonville,FL,Multifamily,"100 units, 700 sq. ft. each",100,700,"4,000/sq. mi.","$80,000",2.1,1.95,2.25,1.95–2.25,0.43,0.37,0.49,0.37–0.49,33
Grand Rapids,MI,Multifamily,"100 units, 700 sq. ft. each",100,700,"4,000/sq. mi.","$80,000",2.08,1.89,2.28,1.89–2.28,0.32,0.21,0.42,0.21–0.42,34
Colorado Springs,CO,Multifamily,"100 units, 700 sq. ft. each",100,700,"4,000/sq. mi.","$80,000",2.05,1.75,2.34,1.75–2.34,0.35,0.26,0.45,0.26–0.45,35
Columbus,OH,Multifamily,"100 units, 700 sq. ft. each",100,700,"4,000/sq. mi.","$80,000",2.04,1.91,2.17,1.91–2.17,0.39,0.36,0.43,0.36–0.43,36
Indianapolis,IN,Multifamily,"100 units, 700 sq. ft. each",100,700,"4,000/sq. mi.","$80,000",2.03,1.86,2.2,1.86–2.2,0.51,0.41,0.6,0.41–0.6,37
Atlanta,GA,Multifamily,"100 units, 700 sq. ft. each",100,700,"4,000/sq. mi.","$80,000",2.02,1.83,2.22,1.83–2.22,0.24,0.19,0.28,0.19–0.28,38
Reno,NV,Multifamily,"100 units, 700 sq. ft. each",100,700,"4,000/sq. mi.","$80,000",1.95,1.72,2.17,1.72–2.17,0.3,0.18,0.42,0.18–0.42,39
Boise,ID,Multifamily,"100 units, 700 sq. ft. each",100,700,"4,000/sq. mi.","$80,000",1.91,1.63,2.19,1.63–2.19,0.41,0.31,0.5,0.31–0.5,40
Raleigh,NC,Multifamily,"100 units, 700 sq. ft. each",100,700,"4,000/sq. mi.","$80,000",1.83,1.64,2.01,1.64–2.01,0.29,0.22,0.36,0.22–0.36,41
St. Paul,MN,Multifamily,"100 units, 700 sq. ft. each",100,700,"4,000/sq. mi.","$80,000",1.69,1.25,2.13,1.25–2.13,0.3,0.19,0.42,0.19–0.42,42
Baton Rouge,LA,Multifamily,"100 units, 900 sq. ft. each",100,900,"4,000/sq. mi.","$80,000",5.63,3.62,7.63,3.62–7.63,1.47,0.77,2.17,0.77–2.17,1
New York,NY,Multifamily,"100 units, 900 sq. ft. each",100,900,"4,000/sq. mi.","$80,000",5.56,5.32,5.8,5.32–5.8,1.45,1.32,1.58,1.32–1.58,2
San Francisco,CA,Multifamily,"100 units, 900 sq. ft. each",100,900,"4,000/sq. mi.","$80,000",5.12,4.7,5.55,4.7–5.55,1.14,0.94,1.34,0.94–1.34,3
Honolulu,HI,Multifamily,"100 units, 900 sq. ft. each",100,900,"4,000/sq. mi.","$80,000",4.61,4,5.22,4–5.22,2.01,1.71,2.32,1.71–2.32,4
Los Angeles,CA,Multifamily,"100 units, 900 sq. ft. each",100,900,"4,000/sq. mi.","$80,000",4.46,4.27,4.66,4.27–4.66,1.61,1.5,1.72,1.5–1.72,5
Oakland,CA,Multifamily,"100 units, 900 sq. ft. each",100,900,"4,000/sq. mi.","$80,000",4.43,3.97,4.89,3.97–4.89,1.14,0.86,1.43,0.86–1.43,6
Boston,MA,Multifamily,"100 units, 900 sq. ft. each",100,900,"4,000/sq. mi.","$80,000",4.35,3.82,4.89,3.82–4.89,1.78,1.42,2.14,1.42–2.14,7
Miami,FL,Multifamily,"100 units, 900 sq. ft. each",100,900,"4,000/sq. mi.","$80,000",4.3,3.62,4.98,3.62–4.98,1.79,1.22,2.36,1.22–2.36,8
Charleston,SC,Multifamily,"100 units, 900 sq. ft. each",100,900,"4,000/sq. mi.","$80,000",3.92,3.23,4.6,3.23–4.6,1.02,0.64,1.41,0.64–1.41,9
Seattle,WA,Multifamily,"100 units, 900 sq. ft. each",100,900,"4,000/sq. mi.","$80,000",3.8,3.49,4.11,3.49–4.11,1.13,1,1.26,1–1.26,10
Philadelphia,PA,Multifamily,"100 units, 900 sq. ft. each",100,900,"4,000/sq. mi.","$80,000",3.55,3.18,3.93,3.18–3.93,0.35,0.28,0.42,0.28–0.42,11
Sacramento,CA,Multifamily,"100 units, 900 sq. ft. each",100,900,"4,000/sq. mi.","$80,000",3.28,2.77,3.79,2.77–3.79,0.95,0.7,1.19,0.7–1.19,12
Spokane,WA,Multifamily,"100 units, 900 sq. ft. each",100,900,"4,000/sq. mi.","$80,000",3.1,2.02,4.18,2.02–4.18,0.2,0.14,0.27,0.14–0.27,13
Austin,TX,Multifamily,"100 units, 900 sq. ft. each",100,900,"4,000/sq. mi.","$80,000",3.03,2.93,3.12,2.93–3.12,0.93,0.87,1,0.87–1,14
San Diego,CA,Multifamily,"100 units, 900 sq. ft. each",100,900,"4,000/sq. mi.","$80,000",2.99,2.77,3.22,2.77–3.22,0.84,0.74,0.94,0.74–0.94,15
Durham,NC,Multifamily,"100 units, 900 sq. ft. each",100,900,"4,000/sq. mi.","$80,000",2.92,2.56,3.28,2.56–3.28,0.47,0.36,0.58,0.36–0.58,16
Jersey City,NJ,Multifamily,"100 units, 900 sq. ft. each",100,900,"4,000/sq. mi.","$80,000",2.92,2.26,3.58,2.26–3.58,0.32,0.12,0.53,0.12–0.53,17
Orlando,FL,Multifamily,"100 units, 900 sq. ft. each",100,900,"4,000/sq. mi.","$80,000",2.87,2.6,3.13,2.6–3.13,0.76,0.63,0.9,0.63–0.9,18
Denver,CO,Multifamily,"100 units, 900 sq. ft. each",100,900,"4,000/sq. mi.","$80,000",2.85,2.7,3,2.7–3,0.66,0.57,0.74,0.57–0.74,19
Nashville,TN,Multifamily,"100 units, 900 sq. ft. each",100,900,"4,000/sq. mi.","$80,000",2.84,2.48,3.2,2.48–3.2,0.84,0.56,1.11,0.56–1.11,20
Washington,DC,Multifamily,"100 units, 900 sq. ft. each",100,900,"4,000/sq. mi.","$80,000",2.8,2.46,3.14,2.46–3.14,0.8,0.65,0.96,0.65–0.96,21
Portland,OR,Multifamily,"100 units, 900 sq. ft. each",100,900,"4,000/sq. mi.","$80,000",2.75,2.61,2.89,2.61–2.89,0.95,0.87,1.03,0.87–1.03,22
Houston,TX,Multifamily,"100 units, 900 sq. ft. each",100,900,"4,000/sq. mi.","$80,000",2.62,2.53,2.71,2.53–2.71,0.58,0.53,0.63,0.53–0.63,23
Louisville,KY,Multifamily,"100 units, 900 sq. ft. each",100,900,"4,000/sq. mi.","$80,000",2.57,2.27,2.87,2.27–2.87,0.71,0.57,0.86,0.57–0.86,24
Tampa,FL,Multifamily,"100 units, 900 sq. ft. each",100,900,"4,000/sq. mi.","$80,000",2.45,1.99,2.9,1.99–2.9,0.5,0.37,0.63,0.37–0.63,25
Cincinnati,OH,Multifamily,"100 units, 900 sq. ft. each",100,900,"4,000/sq. mi.","$80,000",2.34,1.88,2.8,1.88–2.8,0.53,0.34,0.72,0.34–0.72,26
Colorado Springs,CO,Multifamily,"100 units, 900 sq. ft. each",100,900,"4,000/sq. mi.","$80,000",2.33,2.09,2.58,2.09–2.58,0.42,0.34,0.5,0.34–0.5,27
Cleveland,OH,Multifamily,"100 units, 900 sq. ft. each",100,900,"4,000/sq. mi.","$80,000",2.31,1.94,2.67,1.94–2.67,0.61,0.44,0.77,0.44–0.77,28
Phoenix,AZ,Multifamily,"100 units, 900 sq. ft. each",100,900,"4,000/sq. mi.","$80,000",2.3,2.14,2.45,2.14–2.45,0.45,0.38,0.52,0.38–0.52,29
Kansas City,MO,Multifamily,"100 units, 900 sq. ft. each",100,900,"4,000/sq. mi.","$80,000",2.17,1.91,2.44,1.91–2.44,0.19,0.12,0.27,0.12–0.27,30
Fort Worth,TX,Multifamily,"100 units, 900 sq. ft. each",100,900,"4,000/sq. mi.","$80,000",2.17,2.08,2.25,2.08–2.25,0.36,0.31,0.41,0.31–0.41,31
Jacksonville,FL,Multifamily,"100 units, 900 sq. ft. each",100,900,"4,000/sq. mi.","$80,000",2.16,2.01,2.31,2.01–2.31,0.42,0.37,0.48,0.37–0.48,32
Columbus,OH,Multifamily,"100 units, 900 sq. ft. each",100,900,"4,000/sq. mi.","$80,000",2.11,1.98,2.24,1.98–2.24,0.39,0.35,0.42,0.35–0.42,33
Indianapolis,IN,Multifamily,"100 units, 900 sq. ft. each",100,900,"4,000/sq. mi.","$80,000",2.1,1.92,2.28,1.92–2.28,0.52,0.42,0.62,0.42–0.62,34
Atlanta,GA,Multifamily,"100 units, 900 sq. ft. each",100,900,"4,000/sq. mi.","$80,000",2.09,1.89,2.29,1.89–2.29,0.25,0.2,0.3,0.2–0.3,35
Sioux Falls,SD,Multifamily,"100 units, 900 sq. ft. each",100,900,"4,000/sq. mi.","$80,000",2.09,1.77,2.41,1.77–2.41,0.23,0.17,0.3,0.17–0.3,36
Grand Rapids,MI,Multifamily,"100 units, 900 sq. ft. each",100,900,"4,000/sq. mi.","$80,000",2.09,1.9,2.27,1.9–2.27,0.32,0.22,0.42,0.22–0.42,37
Reno,NV,Multifamily,"100 units, 900 sq. ft. each",100,900,"4,000/sq. mi.","$80,000",2,1.76,2.24,1.76–2.24,0.31,0.19,0.43,0.19–0.43,38
Boise,ID,Multifamily,"100 units, 900 sq. ft. each",100,900,"4,000/sq. mi.","$80,000",1.93,1.63,2.22,1.63–2.22,0.4,0.31,0.49,0.31–0.49,39
Raleigh,NC,Multifamily,"100 units, 900 sq. ft. each",100,900,"4,000/sq. mi.","$80,000",1.89,1.73,2.05,1.73–2.05,0.31,0.24,0.38,0.24–0.38,40
St. Paul,MN,Multifamily,"100 units, 900 sq. ft. each",100,900,"4,000/sq. mi.","$80,000",1.74,1.37,2.12,1.37–2.12,0.31,0.2,0.42,0.2–0.42,41
Baton Rouge,LA,Multifamily,"100 units, 1,200 sq. ft. each",100,1200,"4,000/sq. mi.","$80,000",5.89,3.78,8,3.78–8,1.63,0.85,2.4,0.85–2.4,1
New York,NY,Multifamily,"100 units, 1,200 sq. ft. each",100,1200,"4,000/sq. mi.","$80,000",5.73,5.48,5.98,5.48–5.98,1.47,1.33,1.61,1.33–1.61,2
San Francisco,CA,Multifamily,"100 units, 1,200 sq. ft. each",100,1200,"4,000/sq. mi.","$80,000",5.18,4.78,5.58,4.78–5.58,1.16,0.96,1.36,0.96–1.36,3
Honolulu,HI,Multifamily,"100 units, 1,200 sq. ft. each",100,1200,"4,000/sq. mi.","$80,000",4.74,4.12,5.37,4.12–5.37,2.1,1.78,2.42,1.78–2.42,4
Los Angeles,CA,Multifamily,"100 units, 1,200 sq. ft. each",100,1200,"4,000/sq. mi.","$80,000",4.6,4.4,4.81,4.4–4.81,1.59,1.48,1.7,1.48–1.7,5
Charleston,SC,Multifamily,"100 units, 1,200 sq. ft. each",100,1200,"4,000/sq. mi.","$80,000",4.57,3.54,5.6,3.54–5.6,2.01,1.35,2.67,1.35–2.67,6
Boston,MA,Multifamily,"100 units, 1,200 sq. ft. each",100,1200,"4,000/sq. mi.","$80,000",4.32,3.8,4.83,3.8–4.83,1.74,1.39,2.08,1.39–2.08,7
Miami,FL,Multifamily,"100 units, 1,200 sq. ft. each",100,1200,"4,000/sq. mi.","$80,000",4.3,3.66,4.94,3.66–4.94,1.84,1.28,2.4,1.28–2.4,8
Oakland,CA,Multifamily,"100 units, 1,200 sq. ft. each",100,1200,"4,000/sq. mi.","$80,000",4.25,3.76,4.74,3.76–4.74,1.02,0.8,1.23,0.8–1.23,9
Seattle,WA,Multifamily,"100 units, 1,200 sq. ft. each",100,1200,"4,000/sq. mi.","$80,000",3.83,3.5,4.16,3.5–4.16,1.14,1,1.27,1–1.27,10
Philadelphia,PA,Multifamily,"100 units, 1,200 sq. ft. each",100,1200,"4,000/sq. mi.","$80,000",3.55,3.18,3.92,3.18–3.92,0.35,0.29,0.42,0.29–0.42,11
Spokane,WA,Multifamily,"100 units, 1,200 sq. ft. each",100,1200,"4,000/sq. mi.","$80,000",3.33,2.07,4.59,2.07–4.59,0.2,0.13,0.27,0.13–0.27,12
Sacramento,CA,Multifamily,"100 units, 1,200 sq. ft. each",100,1200,"4,000/sq. mi.","$80,000",3.19,2.67,3.7,2.67–3.7,0.94,0.68,1.19,0.68–1.19,13
Austin,TX,Multifamily,"100 units, 1,200 sq. ft. each",100,1200,"4,000/sq. mi.","$80,000",3.12,3.02,3.22,3.02–3.22,0.94,0.88,1.01,0.88–1.01,14
Nashville,TN,Multifamily,"100 units, 1,200 sq. ft. each",100,1200,"4,000/sq. mi.","$80,000",3.09,2.69,3.49,2.69–3.49,0.91,0.6,1.22,0.6–1.22,15
Orlando,FL,Multifamily,"100 units, 1,200 sq. ft. each",100,1200,"4,000/sq. mi.","$80,000",3.03,2.76,3.3,2.76–3.3,0.86,0.72,1,0.72–1,16
San Diego,CA,Multifamily,"100 units, 1,200 sq. ft. each",100,1200,"4,000/sq. mi.","$80,000",2.99,2.76,3.22,2.76–3.22,0.85,0.75,0.95,0.75–0.95,17
Durham,NC,Multifamily,"100 units, 1,200 sq. ft. each",100,1200,"4,000/sq. mi.","$80,000",2.95,2.6,3.3,2.6–3.3,0.47,0.36,0.57,0.36–0.57,18
Portland,OR,Multifamily,"100 units, 1,200 sq. ft. each",100,1200,"4,000/sq. mi.","$80,000",2.93,2.74,3.12,2.74–3.12,0.98,0.88,1.08,0.88–1.08,19
Jersey City,NJ,Multifamily,"100 units, 1,200 sq. ft. each",100,1200,"4,000/sq. mi.","$80,000",2.9,2.24,3.56,2.24–3.56,0.33,0.12,0.53,0.12–0.53,20
Denver,CO,Multifamily,"100 units, 1,200 sq. ft. each",100,1200,"4,000/sq. mi.","$80,000",2.83,2.69,2.97,2.69–2.97,0.65,0.57,0.73,0.57–0.73,21
Washington,DC,Multifamily,"100 units, 1,200 sq. ft. each",100,1200,"4,000/sq. mi.","$80,000",2.76,2.41,3.1,2.41–3.1,0.8,0.64,0.95,0.64–0.95,22
Colorado Springs,CO,Multifamily,"100 units, 1,200 sq. ft. each",100,1200,"4,000/sq. mi.","$80,000",2.71,2.5,2.93,2.5–2.93,0.52,0.45,0.59,0.45–0.59,23
Louisville,KY,Multifamily,"100 units, 1,200 sq. ft. each",100,1200,"4,000/sq. mi.","$80,000",2.67,2.37,2.98,2.37–2.98,0.75,0.6,0.91,0.6–0.91,24
Houston,TX,Multifamily,"100 units, 1,200 sq. ft. each",100,1200,"4,000/sq. mi.","$80,000",2.65,2.55,2.74,2.55–2.74,0.58,0.53,0.64,0.53–0.64,25
Cleveland,OH,Multifamily,"100 units, 1,200 sq. ft. each",100,1200,"4,000/sq. mi.","$80,000",2.45,2.04,2.86,2.04–2.86,0.68,0.49,0.86,0.49–0.86,26
Tampa,FL,Multifamily,"100 units, 1,200 sq. ft. each",100,1200,"4,000/sq. mi.","$80,000",2.45,2.01,2.88,2.01–2.88,0.48,0.35,0.62,0.35–0.62,27
Cincinnati,OH,Multifamily,"100 units, 1,200 sq. ft. each",100,1200,"4,000/sq. mi.","$80,000",2.41,2.02,2.81,2.02–2.81,0.49,0.33,0.64,0.33–0.64,28
Phoenix,AZ,Multifamily,"100 units, 1,200 sq. ft. each",100,1200,"4,000/sq. mi.","$80,000",2.36,2.2,2.53,2.2–2.53,0.44,0.37,0.51,0.37–0.51,29
Kansas City,MO,Multifamily,"100 units, 1,200 sq. ft. each",100,1200,"4,000/sq. mi.","$80,000",2.23,1.95,2.52,1.95–2.52,0.2,0.12,0.28,0.12–0.28,30
Fort Worth,TX,Multifamily,"100 units, 1,200 sq. ft. each",100,1200,"4,000/sq. mi.","$80,000",2.23,2.14,2.32,2.14–2.32,0.4,0.35,0.46,0.35–0.46,31
Jacksonville,FL,Multifamily,"100 units, 1,200 sq. ft. each",100,1200,"4,000/sq. mi.","$80,000",2.23,2.08,2.38,2.08–2.38,0.42,0.36,0.47,0.36–0.47,32
Columbus,OH,Multifamily,"100 units, 1,200 sq. ft. each",100,1200,"4,000/sq. mi.","$80,000",2.19,2.05,2.34,2.05–2.34,0.39,0.35,0.42,0.35–0.42,33
Indianapolis,IN,Multifamily,"100 units, 1,200 sq. ft. each",100,1200,"4,000/sq. mi.","$80,000",2.19,1.99,2.39,1.99–2.39,0.54,0.43,0.65,0.43–0.65,34
Atlanta,GA,Multifamily,"100 units, 1,200 sq. ft. each",100,1200,"4,000/sq. mi.","$80,000",2.17,1.96,2.38,1.96–2.38,0.27,0.21,0.32,0.21–0.32,35
Grand Rapids,MI,Multifamily,"100 units, 1,200 sq. ft. each",100,1200,"4,000/sq. mi.","$80,000",2.09,1.9,2.28,1.9–2.28,0.33,0.23,0.43,0.23–0.43,36
Reno,NV,Multifamily,"100 units, 1,200 sq. ft. each",100,1200,"4,000/sq. mi.","$80,000",2.07,1.82,2.33,1.82–2.33,0.32,0.19,0.45,0.19–0.45,37
Sioux Falls,SD,Multifamily,"100 units, 1,200 sq. ft. each",100,1200,"4,000/sq. mi.","$80,000",2.03,1.7,2.35,1.7–2.35,0.24,0.17,0.32,0.17–0.32,38
Raleigh,NC,Multifamily,"100 units, 1,200 sq. ft. each",100,1200,"4,000/sq. mi.","$80,000",1.96,1.81,2.12,1.81–2.12,0.34,0.26,0.41,0.26–0.41,39
Boise,ID,Multifamily,"100 units, 1,200 sq. ft. each",100,1200,"4,000/sq. mi.","$80,000",1.94,1.63,2.26,1.63–2.26,0.39,0.3,0.49,0.3–0.49,40
St. Paul,MN,Multifamily,"100 units, 1,200 sq. ft. each",100,1200,"4,000/sq. mi.","$80,000",1.81,1.45,2.16,1.45–2.16,0.32,0.21,0.43,0.21–0.43,41
Baton Rouge,LA,Multifamily,"100 units, 1,500 sq. ft. each",100,1500,"4,000/sq. mi.","$80,000",6.1,3.9,8.29,3.9–8.29,1.76,0.91,2.61,0.91–2.61,1
New York,NY,Multifamily,"100 units, 1,500 sq. ft. each",100,1500,"4,000/sq. mi.","$80,000",5.87,5.6,6.14,5.6–6.14,1.48,1.35,1.62,1.35–1.62,2
San Francisco,CA,Multifamily,"100 units, 1,500 sq. ft. each",100,1500,"4,000/sq. mi.","$80,000",5.22,4.8,5.64,4.8–5.64,1.18,0.97,1.38,0.97–1.38,3
Charleston,SC,Multifamily,"100 units, 1,500 sq. ft. each",100,1500,"4,000/sq. mi.","$80,000",5.14,3.75,6.54,3.75–6.54,3.4,2.14,4.66,2.14–4.66,4
Honolulu,HI,Multifamily,"100 units, 1,500 sq. ft. each",100,1500,"4,000/sq. mi.","$80,000",4.85,4.19,5.51,4.19–5.51,2.18,1.84,2.52,1.84–2.52,5
Los Angeles,CA,Multifamily,"100 units, 1,500 sq. ft. each",100,1500,"4,000/sq. mi.","$80,000",4.71,4.49,4.94,4.49–4.94,1.57,1.45,1.69,1.45–1.69,6
Miami,FL,Multifamily,"100 units, 1,500 sq. ft. each",100,1500,"4,000/sq. mi.","$80,000",4.3,3.68,4.92,3.68–4.92,1.88,1.33,2.43,1.33–2.43,7
Boston,MA,Multifamily,"100 units, 1,500 sq. ft. each",100,1500,"4,000/sq. mi.","$80,000",4.29,3.77,4.81,3.77–4.81,1.7,1.36,2.04,1.36–2.04,8
Oakland,CA,Multifamily,"100 units, 1,500 sq. ft. each",100,1500,"4,000/sq. mi.","$80,000",4.12,3.56,4.68,3.56–4.68,0.93,0.74,1.12,0.74–1.12,9
Seattle,WA,Multifamily,"100 units, 1,500 sq. ft. each",100,1500,"4,000/sq. mi.","$80,000",3.86,3.51,4.2,3.51–4.2,1.14,1,1.28,1–1.28,10
Philadelphia,PA,Multifamily,"100 units, 1,500 sq. ft. each",100,1500,"4,000/sq. mi.","$80,000",3.55,3.18,3.92,3.18–3.92,0.36,0.29,0.43,0.29–0.43,11
Spokane,WA,Multifamily,"100 units, 1,500 sq. ft. each",100,1500,"4,000/sq. mi.","$80,000",3.52,2.11,4.94,2.11–4.94,0.2,0.13,0.28,0.13–0.28,12
Nashville,TN,Multifamily,"100 units, 1,500 sq. ft. each",100,1500,"4,000/sq. mi.","$80,000",3.3,2.87,3.74,2.87–3.74,0.98,0.64,1.32,0.64–1.32,13
Austin,TX,Multifamily,"100 units, 1,500 sq. ft. each",100,1500,"4,000/sq. mi.","$80,000",3.19,3.07,3.31,3.07–3.31,0.95,0.88,1.02,0.88–1.02,14
Orlando,FL,Multifamily,"100 units, 1,500 sq. ft. each",100,1500,"4,000/sq. mi.","$80,000",3.16,2.88,3.44,2.88–3.44,0.95,0.79,1.1,0.79–1.1,15
Sacramento,CA,Multifamily,"100 units, 1,500 sq. ft. each",100,1500,"4,000/sq. mi.","$80,000",3.12,2.59,3.65,2.59–3.65,0.93,0.66,1.2,0.66–1.2,16
Portland,OR,Multifamily,"100 units, 1,500 sq. ft. each",100,1500,"4,000/sq. mi.","$80,000",3.07,2.83,3.31,2.83–3.31,1,0.87,1.12,0.87–1.12,17
Colorado Springs,CO,Multifamily,"100 units, 1,500 sq. ft. each",100,1500,"4,000/sq. mi.","$80,000",3.05,2.79,3.31,2.79–3.31,0.61,0.52,0.69,0.52–0.69,18
San Diego,CA,Multifamily,"100 units, 1,500 sq. ft. each",100,1500,"4,000/sq. mi.","$80,000",2.99,2.76,3.23,2.76–3.23,0.86,0.75,0.97,0.75–0.97,19
Durham,NC,Multifamily,"100 units, 1,500 sq. ft. each",100,1500,"4,000/sq. mi.","$80,000",2.97,2.61,3.34,2.61–3.34,0.46,0.36,0.57,0.36–0.57,20
Jersey City,NJ,Multifamily,"100 units, 1,500 sq. ft. each",100,1500,"4,000/sq. mi.","$80,000",2.89,2.23,3.54,2.23–3.54,0.33,0.13,0.53,0.13–0.53,21
Denver,CO,Multifamily,"100 units, 1,500 sq. ft. each",100,1500,"4,000/sq. mi.","$80,000",2.81,2.67,2.96,2.67–2.96,0.65,0.56,0.73,0.56–0.73,22
Louisville,KY,Multifamily,"100 units, 1,500 sq. ft. each",100,1500,"4,000/sq. mi.","$80,000",2.76,2.44,3.07,2.44–3.07,0.79,0.62,0.95,0.62–0.95,23
Washington,DC,Multifamily,"100 units, 1,500 sq. ft. each",100,1500,"4,000/sq. mi.","$80,000",2.73,2.38,3.08,2.38–3.08,0.79,0.63,0.95,0.63–0.95,24
Houston,TX,Multifamily,"100 units, 1,500 sq. ft. each",100,1500,"4,000/sq. mi.","$80,000",2.67,2.57,2.77,2.57–2.77,0.59,0.54,0.64,0.54–0.64,25
Cleveland,OH,Multifamily,"100 units, 1,500 sq. ft. each",100,1500,"4,000/sq. mi.","$80,000",2.57,2.13,3.02,2.13–3.02,0.73,0.53,0.94,0.53–0.94,26
Cincinnati,OH,Multifamily,"100 units, 1,500 sq. ft. each",100,1500,"4,000/sq. mi.","$80,000",2.48,2.07,2.88,2.07–2.88,0.46,0.31,0.61,0.31–0.61,27
Tampa,FL,Multifamily,"100 units, 1,500 sq. ft. each",100,1500,"4,000/sq. mi.","$80,000",2.45,2.02,2.87,2.02–2.87,0.47,0.34,0.61,0.34–0.61,28
Phoenix,AZ,Multifamily,"100 units, 1,500 sq. ft. each",100,1500,"4,000/sq. mi.","$80,000",2.41,2.23,2.6,2.23–2.6,0.43,0.36,0.51,0.36–0.51,29
Kansas City,MO,Multifamily,"100 units, 1,500 sq. ft. each",100,1500,"4,000/sq. mi.","$80,000",2.28,1.98,2.59,1.98–2.59,0.21,0.12,0.3,0.12–0.3,30
Jacksonville,FL,Multifamily,"100 units, 1,500 sq. ft. each",100,1500,"4,000/sq. mi.","$80,000",2.28,2.12,2.45,2.12–2.45,0.42,0.36,0.47,0.36–0.47,31
Fort Worth,TX,Multifamily,"100 units, 1,500 sq. ft. each",100,1500,"4,000/sq. mi.","$80,000",2.28,2.19,2.37,2.19–2.37,0.44,0.38,0.5,0.38–0.5,32
Columbus,OH,Multifamily,"100 units, 1,500 sq. ft. each",100,1500,"4,000/sq. mi.","$80,000",2.26,2.09,2.42,2.09–2.42,0.38,0.34,0.43,0.34–0.43,33
Indianapolis,IN,Multifamily,"100 units, 1,500 sq. ft. each",100,1500,"4,000/sq. mi.","$80,000",2.25,2.04,2.47,2.04–2.47,0.55,0.44,0.67,0.44–0.67,34
Atlanta,GA,Multifamily,"100 units, 1,500 sq. ft. each",100,1500,"4,000/sq. mi.","$80,000",2.24,2.02,2.46,2.02–2.46,0.28,0.22,0.34,0.22–0.34,35
Reno,NV,Multifamily,"100 units, 1,500 sq. ft. each",100,1500,"4,000/sq. mi.","$80,000",2.13,1.86,2.4,1.86–2.4,0.33,0.2,0.46,0.2–0.46,36
Grand Rapids,MI,Multifamily,"100 units, 1,500 sq. ft. each",100,1500,"4,000/sq. mi.","$80,000",2.09,1.88,2.3,1.88–2.3,0.34,0.23,0.45,0.23–0.45,37
Raleigh,NC,Multifamily,"100 units, 1,500 sq. ft. each",100,1500,"4,000/sq. mi.","$80,000",2.02,1.86,2.19,1.86–2.19,0.36,0.27,0.44,0.27–0.44,38
Sioux Falls,SD,Multifamily,"100 units, 1,500 sq. ft. each",100,1500,"4,000/sq. mi.","$80,000",1.98,1.64,2.31,1.64–2.31,0.25,0.17,0.33,0.17–0.33,39
Boise,ID,Multifamily,"100 units, 1,500 sq. ft. each",100,1500,"4,000/sq. mi.","$80,000",1.96,1.62,2.29,1.62–2.29,0.39,0.29,0.48,0.29–0.48,40
St. Paul,MN,Multifamily,"100 units, 1,500 sq. ft. each",100,1500,"4,000/sq. mi.","$80,000",1.86,1.46,2.25,1.46–2.25,0.33,0.22,0.45,0.22–0.45,41
New York,NY,Multifamily,"150 units, 700 sq. ft. each",150,700,"4,000/sq. mi.","$80,000",5.66,5.4,5.92,5.4–5.92,1.45,1.31,1.59,1.31–1.59,1
San Francisco,CA,Multifamily,"150 units, 700 sq. ft. each",150,700,"4,000/sq. mi.","$80,000",5.15,4.66,5.65,4.66–5.65,1.06,0.85,1.26,0.85–1.26,2
Honolulu,HI,Multifamily,"150 units, 700 sq. ft. each",150,700,"4,000/sq. mi.","$80,000",5.02,4.25,5.8,4.25–5.8,2.19,1.82,2.56,1.82–2.56,3
Boston,MA,Multifamily,"150 units, 700 sq. ft. each",150,700,"4,000/sq. mi.","$80,000",4.55,3.9,5.19,3.9–5.19,1.84,1.41,2.27,1.41–2.27,4
Oakland,CA,Multifamily,"150 units, 700 sq. ft. each",150,700,"4,000/sq. mi.","$80,000",4.53,3.95,5.11,3.95–5.11,1.29,0.87,1.7,0.87–1.7,5
Los Angeles,CA,Multifamily,"150 units, 700 sq. ft. each",150,700,"4,000/sq. mi.","$80,000",4.44,4.21,4.66,4.21–4.66,1.64,1.51,1.77,1.51–1.77,6
Miami,FL,Multifamily,"150 units, 700 sq. ft. each",150,700,"4,000/sq. mi.","$80,000",4.14,3.42,4.85,3.42–4.85,1.73,1.11,2.36,1.11–2.36,7
Seattle,WA,Multifamily,"150 units, 700 sq. ft. each",150,700,"4,000/sq. mi.","$80,000",3.91,3.57,4.26,3.57–4.26,1.15,1.01,1.29,1.01–1.29,8
Philadelphia,PA,Multifamily,"150 units, 700 sq. ft. each",150,700,"4,000/sq. mi.","$80,000",3.71,3.29,4.14,3.29–4.14,0.36,0.28,0.43,0.28–0.43,9
Sacramento,CA,Multifamily,"150 units, 700 sq. ft. each",150,700,"4,000/sq. mi.","$80,000",3.47,2.85,4.09,2.85–4.09,0.95,0.67,1.24,0.67–1.24,10
San Diego,CA,Multifamily,"150 units, 700 sq. ft. each",150,700,"4,000/sq. mi.","$80,000",3.1,2.85,3.35,2.85–3.35,0.86,0.75,0.96,0.75–0.96,11
Spokane,WA,Multifamily,"150 units, 700 sq. ft. each",150,700,"4,000/sq. mi.","$80,000",3.09,2,4.18,2–4.18,0.19,0.13,0.25,0.13–0.25,12
Austin,TX,Multifamily,"150 units, 700 sq. ft. each",150,700,"4,000/sq. mi.","$80,000",3.08,2.95,3.2,2.95–3.2,0.97,0.89,1.05,0.89–1.05,13
Denver,CO,Multifamily,"150 units, 700 sq. ft. each",150,700,"4,000/sq. mi.","$80,000",2.98,2.8,3.16,2.8–3.16,0.68,0.58,0.79,0.58–0.79,14
Jersey City,NJ,Multifamily,"150 units, 700 sq. ft. each",150,700,"4,000/sq. mi.","$80,000",2.97,2.27,3.67,2.27–3.67,0.33,0.12,0.54,0.12–0.54,15
Orlando,FL,Multifamily,"150 units, 700 sq. ft. each",150,700,"4,000/sq. mi.","$80,000",2.96,2.65,3.26,2.65–3.26,0.74,0.59,0.9,0.59–0.9,16
Durham,NC,Multifamily,"150 units, 700 sq. ft. each",150,700,"4,000/sq. mi.","$80,000",2.92,2.5,3.35,2.5–3.35,0.51,0.36,0.66,0.36–0.66,17
Washington,DC,Multifamily,"150 units, 700 sq. ft. each",150,700,"4,000/sq. mi.","$80,000",2.84,2.48,3.21,2.48–3.21,0.82,0.66,0.98,0.66–0.98,18
Nashville,TN,Multifamily,"150 units, 700 sq. ft. each",150,700,"4,000/sq. mi.","$80,000",2.79,2.39,3.18,2.39–3.18,0.87,0.55,1.18,0.55–1.18,19
Louisville,KY,Multifamily,"150 units, 700 sq. ft. each",150,700,"4,000/sq. mi.","$80,000",2.69,2.32,3.06,2.32–3.06,0.76,0.59,0.93,0.59–0.93,20
Portland,OR,Multifamily,"150 units, 700 sq. ft. each",150,700,"4,000/sq. mi.","$80,000",2.69,2.54,2.84,2.54–2.84,0.94,0.86,1.02,0.86–1.02,21
Houston,TX,Multifamily,"150 units, 700 sq. ft. each",150,700,"4,000/sq. mi.","$80,000",2.58,2.47,2.68,2.47–2.68,0.56,0.5,0.61,0.5–0.61,22
Tampa,FL,Multifamily,"150 units, 700 sq. ft. each",150,700,"4,000/sq. mi.","$80,000",2.57,2.02,3.11,2.02–3.11,0.51,0.36,0.66,0.36–0.66,23
Cincinnati,OH,Multifamily,"150 units, 700 sq. ft. each",150,700,"4,000/sq. mi.","$80,000",2.31,1.74,2.89,1.74–2.89,0.57,0.33,0.82,0.33–0.82,24
Cleveland,OH,Multifamily,"150 units, 700 sq. ft. each",150,700,"4,000/sq. mi.","$80,000",2.26,1.88,2.64,1.88–2.64,0.58,0.41,0.75,0.41–0.75,25
Phoenix,AZ,Multifamily,"150 units, 700 sq. ft. each",150,700,"4,000/sq. mi.","$80,000",2.24,2.07,2.4,2.07–2.4,0.41,0.35,0.48,0.35–0.48,26
Grand Rapids,MI,Multifamily,"150 units, 700 sq. ft. each",150,700,"4,000/sq. mi.","$80,000",2.21,1.98,2.44,1.98–2.44,0.32,0.21,0.44,0.21–0.44,27
Fort Worth,TX,Multifamily,"150 units, 700 sq. ft. each",150,700,"4,000/sq. mi.","$80,000",2.2,2.09,2.3,2.09–2.3,0.35,0.3,0.41,0.3–0.41,28
Sioux Falls,SD,Multifamily,"150 units, 700 sq. ft. each",150,700,"4,000/sq. mi.","$80,000",2.19,1.84,2.54,1.84–2.54,0.22,0.16,0.29,0.16–0.29,29
Jacksonville,FL,Multifamily,"150 units, 700 sq. ft. each",150,700,"4,000/sq. mi.","$80,000",2.19,2.01,2.38,2.01–2.38,0.43,0.36,0.51,0.36–0.51,30
Kansas City,MO,Multifamily,"150 units, 700 sq. ft. each",150,700,"4,000/sq. mi.","$80,000",2.17,1.87,2.46,1.87–2.46,0.19,0.1,0.27,0.1–0.27,31
Colorado Springs,CO,Multifamily,"150 units, 700 sq. ft. each",150,700,"4,000/sq. mi.","$80,000",2.13,1.81,2.45,1.81–2.45,0.35,0.25,0.44,0.25–0.44,32
Columbus,OH,Multifamily,"150 units, 700 sq. ft. each",150,700,"4,000/sq. mi.","$80,000",2.13,1.98,2.28,1.98–2.28,0.41,0.37,0.45,0.37–0.45,33
Indianapolis,IN,Multifamily,"150 units, 700 sq. ft. each",150,700,"4,000/sq. mi.","$80,000",2.13,1.93,2.32,1.93–2.32,0.51,0.4,0.61,0.4–0.61,34
Reno,NV,Multifamily,"150 units, 700 sq. ft. each",150,700,"4,000/sq. mi.","$80,000",2.06,1.78,2.34,1.78–2.34,0.36,0.2,0.53,0.2–0.53,35
Atlanta,GA,Multifamily,"150 units, 700 sq. ft. each",150,700,"4,000/sq. mi.","$80,000",2.06,1.85,2.26,1.85–2.26,0.19,0.15,0.23,0.15–0.23,36
Raleigh,NC,Multifamily,"150 units, 700 sq. ft. each",150,700,"4,000/sq. mi.","$80,000",1.94,1.73,2.15,1.73–2.15,0.3,0.23,0.38,0.23–0.38,37
Boise,ID,Multifamily,"150 units, 700 sq. ft. each",150,700,"4,000/sq. mi.","$80,000",1.89,1.58,2.2,1.58–2.2,0.37,0.28,0.47,0.28–0.47,38
St. Paul,MN,Multifamily,"150 units, 700 sq. ft. each",150,700,"4,000/sq. mi.","$80,000",1.66,1.21,2.11,1.21–2.11,0.31,0.18,0.43,0.18–0.43,39
New York,NY,Multifamily,"150 units, 900 sq. ft. each",150,900,"4,000/sq. mi.","$80,000",5.81,5.55,6.07,5.55–6.07,1.47,1.33,1.61,1.33–1.61,1
San Francisco,CA,Multifamily,"150 units, 900 sq. ft. each",150,900,"4,000/sq. mi.","$80,000",5.2,4.75,5.65,4.75–5.65,1.07,0.88,1.27,0.88–1.27,2
Honolulu,HI,Multifamily,"150 units, 900 sq. ft. each",150,900,"4,000/sq. mi.","$80,000",5.15,4.37,5.92,4.37–5.92,2.28,1.9,2.66,1.9–2.66,3
Los Angeles,CA,Multifamily,"150 units, 900 sq. ft. each",150,900,"4,000/sq. mi.","$80,000",4.56,4.33,4.78,4.33–4.78,1.62,1.5,1.75,1.5–1.75,4
Boston,MA,Multifamily,"150 units, 900 sq. ft. each",150,900,"4,000/sq. mi.","$80,000",4.51,3.91,5.12,3.91–5.12,1.8,1.4,2.2,1.4–2.2,5
Oakland,CA,Multifamily,"150 units, 900 sq. ft. each",150,900,"4,000/sq. mi.","$80,000",4.37,3.82,4.92,3.82–4.92,1.16,0.84,1.48,0.84–1.48,6
Charleston,SC,Multifamily,"150 units, 900 sq. ft. each",150,900,"4,000/sq. mi.","$80,000",4.25,3.47,5.02,3.47–5.02,1.09,0.63,1.56,0.63–1.56,7
Miami,FL,Multifamily,"150 units, 900 sq. ft. each",150,900,"4,000/sq. mi.","$80,000",4.14,3.46,4.81,3.46–4.81,1.78,1.17,2.38,1.17–2.38,8
Seattle,WA,Multifamily,"150 units, 900 sq. ft. each",150,900,"4,000/sq. mi.","$80,000",3.94,3.59,4.29,3.59–4.29,1.16,1.01,1.3,1.01–1.3,9
Philadelphia,PA,Multifamily,"150 units, 900 sq. ft. each",150,900,"4,000/sq. mi.","$80,000",3.71,3.3,4.12,3.3–4.12,0.36,0.29,0.43,0.29–0.43,10
Sacramento,CA,Multifamily,"150 units, 900 sq. ft. each",150,900,"4,000/sq. mi.","$80,000",3.39,2.77,4,2.77–4,0.95,0.66,1.24,0.66–1.24,11
Spokane,WA,Multifamily,"150 units, 900 sq. ft. each",150,900,"4,000/sq. mi.","$80,000",3.29,2.05,4.53,2.05–4.53,0.19,0.13,0.25,0.13–0.25,12
Austin,TX,Multifamily,"150 units, 900 sq. ft. each",150,900,"4,000/sq. mi.","$80,000",3.16,3.04,3.27,3.04–3.27,0.98,0.91,1.06,0.91–1.06,13
Orlando,FL,Multifamily,"150 units, 900 sq. ft. each",150,900,"4,000/sq. mi.","$80,000",3.1,2.79,3.41,2.79–3.41,0.83,0.67,0.98,0.67–0.98,14
San Diego,CA,Multifamily,"150 units, 900 sq. ft. each",150,900,"4,000/sq. mi.","$80,000",3.1,2.84,3.36,2.84–3.36,0.87,0.76,0.98,0.76–0.98,15
Nashville,TN,Multifamily,"150 units, 900 sq. ft. each",150,900,"4,000/sq. mi.","$80,000",3,2.57,3.43,2.57–3.43,0.94,0.59,1.28,0.59–1.28,16
Denver,CO,Multifamily,"150 units, 900 sq. ft. each",150,900,"4,000/sq. mi.","$80,000",2.96,2.78,3.14,2.78–3.14,0.68,0.58,0.78,0.58–0.78,17
Jersey City,NJ,Multifamily,"150 units, 900 sq. ft. each",150,900,"4,000/sq. mi.","$80,000",2.96,2.26,3.65,2.26–3.65,0.33,0.12,0.54,0.12–0.54,18
Durham,NC,Multifamily,"150 units, 900 sq. ft. each",150,900,"4,000/sq. mi.","$80,000",2.95,2.55,3.34,2.55–3.34,0.51,0.37,0.64,0.37–0.64,19
Portland,OR,Multifamily,"150 units, 900 sq. ft. each",150,900,"4,000/sq. mi.","$80,000",2.84,2.67,3.01,2.67–3.01,0.97,0.88,1.06,0.88–1.06,20
Washington,DC,Multifamily,"150 units, 900 sq. ft. each",150,900,"4,000/sq. mi.","$80,000",2.81,2.45,3.17,2.45–3.17,0.81,0.65,0.97,0.65–0.97,21
Louisville,KY,Multifamily,"150 units, 900 sq. ft. each",150,900,"4,000/sq. mi.","$80,000",2.78,2.42,3.15,2.42–3.15,0.8,0.62,0.98,0.62–0.98,22
Houston,TX,Multifamily,"150 units, 900 sq. ft. each",150,900,"4,000/sq. mi.","$80,000",2.6,2.49,2.71,2.49–2.71,0.56,0.51,0.62,0.51–0.62,23
Tampa,FL,Multifamily,"150 units, 900 sq. ft. each",150,900,"4,000/sq. mi.","$80,000",2.57,2.05,3.08,2.05–3.08,0.5,0.35,0.64,0.35–0.64,24
Colorado Springs,CO,Multifamily,"150 units, 900 sq. ft. each",150,900,"4,000/sq. mi.","$80,000",2.43,2.16,2.71,2.16–2.71,0.41,0.33,0.5,0.33–0.5,25
Cleveland,OH,Multifamily,"150 units, 900 sq. ft. each",150,900,"4,000/sq. mi.","$80,000",2.38,1.98,2.79,1.98–2.79,0.64,0.45,0.82,0.45–0.82,26
Cincinnati,OH,Multifamily,"150 units, 900 sq. ft. each",150,900,"4,000/sq. mi.","$80,000",2.38,1.89,2.87,1.89–2.87,0.54,0.34,0.73,0.34–0.73,27
Phoenix,AZ,Multifamily,"150 units, 900 sq. ft. each",150,900,"4,000/sq. mi.","$80,000",2.29,2.12,2.46,2.12–2.46,0.41,0.34,0.47,0.34–0.47,28
Fort Worth,TX,Multifamily,"150 units, 900 sq. ft. each",150,900,"4,000/sq. mi.","$80,000",2.25,2.15,2.36,2.15–2.36,0.39,0.33,0.45,0.33–0.45,29
Jacksonville,FL,Multifamily,"150 units, 900 sq. ft. each",150,900,"4,000/sq. mi.","$80,000",2.25,2.07,2.43,2.07–2.43,0.43,0.36,0.5,0.36–0.5,30
Kansas City,MO,Multifamily,"150 units, 900 sq. ft. each",150,900,"4,000/sq. mi.","$80,000",2.22,1.91,2.53,1.91–2.53,0.19,0.11,0.28,0.11–0.28,31
Grand Rapids,MI,Multifamily,"150 units, 900 sq. ft. each",150,900,"4,000/sq. mi.","$80,000",2.21,1.98,2.45,1.98–2.45,0.33,0.21,0.45,0.21–0.45,32
Indianapolis,IN,Multifamily,"150 units, 900 sq. ft. each",150,900,"4,000/sq. mi.","$80,000",2.2,1.99,2.41,1.99–2.41,0.52,0.41,0.63,0.41–0.63,33
Columbus,OH,Multifamily,"150 units, 900 sq. ft. each",150,900,"4,000/sq. mi.","$80,000",2.2,2.04,2.36,2.04–2.36,0.41,0.36,0.45,0.36–0.45,34
Sioux Falls,SD,Multifamily,"150 units, 900 sq. ft. each",150,900,"4,000/sq. mi.","$80,000",2.13,1.78,2.49,1.78–2.49,0.23,0.16,0.3,0.16–0.3,35
Atlanta,GA,Multifamily,"150 units, 900 sq. ft. each",150,900,"4,000/sq. mi.","$80,000",2.12,1.91,2.34,1.91–2.34,0.2,0.16,0.24,0.16–0.24,36
Reno,NV,Multifamily,"150 units, 900 sq. ft. each",150,900,"4,000/sq. mi.","$80,000",2.12,1.83,2.42,1.83–2.42,0.37,0.2,0.54,0.2–0.54,37
Raleigh,NC,Multifamily,"150 units, 900 sq. ft. each",150,900,"4,000/sq. mi.","$80,000",2,1.82,2.19,1.82–2.19,0.32,0.25,0.4,0.25–0.4,38
Boise,ID,Multifamily,"150 units, 900 sq. ft. each",150,900,"4,000/sq. mi.","$80,000",1.9,1.58,2.23,1.58–2.23,0.37,0.27,0.46,0.27–0.46,39
St. Paul,MN,Multifamily,"150 units, 900 sq. ft. each",150,900,"4,000/sq. mi.","$80,000",1.72,1.34,2.09,1.34–2.09,0.32,0.2,0.43,0.2–0.43,40
New York,NY,Multifamily,"150 units, 1,200 sq. ft. each",150,1200,"4,000/sq. mi.","$80,000",5.99,5.72,6.27,5.72–6.27,1.49,1.35,1.63,1.35–1.63,1
Honolulu,HI,Multifamily,"150 units, 1,200 sq. ft. each",150,1200,"4,000/sq. mi.","$80,000",5.29,4.5,6.09,4.5–6.09,2.38,1.98,2.78,1.98–2.78,2
San Francisco,CA,Multifamily,"150 units, 1,200 sq. ft. each",150,1200,"4,000/sq. mi.","$80,000",5.26,4.82,5.69,4.82–5.69,1.09,0.9,1.29,0.9–1.29,3
Charleston,SC,Multifamily,"150 units, 1,200 sq. ft. each",150,1200,"4,000/sq. mi.","$80,000",4.95,3.82,6.08,3.82–6.08,2.15,1.41,2.9,1.41–2.9,4
Los Angeles,CA,Multifamily,"150 units, 1,200 sq. ft. each",150,1200,"4,000/sq. mi.","$80,000",4.7,4.46,4.93,4.46–4.93,1.6,1.48,1.73,1.48–1.73,5
Boston,MA,Multifamily,"150 units, 1,200 sq. ft. each",150,1200,"4,000/sq. mi.","$80,000",4.47,3.89,5.06,3.89–5.06,1.75,1.37,2.13,1.37–2.13,6
Oakland,CA,Multifamily,"150 units, 1,200 sq. ft. each",150,1200,"4,000/sq. mi.","$80,000",4.19,3.6,4.79,3.6–4.79,1.03,0.78,1.28,0.78–1.28,7
Miami,FL,Multifamily,"150 units, 1,200 sq. ft. each",150,1200,"4,000/sq. mi.","$80,000",4.14,3.49,4.78,3.49–4.78,1.83,1.24,2.42,1.24–2.42,8
Seattle,WA,Multifamily,"150 units, 1,200 sq. ft. each",150,1200,"4,000/sq. mi.","$80,000",3.97,3.6,4.34,3.6–4.34,1.16,1.01,1.31,1.01–1.31,9
Philadelphia,PA,Multifamily,"150 units, 1,200 sq. ft. each",150,1200,"4,000/sq. mi.","$80,000",3.71,3.3,4.11,3.3–4.11,0.37,0.29,0.44,0.29–0.44,10
Spokane,WA,Multifamily,"150 units, 1,200 sq. ft. each",150,1200,"4,000/sq. mi.","$80,000",3.53,2.09,4.97,2.09–4.97,0.19,0.12,0.26,0.12–0.26,11
Sacramento,CA,Multifamily,"150 units, 1,200 sq. ft. each",150,1200,"4,000/sq. mi.","$80,000",3.29,2.66,3.92,2.66–3.92,0.94,0.63,1.24,0.63–1.24,12
Orlando,FL,Multifamily,"150 units, 1,200 sq. ft. each",150,1200,"4,000/sq. mi.","$80,000",3.27,2.96,3.59,2.96–3.59,0.93,0.77,1.1,0.77–1.1,13
Nashville,TN,Multifamily,"150 units, 1,200 sq. ft. each",150,1200,"4,000/sq. mi.","$80,000",3.27,2.79,3.74,2.79–3.74,1.03,0.64,1.41,0.64–1.41,14
Austin,TX,Multifamily,"150 units, 1,200 sq. ft. each",150,1200,"4,000/sq. mi.","$80,000",3.25,3.13,3.38,3.13–3.38,0.99,0.91,1.08,0.91–1.08,15
San Diego,CA,Multifamily,"150 units, 1,200 sq. ft. each",150,1200,"4,000/sq. mi.","$80,000",3.1,2.84,3.36,2.84–3.36,0.88,0.76,0.99,0.76–0.99,16
Portland,OR,Multifamily,"150 units, 1,200 sq. ft. each",150,1200,"4,000/sq. mi.","$80,000",3.02,2.81,3.24,2.81–3.24,0.99,0.88,1.11,0.88–1.11,17
Durham,NC,Multifamily,"150 units, 1,200 sq. ft. each",150,1200,"4,000/sq. mi.","$80,000",2.98,2.59,3.37,2.59–3.37,0.5,0.37,0.63,0.37–0.63,18
Denver,CO,Multifamily,"150 units, 1,200 sq. ft. each",150,1200,"4,000/sq. mi.","$80,000",2.94,2.77,3.11,2.77–3.11,0.67,0.57,0.77,0.57–0.77,19
Jersey City,NJ,Multifamily,"150 units, 1,200 sq. ft. each",150,1200,"4,000/sq. mi.","$80,000",2.94,2.24,3.63,2.24–3.63,0.33,0.12,0.54,0.12–0.54,20
Louisville,KY,Multifamily,"150 units, 1,200 sq. ft. each",150,1200,"4,000/sq. mi.","$80,000",2.9,2.52,3.27,2.52–3.27,0.84,0.65,1.04,0.65–1.04,21
Colorado Springs,CO,Multifamily,"150 units, 1,200 sq. ft. each",150,1200,"4,000/sq. mi.","$80,000",2.83,2.58,3.08,2.58–3.08,0.51,0.43,0.58,0.43–0.58,22
Washington,DC,Multifamily,"150 units, 1,200 sq. ft. each",150,1200,"4,000/sq. mi.","$80,000",2.77,2.41,3.13,2.41–3.13,0.8,0.64,0.97,0.64–0.97,23
Houston,TX,Multifamily,"150 units, 1,200 sq. ft. each",150,1200,"4,000/sq. mi.","$80,000",2.63,2.52,2.74,2.52–2.74,0.57,0.51,0.63,0.51–0.63,24
Tampa,FL,Multifamily,"150 units, 1,200 sq. ft. each",150,1200,"4,000/sq. mi.","$80,000",2.57,2.07,3.06,2.07–3.06,0.48,0.34,0.63,0.34–0.63,25
Cleveland,OH,Multifamily,"150 units, 1,200 sq. ft. each",150,1200,"4,000/sq. mi.","$80,000",2.54,2.09,2.98,2.09–2.98,0.71,0.5,0.91,0.5–0.91,26
Cincinnati,OH,Multifamily,"150 units, 1,200 sq. ft. each",150,1200,"4,000/sq. mi.","$80,000",2.46,2.01,2.91,2.01–2.91,0.49,0.32,0.67,0.32–0.67,27
Phoenix,AZ,Multifamily,"150 units, 1,200 sq. ft. each",150,1200,"4,000/sq. mi.","$80,000",2.35,2.17,2.54,2.17–2.54,0.4,0.32,0.47,0.32–0.47,28
Fort Worth,TX,Multifamily,"150 units, 1,200 sq. ft. each",150,1200,"4,000/sq. mi.","$80,000",2.32,2.22,2.43,2.22–2.43,0.43,0.37,0.49,0.37–0.49,29
Jacksonville,FL,Multifamily,"150 units, 1,200 sq. ft. each",150,1200,"4,000/sq. mi.","$80,000",2.32,2.14,2.51,2.14–2.51,0.43,0.36,0.49,0.36–0.49,30
Indianapolis,IN,Multifamily,"150 units, 1,200 sq. ft. each",150,1200,"4,000/sq. mi.","$80,000",2.29,2.06,2.52,2.06–2.52,0.54,0.42,0.66,0.42–0.66,31
Kansas City,MO,Multifamily,"150 units, 1,200 sq. ft. each",150,1200,"4,000/sq. mi.","$80,000",2.29,1.96,2.62,1.96–2.62,0.2,0.11,0.29,0.11–0.29,32
Columbus,OH,Multifamily,"150 units, 1,200 sq. ft. each",150,1200,"4,000/sq. mi.","$80,000",2.29,2.11,2.46,2.11–2.46,0.4,0.35,0.45,0.35–0.45,33
Grand Rapids,MI,Multifamily,"150 units, 1,200 sq. ft. each",150,1200,"4,000/sq. mi.","$80,000",2.22,1.97,2.46,1.97–2.46,0.34,0.22,0.46,0.22–0.46,34
Atlanta,GA,Multifamily,"150 units, 1,200 sq. ft. each",150,1200,"4,000/sq. mi.","$80,000",2.21,1.98,2.43,1.98–2.43,0.21,0.17,0.26,0.17–0.26,35
Reno,NV,Multifamily,"150 units, 1,200 sq. ft. each",150,1200,"4,000/sq. mi.","$80,000",2.2,1.88,2.51,1.88–2.51,0.38,0.21,0.56,0.21–0.56,36
Raleigh,NC,Multifamily,"150 units, 1,200 sq. ft. each",150,1200,"4,000/sq. mi.","$80,000",2.08,1.9,2.26,1.9–2.26,0.35,0.27,0.44,0.27–0.44,37
Sioux Falls,SD,Multifamily,"150 units, 1,200 sq. ft. each",150,1200,"4,000/sq. mi.","$80,000",2.06,1.7,2.43,1.7–2.43,0.24,0.16,0.32,0.16–0.32,38
Boise,ID,Multifamily,"150 units, 1,200 sq. ft. each",150,1200,"4,000/sq. mi.","$80,000",1.92,1.57,2.26,1.57–2.26,0.36,0.26,0.46,0.26–0.46,39
St. Paul,MN,Multifamily,"150 units, 1,200 sq. ft. each",150,1200,"4,000/sq. mi.","$80,000",1.78,1.44,2.11,1.44–2.11,0.33,0.21,0.44,0.21–0.44,40
New York,NY,Multifamily,"150 units, 1,500 sq. ft. each",150,1500,"4,000/sq. mi.","$80,000",6.14,5.84,6.44,5.84–6.44,1.5,1.36,1.65,1.36–1.65,1
Charleston,SC,Multifamily,"150 units, 1,500 sq. ft. each",150,1500,"4,000/sq. mi.","$80,000",5.58,4.06,7.09,4.06–7.09,3.64,2.35,4.92,2.35–4.92,2
Honolulu,HI,Multifamily,"150 units, 1,500 sq. ft. each",150,1500,"4,000/sq. mi.","$80,000",5.41,4.58,6.24,4.58–6.24,2.47,2.04,2.89,2.04–2.89,3
San Francisco,CA,Multifamily,"150 units, 1,500 sq. ft. each",150,1500,"4,000/sq. mi.","$80,000",5.3,4.84,5.76,4.84–5.76,1.11,0.9,1.32,0.9–1.32,4
Los Angeles,CA,Multifamily,"150 units, 1,500 sq. ft. each",150,1500,"4,000/sq. mi.","$80,000",4.81,4.56,5.06,4.56–5.06,1.59,1.46,1.72,1.46–1.72,5
Boston,MA,Multifamily,"150 units, 1,500 sq. ft. each",150,1500,"4,000/sq. mi.","$80,000",4.44,3.85,5.04,3.85–5.04,1.72,1.34,2.1,1.34–2.1,6
Miami,FL,Multifamily,"150 units, 1,500 sq. ft. each",150,1500,"4,000/sq. mi.","$80,000",4.13,3.51,4.76,3.51–4.76,1.87,1.28,2.45,1.28–2.45,7
Oakland,CA,Multifamily,"150 units, 1,500 sq. ft. each",150,1500,"4,000/sq. mi.","$80,000",4.06,3.39,4.72,3.39–4.72,0.94,0.72,1.17,0.72–1.17,8
Seattle,WA,Multifamily,"150 units, 1,500 sq. ft. each",150,1500,"4,000/sq. mi.","$80,000",4,3.61,4.39,3.61–4.39,1.17,1.02,1.32,1.02–1.32,9
Spokane,WA,Multifamily,"150 units, 1,500 sq. ft. each",150,1500,"4,000/sq. mi.","$80,000",3.74,2.12,5.35,2.12–5.35,0.19,0.12,0.27,0.12–0.27,10
Philadelphia,PA,Multifamily,"150 units, 1,500 sq. ft. each",150,1500,"4,000/sq. mi.","$80,000",3.7,3.3,4.1,3.3–4.1,0.37,0.3,0.44,0.3–0.44,11
Nashville,TN,Multifamily,"150 units, 1,500 sq. ft. each",150,1500,"4,000/sq. mi.","$80,000",3.49,2.97,4.01,2.97–4.01,1.1,0.68,1.52,0.68–1.52,12
Orlando,FL,Multifamily,"150 units, 1,500 sq. ft. each",150,1500,"4,000/sq. mi.","$80,000",3.41,3.09,3.74,3.09–3.74,1.02,0.84,1.21,0.84–1.21,13
Austin,TX,Multifamily,"150 units, 1,500 sq. ft. each",150,1500,"4,000/sq. mi.","$80,000",3.33,3.19,3.47,3.19–3.47,1,0.92,1.09,0.92–1.09,14
Sacramento,CA,Multifamily,"150 units, 1,500 sq. ft. each",150,1500,"4,000/sq. mi.","$80,000",3.22,2.58,3.86,2.58–3.86,0.93,0.62,1.24,0.62–1.24,15
Colorado Springs,CO,Multifamily,"150 units, 1,500 sq. ft. each",150,1500,"4,000/sq. mi.","$80,000",3.18,2.87,3.48,2.87–3.48,0.6,0.5,0.69,0.5–0.69,16
Portland,OR,Multifamily,"150 units, 1,500 sq. ft. each",150,1500,"4,000/sq. mi.","$80,000",3.17,2.9,3.44,2.9–3.44,1.02,0.88,1.15,0.88–1.15,17
San Diego,CA,Multifamily,"150 units, 1,500 sq. ft. each",150,1500,"4,000/sq. mi.","$80,000",3.1,2.83,3.37,2.83–3.37,0.89,0.76,1.01,0.76–1.01,18
Durham,NC,Multifamily,"150 units, 1,500 sq. ft. each",150,1500,"4,000/sq. mi.","$80,000",3,2.59,3.4,2.59–3.4,0.5,0.37,0.63,0.37–0.63,19
Louisville,KY,Multifamily,"150 units, 1,500 sq. ft. each",150,1500,"4,000/sq. mi.","$80,000",2.98,2.6,3.37,2.6–3.37,0.88,0.68,1.09,0.68–1.09,20
Jersey City,NJ,Multifamily,"150 units, 1,500 sq. ft. each",150,1500,"4,000/sq. mi.","$80,000",2.92,2.23,3.61,2.23–3.61,0.33,0.13,0.54,0.13–0.54,21
Denver,CO,Multifamily,"150 units, 1,500 sq. ft. each",150,1500,"4,000/sq. mi.","$80,000",2.92,2.75,3.09,2.75–3.09,0.67,0.57,0.77,0.57–0.77,22
Washington,DC,Multifamily,"150 units, 1,500 sq. ft. each",150,1500,"4,000/sq. mi.","$80,000",2.74,2.37,3.11,2.37–3.11,0.8,0.63,0.97,0.63–0.97,23
Cleveland,OH,Multifamily,"150 units, 1,500 sq. ft. each",150,1500,"4,000/sq. mi.","$80,000",2.66,2.18,3.15,2.18–3.15,0.77,0.54,0.99,0.54–0.99,24
Houston,TX,Multifamily,"150 units, 1,500 sq. ft. each",150,1500,"4,000/sq. mi.","$80,000",2.65,2.53,2.77,2.53–2.77,0.57,0.51,0.63,0.51–0.63,25
Tampa,FL,Multifamily,"150 units, 1,500 sq. ft. each",150,1500,"4,000/sq. mi.","$80,000",2.57,2.08,3.06,2.08–3.06,0.47,0.32,0.62,0.32–0.62,26
Cincinnati,OH,Multifamily,"150 units, 1,500 sq. ft. each",150,1500,"4,000/sq. mi.","$80,000",2.52,2.03,3.01,2.03–3.01,0.46,0.29,0.64,0.29–0.64,27
Phoenix,AZ,Multifamily,"150 units, 1,500 sq. ft. each",150,1500,"4,000/sq. mi.","$80,000",2.41,2.2,2.61,2.2–2.61,0.39,0.31,0.46,0.31–0.46,28
Jacksonville,FL,Multifamily,"150 units, 1,500 sq. ft. each",150,1500,"4,000/sq. mi.","$80,000",2.38,2.18,2.58,2.18–2.58,0.42,0.36,0.49,0.36–0.49,29
Fort Worth,TX,Multifamily,"150 units, 1,500 sq. ft. each",150,1500,"4,000/sq. mi.","$80,000",2.38,2.27,2.48,2.27–2.48,0.47,0.4,0.54,0.4–0.54,30
Indianapolis,IN,Multifamily,"150 units, 1,500 sq. ft. each",150,1500,"4,000/sq. mi.","$80,000",2.36,2.11,2.61,2.11–2.61,0.55,0.43,0.68,0.43–0.68,31
Columbus,OH,Multifamily,"150 units, 1,500 sq. ft. each",150,1500,"4,000/sq. mi.","$80,000",2.35,2.16,2.55,2.16–2.55,0.4,0.35,0.45,0.35–0.45,32
Kansas City,MO,Multifamily,"150 units, 1,500 sq. ft. each",150,1500,"4,000/sq. mi.","$80,000",2.34,1.98,2.69,1.98–2.69,0.21,0.11,0.3,0.11–0.3,33
Atlanta,GA,Multifamily,"150 units, 1,500 sq. ft. each",150,1500,"4,000/sq. mi.","$80,000",2.27,2.04,2.51,2.04–2.51,0.22,0.17,0.27,0.17–0.27,34
Reno,NV,Multifamily,"150 units, 1,500 sq. ft. each",150,1500,"4,000/sq. mi.","$80,000",2.26,1.93,2.58,1.93–2.58,0.39,0.21,0.57,0.21–0.57,35
Grand Rapids,MI,Multifamily,"150 units, 1,500 sq. ft. each",150,1500,"4,000/sq. mi.","$80,000",2.22,1.96,2.48,1.96–2.48,0.35,0.22,0.47,0.22–0.47,36
Raleigh,NC,Multifamily,"150 units, 1,500 sq. ft. each",150,1500,"4,000/sq. mi.","$80,000",2.14,1.95,2.34,1.95–2.34,0.38,0.28,0.47,0.28–0.47,37
Sioux Falls,SD,Multifamily,"150 units, 1,500 sq. ft. each",150,1500,"4,000/sq. mi.","$80,000",2.01,1.65,2.38,1.65–2.38,0.24,0.16,0.33,0.16–0.33,38
Boise,ID,Multifamily,"150 units, 1,500 sq. ft. each",150,1500,"4,000/sq. mi.","$80,000",1.93,1.57,2.29,1.57–2.29,0.36,0.26,0.45,0.26–0.45,39
St. Paul,MN,Multifamily,"150 units, 1,500 sq. ft. each",150,1500,"4,000/sq. mi.","$80,000",1.83,1.47,2.18,1.47–2.18,0.34,0.21,0.46,0.21–0.46,40
Miami,FL,Single-family,"Single-family, 1,500 sq. ft.",1,1500,"4,000/sq. mi.","$80,000",3.44,3.17,3.71,3.17–3.71,1.27,1.15,1.39,1.15–1.39,1
San Francisco,CA,Single-family,"Single-family, 1,500 sq. ft.",1,1500,"4,000/sq. mi.","$80,000",3.17,2.75,3.6,2.75–3.6,0.92,0.74,1.1,0.74–1.1,2
Philadelphia,PA,Single-family,"Single-family, 1,500 sq. ft.",1,1500,"4,000/sq. mi.","$80,000",2.75,2.45,3.05,2.45–3.05,0.22,0.16,0.27,0.16–0.27,3
Pittsburgh,PA,Single-family,"Single-family, 1,500 sq. ft.",1,1500,"4,000/sq. mi.","$80,000",2.72,2.12,3.32,2.12–3.32,1.17,0.78,1.56,0.78–1.56,4
Oakland,CA,Single-family,"Single-family, 1,500 sq. ft.",1,1500,"4,000/sq. mi.","$80,000",2.6,2.33,2.87,2.33–2.87,0.41,0.34,0.47,0.34–0.47,5
Los Angeles,CA,Single-family,"Single-family, 1,500 sq. ft.",1,1500,"4,000/sq. mi.","$80,000",2.53,2.48,2.58,2.48–2.58,0.83,0.81,0.86,0.81–0.86,6
Boston,MA,Single-family,"Single-family, 1,500 sq. ft.",1,1500,"4,000/sq. mi.","$80,000",2.5,2.08,2.92,2.08–2.92,1.24,0.89,1.58,0.89–1.58,7
New York,NY,Single-family,"Single-family, 1,500 sq. ft.",1,1500,"4,000/sq. mi.","$80,000",2.24,2.16,2.31,2.16–2.31,0.66,0.63,0.7,0.63–0.7,8
Honolulu,HI,Single-family,"Single-family, 1,500 sq. ft.",1,1500,"4,000/sq. mi.","$80,000",2.23,2.17,2.3,2.17–2.3,0.71,0.69,0.74,0.69–0.74,9
San Jose,CA,Single-family,"Single-family, 1,500 sq. ft.",1,1500,"4,000/sq. mi.","$80,000",2.19,1.68,2.71,1.68–2.71,0.37,0.16,0.57,0.16–0.57,10
Providence,RI,Single-family,"Single-family, 1,500 sq. ft.",1,1500,"4,000/sq. mi.","$80,000",2.16,1.58,2.73,1.58–2.73,0.15,0.1,0.21,0.1–0.21,11
Boulder,CO,Single-family,"Single-family, 1,500 sq. ft.",1,1500,"4,000/sq. mi.","$80,000",2.02,1.71,2.34,1.71–2.34,0.47,0.38,0.56,0.38–0.56,12
San Diego,CA,Single-family,"Single-family, 1,500 sq. ft.",1,1500,"4,000/sq. mi.","$80,000",2,1.9,2.1,1.9–2.1,0.6,0.56,0.64,0.56–0.64,13
Seattle,WA,Single-family,"Single-family, 1,500 sq. ft.",1,1500,"4,000/sq. mi.","$80,000",1.96,1.88,2.04,1.88–2.04,0.6,0.56,0.64,0.56–0.64,14
Buffalo,NY,Single-family,"Single-family, 1,500 sq. ft.",1,1500,"4,000/sq. mi.","$80,000",1.92,1.33,2.51,1.33–2.51,0.61,0.31,0.92,0.31–0.92,15
St. Paul,MN,Single-family,"Single-family, 1,500 sq. ft.",1,1500,"4,000/sq. mi.","$80,000",1.91,1.52,2.3,1.52–2.3,0.14,0.12,0.17,0.12–0.17,16
Fort Lauderdale,FL,Single-family,"Single-family, 1,500 sq. ft.",1,1500,"4,000/sq. mi.","$80,000",1.8,1.57,2.04,1.57–2.04,0.49,0.4,0.58,0.4–0.58,17
Cleveland,OH,Single-family,"Single-family, 1,500 sq. ft.",1,1500,"4,000/sq. mi.","$80,000",1.67,1.52,1.82,1.52–1.82,0.55,0.48,0.61,0.48–0.61,18
Baltimore,MD,Single-family,"Single-family, 1,500 sq. ft.",1,1500,"4,000/sq. mi.","$80,000",1.63,1.24,2.02,1.24–2.02,0.76,0.5,1.03,0.5–1.03,19
Houston,TX,Single-family,"Single-family, 1,500 sq. ft.",1,1500,"4,000/sq. mi.","$80,000",1.51,1.43,1.59,1.43–1.59,0.29,0.26,0.32,0.26–0.32,20
Anaheim,CA,Single-family,"Single-family, 1,500 sq. ft.",1,1500,"4,000/sq. mi.","$80,000",1.43,1.26,1.61,1.26–1.61,0.57,0.48,0.66,0.48–0.66,21
Albuquerque,NM,Single-family,"Single-family, 1,500 sq. ft.",1,1500,"4,000/sq. mi.","$80,000",1.42,1.33,1.51,1.33–1.51,0.09,0.08,0.1,0.08–0.1,22
Cincinnati,OH,Single-family,"Single-family, 1,500 sq. ft.",1,1500,"4,000/sq. mi.","$80,000",1.41,1.31,1.51,1.31–1.51,0.23,0.2,0.26,0.2–0.26,23
Sacramento,CA,Single-family,"Single-family, 1,500 sq. ft.",1,1500,"4,000/sq. mi.","$80,000",1.39,1.32,1.46,1.32–1.46,0.42,0.39,0.45,0.39–0.45,24
Ann Arbor,MI,Single-family,"Single-family, 1,500 sq. ft.",1,1500,"4,000/sq. mi.","$80,000",1.29,1.1,1.47,1.1–1.47,0.22,0.15,0.29,0.15–0.29,25
Atlanta,GA,Single-family,"Single-family, 1,500 sq. ft.",1,1500,"4,000/sq. mi.","$80,000",1.24,1.19,1.29,1.19–1.29,0.39,0.35,0.43,0.35–0.43,26
Sioux Falls,SD,Single-family,"Single-family, 1,500 sq. ft.",1,1500,"4,000/sq. mi.","$80,000",1.2,0.94,1.46,0.94–1.46,0.05,0.02,0.07,0.02–0.07,27
Portland,OR,Single-family,"Single-family, 1,500 sq. ft.",1,1500,"4,000/sq. mi.","$80,000",1.19,1.16,1.23,1.16–1.23,0.48,0.46,0.5,0.46–0.5,28
Austin,TX,Single-family,"Single-family, 1,500 sq. ft.",1,1500,"4,000/sq. mi.","$80,000",1.17,1.12,1.22,1.12–1.22,0.21,0.19,0.23,0.19–0.23,29
Spokane,WA,Single-family,"Single-family, 1,500 sq. ft.",1,1500,"4,000/sq. mi.","$80,000",1.09,1.02,1.17,1.02–1.17,0.08,0.07,0.08,0.07–0.08,30
Jacksonville,FL,Single-family,"Single-family, 1,500 sq. ft.",1,1500,"4,000/sq. mi.","$80,000",1.06,1.02,1.1,1.02–1.1,0.16,0.15,0.17,0.15–0.17,31
Omaha,NE,Single-family,"Single-family, 1,500 sq. ft.",1,1500,"4,000/sq. mi.","$80,000",1,0.94,1.07,0.94–1.07,0.03,0.02,0.03,0.02–0.03,32
Reno,NV,Single-family,"Single-family, 1,500 sq. ft.",1,1500,"4,000/sq. mi.","$80,000",0.96,0.8,1.12,0.8–1.12,0.34,0.21,0.46,0.21–0.46,33
New Orleans,LA,Single-family,"Single-family, 1,500 sq. ft.",1,1500,"4,000/sq. mi.","$80,000",0.91,0.87,0.95,0.87–0.95,0.11,0.1,0.12,0.1–0.12,34
Tulsa,OK,Single-family,"Single-family, 1,500 sq. ft.",1,1500,"4,000/sq. mi.","$80,000",0.91,0.81,1.01,0.81–1.01,0.08,0.07,0.1,0.07–0.1,35
Orlando,FL,Single-family,"Single-family, 1,500 sq. ft.",1,1500,"4,000/sq. mi.","$80,000",0.91,0.85,0.97,0.85–0.97,0.2,0.18,0.22,0.18–0.22,36
Denver,CO,Single-family,"Single-family, 1,500 sq. ft.",1,1500,"4,000/sq. mi.","$80,000",0.9,0.88,0.92,0.88–0.92,0.2,0.19,0.2,0.19–0.2,37
Louisville,KY,Single-family,"Single-family, 1,500 sq. ft.",1,1500,"4,000/sq. mi.","$80,000",0.82,0.78,0.87,0.78–0.87,0.03,0.03,0.04,0.03–0.04,38
Baton Rouge,LA,Single-family,"Single-family, 1,500 sq. ft.",1,1500,"4,000/sq. mi.","$80,000",0.8,0.73,0.88,0.73–0.88,0.26,0.21,0.3,0.21–0.3,39
Columbus,OH,Single-family,"Single-family, 1,500 sq. ft.",1,1500,"4,000/sq. mi.","$80,000",0.79,0.76,0.82,0.76–0.82,0.04,0.03,0.04,0.03–0.04,40
Tampa,FL,Single-family,"Single-family, 1,500 sq. ft.",1,1500,"4,000/sq. mi.","$80,000",0.76,0.72,0.8,0.72–0.8,0.18,0.17,0.19,0.17–0.19,41
San Antonio,TX,Single-family,"Single-family, 1,500 sq. ft.",1,1500,"4,000/sq. mi.","$80,000",0.75,0.73,0.78,0.73–0.78,0.07,0.06,0.07,0.06–0.07,42
Norfolk,VA,Single-family,"Single-family, 1,500 sq. ft.",1,1500,"4,000/sq. mi.","$80,000",0.75,0.68,0.81,0.68–0.81,0.17,0.13,0.21,0.13–0.21,43
Nashville,TN,Single-family,"Single-family, 1,500 sq. ft.",1,1500,"4,000/sq. mi.","$80,000",0.74,0.72,0.76,0.72–0.76,0.06,0.05,0.06,0.05–0.06,44
Durham,NC,Single-family,"Single-family, 1,500 sq. ft.",1,1500,"4,000/sq. mi.","$80,000",0.7,0.67,0.73,0.67–0.73,0.12,0.11,0.12,0.11–0.12,45
Charleston,SC,Single-family,"Single-family, 1,500 sq. ft.",1,1500,"4,000/sq. mi.","$80,000",0.67,0.63,0.7,0.63–0.7,0.09,0.08,0.1,0.08–0.1,46
Raleigh,NC,Single-family,"Single-family, 1,500 sq. ft.",1,1500,"4,000/sq. mi.","$80,000",0.66,0.63,0.69,0.63–0.69,0.14,0.13,0.15,0.13–0.15,47
Boise,ID,Single-family,"Single-family, 1,500 sq. ft.",1,1500,"4,000/sq. mi.","$80,000",0.65,0.62,0.67,0.62–0.67,0.12,0.12,0.13,0.12–0.13,48
Little Rock,AR,Single-family,"Single-family, 1,500 sq. ft.",1,1500,"4,000/sq. mi.","$80,000",0.62,0.56,0.68,0.56–0.68,0.01,0.01,0.01,0.01–0.01,49
Oklahoma City,OK,Single-family,"Single-family, 1,500 sq. ft.",1,1500,"4,000/sq. mi.","$80,000",0.62,0.61,0.63,0.61–0.63,0.03,0.03,0.03,0.03–0.03,50
Fort Worth,TX,Single-family,"Single-family, 1,500 sq. ft.",1,1500,"4,000/sq. mi.","$80,000",0.6,0.59,0.61,0.59–0.61,0.09,0.09,0.1,0.09–0.1,51
Colorado Springs,CO,Single-family,"Single-family, 1,500 sq. ft.",1,1500,"4,000/sq. mi.","$80,000",0.57,0.54,0.59,0.54–0.59,0.08,0.08,0.09,0.08–0.09,52
Mesa,AZ,Single-family,"Single-family, 1,500 sq. ft.",1,1500,"4,000/sq. mi.","$80,000",0.55,0.53,0.58,0.53–0.58,0.05,0.04,0.05,0.04–0.05,53
Wilmington,NC,Single-family,"Single-family, 1,500 sq. ft.",1,1500,"4,000/sq. mi.","$80,000",0.55,0.52,0.58,0.52–0.58,0.01,0.01,0.01,0.01–0.01,54
Phoenix,AZ,Single-family,"Single-family, 1,500 sq. ft.",1,1500,"4,000/sq. mi.","$80,000",0.5,0.49,0.51,0.49–0.51,0.05,0.04,0.05,0.04–0.05,55
El Paso,TX,Single-family,"Single-family, 1,500 sq. ft.",1,1500,"4,000/sq. mi.","$80,000",0.49,0.47,0.51,0.47–0.51,0.06,0.06,0.07,0.06–0.07,56
Indianapolis,IN,Single-family,"Single-family, 1,500 sq. ft.",1,1500,"4,000/sq. mi.","$80,000",0.42,0.39,0.45,0.39–0.45,0.01,0.01,0.02,0.01–0.02,57
Miami,FL,Single-family,"Single-family, 2,000 sq. ft.",1,2000,"4,000/sq. mi.","$80,000",3.49,3.24,3.75,3.24–3.75,1.33,1.21,1.45,1.21–1.45,1
San Francisco,CA,Single-family,"Single-family, 2,000 sq. ft.",1,2000,"4,000/sq. mi.","$80,000",3.45,3.03,3.87,3.03–3.87,1.01,0.83,1.2,0.83–1.2,2
Philadelphia,PA,Single-family,"Single-family, 2,000 sq. ft.",1,2000,"4,000/sq. mi.","$80,000",2.88,2.57,3.2,2.57–3.2,0.22,0.17,0.28,0.17–0.28,3
Pittsburgh,PA,Single-family,"Single-family, 2,000 sq. ft.",1,2000,"4,000/sq. mi.","$80,000",2.74,2.2,3.28,2.2–3.28,1.07,0.69,1.46,0.69–1.46,4
Oakland,CA,Single-family,"Single-family, 2,000 sq. ft.",1,2000,"4,000/sq. mi.","$80,000",2.73,2.46,3.01,2.46–3.01,0.43,0.37,0.49,0.37–0.49,5
Los Angeles,CA,Single-family,"Single-family, 2,000 sq. ft.",1,2000,"4,000/sq. mi.","$80,000",2.58,2.53,2.62,2.53–2.62,0.81,0.79,0.83,0.79–0.83,6
Boston,MA,Single-family,"Single-family, 2,000 sq. ft.",1,2000,"4,000/sq. mi.","$80,000",2.49,2.09,2.89,2.09–2.89,1.24,0.92,1.56,0.92–1.56,7
New York,NY,Single-family,"Single-family, 2,000 sq. ft.",1,2000,"4,000/sq. mi.","$80,000",2.37,2.3,2.45,2.3–2.45,0.67,0.64,0.71,0.64–0.71,8
Honolulu,HI,Single-family,"Single-family, 2,000 sq. ft.",1,2000,"4,000/sq. mi.","$80,000",2.18,2.12,2.25,2.12–2.25,0.7,0.67,0.72,0.67–0.72,9
San Jose,CA,Single-family,"Single-family, 2,000 sq. ft.",1,2000,"4,000/sq. mi.","$80,000",2.15,1.69,2.61,1.69–2.61,0.35,0.18,0.52,0.18–0.52,10
Providence,RI,Single-family,"Single-family, 2,000 sq. ft.",1,2000,"4,000/sq. mi.","$80,000",2.13,1.6,2.65,1.6–2.65,0.15,0.1,0.19,0.1–0.19,11
San Diego,CA,Single-family,"Single-family, 2,000 sq. ft.",1,2000,"4,000/sq. mi.","$80,000",2.05,1.95,2.15,1.95–2.15,0.63,0.59,0.67,0.59–0.67,12
Seattle,WA,Single-family,"Single-family, 2,000 sq. ft.",1,2000,"4,000/sq. mi.","$80,000",2.03,1.96,2.11,1.96–2.11,0.61,0.57,0.65,0.57–0.65,13
Boulder,CO,Single-family,"Single-family, 2,000 sq. ft.",1,2000,"4,000/sq. mi.","$80,000",2,1.75,2.26,1.75–2.26,0.47,0.4,0.55,0.4–0.55,14
St. Paul,MN,Single-family,"Single-family, 2,000 sq. ft.",1,2000,"4,000/sq. mi.","$80,000",1.96,1.64,2.29,1.64–2.29,0.16,0.13,0.19,0.13–0.19,15
Fort Lauderdale,FL,Single-family,"Single-family, 2,000 sq. ft.",1,2000,"4,000/sq. mi.","$80,000",1.91,1.71,2.12,1.71–2.12,0.51,0.43,0.59,0.43–0.59,16
Buffalo,NY,Single-family,"Single-family, 2,000 sq. ft.",1,2000,"4,000/sq. mi.","$80,000",1.79,1.28,2.3,1.28–2.3,0.54,0.28,0.79,0.28–0.79,17
Cleveland,OH,Single-family,"Single-family, 2,000 sq. ft.",1,2000,"4,000/sq. mi.","$80,000",1.68,1.53,1.83,1.53–1.83,0.57,0.51,0.64,0.51–0.64,18
Houston,TX,Single-family,"Single-family, 2,000 sq. ft.",1,2000,"4,000/sq. mi.","$80,000",1.56,1.5,1.63,1.5–1.63,0.29,0.27,0.31,0.27–0.31,19
Baltimore,MD,Single-family,"Single-family, 2,000 sq. ft.",1,2000,"4,000/sq. mi.","$80,000",1.52,1.18,1.86,1.18–1.86,0.72,0.47,0.97,0.47–0.97,20
Anaheim,CA,Single-family,"Single-family, 2,000 sq. ft.",1,2000,"4,000/sq. mi.","$80,000",1.5,1.34,1.67,1.34–1.67,0.58,0.49,0.67,0.49–0.67,21
Albuquerque,NM,Single-family,"Single-family, 2,000 sq. ft.",1,2000,"4,000/sq. mi.","$80,000",1.5,1.42,1.58,1.42–1.58,0.1,0.09,0.11,0.09–0.11,22
Cincinnati,OH,Single-family,"Single-family, 2,000 sq. ft.",1,2000,"4,000/sq. mi.","$80,000",1.46,1.37,1.54,1.37–1.54,0.23,0.2,0.25,0.2–0.25,23
Sacramento,CA,Single-family,"Single-family, 2,000 sq. ft.",1,2000,"4,000/sq. mi.","$80,000",1.42,1.35,1.49,1.35–1.49,0.42,0.39,0.45,0.39–0.45,24
Atlanta,GA,Single-family,"Single-family, 2,000 sq. ft.",1,2000,"4,000/sq. mi.","$80,000",1.3,1.25,1.36,1.25–1.36,0.39,0.36,0.43,0.36–0.43,25
Portland,OR,Single-family,"Single-family, 2,000 sq. ft.",1,2000,"4,000/sq. mi.","$80,000",1.29,1.26,1.32,1.26–1.32,0.49,0.47,0.5,0.47–0.5,26
Ann Arbor,MI,Single-family,"Single-family, 2,000 sq. ft.",1,2000,"4,000/sq. mi.","$80,000",1.27,1.09,1.45,1.09–1.45,0.2,0.14,0.26,0.14–0.26,27
Sioux Falls,SD,Single-family,"Single-family, 2,000 sq. ft.",1,2000,"4,000/sq. mi.","$80,000",1.23,0.97,1.5,0.97–1.5,0.05,0.02,0.07,0.02–0.07,28
Austin,TX,Single-family,"Single-family, 2,000 sq. ft.",1,2000,"4,000/sq. mi.","$80,000",1.23,1.19,1.28,1.19–1.28,0.22,0.21,0.24,0.21–0.24,29
Spokane,WA,Single-family,"Single-family, 2,000 sq. ft.",1,2000,"4,000/sq. mi.","$80,000",1.15,1.07,1.24,1.07–1.24,0.08,0.07,0.08,0.07–0.08,30
Reno,NV,Single-family,"Single-family, 2,000 sq. ft.",1,2000,"4,000/sq. mi.","$80,000",1.12,0.94,1.3,0.94–1.3,0.37,0.23,0.5,0.23–0.5,31
Jacksonville,FL,Single-family,"Single-family, 2,000 sq. ft.",1,2000,"4,000/sq. mi.","$80,000",1.1,1.06,1.14,1.06–1.14,0.16,0.15,0.16,0.15–0.16,32
Omaha,NE,Single-family,"Single-family, 2,000 sq. ft.",1,2000,"4,000/sq. mi.","$80,000",1,0.94,1.07,0.94–1.07,0.03,0.02,0.03,0.02–0.03,33
Orlando,FL,Single-family,"Single-family, 2,000 sq. ft.",1,2000,"4,000/sq. mi.","$80,000",1,0.95,1.05,0.95–1.05,0.21,0.19,0.23,0.19–0.23,34
New Orleans,LA,Single-family,"Single-family, 2,000 sq. ft.",1,2000,"4,000/sq. mi.","$80,000",0.97,0.94,1.01,0.94–1.01,0.12,0.11,0.13,0.11–0.13,35
Tulsa,OK,Single-family,"Single-family, 2,000 sq. ft.",1,2000,"4,000/sq. mi.","$80,000",0.96,0.87,1.05,0.87–1.05,0.09,0.07,0.1,0.07–0.1,36
Denver,CO,Single-family,"Single-family, 2,000 sq. ft.",1,2000,"4,000/sq. mi.","$80,000",0.93,0.91,0.95,0.91–0.95,0.2,0.19,0.21,0.19–0.21,37
Baton Rouge,LA,Single-family,"Single-family, 2,000 sq. ft.",1,2000,"4,000/sq. mi.","$80,000",0.89,0.81,0.97,0.81–0.97,0.25,0.21,0.29,0.21–0.29,38
Tampa,FL,Single-family,"Single-family, 2,000 sq. ft.",1,2000,"4,000/sq. mi.","$80,000",0.83,0.8,0.86,0.8–0.86,0.18,0.17,0.19,0.17–0.19,39
Nashville,TN,Single-family,"Single-family, 2,000 sq. ft.",1,2000,"4,000/sq. mi.","$80,000",0.82,0.8,0.83,0.8–0.83,0.06,0.06,0.07,0.06–0.07,40
Columbus,OH,Single-family,"Single-family, 2,000 sq. ft.",1,2000,"4,000/sq. mi.","$80,000",0.81,0.78,0.83,0.78–0.83,0.04,0.04,0.05,0.04–0.05,41
San Antonio,TX,Single-family,"Single-family, 2,000 sq. ft.",1,2000,"4,000/sq. mi.","$80,000",0.8,0.78,0.82,0.78–0.82,0.07,0.07,0.08,0.07–0.08,42
Louisville,KY,Single-family,"Single-family, 2,000 sq. ft.",1,2000,"4,000/sq. mi.","$80,000",0.79,0.75,0.83,0.75–0.83,0.03,0.03,0.04,0.03–0.04,43
Norfolk,VA,Single-family,"Single-family, 2,000 sq. ft.",1,2000,"4,000/sq. mi.","$80,000",0.76,0.71,0.81,0.71–0.81,0.17,0.14,0.2,0.14–0.2,44
Charleston,SC,Single-family,"Single-family, 2,000 sq. ft.",1,2000,"4,000/sq. mi.","$80,000",0.75,0.71,0.78,0.71–0.78,0.09,0.09,0.1,0.09–0.1,45
Little Rock,AR,Single-family,"Single-family, 2,000 sq. ft.",1,2000,"4,000/sq. mi.","$80,000",0.73,0.67,0.79,0.67–0.79,0.01,0.01,0.01,0.01–0.01,46
Raleigh,NC,Single-family,"Single-family, 2,000 sq. ft.",1,2000,"4,000/sq. mi.","$80,000",0.72,0.68,0.75,0.68–0.75,0.14,0.13,0.15,0.13–0.15,47
Durham,NC,Single-family,"Single-family, 2,000 sq. ft.",1,2000,"4,000/sq. mi.","$80,000",0.71,0.69,0.73,0.69–0.73,0.1,0.1,0.11,0.1–0.11,48
Boise,ID,Single-family,"Single-family, 2,000 sq. ft.",1,2000,"4,000/sq. mi.","$80,000",0.7,0.68,0.71,0.68–0.71,0.12,0.12,0.13,0.12–0.13,49
Oklahoma City,OK,Single-family,"Single-family, 2,000 sq. ft.",1,2000,"4,000/sq. mi.","$80,000",0.68,0.67,0.69,0.67–0.69,0.03,0.03,0.03,0.03–0.03,50
Fort Worth,TX,Single-family,"Single-family, 2,000 sq. ft.",1,2000,"4,000/sq. mi.","$80,000",0.62,0.61,0.63,0.61–0.63,0.09,0.09,0.09,0.09–0.09,51
Mesa,AZ,Single-family,"Single-family, 2,000 sq. ft.",1,2000,"4,000/sq. mi.","$80,000",0.6,0.57,0.62,0.57–0.62,0.06,0.05,0.07,0.05–0.07,52
Colorado Springs,CO,Single-family,"Single-family, 2,000 sq. ft.",1,2000,"4,000/sq. mi.","$80,000",0.58,0.56,0.6,0.56–0.6,0.08,0.07,0.08,0.07–0.08,53
Wilmington,NC,Single-family,"Single-family, 2,000 sq. ft.",1,2000,"4,000/sq. mi.","$80,000",0.57,0.55,0.59,0.55–0.59,0.01,0.01,0.01,0.01–0.01,54
Phoenix,AZ,Single-family,"Single-family, 2,000 sq. ft.",1,2000,"4,000/sq. mi.","$80,000",0.55,0.55,0.56,0.55–0.56,0.05,0.05,0.05,0.05–0.05,55
El Paso,TX,Single-family,"Single-family, 2,000 sq. ft.",1,2000,"4,000/sq. mi.","$80,000",0.55,0.53,0.56,0.53–0.56,0.07,0.06,0.07,0.06–0.07,56
Indianapolis,IN,Single-family,"Single-family, 2,000 sq. ft.",1,2000,"4,000/sq. mi.","$80,000",0.44,0.41,0.47,0.41–0.47,0.01,0.01,0.02,0.01–0.02,57
San Francisco,CA,Single-family,"Single-family, 2,800 sq. ft.",1,2800,"4,000/sq. mi.","$80,000",3.81,3.37,4.24,3.37–4.24,1.14,0.94,1.33,0.94–1.33,1
Miami,FL,Single-family,"Single-family, 2,800 sq. ft.",1,2800,"4,000/sq. mi.","$80,000",3.56,3.3,3.81,3.3–3.81,1.41,1.28,1.54,1.28–1.54,2
Philadelphia,PA,Single-family,"Single-family, 2,800 sq. ft.",1,2800,"4,000/sq. mi.","$80,000",3.05,2.73,3.37,2.73–3.37,0.23,0.18,0.29,0.18–0.29,3
Oakland,CA,Single-family,"Single-family, 2,800 sq. ft.",1,2800,"4,000/sq. mi.","$80,000",2.9,2.59,3.21,2.59–3.21,0.46,0.39,0.54,0.39–0.54,4
Pittsburgh,PA,Single-family,"Single-family, 2,800 sq. ft.",1,2800,"4,000/sq. mi.","$80,000",2.76,2.25,3.27,2.25–3.27,0.97,0.57,1.36,0.57–1.36,5
Los Angeles,CA,Single-family,"Single-family, 2,800 sq. ft.",1,2800,"4,000/sq. mi.","$80,000",2.63,2.59,2.67,2.59–2.67,0.78,0.76,0.8,0.76–0.8,6
New York,NY,Single-family,"Single-family, 2,800 sq. ft.",1,2800,"4,000/sq. mi.","$80,000",2.54,2.47,2.62,2.47–2.62,0.68,0.65,0.72,0.65–0.72,7
Boston,MA,Single-family,"Single-family, 2,800 sq. ft.",1,2800,"4,000/sq. mi.","$80,000",2.47,2.08,2.87,2.08–2.87,1.24,0.93,1.55,0.93–1.55,8
Honolulu,HI,Single-family,"Single-family, 2,800 sq. ft.",1,2800,"4,000/sq. mi.","$80,000",2.13,2.07,2.19,2.07–2.19,0.68,0.65,0.7,0.65–0.7,9
Seattle,WA,Single-family,"Single-family, 2,800 sq. ft.",1,2800,"4,000/sq. mi.","$80,000",2.12,2.05,2.19,2.05–2.19,0.63,0.59,0.66,0.59–0.66,10
San Diego,CA,Single-family,"Single-family, 2,800 sq. ft.",1,2800,"4,000/sq. mi.","$80,000",2.1,2,2.21,2–2.21,0.67,0.62,0.72,0.62–0.72,11
San Jose,CA,Single-family,"Single-family, 2,800 sq. ft.",1,2800,"4,000/sq. mi.","$80,000",2.1,1.68,2.52,1.68–2.52,0.33,0.19,0.47,0.19–0.47,12
Providence,RI,Single-family,"Single-family, 2,800 sq. ft.",1,2800,"4,000/sq. mi.","$80,000",2.1,1.55,2.64,1.55–2.64,0.14,0.09,0.18,0.09–0.18,13
Fort Lauderdale,FL,Single-family,"Single-family, 2,800 sq. ft.",1,2800,"4,000/sq. mi.","$80,000",2.05,1.88,2.23,1.88–2.23,0.53,0.46,0.61,0.46–0.61,14
St. Paul,MN,Single-family,"Single-family, 2,800 sq. ft.",1,2800,"4,000/sq. mi.","$80,000",2.03,1.74,2.32,1.74–2.32,0.18,0.16,0.21,0.16–0.21,15
Boulder,CO,Single-family,"Single-family, 2,800 sq. ft.",1,2800,"4,000/sq. mi.","$80,000",1.98,1.78,2.18,1.78–2.18,0.48,0.42,0.53,0.42–0.53,16
Cleveland,OH,Single-family,"Single-family, 2,800 sq. ft.",1,2800,"4,000/sq. mi.","$80,000",1.69,1.54,1.85,1.54–1.85,0.61,0.54,0.68,0.54–0.68,17
Buffalo,NY,Single-family,"Single-family, 2,800 sq. ft.",1,2800,"4,000/sq. mi.","$80,000",1.65,1.15,2.14,1.15–2.14,0.46,0.23,0.68,0.23–0.68,18
Houston,TX,Single-family,"Single-family, 2,800 sq. ft.",1,2800,"4,000/sq. mi.","$80,000",1.63,1.56,1.69,1.56–1.69,0.29,0.27,0.31,0.27–0.31,19
Albuquerque,NM,Single-family,"Single-family, 2,800 sq. ft.",1,2800,"4,000/sq. mi.","$80,000",1.6,1.53,1.68,1.53–1.68,0.11,0.1,0.11,0.1–0.11,20
Anaheim,CA,Single-family,"Single-family, 2,800 sq. ft.",1,2800,"4,000/sq. mi.","$80,000",1.59,1.42,1.76,1.42–1.76,0.58,0.49,0.67,0.49–0.67,21
Cincinnati,OH,Single-family,"Single-family, 2,800 sq. ft.",1,2800,"4,000/sq. mi.","$80,000",1.51,1.43,1.59,1.43–1.59,0.22,0.2,0.24,0.2–0.24,22
Sacramento,CA,Single-family,"Single-family, 2,800 sq. ft.",1,2800,"4,000/sq. mi.","$80,000",1.46,1.37,1.54,1.37–1.54,0.42,0.38,0.47,0.38–0.47,23
Portland,OR,Single-family,"Single-family, 2,800 sq. ft.",1,2800,"4,000/sq. mi.","$80,000",1.41,1.38,1.44,1.38–1.44,0.49,0.48,0.51,0.48–0.51,24
Baltimore,MD,Single-family,"Single-family, 2,800 sq. ft.",1,2800,"4,000/sq. mi.","$80,000",1.4,1.1,1.71,1.1–1.71,0.67,0.43,0.92,0.43–0.92,25
Atlanta,GA,Single-family,"Single-family, 2,800 sq. ft.",1,2800,"4,000/sq. mi.","$80,000",1.38,1.33,1.44,1.33–1.44,0.4,0.36,0.44,0.36–0.44,26
Reno,NV,Single-family,"Single-family, 2,800 sq. ft.",1,2800,"4,000/sq. mi.","$80,000",1.33,1.12,1.55,1.12–1.55,0.4,0.26,0.55,0.26–0.55,27
Austin,TX,Single-family,"Single-family, 2,800 sq. ft.",1,2800,"4,000/sq. mi.","$80,000",1.31,1.26,1.35,1.26–1.35,0.24,0.23,0.26,0.23–0.26,28
Sioux Falls,SD,Single-family,"Single-family, 2,800 sq. ft.",1,2800,"4,000/sq. mi.","$80,000",1.27,0.99,1.55,0.99–1.55,0.04,0.02,0.07,0.02–0.07,29
Ann Arbor,MI,Single-family,"Single-family, 2,800 sq. ft.",1,2800,"4,000/sq. mi.","$80,000",1.25,1.07,1.44,1.07–1.44,0.18,0.12,0.24,0.12–0.24,30
Spokane,WA,Single-family,"Single-family, 2,800 sq. ft.",1,2800,"4,000/sq. mi.","$80,000",1.23,1.13,1.33,1.13–1.33,0.08,0.07,0.09,0.07–0.09,31
Jacksonville,FL,Single-family,"Single-family, 2,800 sq. ft.",1,2800,"4,000/sq. mi.","$80,000",1.15,1.11,1.19,1.11–1.19,0.15,0.14,0.16,0.14–0.16,32
Orlando,FL,Single-family,"Single-family, 2,800 sq. ft.",1,2800,"4,000/sq. mi.","$80,000",1.12,1.07,1.17,1.07–1.17,0.23,0.21,0.25,0.21–0.25,33
New Orleans,LA,Single-family,"Single-family, 2,800 sq. ft.",1,2800,"4,000/sq. mi.","$80,000",1.04,1,1.08,1–1.08,0.13,0.12,0.15,0.12–0.15,34
Tulsa,OK,Single-family,"Single-family, 2,800 sq. ft.",1,2800,"4,000/sq. mi.","$80,000",1.03,0.94,1.11,0.94–1.11,0.09,0.08,0.1,0.08–0.1,35
Omaha,NE,Single-family,"Single-family, 2,800 sq. ft.",1,2800,"4,000/sq. mi.","$80,000",1,0.94,1.07,0.94–1.07,0.03,0.03,0.03,0.03–0.03,36
Baton Rouge,LA,Single-family,"Single-family, 2,800 sq. ft.",1,2800,"4,000/sq. mi.","$80,000",1,0.92,1.08,0.92–1.08,0.25,0.21,0.29,0.21–0.29,37
Denver,CO,Single-family,"Single-family, 2,800 sq. ft.",1,2800,"4,000/sq. mi.","$80,000",0.96,0.95,0.98,0.95–0.98,0.2,0.2,0.21,0.2–0.21,38
Tampa,FL,Single-family,"Single-family, 2,800 sq. ft.",1,2800,"4,000/sq. mi.","$80,000",0.93,0.9,0.95,0.9–0.95,0.19,0.18,0.19,0.18–0.19,39
Nashville,TN,Single-family,"Single-family, 2,800 sq. ft.",1,2800,"4,000/sq. mi.","$80,000",0.91,0.9,0.93,0.9–0.93,0.07,0.07,0.08,0.07–0.08,40
Little Rock,AR,Single-family,"Single-family, 2,800 sq. ft.",1,2800,"4,000/sq. mi.","$80,000",0.87,0.81,0.93,0.81–0.93,0.01,0.01,0.01,0.01–0.01,41
San Antonio,TX,Single-family,"Single-family, 2,800 sq. ft.",1,2800,"4,000/sq. mi.","$80,000",0.86,0.84,0.88,0.84–0.88,0.08,0.07,0.08,0.07–0.08,42
Charleston,SC,Single-family,"Single-family, 2,800 sq. ft.",1,2800,"4,000/sq. mi.","$80,000",0.85,0.82,0.88,0.82–0.88,0.1,0.09,0.11,0.09–0.11,43
Columbus,OH,Single-family,"Single-family, 2,800 sq. ft.",1,2800,"4,000/sq. mi.","$80,000",0.83,0.81,0.85,0.81–0.85,0.05,0.04,0.05,0.04–0.05,44
Raleigh,NC,Single-family,"Single-family, 2,800 sq. ft.",1,2800,"4,000/sq. mi.","$80,000",0.79,0.76,0.83,0.76–0.83,0.14,0.13,0.15,0.13–0.15,45
Norfolk,VA,Single-family,"Single-family, 2,800 sq. ft.",1,2800,"4,000/sq. mi.","$80,000",0.78,0.74,0.82,0.74–0.82,0.18,0.16,0.2,0.16–0.2,46
Boise,ID,Single-family,"Single-family, 2,800 sq. ft.",1,2800,"4,000/sq. mi.","$80,000",0.76,0.74,0.78,0.74–0.78,0.12,0.12,0.13,0.12–0.13,47
Oklahoma City,OK,Single-family,"Single-family, 2,800 sq. ft.",1,2800,"4,000/sq. mi.","$80,000",0.76,0.74,0.77,0.74–0.77,0.04,0.03,0.04,0.03–0.04,48
Louisville,KY,Single-family,"Single-family, 2,800 sq. ft.",1,2800,"4,000/sq. mi.","$80,000",0.76,0.72,0.79,0.72–0.79,0.03,0.03,0.04,0.03–0.04,49
Durham,NC,Single-family,"Single-family, 2,800 sq. ft.",1,2800,"4,000/sq. mi.","$80,000",0.72,0.7,0.74,0.7–0.74,0.09,0.09,0.09,0.09–0.09,50
Mesa,AZ,Single-family,"Single-family, 2,800 sq. ft.",1,2800,"4,000/sq. mi.","$80,000",0.65,0.63,0.67,0.63–0.67,0.08,0.07,0.09,0.07–0.09,51
Fort Worth,TX,Single-family,"Single-family, 2,800 sq. ft.",1,2800,"4,000/sq. mi.","$80,000",0.64,0.63,0.65,0.63–0.65,0.09,0.09,0.09,0.09–0.09,52
Phoenix,AZ,Single-family,"Single-family, 2,800 sq. ft.",1,2800,"4,000/sq. mi.","$80,000",0.63,0.62,0.64,0.62–0.64,0.05,0.05,0.06,0.05–0.06,53
El Paso,TX,Single-family,"Single-family, 2,800 sq. ft.",1,2800,"4,000/sq. mi.","$80,000",0.62,0.61,0.64,0.61–0.64,0.07,0.07,0.08,0.07–0.08,54
Colorado Springs,CO,Single-family,"Single-family, 2,800 sq. ft.",1,2800,"4,000/sq. mi.","$80,000",0.61,0.59,0.62,0.59–0.62,0.07,0.07,0.08,0.07–0.08,55
Wilmington,NC,Single-family,"Single-family, 2,800 sq. ft.",1,2800,"4,000/sq. mi.","$80,000",0.59,0.57,0.61,0.57–0.61,0.01,0.01,0.01,0.01–0.01,56
Indianapolis,IN,Single-family,"Single-family, 2,800 sq. ft.",1,2800,"4,000/sq. mi.","$80,000",0.46,0.43,0.5,0.43–0.5,0.01,0.01,0.02,0.01–0.02,57
San Francisco,CA,Single-family,"Single-family, 3,500 sq. ft.",1,3500,"4,000/sq. mi.","$80,000",4.07,3.61,4.52,3.61–4.52,1.22,1.02,1.43,1.02–1.43,1
Miami,FL,Single-family,"Single-family, 3,500 sq. ft.",1,3500,"4,000/sq. mi.","$80,000",3.6,3.34,3.86,3.34–3.86,1.46,1.32,1.6,1.32–1.6,2
Philadelphia,PA,Single-family,"Single-family, 3,500 sq. ft.",1,3500,"4,000/sq. mi.","$80,000",3.17,2.83,3.5,2.83–3.5,0.24,0.18,0.29,0.18–0.29,3
Oakland,CA,Single-family,"Single-family, 3,500 sq. ft.",1,3500,"4,000/sq. mi.","$80,000",3.01,2.66,3.37,2.66–3.37,0.48,0.4,0.57,0.4–0.57,4
Pittsburgh,PA,Single-family,"Single-family, 3,500 sq. ft.",1,3500,"4,000/sq. mi.","$80,000",2.78,2.26,3.29,2.26–3.29,0.9,0.49,1.31,0.49–1.31,5
Los Angeles,CA,Single-family,"Single-family, 3,500 sq. ft.",1,3500,"4,000/sq. mi.","$80,000",2.67,2.63,2.71,2.63–2.71,0.76,0.75,0.78,0.75–0.78,6
New York,NY,Single-family,"Single-family, 3,500 sq. ft.",1,3500,"4,000/sq. mi.","$80,000",2.66,2.58,2.74,2.58–2.74,0.69,0.65,0.73,0.65–0.73,7
Boston,MA,Single-family,"Single-family, 3,500 sq. ft.",1,3500,"4,000/sq. mi.","$80,000",2.46,2.06,2.86,2.06–2.86,1.24,0.93,1.56,0.93–1.56,8
Seattle,WA,Single-family,"Single-family, 3,500 sq. ft.",1,3500,"4,000/sq. mi.","$80,000",2.19,2.11,2.26,2.11–2.26,0.64,0.6,0.67,0.6–0.67,9
Fort Lauderdale,FL,Single-family,"Single-family, 3,500 sq. ft.",1,3500,"4,000/sq. mi.","$80,000",2.15,1.98,2.31,1.98–2.31,0.55,0.48,0.63,0.48–0.63,10
San Diego,CA,Single-family,"Single-family, 3,500 sq. ft.",1,3500,"4,000/sq. mi.","$80,000",2.14,2.03,2.26,2.03–2.26,0.69,0.63,0.75,0.63–0.75,11
Honolulu,HI,Single-family,"Single-family, 3,500 sq. ft.",1,3500,"4,000/sq. mi.","$80,000",2.09,2.03,2.15,2.03–2.15,0.67,0.64,0.69,0.64–0.69,12
St. Paul,MN,Single-family,"Single-family, 3,500 sq. ft.",1,3500,"4,000/sq. mi.","$80,000",2.08,1.77,2.39,1.77–2.39,0.2,0.17,0.23,0.17–0.23,13
Providence,RI,Single-family,"Single-family, 3,500 sq. ft.",1,3500,"4,000/sq. mi.","$80,000",2.08,1.48,2.67,1.48–2.67,0.13,0.09,0.18,0.09–0.18,14
San Jose,CA,Single-family,"Single-family, 3,500 sq. ft.",1,3500,"4,000/sq. mi.","$80,000",2.07,1.65,2.48,1.65–2.48,0.31,0.18,0.45,0.18–0.45,15
Boulder,CO,Single-family,"Single-family, 3,500 sq. ft.",1,3500,"4,000/sq. mi.","$80,000",1.97,1.79,2.14,1.79–2.14,0.48,0.43,0.53,0.43–0.53,16
Cleveland,OH,Single-family,"Single-family, 3,500 sq. ft.",1,3500,"4,000/sq. mi.","$80,000",1.7,1.54,1.86,1.54–1.86,0.63,0.56,0.7,0.56–0.7,17
Albuquerque,NM,Single-family,"Single-family, 3,500 sq. ft.",1,3500,"4,000/sq. mi.","$80,000",1.68,1.6,1.75,1.6–1.75,0.11,0.1,0.12,0.1–0.12,18
Houston,TX,Single-family,"Single-family, 3,500 sq. ft.",1,3500,"4,000/sq. mi.","$80,000",1.67,1.6,1.74,1.6–1.74,0.29,0.27,0.32,0.27–0.32,19
Anaheim,CA,Single-family,"Single-family, 3,500 sq. ft.",1,3500,"4,000/sq. mi.","$80,000",1.65,1.47,1.83,1.47–1.83,0.59,0.49,0.68,0.49–0.68,20
Buffalo,NY,Single-family,"Single-family, 3,500 sq. ft.",1,3500,"4,000/sq. mi.","$80,000",1.56,1.04,2.08,1.04–2.08,0.41,0.19,0.63,0.19–0.63,21
Cincinnati,OH,Single-family,"Single-family, 3,500 sq. ft.",1,3500,"4,000/sq. mi.","$80,000",1.54,1.45,1.64,1.45–1.64,0.22,0.19,0.24,0.19–0.24,22
Reno,NV,Single-family,"Single-family, 3,500 sq. ft.",1,3500,"4,000/sq. mi.","$80,000",1.5,1.26,1.74,1.26–1.74,0.43,0.28,0.58,0.28–0.58,23
Portland,OR,Single-family,"Single-family, 3,500 sq. ft.",1,3500,"4,000/sq. mi.","$80,000",1.5,1.45,1.54,1.45–1.54,0.5,0.48,0.52,0.48–0.52,24
Sacramento,CA,Single-family,"Single-family, 3,500 sq. ft.",1,3500,"4,000/sq. mi.","$80,000",1.48,1.38,1.58,1.38–1.58,0.43,0.38,0.48,0.38–0.48,25
Atlanta,GA,Single-family,"Single-family, 3,500 sq. ft.",1,3500,"4,000/sq. mi.","$80,000",1.44,1.38,1.49,1.38–1.49,0.4,0.36,0.45,0.36–0.45,26
Austin,TX,Single-family,"Single-family, 3,500 sq. ft.",1,3500,"4,000/sq. mi.","$80,000",1.36,1.31,1.41,1.31–1.41,0.26,0.24,0.28,0.24–0.28,27
Baltimore,MD,Single-family,"Single-family, 3,500 sq. ft.",1,3500,"4,000/sq. mi.","$80,000",1.33,1.04,1.62,1.04–1.62,0.65,0.4,0.89,0.4–0.89,28
Sioux Falls,SD,Single-family,"Single-family, 3,500 sq. ft.",1,3500,"4,000/sq. mi.","$80,000",1.3,1.01,1.59,1.01–1.59,0.04,0.02,0.07,0.02–0.07,29
Spokane,WA,Single-family,"Single-family, 3,500 sq. ft.",1,3500,"4,000/sq. mi.","$80,000",1.28,1.16,1.41,1.16–1.41,0.08,0.07,0.09,0.07–0.09,30
Ann Arbor,MI,Single-family,"Single-family, 3,500 sq. ft.",1,3500,"4,000/sq. mi.","$80,000",1.24,1.05,1.43,1.05–1.43,0.17,0.11,0.23,0.11–0.23,31
Orlando,FL,Single-family,"Single-family, 3,500 sq. ft.",1,3500,"4,000/sq. mi.","$80,000",1.2,1.15,1.26,1.15–1.26,0.24,0.22,0.26,0.22–0.26,32
Jacksonville,FL,Single-family,"Single-family, 3,500 sq. ft.",1,3500,"4,000/sq. mi.","$80,000",1.18,1.14,1.22,1.14–1.22,0.15,0.14,0.15,0.14–0.15,33
New Orleans,LA,Single-family,"Single-family, 3,500 sq. ft.",1,3500,"4,000/sq. mi.","$80,000",1.09,1.05,1.13,1.05–1.13,0.15,0.13,0.16,0.13–0.16,34
Baton Rouge,LA,Single-family,"Single-family, 3,500 sq. ft.",1,3500,"4,000/sq. mi.","$80,000",1.09,1,1.17,1–1.17,0.25,0.21,0.28,0.21–0.28,35
Tulsa,OK,Single-family,"Single-family, 3,500 sq. ft.",1,3500,"4,000/sq. mi.","$80,000",1.07,0.99,1.15,0.99–1.15,0.09,0.08,0.11,0.08–0.11,36
Omaha,NE,Single-family,"Single-family, 3,500 sq. ft.",1,3500,"4,000/sq. mi.","$80,000",1,0.94,1.07,0.94–1.07,0.03,0.03,0.03,0.03–0.03,37
Tampa,FL,Single-family,"Single-family, 3,500 sq. ft.",1,3500,"4,000/sq. mi.","$80,000",1,0.97,1.02,0.97–1.02,0.19,0.18,0.2,0.18–0.2,38
Denver,CO,Single-family,"Single-family, 3,500 sq. ft.",1,3500,"4,000/sq. mi.","$80,000",0.99,0.97,1.01,0.97–1.01,0.2,0.2,0.21,0.2–0.21,39
Nashville,TN,Single-family,"Single-family, 3,500 sq. ft.",1,3500,"4,000/sq. mi.","$80,000",0.99,0.97,1,0.97–1,0.08,0.08,0.08,0.08–0.08,40
Little Rock,AR,Single-family,"Single-family, 3,500 sq. ft.",1,3500,"4,000/sq. mi.","$80,000",0.98,0.91,1.05,0.91–1.05,0.01,0.01,0.01,0.01–0.01,41
Charleston,SC,Single-family,"Single-family, 3,500 sq. ft.",1,3500,"4,000/sq. mi.","$80,000",0.93,0.89,0.97,0.89–0.97,0.11,0.1,0.11,0.1–0.11,42
San Antonio,TX,Single-family,"Single-family, 3,500 sq. ft.",1,3500,"4,000/sq. mi.","$80,000",0.9,0.87,0.93,0.87–0.93,0.08,0.08,0.09,0.08–0.09,43
Columbus,OH,Single-family,"Single-family, 3,500 sq. ft.",1,3500,"4,000/sq. mi.","$80,000",0.85,0.83,0.87,0.83–0.87,0.05,0.05,0.05,0.05–0.05,44
Raleigh,NC,Single-family,"Single-family, 3,500 sq. ft.",1,3500,"4,000/sq. mi.","$80,000",0.85,0.81,0.88,0.81–0.88,0.14,0.14,0.15,0.14–0.15,45
Oklahoma City,OK,Single-family,"Single-family, 3,500 sq. ft.",1,3500,"4,000/sq. mi.","$80,000",0.81,0.79,0.83,0.79–0.83,0.04,0.04,0.04,0.04–0.04,46
Boise,ID,Single-family,"Single-family, 3,500 sq. ft.",1,3500,"4,000/sq. mi.","$80,000",0.81,0.77,0.84,0.77–0.84,0.12,0.11,0.13,0.11–0.13,47
Norfolk,VA,Single-family,"Single-family, 3,500 sq. ft.",1,3500,"4,000/sq. mi.","$80,000",0.79,0.74,0.83,0.74–0.83,0.18,0.16,0.2,0.16–0.2,48
Louisville,KY,Single-family,"Single-family, 3,500 sq. ft.",1,3500,"4,000/sq. mi.","$80,000",0.73,0.7,0.77,0.7–0.77,0.04,0.03,0.04,0.03–0.04,49
Durham,NC,Single-family,"Single-family, 3,500 sq. ft.",1,3500,"4,000/sq. mi.","$80,000",0.73,0.71,0.74,0.71–0.74,0.08,0.08,0.08,0.08–0.08,50
Mesa,AZ,Single-family,"Single-family, 3,500 sq. ft.",1,3500,"4,000/sq. mi.","$80,000",0.69,0.67,0.72,0.67–0.72,0.09,0.09,0.1,0.09–0.1,51
Phoenix,AZ,Single-family,"Single-family, 3,500 sq. ft.",1,3500,"4,000/sq. mi.","$80,000",0.69,0.68,0.7,0.68–0.7,0.06,0.05,0.06,0.05–0.06,52
El Paso,TX,Single-family,"Single-family, 3,500 sq. ft.",1,3500,"4,000/sq. mi.","$80,000",0.68,0.65,0.7,0.65–0.7,0.08,0.07,0.09,0.07–0.09,53
Fort Worth,TX,Single-family,"Single-family, 3,500 sq. ft.",1,3500,"4,000/sq. mi.","$80,000",0.66,0.65,0.67,0.65–0.67,0.09,0.08,0.09,0.08–0.09,54
Colorado Springs,CO,Single-family,"Single-family, 3,500 sq. ft.",1,3500,"4,000/sq. mi.","$80,000",0.62,0.6,0.64,0.6–0.64,0.07,0.06,0.07,0.06–0.07,55
Wilmington,NC,Single-family,"Single-family, 3,500 sq. ft.",1,3500,"4,000/sq. mi.","$80,000",0.6,0.58,0.62,0.58–0.62,0.01,0.01,0.01,0.01–0.01,56
Indianapolis,IN,Single-family,"Single-family, 3,500 sq. ft.",1,3500,"4,000/sq. mi.","$80,000",0.48,0.45,0.51,0.45–0.51,0.01,0.01,0.02,0.01–0.02,57
San Francisco,CA,Single-family,"Single-family, 4,500 sq. ft.",1,4500,"4,000/sq. mi.","$80,000",4.38,3.89,4.87,3.89–4.87,1.33,1.11,1.56,1.11–1.56,1
Miami,FL,Single-family,"Single-family, 4,500 sq. ft.",1,4500,"4,000/sq. mi.","$80,000",3.65,3.37,3.92,3.37–3.92,1.52,1.37,1.67,1.37–1.67,2
Philadelphia,PA,Single-family,"Single-family, 4,500 sq. ft.",1,4500,"4,000/sq. mi.","$80,000",3.3,2.95,3.65,2.95–3.65,0.25,0.19,0.3,0.19–0.3,3
Oakland,CA,Single-family,"Single-family, 4,500 sq. ft.",1,4500,"4,000/sq. mi.","$80,000",3.14,2.72,3.56,2.72–3.56,0.51,0.41,0.61,0.41–0.61,4
New York,NY,Single-family,"Single-family, 4,500 sq. ft.",1,4500,"4,000/sq. mi.","$80,000",2.8,2.71,2.89,2.71–2.89,0.7,0.66,0.74,0.66–0.74,5
Los Angeles,CA,Single-family,"Single-family, 4,500 sq. ft.",1,4500,"4,000/sq. mi.","$80,000",2.71,2.67,2.76,2.67–2.76,0.74,0.72,0.76,0.72–0.76,6
Boston,MA,Single-family,"Single-family, 4,500 sq. ft.",1,4500,"4,000/sq. mi.","$80,000",2.45,2.03,2.86,2.03–2.86,1.24,0.92,1.57,0.92–1.57,7
Fort Lauderdale,FL,Single-family,"Single-family, 4,500 sq. ft.",1,4500,"4,000/sq. mi.","$80,000",2.26,2.09,2.43,2.09–2.43,0.57,0.49,0.66,0.49–0.66,8
Seattle,WA,Single-family,"Single-family, 4,500 sq. ft.",1,4500,"4,000/sq. mi.","$80,000",2.26,2.18,2.34,2.18–2.34,0.65,0.61,0.69,0.61–0.69,9
San Diego,CA,Single-family,"Single-family, 4,500 sq. ft.",1,4500,"4,000/sq. mi.","$80,000",2.19,2.06,2.32,2.06–2.32,0.72,0.65,0.79,0.65–0.79,10
St. Paul,MN,Single-family,"Single-family, 4,500 sq. ft.",1,4500,"4,000/sq. mi.","$80,000",2.13,1.75,2.51,1.75–2.51,0.22,0.18,0.26,0.18–0.26,11
Providence,RI,Single-family,"Single-family, 4,500 sq. ft.",1,4500,"4,000/sq. mi.","$80,000",2.05,1.38,2.73,1.38–2.73,0.13,0.08,0.18,0.08–0.18,12
Honolulu,HI,Single-family,"Single-family, 4,500 sq. ft.",1,4500,"4,000/sq. mi.","$80,000",2.05,2,2.11,2–2.11,0.65,0.63,0.68,0.63–0.68,13
San Jose,CA,Single-family,"Single-family, 4,500 sq. ft.",1,4500,"4,000/sq. mi.","$80,000",2.03,1.6,2.46,1.6–2.46,0.3,0.16,0.43,0.16–0.43,14
Boulder,CO,Single-family,"Single-family, 4,500 sq. ft.",1,4500,"4,000/sq. mi.","$80,000",1.95,1.78,2.12,1.78–2.12,0.48,0.43,0.52,0.43–0.52,15
Albuquerque,NM,Single-family,"Single-family, 4,500 sq. ft.",1,4500,"4,000/sq. mi.","$80,000",1.76,1.67,1.85,1.67–1.85,0.12,0.11,0.13,0.11–0.13,16
Houston,TX,Single-family,"Single-family, 4,500 sq. ft.",1,4500,"4,000/sq. mi.","$80,000",1.72,1.65,1.8,1.65–1.8,0.29,0.27,0.32,0.27–0.32,17
Anaheim,CA,Single-family,"Single-family, 4,500 sq. ft.",1,4500,"4,000/sq. mi.","$80,000",1.72,1.51,1.93,1.51–1.93,0.59,0.48,0.7,0.48–0.7,18
Reno,NV,Single-family,"Single-family, 4,500 sq. ft.",1,4500,"4,000/sq. mi.","$80,000",1.71,1.43,1.99,1.43–1.99,0.46,0.3,0.63,0.3–0.63,19
Cleveland,OH,Single-family,"Single-family, 4,500 sq. ft.",1,4500,"4,000/sq. mi.","$80,000",1.71,1.54,1.88,1.54–1.88,0.66,0.58,0.74,0.58–0.74,20
Portland,OR,Single-family,"Single-family, 4,500 sq. ft.",1,4500,"4,000/sq. mi.","$80,000",1.6,1.54,1.67,1.54–1.67,0.51,0.48,0.54,0.48–0.54,21
Cincinnati,OH,Single-family,"Single-family, 4,500 sq. ft.",1,4500,"4,000/sq. mi.","$80,000",1.59,1.47,1.7,1.47–1.7,0.22,0.19,0.25,0.19–0.25,22
Sacramento,CA,Single-family,"Single-family, 4,500 sq. ft.",1,4500,"4,000/sq. mi.","$80,000",1.51,1.39,1.63,1.39–1.63,0.43,0.37,0.49,0.37–0.49,23
Atlanta,GA,Single-family,"Single-family, 4,500 sq. ft.",1,4500,"4,000/sq. mi.","$80,000",1.5,1.44,1.57,1.44–1.57,0.41,0.36,0.45,0.36–0.45,24
Buffalo,NY,Single-family,"Single-family, 4,500 sq. ft.",1,4500,"4,000/sq. mi.","$80,000",1.46,0.9,2.03,0.9–2.03,0.36,0.14,0.59,0.14–0.59,25
Austin,TX,Single-family,"Single-family, 4,500 sq. ft.",1,4500,"4,000/sq. mi.","$80,000",1.42,1.36,1.47,1.36–1.47,0.27,0.25,0.29,0.25–0.29,26
Spokane,WA,Single-family,"Single-family, 4,500 sq. ft.",1,4500,"4,000/sq. mi.","$80,000",1.35,1.19,1.5,1.19–1.5,0.08,0.07,0.09,0.07–0.09,27
Sioux Falls,SD,Single-family,"Single-family, 4,500 sq. ft.",1,4500,"4,000/sq. mi.","$80,000",1.33,1.03,1.63,1.03–1.63,0.04,0.02,0.07,0.02–0.07,28
Orlando,FL,Single-family,"Single-family, 4,500 sq. ft.",1,4500,"4,000/sq. mi.","$80,000",1.31,1.25,1.37,1.25–1.37,0.26,0.24,0.28,0.24–0.28,29
Baltimore,MD,Single-family,"Single-family, 4,500 sq. ft.",1,4500,"4,000/sq. mi.","$80,000",1.25,0.97,1.53,0.97–1.53,0.61,0.37,0.86,0.37–0.86,30
Ann Arbor,MI,Single-family,"Single-family, 4,500 sq. ft.",1,4500,"4,000/sq. mi.","$80,000",1.23,1.02,1.43,1.02–1.43,0.16,0.09,0.23,0.09–0.23,31
Jacksonville,FL,Single-family,"Single-family, 4,500 sq. ft.",1,4500,"4,000/sq. mi.","$80,000",1.22,1.17,1.27,1.17–1.27,0.14,0.14,0.15,0.14–0.15,32
Baton Rouge,LA,Single-family,"Single-family, 4,500 sq. ft.",1,4500,"4,000/sq. mi.","$80,000",1.19,1.1,1.28,1.1–1.28,0.25,0.21,0.28,0.21–0.28,33
New Orleans,LA,Single-family,"Single-family, 4,500 sq. ft.",1,4500,"4,000/sq. mi.","$80,000",1.15,1.09,1.2,1.09–1.2,0.16,0.14,0.18,0.14–0.18,34
Tulsa,OK,Single-family,"Single-family, 4,500 sq. ft.",1,4500,"4,000/sq. mi.","$80,000",1.12,1.04,1.2,1.04–1.2,0.1,0.08,0.11,0.08–0.11,35
Little Rock,AR,Single-family,"Single-family, 4,500 sq. ft.",1,4500,"4,000/sq. mi.","$80,000",1.12,1.03,1.21,1.03–1.21,0.01,0.01,0.01,0.01–0.01,36
Tampa,FL,Single-family,"Single-family, 4,500 sq. ft.",1,4500,"4,000/sq. mi.","$80,000",1.08,1.05,1.11,1.05–1.11,0.19,0.18,0.2,0.18–0.2,37
Nashville,TN,Single-family,"Single-family, 4,500 sq. ft.",1,4500,"4,000/sq. mi.","$80,000",1.07,1.05,1.1,1.05–1.1,0.09,0.08,0.09,0.08–0.09,38
Charleston,SC,Single-family,"Single-family, 4,500 sq. ft.",1,4500,"4,000/sq. mi.","$80,000",1.02,0.97,1.08,0.97–1.08,0.11,0.1,0.12,0.1–0.12,39
Denver,CO,Single-family,"Single-family, 4,500 sq. ft.",1,4500,"4,000/sq. mi.","$80,000",1.01,1,1.03,1–1.03,0.21,0.2,0.22,0.2–0.22,40
Omaha,NE,Single-family,"Single-family, 4,500 sq. ft.",1,4500,"4,000/sq. mi.","$80,000",1,0.94,1.07,0.94–1.07,0.03,0.03,0.04,0.03–0.04,41
San Antonio,TX,Single-family,"Single-family, 4,500 sq. ft.",1,4500,"4,000/sq. mi.","$80,000",0.95,0.92,0.98,0.92–0.98,0.09,0.08,0.09,0.08–0.09,42
Raleigh,NC,Single-family,"Single-family, 4,500 sq. ft.",1,4500,"4,000/sq. mi.","$80,000",0.91,0.87,0.95,0.87–0.95,0.15,0.14,0.16,0.14–0.16,43
Oklahoma City,OK,Single-family,"Single-family, 4,500 sq. ft.",1,4500,"4,000/sq. mi.","$80,000",0.88,0.85,0.9,0.85–0.9,0.04,0.04,0.05,0.04–0.05,44
Columbus,OH,Single-family,"Single-family, 4,500 sq. ft.",1,4500,"4,000/sq. mi.","$80,000",0.86,0.84,0.89,0.84–0.89,0.06,0.05,0.06,0.05–0.06,45
Boise,ID,Single-family,"Single-family, 4,500 sq. ft.",1,4500,"4,000/sq. mi.","$80,000",0.86,0.81,0.91,0.81–0.91,0.12,0.11,0.13,0.11–0.13,46
Norfolk,VA,Single-family,"Single-family, 4,500 sq. ft.",1,4500,"4,000/sq. mi.","$80,000",0.8,0.74,0.86,0.74–0.86,0.18,0.16,0.21,0.16–0.21,47
Phoenix,AZ,Single-family,"Single-family, 4,500 sq. ft.",1,4500,"4,000/sq. mi.","$80,000",0.76,0.75,0.77,0.75–0.77,0.06,0.06,0.06,0.06–0.06,48
El Paso,TX,Single-family,"Single-family, 4,500 sq. ft.",1,4500,"4,000/sq. mi.","$80,000",0.74,0.7,0.79,0.7–0.79,0.08,0.07,0.1,0.07–0.1,49
Mesa,AZ,Single-family,"Single-family, 4,500 sq. ft.",1,4500,"4,000/sq. mi.","$80,000",0.74,0.71,0.77,0.71–0.77,0.12,0.1,0.13,0.1–0.13,50
Durham,NC,Single-family,"Single-family, 4,500 sq. ft.",1,4500,"4,000/sq. mi.","$80,000",0.74,0.71,0.76,0.71–0.76,0.07,0.07,0.08,0.07–0.08,51
Louisville,KY,Single-family,"Single-family, 4,500 sq. ft.",1,4500,"4,000/sq. mi.","$80,000",0.71,0.67,0.74,0.67–0.74,0.04,0.03,0.04,0.03–0.04,52
Fort Worth,TX,Single-family,"Single-family, 4,500 sq. ft.",1,4500,"4,000/sq. mi.","$80,000",0.68,0.66,0.69,0.66–0.69,0.08,0.08,0.09,0.08–0.09,53
Colorado Springs,CO,Single-family,"Single-family, 4,500 sq. ft.",1,4500,"4,000/sq. mi.","$80,000",0.64,0.62,0.66,0.62–0.66,0.06,0.06,0.07,0.06–0.07,54
Wilmington,NC,Single-family,"Single-family, 4,500 sq. ft.",1,4500,"4,000/sq. mi.","$80,000",0.62,0.59,0.64,0.59–0.64,0.01,0.01,0.01,0.01–0.01,55
Indianapolis,IN,Single-family,"Single-family, 4,500 sq. ft.",1,4500,"4,000/sq. mi.","$80,000",0.5,0.47,0.54,0.47–0.54,0.01,0.01,0.02,0.01–0.02,56
