City,State,Housing type,Project,Units,Sq. ft. per unit,Neighborhood,Total duration (years),Total duration low,Total duration high,Total duration 95% CI,Permitting duration (years),Permitting low,Permitting high,Permitting 95% CI,Rank (longest first)
San Francisco,CA,Duplex/triplex,"2 units, 800 sq. ft. each",2,800,"Low-density suburb (1,000/sq. mi.)",6.4,4.69,8.11,4.69–8.11,2.54,1.58,3.49,1.58–3.49,1
Phoenix,AZ,Duplex/triplex,"2 units, 800 sq. ft. each",2,800,"Low-density suburb (1,000/sq. mi.)",3.52,3.26,3.77,3.26–3.77,2.25,1.95,2.55,1.95–2.55,2
Philadelphia,PA,Duplex/triplex,"2 units, 800 sq. ft. each",2,800,"Low-density suburb (1,000/sq. mi.)",3.27,2.8,3.75,2.8–3.75,0.19,0.15,0.24,0.15–0.24,3
Washington,DC,Duplex/triplex,"2 units, 800 sq. ft. each",2,800,"Low-density suburb (1,000/sq. mi.)",3.17,2.14,4.21,2.14–4.21,1.08,0.58,1.57,0.58–1.57,4
Miami,FL,Duplex/triplex,"2 units, 800 sq. ft. each",2,800,"Low-density suburb (1,000/sq. mi.)",3.14,2.24,4.05,2.24–4.05,1.34,0.93,1.75,0.93–1.75,5
Los Angeles,CA,Duplex/triplex,"2 units, 800 sq. ft. each",2,800,"Low-density suburb (1,000/sq. mi.)",2.94,2.61,3.27,2.61–3.27,1.19,1,1.38,1–1.38,6
Honolulu,HI,Duplex/triplex,"2 units, 800 sq. ft. each",2,800,"Low-density suburb (1,000/sq. mi.)",2.86,2.59,3.14,2.59–3.14,1.17,1,1.35,1–1.35,7
Oakland,CA,Duplex/triplex,"2 units, 800 sq. ft. each",2,800,"Low-density suburb (1,000/sq. mi.)",2.74,1.76,3.73,1.76–3.73,0.37,0.16,0.59,0.16–0.59,8
New York,NY,Duplex/triplex,"2 units, 800 sq. ft. each",2,800,"Low-density suburb (1,000/sq. mi.)",2.72,2.61,2.84,2.61–2.84,0.78,0.72,0.84,0.72–0.84,9
Durham,NC,Duplex/triplex,"2 units, 800 sq. ft. each",2,800,"Low-density suburb (1,000/sq. mi.)",2.56,1.65,3.47,1.65–3.47,0.08,0.06,0.11,0.06–0.11,10
Seattle,WA,Duplex/triplex,"2 units, 800 sq. ft. each",2,800,"Low-density suburb (1,000/sq. mi.)",2.54,2.32,2.76,2.32–2.76,0.75,0.66,0.84,0.66–0.84,11
Boston,MA,Duplex/triplex,"2 units, 800 sq. ft. each",2,800,"Low-density suburb (1,000/sq. mi.)",2.34,1.95,2.72,1.95–2.72,0.99,0.72,1.26,0.72–1.26,12
Providence,RI,Duplex/triplex,"2 units, 800 sq. ft. each",2,800,"Low-density suburb (1,000/sq. mi.)",2.06,1.36,2.76,1.36–2.76,0.08,0.02,0.13,0.02–0.13,13
Houston,TX,Duplex/triplex,"2 units, 800 sq. ft. each",2,800,"Low-density suburb (1,000/sq. mi.)",2.03,1.68,2.38,1.68–2.38,0.31,0.15,0.46,0.15–0.46,14
Boise,ID,Duplex/triplex,"2 units, 800 sq. ft. each",2,800,"Low-density suburb (1,000/sq. mi.)",1.99,1.44,2.55,1.44–2.55,0.57,0.37,0.77,0.37–0.77,15
Louisville,KY,Duplex/triplex,"2 units, 800 sq. ft. each",2,800,"Low-density suburb (1,000/sq. mi.)",1.9,1.4,2.4,1.4–2.4,0.26,0.12,0.39,0.12–0.39,16
San Diego,CA,Duplex/triplex,"2 units, 800 sq. ft. each",2,800,"Low-density suburb (1,000/sq. mi.)",1.78,1.51,2.06,1.51–2.06,0.48,0.36,0.59,0.36–0.59,17
Tulsa,OK,Duplex/triplex,"2 units, 800 sq. ft. each",2,800,"Low-density suburb (1,000/sq. mi.)",1.73,1.24,2.22,1.24–2.22,0.8,0.51,1.09,0.51–1.09,18
Portland,OR,Duplex/triplex,"2 units, 800 sq. ft. each",2,800,"Low-density suburb (1,000/sq. mi.)",1.64,1.51,1.77,1.51–1.77,0.61,0.54,0.68,0.54–0.68,19
Boulder,CO,Duplex/triplex,"2 units, 800 sq. ft. each",2,800,"Low-density suburb (1,000/sq. mi.)",1.61,1.18,2.05,1.18–2.05,0.56,0.31,0.8,0.31–0.8,20
Albuquerque,NM,Duplex/triplex,"2 units, 800 sq. ft. each",2,800,"Low-density suburb (1,000/sq. mi.)",1.56,0.87,2.25,0.87–2.25,0.2,0.05,0.35,0.05–0.35,21
Atlanta,GA,Duplex/triplex,"2 units, 800 sq. ft. each",2,800,"Low-density suburb (1,000/sq. mi.)",1.52,1.24,1.8,1.24–1.8,0.42,0.25,0.6,0.25–0.6,22
New Orleans,LA,Duplex/triplex,"2 units, 800 sq. ft. each",2,800,"Low-density suburb (1,000/sq. mi.)",1.47,1.21,1.72,1.21–1.72,0.19,0.14,0.24,0.14–0.24,23
Austin,TX,Duplex/triplex,"2 units, 800 sq. ft. each",2,800,"Low-density suburb (1,000/sq. mi.)",1.47,1.36,1.57,1.36–1.57,0.26,0.22,0.29,0.22–0.29,24
Jacksonville,FL,Duplex/triplex,"2 units, 800 sq. ft. each",2,800,"Low-density suburb (1,000/sq. mi.)",1.44,1.28,1.59,1.28–1.59,0.31,0.25,0.37,0.25–0.37,25
Colorado Springs,CO,Duplex/triplex,"2 units, 800 sq. ft. each",2,800,"Low-density suburb (1,000/sq. mi.)",1.1,0.95,1.25,0.95–1.25,0.11,0.07,0.14,0.07–0.14,26
Columbus,OH,Duplex/triplex,"2 units, 800 sq. ft. each",2,800,"Low-density suburb (1,000/sq. mi.)",1.08,0.93,1.22,0.93–1.22,0.09,0.06,0.12,0.06–0.12,27
Tampa,FL,Duplex/triplex,"2 units, 800 sq. ft. each",2,800,"Low-density suburb (1,000/sq. mi.)",1.08,0.79,1.36,0.79–1.36,0.28,0.18,0.38,0.18–0.38,28
Baton Rouge,LA,Duplex/triplex,"2 units, 800 sq. ft. each",2,800,"Low-density suburb (1,000/sq. mi.)",1.03,0.83,1.23,0.83–1.23,0.18,0.12,0.24,0.12–0.24,29
Fort Worth,TX,Duplex/triplex,"2 units, 800 sq. ft. each",2,800,"Low-density suburb (1,000/sq. mi.)",1.01,0.9,1.12,0.9–1.12,0.13,0.09,0.16,0.09–0.16,30
Nashville,TN,Duplex/triplex,"2 units, 800 sq. ft. each",2,800,"Low-density suburb (1,000/sq. mi.)",0.98,0.76,1.21,0.76–1.21,0.11,0.06,0.16,0.06–0.16,31
Orlando,FL,Duplex/triplex,"2 units, 800 sq. ft. each",2,800,"Low-density suburb (1,000/sq. mi.)",0.95,0.87,1.04,0.87–1.04,0.28,0.23,0.32,0.23–0.32,32
San Antonio,TX,Duplex/triplex,"2 units, 800 sq. ft. each",2,800,"Low-density suburb (1,000/sq. mi.)",0.9,0.71,1.09,0.71–1.09,0.05,0.02,0.07,0.02–0.07,33
El Paso,TX,Duplex/triplex,"2 units, 800 sq. ft. each",2,800,"Low-density suburb (1,000/sq. mi.)",0.88,0.72,1.03,0.72–1.03,0.09,0.04,0.14,0.04–0.14,34
Oklahoma City,OK,Duplex/triplex,"2 units, 800 sq. ft. each",2,800,"Low-density suburb (1,000/sq. mi.)",0.84,0.75,0.93,0.75–0.93,0.05,0.03,0.07,0.03–0.07,35
Denver,CO,Duplex/triplex,"2 units, 800 sq. ft. each",2,800,"Low-density suburb (1,000/sq. mi.)",0.61,0.45,0.78,0.45–0.78,0.11,0.01,0.22,0.01–0.22,36
Wilmington,NC,Duplex/triplex,"2 units, 800 sq. ft. each",2,800,"Low-density suburb (1,000/sq. mi.)",0.51,0.48,0.53,0.48–0.53,0,0,0,0–0,37
San Francisco,CA,Duplex/triplex,"2 units, 800 sq. ft. each",2,800,"City neighborhood (4,000/sq. mi.)",4.24,3.42,5.06,3.42–5.06,1.55,1.12,1.98,1.12–1.98,1
Jersey City,NJ,Duplex/triplex,"2 units, 800 sq. ft. each",2,800,"City neighborhood (4,000/sq. mi.)",3.95,2.29,5.6,2.29–5.6,0.33,0.12,0.53,0.12–0.53,2
Miami,FL,Duplex/triplex,"2 units, 800 sq. ft. each",2,800,"City neighborhood (4,000/sq. mi.)",3.7,2.97,4.42,2.97–4.42,1.28,1.01,1.56,1.01–1.56,3
Phoenix,AZ,Duplex/triplex,"2 units, 800 sq. ft. each",2,800,"City neighborhood (4,000/sq. mi.)",3.38,3.14,3.61,3.14–3.61,1.85,1.63,2.07,1.63–2.07,4
Tulsa,OK,Duplex/triplex,"2 units, 800 sq. ft. each",2,800,"City neighborhood (4,000/sq. mi.)",3.33,2.36,4.3,2.36–4.3,1.08,0.74,1.42,0.74–1.42,5
Philadelphia,PA,Duplex/triplex,"2 units, 800 sq. ft. each",2,800,"City neighborhood (4,000/sq. mi.)",2.96,2.7,3.21,2.7–3.21,0.21,0.18,0.24,0.18–0.24,6
Oakland,CA,Duplex/triplex,"2 units, 800 sq. ft. each",2,800,"City neighborhood (4,000/sq. mi.)",2.84,2.23,3.45,2.23–3.45,0.47,0.29,0.65,0.29–0.65,7
Washington,DC,Duplex/triplex,"2 units, 800 sq. ft. each",2,800,"City neighborhood (4,000/sq. mi.)",2.83,2.22,3.43,2.22–3.43,1,0.74,1.26,0.74–1.26,8
New York,NY,Duplex/triplex,"2 units, 800 sq. ft. each",2,800,"City neighborhood (4,000/sq. mi.)",2.79,2.69,2.88,2.69–2.88,0.82,0.78,0.87,0.78–0.87,9
Fort Lauderdale,FL,Duplex/triplex,"2 units, 800 sq. ft. each",2,800,"City neighborhood (4,000/sq. mi.)",2.71,2.15,3.27,2.15–3.27,1.11,0.8,1.42,0.8–1.42,10
Los Angeles,CA,Duplex/triplex,"2 units, 800 sq. ft. each",2,800,"City neighborhood (4,000/sq. mi.)",2.65,2.44,2.85,2.44–2.85,0.91,0.81,1,0.81–1,11
Boston,MA,Duplex/triplex,"2 units, 800 sq. ft. each",2,800,"City neighborhood (4,000/sq. mi.)",2.52,2.21,2.84,2.21–2.84,1.07,0.87,1.28,0.87–1.28,12
Honolulu,HI,Duplex/triplex,"2 units, 800 sq. ft. each",2,800,"City neighborhood (4,000/sq. mi.)",2.5,2.28,2.71,2.28–2.71,1.01,0.89,1.13,0.89–1.13,13
Seattle,WA,Duplex/triplex,"2 units, 800 sq. ft. each",2,800,"City neighborhood (4,000/sq. mi.)",2.26,2.15,2.38,2.15–2.38,0.68,0.63,0.73,0.63–0.73,14
Cleveland,OH,Duplex/triplex,"2 units, 800 sq. ft. each",2,800,"City neighborhood (4,000/sq. mi.)",2.16,1.6,2.72,1.6–2.72,0.51,0.32,0.7,0.32–0.7,15
Boise,ID,Duplex/triplex,"2 units, 800 sq. ft. each",2,800,"City neighborhood (4,000/sq. mi.)",2.12,1.29,2.94,1.29–2.94,0.44,0.23,0.65,0.23–0.65,16
Louisville,KY,Duplex/triplex,"2 units, 800 sq. ft. each",2,800,"City neighborhood (4,000/sq. mi.)",2.06,1.35,2.77,1.35–2.77,0.25,0.12,0.38,0.12–0.38,17
San Diego,CA,Duplex/triplex,"2 units, 800 sq. ft. each",2,800,"City neighborhood (4,000/sq. mi.)",1.94,1.72,2.16,1.72–2.16,0.59,0.49,0.68,0.49–0.68,18
Albuquerque,NM,Duplex/triplex,"2 units, 800 sq. ft. each",2,800,"City neighborhood (4,000/sq. mi.)",1.84,1.07,2.61,1.07–2.61,0.18,0.07,0.29,0.07–0.29,19
Jacksonville,FL,Duplex/triplex,"2 units, 800 sq. ft. each",2,800,"City neighborhood (4,000/sq. mi.)",1.82,1.59,2.06,1.59–2.06,0.47,0.37,0.58,0.37–0.58,20
Providence,RI,Duplex/triplex,"2 units, 800 sq. ft. each",2,800,"City neighborhood (4,000/sq. mi.)",1.77,1.33,2.21,1.33–2.21,0.1,0.05,0.14,0.05–0.14,21
Houston,TX,Duplex/triplex,"2 units, 800 sq. ft. each",2,800,"City neighborhood (4,000/sq. mi.)",1.72,1.46,1.97,1.46–1.97,0.27,0.18,0.36,0.18–0.36,22
Boulder,CO,Duplex/triplex,"2 units, 800 sq. ft. each",2,800,"City neighborhood (4,000/sq. mi.)",1.71,1.41,2,1.41–2,0.75,0.46,1.05,0.46–1.05,23
Durham,NC,Duplex/triplex,"2 units, 800 sq. ft. each",2,800,"City neighborhood (4,000/sq. mi.)",1.67,1.21,2.12,1.21–2.12,0.17,0.13,0.21,0.13–0.21,24
Sacramento,CA,Duplex/triplex,"2 units, 800 sq. ft. each",2,800,"City neighborhood (4,000/sq. mi.)",1.61,1.37,1.86,1.37–1.86,0.36,0.24,0.49,0.24–0.49,25
Portland,OR,Duplex/triplex,"2 units, 800 sq. ft. each",2,800,"City neighborhood (4,000/sq. mi.)",1.53,1.45,1.61,1.45–1.61,0.55,0.51,0.6,0.51–0.6,26
Atlanta,GA,Duplex/triplex,"2 units, 800 sq. ft. each",2,800,"City neighborhood (4,000/sq. mi.)",1.5,1.31,1.68,1.31–1.68,0.35,0.26,0.44,0.26–0.44,27
Austin,TX,Duplex/triplex,"2 units, 800 sq. ft. each",2,800,"City neighborhood (4,000/sq. mi.)",1.43,1.35,1.52,1.35–1.52,0.3,0.27,0.33,0.27–0.33,28
Columbus,OH,Duplex/triplex,"2 units, 800 sq. ft. each",2,800,"City neighborhood (4,000/sq. mi.)",1.25,1.1,1.4,1.1–1.4,0.09,0.07,0.12,0.07–0.12,29
Tampa,FL,Duplex/triplex,"2 units, 800 sq. ft. each",2,800,"City neighborhood (4,000/sq. mi.)",1.23,1.01,1.46,1.01–1.46,0.34,0.24,0.43,0.24–0.43,30
Reno,NV,Duplex/triplex,"2 units, 800 sq. ft. each",2,800,"City neighborhood (4,000/sq. mi.)",1.23,0.98,1.49,0.98–1.49,0.37,0.2,0.54,0.2–0.54,31
San Antonio,TX,Duplex/triplex,"2 units, 800 sq. ft. each",2,800,"City neighborhood (4,000/sq. mi.)",1.21,0.98,1.44,0.98–1.44,0.13,0.08,0.17,0.08–0.17,32
Nashville,TN,Duplex/triplex,"2 units, 800 sq. ft. each",2,800,"City neighborhood (4,000/sq. mi.)",1.21,0.96,1.46,0.96–1.46,0.14,0.09,0.2,0.09–0.2,33
Colorado Springs,CO,Duplex/triplex,"2 units, 800 sq. ft. each",2,800,"City neighborhood (4,000/sq. mi.)",1.2,1.05,1.34,1.05–1.34,0.12,0.08,0.16,0.08–0.16,34
Fort Worth,TX,Duplex/triplex,"2 units, 800 sq. ft. each",2,800,"City neighborhood (4,000/sq. mi.)",1.13,1.02,1.24,1.02–1.24,0.12,0.09,0.15,0.09–0.15,35
Baton Rouge,LA,Duplex/triplex,"2 units, 800 sq. ft. each",2,800,"City neighborhood (4,000/sq. mi.)",1.13,0.95,1.3,0.95–1.3,0.32,0.23,0.4,0.23–0.4,36
Denver,CO,Duplex/triplex,"2 units, 800 sq. ft. each",2,800,"City neighborhood (4,000/sq. mi.)",1.08,0.98,1.19,0.98–1.19,0.2,0.12,0.28,0.12–0.28,37
Orlando,FL,Duplex/triplex,"2 units, 800 sq. ft. each",2,800,"City neighborhood (4,000/sq. mi.)",1.07,0.96,1.19,0.96–1.19,0.24,0.18,0.31,0.18–0.31,38
New Orleans,LA,Duplex/triplex,"2 units, 800 sq. ft. each",2,800,"City neighborhood (4,000/sq. mi.)",1.06,0.92,1.2,0.92–1.2,0.16,0.12,0.19,0.12–0.19,39
El Paso,TX,Duplex/triplex,"2 units, 800 sq. ft. each",2,800,"City neighborhood (4,000/sq. mi.)",0.82,0.67,0.98,0.67–0.98,0.12,0.05,0.19,0.05–0.19,40
Oklahoma City,OK,Duplex/triplex,"2 units, 800 sq. ft. each",2,800,"City neighborhood (4,000/sq. mi.)",0.76,0.68,0.85,0.68–0.85,0.05,0.03,0.07,0.03–0.07,41
Wilmington,NC,Duplex/triplex,"2 units, 800 sq. ft. each",2,800,"City neighborhood (4,000/sq. mi.)",0.52,0.49,0.55,0.49–0.55,0,0,0,0–0,42
Tulsa,OK,Duplex/triplex,"2 units, 800 sq. ft. each",2,800,"Dense city neighborhood (10,000/sq. mi.)",5.14,2.82,7.46,2.82–7.46,1.31,0.68,1.95,0.68–1.95,1
Miami,FL,Duplex/triplex,"2 units, 800 sq. ft. each",2,800,"Dense city neighborhood (10,000/sq. mi.)",4.12,3.4,4.83,3.4–4.83,1.25,1,1.5,1–1.5,2
Phoenix,AZ,Duplex/triplex,"2 units, 800 sq. ft. each",2,800,"Dense city neighborhood (10,000/sq. mi.)",3.29,3.05,3.52,3.05–3.52,1.62,1.41,1.83,1.41–1.83,3
Jersey City,NJ,Duplex/triplex,"2 units, 800 sq. ft. each",2,800,"Dense city neighborhood (10,000/sq. mi.)",3.26,2.34,4.18,2.34–4.18,0.29,0.16,0.41,0.16–0.41,4
San Francisco,CA,Duplex/triplex,"2 units, 800 sq. ft. each",2,800,"Dense city neighborhood (10,000/sq. mi.)",3.23,2.7,3.75,2.7–3.75,1.12,0.86,1.38,0.86–1.38,5
Oakland,CA,Duplex/triplex,"2 units, 800 sq. ft. each",2,800,"Dense city neighborhood (10,000/sq. mi.)",2.91,2.41,3.41,2.41–3.41,0.54,0.37,0.72,0.37–0.72,6
New York,NY,Duplex/triplex,"2 units, 800 sq. ft. each",2,800,"Dense city neighborhood (10,000/sq. mi.)",2.83,2.74,2.92,2.74–2.92,0.85,0.81,0.89,0.81–0.89,7
Philadelphia,PA,Duplex/triplex,"2 units, 800 sq. ft. each",2,800,"Dense city neighborhood (10,000/sq. mi.)",2.76,2.62,2.91,2.62–2.91,0.22,0.2,0.24,0.2–0.24,8
Boston,MA,Duplex/triplex,"2 units, 800 sq. ft. each",2,800,"Dense city neighborhood (10,000/sq. mi.)",2.65,2.36,2.94,2.36–2.94,1.13,0.95,1.31,0.95–1.31,9
Washington,DC,Duplex/triplex,"2 units, 800 sq. ft. each",2,800,"Dense city neighborhood (10,000/sq. mi.)",2.62,2.18,3.06,2.18–3.06,0.95,0.8,1.1,0.8–1.1,10
Los Angeles,CA,Duplex/triplex,"2 units, 800 sq. ft. each",2,800,"Dense city neighborhood (10,000/sq. mi.)",2.47,2.29,2.64,2.29–2.64,0.76,0.69,0.83,0.69–0.83,11
Fort Lauderdale,FL,Duplex/triplex,"2 units, 800 sq. ft. each",2,800,"Dense city neighborhood (10,000/sq. mi.)",2.36,1.67,3.05,1.67–3.05,0.79,0.54,1.05,0.54–1.05,12
Honolulu,HI,Duplex/triplex,"2 units, 800 sq. ft. each",2,800,"Dense city neighborhood (10,000/sq. mi.)",2.28,2.07,2.49,2.07–2.49,0.91,0.8,1.02,0.8–1.02,13
Cleveland,OH,Duplex/triplex,"2 units, 800 sq. ft. each",2,800,"Dense city neighborhood (10,000/sq. mi.)",2.22,1.57,2.88,1.57–2.88,0.63,0.45,0.8,0.45–0.8,14
Louisville,KY,Duplex/triplex,"2 units, 800 sq. ft. each",2,800,"Dense city neighborhood (10,000/sq. mi.)",2.17,1.23,3.1,1.23–3.1,0.25,0.11,0.38,0.11–0.38,15
Jacksonville,FL,Duplex/triplex,"2 units, 800 sq. ft. each",2,800,"Dense city neighborhood (10,000/sq. mi.)",2.14,1.83,2.45,1.83–2.45,0.62,0.48,0.77,0.48–0.77,16
Seattle,WA,Duplex/triplex,"2 units, 800 sq. ft. each",2,800,"Dense city neighborhood (10,000/sq. mi.)",2.1,2.01,2.18,2.01–2.18,0.63,0.6,0.67,0.6–0.67,17
Albuquerque,NM,Duplex/triplex,"2 units, 800 sq. ft. each",2,800,"Dense city neighborhood (10,000/sq. mi.)",2.05,1.08,3.03,1.08–3.03,0.17,0.07,0.27,0.07–0.27,18
San Diego,CA,Duplex/triplex,"2 units, 800 sq. ft. each",2,800,"Dense city neighborhood (10,000/sq. mi.)",2.05,1.82,2.28,1.82–2.28,0.67,0.57,0.77,0.57–0.77,19
Boulder,CO,Duplex/triplex,"2 units, 800 sq. ft. each",2,800,"Dense city neighborhood (10,000/sq. mi.)",1.77,1.46,2.08,1.46–2.08,0.92,0.51,1.34,0.51–1.34,20
Providence,RI,Duplex/triplex,"2 units, 800 sq. ft. each",2,800,"Dense city neighborhood (10,000/sq. mi.)",1.61,1.24,1.98,1.24–1.98,0.11,0.06,0.16,0.06–0.16,21
Denver,CO,Duplex/triplex,"2 units, 800 sq. ft. each",2,800,"Dense city neighborhood (10,000/sq. mi.)",1.58,1.39,1.76,1.39–1.76,0.29,0.12,0.47,0.12–0.47,22
Houston,TX,Duplex/triplex,"2 units, 800 sq. ft. each",2,800,"Dense city neighborhood (10,000/sq. mi.)",1.54,1.22,1.86,1.22–1.86,0.25,0.13,0.37,0.13–0.37,23
Atlanta,GA,Duplex/triplex,"2 units, 800 sq. ft. each",2,800,"Dense city neighborhood (10,000/sq. mi.)",1.48,1.28,1.68,1.28–1.68,0.31,0.22,0.39,0.22–0.39,24
San Antonio,TX,Duplex/triplex,"2 units, 800 sq. ft. each",2,800,"Dense city neighborhood (10,000/sq. mi.)",1.47,1.17,1.77,1.17–1.77,0.25,0.15,0.34,0.15–0.34,25
Portland,OR,Duplex/triplex,"2 units, 800 sq. ft. each",2,800,"Dense city neighborhood (10,000/sq. mi.)",1.46,1.39,1.53,1.39–1.53,0.52,0.47,0.56,0.47–0.56,26
Austin,TX,Duplex/triplex,"2 units, 800 sq. ft. each",2,800,"Dense city neighborhood (10,000/sq. mi.)",1.41,1.32,1.51,1.32–1.51,0.33,0.29,0.37,0.29–0.37,27
Sacramento,CA,Duplex/triplex,"2 units, 800 sq. ft. each",2,800,"Dense city neighborhood (10,000/sq. mi.)",1.41,1.18,1.63,1.18–1.63,0.28,0.19,0.37,0.19–0.37,28
Nashville,TN,Duplex/triplex,"2 units, 800 sq. ft. each",2,800,"Dense city neighborhood (10,000/sq. mi.)",1.38,1.07,1.7,1.07–1.7,0.17,0.09,0.24,0.09–0.24,29
Columbus,OH,Duplex/triplex,"2 units, 800 sq. ft. each",2,800,"Dense city neighborhood (10,000/sq. mi.)",1.38,1.15,1.61,1.15–1.61,0.1,0.06,0.13,0.06–0.13,30
Tampa,FL,Duplex/triplex,"2 units, 800 sq. ft. each",2,800,"Dense city neighborhood (10,000/sq. mi.)",1.35,1.06,1.64,1.06–1.64,0.38,0.26,0.51,0.26–0.51,31
Colorado Springs,CO,Duplex/triplex,"2 units, 800 sq. ft. each",2,800,"Dense city neighborhood (10,000/sq. mi.)",1.27,1.1,1.43,1.1–1.43,0.13,0.09,0.18,0.09–0.18,32
Durham,NC,Duplex/triplex,"2 units, 800 sq. ft. each",2,800,"Dense city neighborhood (10,000/sq. mi.)",1.26,0.69,1.82,0.69–1.82,0.28,0.18,0.38,0.18–0.38,33
Fort Worth,TX,Duplex/triplex,"2 units, 800 sq. ft. each",2,800,"Dense city neighborhood (10,000/sq. mi.)",1.22,1.09,1.35,1.09–1.35,0.11,0.08,0.14,0.08–0.14,34
Reno,NV,Duplex/triplex,"2 units, 800 sq. ft. each",2,800,"Dense city neighborhood (10,000/sq. mi.)",1.21,0.99,1.42,0.99–1.42,0.27,0.13,0.42,0.13–0.42,35
Baton Rouge,LA,Duplex/triplex,"2 units, 800 sq. ft. each",2,800,"Dense city neighborhood (10,000/sq. mi.)",1.2,0.95,1.45,0.95–1.45,0.46,0.22,0.71,0.22–0.71,36
Orlando,FL,Duplex/triplex,"2 units, 800 sq. ft. each",2,800,"Dense city neighborhood (10,000/sq. mi.)",1.16,1,1.33,1–1.33,0.22,0.13,0.32,0.13–0.32,37
New Orleans,LA,Duplex/triplex,"2 units, 800 sq. ft. each",2,800,"Dense city neighborhood (10,000/sq. mi.)",0.86,0.75,0.97,0.75–0.97,0.14,0.11,0.17,0.11–0.17,38
El Paso,TX,Duplex/triplex,"2 units, 800 sq. ft. each",2,800,"Dense city neighborhood (10,000/sq. mi.)",0.79,0.6,0.99,0.6–0.99,0.15,0.05,0.26,0.05–0.26,39
Oklahoma City,OK,Duplex/triplex,"2 units, 800 sq. ft. each",2,800,"Dense city neighborhood (10,000/sq. mi.)",0.71,0.63,0.8,0.63–0.8,0.04,0.02,0.07,0.02–0.07,40
Wilmington,NC,Duplex/triplex,"2 units, 800 sq. ft. each",2,800,"Dense city neighborhood (10,000/sq. mi.)",0.53,0.48,0.57,0.48–0.57,0,0,0,0–0,41
Miami,FL,Duplex/triplex,"2 units, 800 sq. ft. each",2,800,"Urban core (25,000/sq. mi.)",4.59,3.68,5.49,3.68–5.49,1.21,0.94,1.49,0.94–1.49,1
Phoenix,AZ,Duplex/triplex,"2 units, 800 sq. ft. each",2,800,"Urban core (25,000/sq. mi.)",3.2,2.96,3.44,2.96–3.44,1.43,1.21,1.64,1.21–1.64,2
Oakland,CA,Duplex/triplex,"2 units, 800 sq. ft. each",2,800,"Urban core (25,000/sq. mi.)",2.98,2.36,3.6,2.36–3.6,0.63,0.4,0.86,0.4–0.86,3
New York,NY,Duplex/triplex,"2 units, 800 sq. ft. each",2,800,"Urban core (25,000/sq. mi.)",2.88,2.78,2.97,2.78–2.97,0.88,0.85,0.92,0.85–0.92,4
Boston,MA,Duplex/triplex,"2 units, 800 sq. ft. each",2,800,"Urban core (25,000/sq. mi.)",2.79,2.48,3.09,2.48–3.09,1.2,1.01,1.38,1.01–1.38,5
Jersey City,NJ,Duplex/triplex,"2 units, 800 sq. ft. each",2,800,"Urban core (25,000/sq. mi.)",2.69,2.15,3.22,2.15–3.22,0.26,0.17,0.34,0.17–0.34,6
Philadelphia,PA,Duplex/triplex,"2 units, 800 sq. ft. each",2,800,"Urban core (25,000/sq. mi.)",2.58,2.48,2.69,2.48–2.69,0.23,0.21,0.24,0.21–0.24,7
Jacksonville,FL,Duplex/triplex,"2 units, 800 sq. ft. each",2,800,"Urban core (25,000/sq. mi.)",2.5,2.08,2.92,2.08–2.92,0.82,0.62,1.03,0.62–1.03,8
San Francisco,CA,Duplex/triplex,"2 units, 800 sq. ft. each",2,800,"Urban core (25,000/sq. mi.)",2.46,2.07,2.84,2.07–2.84,0.81,0.63,0.99,0.63–0.99,9
Washington,DC,Duplex/triplex,"2 units, 800 sq. ft. each",2,800,"Urban core (25,000/sq. mi.)",2.43,2.01,2.84,2.01–2.84,0.9,0.76,1.04,0.76–1.04,10
Los Angeles,CA,Duplex/triplex,"2 units, 800 sq. ft. each",2,800,"Urban core (25,000/sq. mi.)",2.3,2.12,2.47,2.12–2.47,0.63,0.57,0.7,0.57–0.7,11
San Diego,CA,Duplex/triplex,"2 units, 800 sq. ft. each",2,800,"Urban core (25,000/sq. mi.)",2.17,1.89,2.45,1.89–2.45,0.77,0.64,0.9,0.64–0.9,12
Honolulu,HI,Duplex/triplex,"2 units, 800 sq. ft. each",2,800,"Urban core (25,000/sq. mi.)",2.08,1.86,2.3,1.86–2.3,0.83,0.71,0.94,0.71–0.94,13
Seattle,WA,Duplex/triplex,"2 units, 800 sq. ft. each",2,800,"Urban core (25,000/sq. mi.)",1.94,1.85,2.04,1.85–2.04,0.59,0.55,0.63,0.55–0.63,14
San Antonio,TX,Duplex/triplex,"2 units, 800 sq. ft. each",2,800,"Urban core (25,000/sq. mi.)",1.79,1.34,2.23,1.34–2.23,0.49,0.24,0.74,0.24–0.74,15
Nashville,TN,Duplex/triplex,"2 units, 800 sq. ft. each",2,800,"Urban core (25,000/sq. mi.)",1.58,1.16,2.01,1.16–2.01,0.19,0.09,0.29,0.09–0.29,16
Columbus,OH,Duplex/triplex,"2 units, 800 sq. ft. each",2,800,"Urban core (25,000/sq. mi.)",1.52,1.17,1.87,1.17–1.87,0.1,0.06,0.14,0.06–0.14,17
Tampa,FL,Duplex/triplex,"2 units, 800 sq. ft. each",2,800,"Urban core (25,000/sq. mi.)",1.48,1.04,1.91,1.04–1.91,0.44,0.25,0.62,0.25–0.62,18
Atlanta,GA,Duplex/triplex,"2 units, 800 sq. ft. each",2,800,"Urban core (25,000/sq. mi.)",1.46,1.2,1.73,1.2–1.73,0.27,0.17,0.38,0.17–0.38,19
Providence,RI,Duplex/triplex,"2 units, 800 sq. ft. each",2,800,"Urban core (25,000/sq. mi.)",1.45,1.08,1.83,1.08–1.83,0.13,0.06,0.19,0.06–0.19,20
Austin,TX,Duplex/triplex,"2 units, 800 sq. ft. each",2,800,"Urban core (25,000/sq. mi.)",1.4,1.27,1.52,1.27–1.52,0.37,0.3,0.43,0.3–0.43,21
Portland,OR,Duplex/triplex,"2 units, 800 sq. ft. each",2,800,"Urban core (25,000/sq. mi.)",1.39,1.3,1.48,1.3–1.48,0.48,0.43,0.53,0.43–0.53,22
Houston,TX,Duplex/triplex,"2 units, 800 sq. ft. each",2,800,"Urban core (25,000/sq. mi.)",1.37,0.97,1.78,0.97–1.78,0.23,0.05,0.41,0.05–0.41,23
Colorado Springs,CO,Duplex/triplex,"2 units, 800 sq. ft. each",2,800,"Urban core (25,000/sq. mi.)",1.34,1.15,1.53,1.15–1.53,0.15,0.1,0.2,0.1–0.2,24
Fort Worth,TX,Duplex/triplex,"2 units, 800 sq. ft. each",2,800,"Urban core (25,000/sq. mi.)",1.32,1.15,1.48,1.15–1.48,0.1,0.07,0.14,0.07–0.14,25
Orlando,FL,Duplex/triplex,"2 units, 800 sq. ft. each",2,800,"Urban core (25,000/sq. mi.)",1.26,1.03,1.5,1.03–1.5,0.2,0.08,0.32,0.08–0.32,26
Sacramento,CA,Duplex/triplex,"2 units, 800 sq. ft. each",2,800,"Urban core (25,000/sq. mi.)",1.23,0.87,1.59,0.87–1.59,0.21,0.1,0.33,0.1–0.33,27
Reno,NV,Duplex/triplex,"2 units, 800 sq. ft. each",2,800,"Urban core (25,000/sq. mi.)",1.18,0.93,1.42,0.93–1.42,0.2,0.06,0.34,0.06–0.34,28
El Paso,TX,Duplex/triplex,"2 units, 800 sq. ft. each",2,800,"Urban core (25,000/sq. mi.)",0.76,0.52,1,0.52–1,0.19,0.03,0.35,0.03–0.35,29
New Orleans,LA,Duplex/triplex,"2 units, 800 sq. ft. each",2,800,"Urban core (25,000/sq. mi.)",0.7,0.59,0.8,0.59–0.8,0.12,0.09,0.15,0.09–0.15,30
Oklahoma City,OK,Duplex/triplex,"2 units, 800 sq. ft. each",2,800,"Urban core (25,000/sq. mi.)",0.67,0.58,0.76,0.58–0.76,0.04,0.02,0.07,0.02–0.07,31
Wilmington,NC,Duplex/triplex,"2 units, 800 sq. ft. each",2,800,"Urban core (25,000/sq. mi.)",0.53,0.48,0.59,0.48–0.59,0,0,0,0–0,32
San Francisco,CA,Duplex/triplex,"2 units, 1,200 sq. ft. each",2,1200,"Low-density suburb (1,000/sq. mi.)",7.27,5.46,9.09,5.46–9.09,3.1,2.01,4.18,2.01–4.18,1
Philadelphia,PA,Duplex/triplex,"2 units, 1,200 sq. ft. each",2,1200,"Low-density suburb (1,000/sq. mi.)",3.3,2.83,3.78,2.83–3.78,0.2,0.16,0.24,0.16–0.24,2
Washington,DC,Duplex/triplex,"2 units, 1,200 sq. ft. each",2,1200,"Low-density suburb (1,000/sq. mi.)",3.27,2.24,4.3,2.24–4.3,0.99,0.52,1.46,0.52–1.46,3
Phoenix,AZ,Duplex/triplex,"2 units, 1,200 sq. ft. each",2,1200,"Low-density suburb (1,000/sq. mi.)",3.24,3.01,3.46,3.01–3.46,1.62,1.42,1.82,1.42–1.82,4
Miami,FL,Duplex/triplex,"2 units, 1,200 sq. ft. each",2,1200,"Low-density suburb (1,000/sq. mi.)",3.12,2.27,3.98,2.27–3.98,1.4,0.99,1.81,0.99–1.81,5
Oakland,CA,Duplex/triplex,"2 units, 1,200 sq. ft. each",2,1200,"Low-density suburb (1,000/sq. mi.)",2.9,2.01,3.79,2.01–3.79,0.39,0.23,0.56,0.23–0.56,6
Honolulu,HI,Duplex/triplex,"2 units, 1,200 sq. ft. each",2,1200,"Low-density suburb (1,000/sq. mi.)",2.87,2.61,3.13,2.61–3.13,1.12,0.97,1.28,0.97–1.28,7
Los Angeles,CA,Duplex/triplex,"2 units, 1,200 sq. ft. each",2,1200,"Low-density suburb (1,000/sq. mi.)",2.87,2.57,3.16,2.57–3.16,1.19,1.01,1.37,1.01–1.37,8
New York,NY,Duplex/triplex,"2 units, 1,200 sq. ft. each",2,1200,"Low-density suburb (1,000/sq. mi.)",2.83,2.72,2.94,2.72–2.94,0.77,0.7,0.83,0.7–0.83,9
Seattle,WA,Duplex/triplex,"2 units, 1,200 sq. ft. each",2,1200,"Low-density suburb (1,000/sq. mi.)",2.68,2.45,2.9,2.45–2.9,0.8,0.71,0.89,0.71–0.89,10
Durham,NC,Duplex/triplex,"2 units, 1,200 sq. ft. each",2,1200,"Low-density suburb (1,000/sq. mi.)",2.43,1.74,3.11,1.74–3.11,0.1,0.06,0.13,0.06–0.13,11
Boston,MA,Duplex/triplex,"2 units, 1,200 sq. ft. each",2,1200,"Low-density suburb (1,000/sq. mi.)",2.34,1.99,2.69,1.99–2.69,1.01,0.75,1.27,0.75–1.27,12
Houston,TX,Duplex/triplex,"2 units, 1,200 sq. ft. each",2,1200,"Low-density suburb (1,000/sq. mi.)",2.15,1.78,2.53,1.78–2.53,0.31,0.15,0.48,0.15–0.48,13
Providence,RI,Duplex/triplex,"2 units, 1,200 sq. ft. each",2,1200,"Low-density suburb (1,000/sq. mi.)",2.1,1.38,2.81,1.38–2.81,0.08,0.02,0.14,0.02–0.14,14
Boise,ID,Duplex/triplex,"2 units, 1,200 sq. ft. each",2,1200,"Low-density suburb (1,000/sq. mi.)",2.05,1.43,2.67,1.43–2.67,0.56,0.36,0.76,0.36–0.76,15
San Diego,CA,Duplex/triplex,"2 units, 1,200 sq. ft. each",2,1200,"Low-density suburb (1,000/sq. mi.)",1.85,1.59,2.11,1.59–2.11,0.49,0.37,0.61,0.37–0.61,16
Louisville,KY,Duplex/triplex,"2 units, 1,200 sq. ft. each",2,1200,"Low-density suburb (1,000/sq. mi.)",1.82,1.39,2.25,1.39–2.25,0.24,0.11,0.36,0.11–0.36,17
Portland,OR,Duplex/triplex,"2 units, 1,200 sq. ft. each",2,1200,"Low-density suburb (1,000/sq. mi.)",1.72,1.58,1.85,1.58–1.85,0.64,0.57,0.71,0.57–0.71,18
Tulsa,OK,Duplex/triplex,"2 units, 1,200 sq. ft. each",2,1200,"Low-density suburb (1,000/sq. mi.)",1.67,1.27,2.07,1.27–2.07,0.68,0.49,0.88,0.49–0.88,19
Boulder,CO,Duplex/triplex,"2 units, 1,200 sq. ft. each",2,1200,"Low-density suburb (1,000/sq. mi.)",1.6,1.21,1.99,1.21–1.99,0.52,0.3,0.75,0.3–0.75,20
New Orleans,LA,Duplex/triplex,"2 units, 1,200 sq. ft. each",2,1200,"Low-density suburb (1,000/sq. mi.)",1.56,1.31,1.82,1.31–1.82,0.21,0.15,0.27,0.15–0.27,21
Albuquerque,NM,Duplex/triplex,"2 units, 1,200 sq. ft. each",2,1200,"Low-density suburb (1,000/sq. mi.)",1.56,0.94,2.19,0.94–2.19,0.23,0.08,0.38,0.08–0.38,22
Atlanta,GA,Duplex/triplex,"2 units, 1,200 sq. ft. each",2,1200,"Low-density suburb (1,000/sq. mi.)",1.55,1.27,1.83,1.27–1.83,0.45,0.25,0.65,0.25–0.65,23
Austin,TX,Duplex/triplex,"2 units, 1,200 sq. ft. each",2,1200,"Low-density suburb (1,000/sq. mi.)",1.5,1.4,1.6,1.4–1.6,0.27,0.24,0.31,0.24–0.31,24
Jacksonville,FL,Duplex/triplex,"2 units, 1,200 sq. ft. each",2,1200,"Low-density suburb (1,000/sq. mi.)",1.48,1.33,1.63,1.33–1.63,0.31,0.25,0.38,0.25–0.38,25
Reno,NV,Duplex/triplex,"2 units, 1,200 sq. ft. each",2,1200,"Low-density suburb (1,000/sq. mi.)",1.48,1.09,1.87,1.09–1.87,0.61,0.37,0.86,0.37–0.86,26
Tampa,FL,Duplex/triplex,"2 units, 1,200 sq. ft. each",2,1200,"Low-density suburb (1,000/sq. mi.)",1.2,0.92,1.49,0.92–1.49,0.3,0.2,0.4,0.2–0.4,27
Colorado Springs,CO,Duplex/triplex,"2 units, 1,200 sq. ft. each",2,1200,"Low-density suburb (1,000/sq. mi.)",1.18,1.01,1.35,1.01–1.35,0.17,0.12,0.23,0.12–0.23,28
Columbus,OH,Duplex/triplex,"2 units, 1,200 sq. ft. each",2,1200,"Low-density suburb (1,000/sq. mi.)",1.16,1.01,1.31,1.01–1.31,0.1,0.07,0.12,0.07–0.12,29
Baton Rouge,LA,Duplex/triplex,"2 units, 1,200 sq. ft. each",2,1200,"Low-density suburb (1,000/sq. mi.)",1.11,0.92,1.3,0.92–1.3,0.2,0.14,0.26,0.14–0.26,30
Nashville,TN,Duplex/triplex,"2 units, 1,200 sq. ft. each",2,1200,"Low-density suburb (1,000/sq. mi.)",1.05,0.81,1.29,0.81–1.29,0.12,0.07,0.17,0.07–0.17,31
Fort Worth,TX,Duplex/triplex,"2 units, 1,200 sq. ft. each",2,1200,"Low-density suburb (1,000/sq. mi.)",1.03,0.92,1.14,0.92–1.14,0.16,0.13,0.19,0.13–0.19,32
Orlando,FL,Duplex/triplex,"2 units, 1,200 sq. ft. each",2,1200,"Low-density suburb (1,000/sq. mi.)",0.96,0.91,1.01,0.91–1.01,0.24,0.21,0.27,0.21–0.27,33
San Antonio,TX,Duplex/triplex,"2 units, 1,200 sq. ft. each",2,1200,"Low-density suburb (1,000/sq. mi.)",0.93,0.74,1.12,0.74–1.12,0.05,0.02,0.07,0.02–0.07,34
Oklahoma City,OK,Duplex/triplex,"2 units, 1,200 sq. ft. each",2,1200,"Low-density suburb (1,000/sq. mi.)",0.91,0.82,1,0.82–1,0.06,0.04,0.08,0.04–0.08,35
El Paso,TX,Duplex/triplex,"2 units, 1,200 sq. ft. each",2,1200,"Low-density suburb (1,000/sq. mi.)",0.87,0.72,1.02,0.72–1.02,0.11,0.05,0.16,0.05–0.16,36
Denver,CO,Duplex/triplex,"2 units, 1,200 sq. ft. each",2,1200,"Low-density suburb (1,000/sq. mi.)",0.68,0.49,0.86,0.49–0.86,0.12,0.01,0.24,0.01–0.24,37
Wilmington,NC,Duplex/triplex,"2 units, 1,200 sq. ft. each",2,1200,"Low-density suburb (1,000/sq. mi.)",0.57,0.56,0.59,0.56–0.59,0,0,0,0–0,38
San Francisco,CA,Duplex/triplex,"2 units, 1,200 sq. ft. each",2,1200,"City neighborhood (4,000/sq. mi.)",4.82,4,5.63,4–5.63,1.89,1.43,2.36,1.43–2.36,1
Jersey City,NJ,Duplex/triplex,"2 units, 1,200 sq. ft. each",2,1200,"City neighborhood (4,000/sq. mi.)",3.88,2.27,5.49,2.27–5.49,0.34,0.14,0.54,0.14–0.54,2
Miami,FL,Duplex/triplex,"2 units, 1,200 sq. ft. each",2,1200,"City neighborhood (4,000/sq. mi.)",3.68,3.06,4.3,3.06–4.3,1.35,1.09,1.6,1.09–1.6,3
Tulsa,OK,Duplex/triplex,"2 units, 1,200 sq. ft. each",2,1200,"City neighborhood (4,000/sq. mi.)",3.22,2.49,3.95,2.49–3.95,0.92,0.72,1.12,0.72–1.12,4
Phoenix,AZ,Duplex/triplex,"2 units, 1,200 sq. ft. each",2,1200,"City neighborhood (4,000/sq. mi.)",3.11,2.9,3.32,2.9–3.32,1.33,1.18,1.48,1.18–1.48,5
Oakland,CA,Duplex/triplex,"2 units, 1,200 sq. ft. each",2,1200,"City neighborhood (4,000/sq. mi.)",3.01,2.51,3.51,2.51–3.51,0.49,0.38,0.61,0.38–0.61,6
Philadelphia,PA,Duplex/triplex,"2 units, 1,200 sq. ft. each",2,1200,"City neighborhood (4,000/sq. mi.)",2.99,2.74,3.23,2.74–3.23,0.21,0.19,0.24,0.19–0.24,7
Washington,DC,Duplex/triplex,"2 units, 1,200 sq. ft. each",2,1200,"City neighborhood (4,000/sq. mi.)",2.92,2.38,3.45,2.38–3.45,0.92,0.68,1.16,0.68–1.16,8
New York,NY,Duplex/triplex,"2 units, 1,200 sq. ft. each",2,1200,"City neighborhood (4,000/sq. mi.)",2.9,2.81,2.98,2.81–2.98,0.81,0.77,0.85,0.77–0.85,9
Los Angeles,CA,Duplex/triplex,"2 units, 1,200 sq. ft. each",2,1200,"City neighborhood (4,000/sq. mi.)",2.58,2.42,2.74,2.42–2.74,0.91,0.83,0.99,0.83–0.99,10
Boston,MA,Duplex/triplex,"2 units, 1,200 sq. ft. each",2,1200,"City neighborhood (4,000/sq. mi.)",2.53,2.27,2.79,2.27–2.79,1.1,0.91,1.29,0.91–1.29,11
Honolulu,HI,Duplex/triplex,"2 units, 1,200 sq. ft. each",2,1200,"City neighborhood (4,000/sq. mi.)",2.5,2.31,2.7,2.31–2.7,0.96,0.86,1.07,0.86–1.07,12
Fort Lauderdale,FL,Duplex/triplex,"2 units, 1,200 sq. ft. each",2,1200,"City neighborhood (4,000/sq. mi.)",2.48,2.06,2.91,2.06–2.91,0.94,0.71,1.17,0.71–1.17,13
Seattle,WA,Duplex/triplex,"2 units, 1,200 sq. ft. each",2,1200,"City neighborhood (4,000/sq. mi.)",2.39,2.28,2.5,2.28–2.5,0.72,0.67,0.76,0.67–0.76,14
Cleveland,OH,Duplex/triplex,"2 units, 1,200 sq. ft. each",2,1200,"City neighborhood (4,000/sq. mi.)",2.34,1.68,2.99,1.68–2.99,0.63,0.41,0.86,0.41–0.86,15
Boise,ID,Duplex/triplex,"2 units, 1,200 sq. ft. each",2,1200,"City neighborhood (4,000/sq. mi.)",2.18,1.24,3.11,1.24–3.11,0.44,0.22,0.66,0.22–0.66,16
San Diego,CA,Duplex/triplex,"2 units, 1,200 sq. ft. each",2,1200,"City neighborhood (4,000/sq. mi.)",2.01,1.81,2.2,1.81–2.2,0.6,0.51,0.7,0.51–0.7,17
Louisville,KY,Duplex/triplex,"2 units, 1,200 sq. ft. each",2,1200,"City neighborhood (4,000/sq. mi.)",1.97,1.35,2.59,1.35–2.59,0.23,0.11,0.36,0.11–0.36,18
Jacksonville,FL,Duplex/triplex,"2 units, 1,200 sq. ft. each",2,1200,"City neighborhood (4,000/sq. mi.)",1.88,1.66,2.11,1.66–2.11,0.48,0.38,0.58,0.38–0.58,19
Albuquerque,NM,Duplex/triplex,"2 units, 1,200 sq. ft. each",2,1200,"City neighborhood (4,000/sq. mi.)",1.84,1.17,2.52,1.17–2.52,0.21,0.1,0.32,0.1–0.32,20
Houston,TX,Duplex/triplex,"2 units, 1,200 sq. ft. each",2,1200,"City neighborhood (4,000/sq. mi.)",1.82,1.56,2.07,1.56–2.07,0.28,0.2,0.36,0.2–0.36,21
Providence,RI,Duplex/triplex,"2 units, 1,200 sq. ft. each",2,1200,"City neighborhood (4,000/sq. mi.)",1.8,1.36,2.25,1.36–2.25,0.1,0.05,0.14,0.05–0.14,22
Boulder,CO,Duplex/triplex,"2 units, 1,200 sq. ft. each",2,1200,"City neighborhood (4,000/sq. mi.)",1.69,1.44,1.94,1.44–1.94,0.71,0.46,0.96,0.46–0.96,23
Sacramento,CA,Duplex/triplex,"2 units, 1,200 sq. ft. each",2,1200,"City neighborhood (4,000/sq. mi.)",1.67,1.44,1.89,1.44–1.89,0.37,0.25,0.48,0.25–0.48,24
Portland,OR,Duplex/triplex,"2 units, 1,200 sq. ft. each",2,1200,"City neighborhood (4,000/sq. mi.)",1.6,1.53,1.67,1.53–1.67,0.58,0.53,0.62,0.53–0.62,25
Durham,NC,Duplex/triplex,"2 units, 1,200 sq. ft. each",2,1200,"City neighborhood (4,000/sq. mi.)",1.58,1.21,1.95,1.21–1.95,0.2,0.15,0.25,0.15–0.25,26
Atlanta,GA,Duplex/triplex,"2 units, 1,200 sq. ft. each",2,1200,"City neighborhood (4,000/sq. mi.)",1.53,1.36,1.69,1.36–1.69,0.38,0.28,0.47,0.28–0.47,27
Austin,TX,Duplex/triplex,"2 units, 1,200 sq. ft. each",2,1200,"City neighborhood (4,000/sq. mi.)",1.47,1.4,1.53,1.4–1.53,0.32,0.29,0.34,0.29–0.34,28
Reno,NV,Duplex/triplex,"2 units, 1,200 sq. ft. each",2,1200,"City neighborhood (4,000/sq. mi.)",1.43,1.22,1.64,1.22–1.64,0.39,0.25,0.53,0.25–0.53,29
Tampa,FL,Duplex/triplex,"2 units, 1,200 sq. ft. each",2,1200,"City neighborhood (4,000/sq. mi.)",1.38,1.17,1.59,1.17–1.59,0.37,0.28,0.45,0.28–0.45,30
Columbus,OH,Duplex/triplex,"2 units, 1,200 sq. ft. each",2,1200,"City neighborhood (4,000/sq. mi.)",1.34,1.21,1.48,1.21–1.48,0.1,0.08,0.13,0.08–0.13,31
Nashville,TN,Duplex/triplex,"2 units, 1,200 sq. ft. each",2,1200,"City neighborhood (4,000/sq. mi.)",1.29,1.02,1.56,1.02–1.56,0.15,0.09,0.21,0.09–0.21,32
Colorado Springs,CO,Duplex/triplex,"2 units, 1,200 sq. ft. each",2,1200,"City neighborhood (4,000/sq. mi.)",1.28,1.11,1.45,1.11–1.45,0.2,0.14,0.26,0.14–0.26,33
San Antonio,TX,Duplex/triplex,"2 units, 1,200 sq. ft. each",2,1200,"City neighborhood (4,000/sq. mi.)",1.25,1.02,1.48,1.02–1.48,0.14,0.09,0.18,0.09–0.18,34
Baton Rouge,LA,Duplex/triplex,"2 units, 1,200 sq. ft. each",2,1200,"City neighborhood (4,000/sq. mi.)",1.22,1.05,1.39,1.05–1.39,0.35,0.26,0.44,0.26–0.44,35
Denver,CO,Duplex/triplex,"2 units, 1,200 sq. ft. each",2,1200,"City neighborhood (4,000/sq. mi.)",1.2,1.08,1.32,1.08–1.32,0.22,0.13,0.3,0.13–0.3,36
Fort Worth,TX,Duplex/triplex,"2 units, 1,200 sq. ft. each",2,1200,"City neighborhood (4,000/sq. mi.)",1.15,1.05,1.26,1.05–1.26,0.15,0.12,0.18,0.12–0.18,37
New Orleans,LA,Duplex/triplex,"2 units, 1,200 sq. ft. each",2,1200,"City neighborhood (4,000/sq. mi.)",1.14,1,1.27,1–1.27,0.18,0.14,0.21,0.14–0.21,38
Orlando,FL,Duplex/triplex,"2 units, 1,200 sq. ft. each",2,1200,"City neighborhood (4,000/sq. mi.)",1.08,0.98,1.19,0.98–1.19,0.21,0.14,0.28,0.14–0.28,39
Oklahoma City,OK,Duplex/triplex,"2 units, 1,200 sq. ft. each",2,1200,"City neighborhood (4,000/sq. mi.)",0.83,0.74,0.91,0.74–0.91,0.06,0.03,0.08,0.03–0.08,40
El Paso,TX,Duplex/triplex,"2 units, 1,200 sq. ft. each",2,1200,"City neighborhood (4,000/sq. mi.)",0.82,0.66,0.97,0.66–0.97,0.15,0.06,0.23,0.06–0.23,41
Wilmington,NC,Duplex/triplex,"2 units, 1,200 sq. ft. each",2,1200,"City neighborhood (4,000/sq. mi.)",0.59,0.56,0.61,0.56–0.61,0,0,0,0–0,42
Tulsa,OK,Duplex/triplex,"2 units, 1,200 sq. ft. each",2,1200,"Dense city neighborhood (10,000/sq. mi.)",4.98,2.97,6.98,2.97–6.98,1.12,0.65,1.6,0.65–1.6,1
Miami,FL,Duplex/triplex,"2 units, 1,200 sq. ft. each",2,1200,"Dense city neighborhood (10,000/sq. mi.)",4.09,3.53,4.66,3.53–4.66,1.31,1.1,1.52,1.1–1.52,2
San Francisco,CA,Duplex/triplex,"2 units, 1,200 sq. ft. each",2,1200,"Dense city neighborhood (10,000/sq. mi.)",3.67,3.18,4.16,3.18–4.16,1.37,1.09,1.65,1.09–1.65,3
Jersey City,NJ,Duplex/triplex,"2 units, 1,200 sq. ft. each",2,1200,"Dense city neighborhood (10,000/sq. mi.)",3.2,2.3,4.1,2.3–4.1,0.3,0.18,0.42,0.18–0.42,4
Oakland,CA,Duplex/triplex,"2 units, 1,200 sq. ft. each",2,1200,"Dense city neighborhood (10,000/sq. mi.)",3.08,2.64,3.53,2.64–3.53,0.57,0.42,0.72,0.42–0.72,5
Phoenix,AZ,Duplex/triplex,"2 units, 1,200 sq. ft. each",2,1200,"Dense city neighborhood (10,000/sq. mi.)",3.03,2.82,3.24,2.82–3.24,1.17,1.02,1.32,1.02–1.32,6
New York,NY,Duplex/triplex,"2 units, 1,200 sq. ft. each",2,1200,"Dense city neighborhood (10,000/sq. mi.)",2.94,2.86,3.02,2.86–3.02,0.84,0.8,0.87,0.8–0.87,7
Philadelphia,PA,Duplex/triplex,"2 units, 1,200 sq. ft. each",2,1200,"Dense city neighborhood (10,000/sq. mi.)",2.79,2.65,2.93,2.65–2.93,0.22,0.21,0.24,0.21–0.24,8
Washington,DC,Duplex/triplex,"2 units, 1,200 sq. ft. each",2,1200,"Dense city neighborhood (10,000/sq. mi.)",2.7,2.4,3,2.4–3,0.87,0.75,0.99,0.75–0.99,9
Boston,MA,Duplex/triplex,"2 units, 1,200 sq. ft. each",2,1200,"Dense city neighborhood (10,000/sq. mi.)",2.66,2.43,2.88,2.43–2.88,1.16,1,1.32,1–1.32,10
Cleveland,OH,Duplex/triplex,"2 units, 1,200 sq. ft. each",2,1200,"Dense city neighborhood (10,000/sq. mi.)",2.41,1.66,3.15,1.66–3.15,0.78,0.59,0.97,0.59–0.97,11
Los Angeles,CA,Duplex/triplex,"2 units, 1,200 sq. ft. each",2,1200,"Dense city neighborhood (10,000/sq. mi.)",2.4,2.29,2.51,2.29–2.51,0.76,0.71,0.81,0.71–0.81,12
Honolulu,HI,Duplex/triplex,"2 units, 1,200 sq. ft. each",2,1200,"Dense city neighborhood (10,000/sq. mi.)",2.28,2.09,2.47,2.09–2.47,0.87,0.78,0.97,0.78–0.97,13
Seattle,WA,Duplex/triplex,"2 units, 1,200 sq. ft. each",2,1200,"Dense city neighborhood (10,000/sq. mi.)",2.21,2.14,2.29,2.14–2.29,0.67,0.64,0.7,0.64–0.7,14
Jacksonville,FL,Duplex/triplex,"2 units, 1,200 sq. ft. each",2,1200,"Dense city neighborhood (10,000/sq. mi.)",2.21,1.9,2.51,1.9–2.51,0.63,0.49,0.78,0.49–0.78,15
Fort Lauderdale,FL,Duplex/triplex,"2 units, 1,200 sq. ft. each",2,1200,"Dense city neighborhood (10,000/sq. mi.)",2.16,1.65,2.68,1.65–2.68,0.67,0.48,0.87,0.48–0.87,16
San Diego,CA,Duplex/triplex,"2 units, 1,200 sq. ft. each",2,1200,"Dense city neighborhood (10,000/sq. mi.)",2.12,1.92,2.33,1.92–2.33,0.69,0.59,0.79,0.59–0.79,17
Louisville,KY,Duplex/triplex,"2 units, 1,200 sq. ft. each",2,1200,"Dense city neighborhood (10,000/sq. mi.)",2.08,1.24,2.92,1.24–2.92,0.23,0.11,0.36,0.11–0.36,18
Albuquerque,NM,Duplex/triplex,"2 units, 1,200 sq. ft. each",2,1200,"Dense city neighborhood (10,000/sq. mi.)",2.06,1.18,2.94,1.18–2.94,0.2,0.1,0.3,0.1–0.3,19
Boulder,CO,Duplex/triplex,"2 units, 1,200 sq. ft. each",2,1200,"Dense city neighborhood (10,000/sq. mi.)",1.76,1.46,2.05,1.46–2.05,0.87,0.51,1.23,0.51–1.23,20
Denver,CO,Duplex/triplex,"2 units, 1,200 sq. ft. each",2,1200,"Dense city neighborhood (10,000/sq. mi.)",1.74,1.53,1.95,1.53–1.95,0.31,0.13,0.5,0.13–0.5,21
Providence,RI,Duplex/triplex,"2 units, 1,200 sq. ft. each",2,1200,"Dense city neighborhood (10,000/sq. mi.)",1.63,1.27,2,1.27–2,0.11,0.07,0.16,0.07–0.16,22
Houston,TX,Duplex/triplex,"2 units, 1,200 sq. ft. each",2,1200,"Dense city neighborhood (10,000/sq. mi.)",1.63,1.31,1.95,1.31–1.95,0.26,0.14,0.37,0.14–0.37,23
Portland,OR,Duplex/triplex,"2 units, 1,200 sq. ft. each",2,1200,"Dense city neighborhood (10,000/sq. mi.)",1.53,1.47,1.58,1.47–1.58,0.54,0.5,0.57,0.5–0.57,24
San Antonio,TX,Duplex/triplex,"2 units, 1,200 sq. ft. each",2,1200,"Dense city neighborhood (10,000/sq. mi.)",1.52,1.21,1.83,1.21–1.83,0.27,0.17,0.36,0.17–0.36,25
Tampa,FL,Duplex/triplex,"2 units, 1,200 sq. ft. each",2,1200,"Dense city neighborhood (10,000/sq. mi.)",1.51,1.22,1.8,1.22–1.8,0.42,0.3,0.53,0.3–0.53,26
Atlanta,GA,Duplex/triplex,"2 units, 1,200 sq. ft. each",2,1200,"Dense city neighborhood (10,000/sq. mi.)",1.51,1.33,1.69,1.33–1.69,0.33,0.25,0.42,0.25–0.42,27
Columbus,OH,Duplex/triplex,"2 units, 1,200 sq. ft. each",2,1200,"Dense city neighborhood (10,000/sq. mi.)",1.48,1.26,1.7,1.26–1.7,0.1,0.08,0.13,0.08–0.13,28
Nashville,TN,Duplex/triplex,"2 units, 1,200 sq. ft. each",2,1200,"Dense city neighborhood (10,000/sq. mi.)",1.48,1.14,1.82,1.14–1.82,0.17,0.1,0.25,0.1–0.25,29
Sacramento,CA,Duplex/triplex,"2 units, 1,200 sq. ft. each",2,1200,"Dense city neighborhood (10,000/sq. mi.)",1.45,1.22,1.68,1.22–1.68,0.28,0.19,0.37,0.19–0.37,30
Austin,TX,Duplex/triplex,"2 units, 1,200 sq. ft. each",2,1200,"Dense city neighborhood (10,000/sq. mi.)",1.45,1.36,1.53,1.36–1.53,0.35,0.31,0.39,0.31–0.39,31
Reno,NV,Duplex/triplex,"2 units, 1,200 sq. ft. each",2,1200,"Dense city neighborhood (10,000/sq. mi.)",1.4,1.2,1.59,1.2–1.59,0.29,0.15,0.43,0.15–0.43,32
Colorado Springs,CO,Duplex/triplex,"2 units, 1,200 sq. ft. each",2,1200,"Dense city neighborhood (10,000/sq. mi.)",1.36,1.16,1.55,1.16–1.55,0.22,0.15,0.29,0.15–0.29,33
Fort Worth,TX,Duplex/triplex,"2 units, 1,200 sq. ft. each",2,1200,"Dense city neighborhood (10,000/sq. mi.)",1.24,1.12,1.37,1.12–1.37,0.14,0.11,0.17,0.11–0.17,34
Durham,NC,Duplex/triplex,"2 units, 1,200 sq. ft. each",2,1200,"Dense city neighborhood (10,000/sq. mi.)",1.19,0.66,1.72,0.66–1.72,0.33,0.22,0.44,0.22–0.44,35
Orlando,FL,Duplex/triplex,"2 units, 1,200 sq. ft. each",2,1200,"Dense city neighborhood (10,000/sq. mi.)",1.17,1.01,1.34,1.01–1.34,0.19,0.1,0.28,0.1–0.28,36
New Orleans,LA,Duplex/triplex,"2 units, 1,200 sq. ft. each",2,1200,"Dense city neighborhood (10,000/sq. mi.)",0.92,0.81,1.02,0.81–1.02,0.16,0.12,0.19,0.12–0.19,37
El Paso,TX,Duplex/triplex,"2 units, 1,200 sq. ft. each",2,1200,"Dense city neighborhood (10,000/sq. mi.)",0.79,0.59,0.98,0.59–0.98,0.18,0.06,0.3,0.06–0.3,38
Oklahoma City,OK,Duplex/triplex,"2 units, 1,200 sq. ft. each",2,1200,"Dense city neighborhood (10,000/sq. mi.)",0.78,0.69,0.86,0.69–0.86,0.05,0.03,0.08,0.03–0.08,39
Wilmington,NC,Duplex/triplex,"2 units, 1,200 sq. ft. each",2,1200,"Dense city neighborhood (10,000/sq. mi.)",0.59,0.56,0.63,0.56–0.63,0,0,0,0–0,40
Miami,FL,Duplex/triplex,"2 units, 1,200 sq. ft. each",2,1200,"Urban core (25,000/sq. mi.)",4.56,3.82,5.3,3.82–5.3,1.27,1.04,1.51,1.04–1.51,1
Oakland,CA,Duplex/triplex,"2 units, 1,200 sq. ft. each",2,1200,"Urban core (25,000/sq. mi.)",3.15,2.49,3.82,2.49–3.82,0.66,0.41,0.92,0.41–0.92,2
New York,NY,Duplex/triplex,"2 units, 1,200 sq. ft. each",2,1200,"Urban core (25,000/sq. mi.)",2.99,2.91,3.07,2.91–3.07,0.87,0.83,0.9,0.83–0.9,3
Phoenix,AZ,Duplex/triplex,"2 units, 1,200 sq. ft. each",2,1200,"Urban core (25,000/sq. mi.)",2.95,2.73,3.16,2.73–3.16,1.03,0.87,1.18,0.87–1.18,4
San Francisco,CA,Duplex/triplex,"2 units, 1,200 sq. ft. each",2,1200,"Urban core (25,000/sq. mi.)",2.8,2.44,3.15,2.44–3.15,0.99,0.79,1.18,0.79–1.18,5
Boston,MA,Duplex/triplex,"2 units, 1,200 sq. ft. each",2,1200,"Urban core (25,000/sq. mi.)",2.79,2.55,3.03,2.55–3.03,1.22,1.07,1.38,1.07–1.38,6
Jersey City,NJ,Duplex/triplex,"2 units, 1,200 sq. ft. each",2,1200,"Urban core (25,000/sq. mi.)",2.64,2.12,3.16,2.12–3.16,0.27,0.18,0.35,0.18–0.35,7
Philadelphia,PA,Duplex/triplex,"2 units, 1,200 sq. ft. each",2,1200,"Urban core (25,000/sq. mi.)",2.61,2.51,2.71,2.51–2.71,0.23,0.22,0.25,0.22–0.25,8
Jacksonville,FL,Duplex/triplex,"2 units, 1,200 sq. ft. each",2,1200,"Urban core (25,000/sq. mi.)",2.58,2.17,3,2.17–3,0.84,0.63,1.04,0.63–1.04,9
Washington,DC,Duplex/triplex,"2 units, 1,200 sq. ft. each",2,1200,"Urban core (25,000/sq. mi.)",2.5,2.26,2.75,2.26–2.75,0.83,0.74,0.92,0.74–0.92,10
Cleveland,OH,Duplex/triplex,"2 units, 1,200 sq. ft. each",2,1200,"Urban core (25,000/sq. mi.)",2.48,1.35,3.6,1.35–3.6,0.96,0.49,1.42,0.49–1.42,11
San Diego,CA,Duplex/triplex,"2 units, 1,200 sq. ft. each",2,1200,"Urban core (25,000/sq. mi.)",2.25,1.98,2.51,1.98–2.51,0.79,0.66,0.92,0.66–0.92,12
Los Angeles,CA,Duplex/triplex,"2 units, 1,200 sq. ft. each",2,1200,"Urban core (25,000/sq. mi.)",2.24,2.12,2.36,2.12–2.36,0.64,0.59,0.68,0.59–0.68,13
Honolulu,HI,Duplex/triplex,"2 units, 1,200 sq. ft. each",2,1200,"Urban core (25,000/sq. mi.)",2.09,1.88,2.29,1.88–2.29,0.79,0.69,0.89,0.69–0.89,14
Seattle,WA,Duplex/triplex,"2 units, 1,200 sq. ft. each",2,1200,"Urban core (25,000/sq. mi.)",2.05,1.96,2.14,1.96–2.14,0.63,0.59,0.67,0.59–0.67,15
San Antonio,TX,Duplex/triplex,"2 units, 1,200 sq. ft. each",2,1200,"Urban core (25,000/sq. mi.)",1.85,1.4,2.3,1.4–2.3,0.52,0.26,0.78,0.26–0.78,16
Nashville,TN,Duplex/triplex,"2 units, 1,200 sq. ft. each",2,1200,"Urban core (25,000/sq. mi.)",1.7,1.24,2.16,1.24–2.16,0.2,0.1,0.31,0.1–0.31,17
Tampa,FL,Duplex/triplex,"2 units, 1,200 sq. ft. each",2,1200,"Urban core (25,000/sq. mi.)",1.65,1.19,2.12,1.19–2.12,0.47,0.29,0.66,0.29–0.66,18
Columbus,OH,Duplex/triplex,"2 units, 1,200 sq. ft. each",2,1200,"Urban core (25,000/sq. mi.)",1.64,1.28,1.99,1.28–1.99,0.11,0.07,0.15,0.07–0.15,19
Atlanta,GA,Duplex/triplex,"2 units, 1,200 sq. ft. each",2,1200,"Urban core (25,000/sq. mi.)",1.49,1.24,1.75,1.24–1.75,0.29,0.19,0.4,0.19–0.4,20
Providence,RI,Duplex/triplex,"2 units, 1,200 sq. ft. each",2,1200,"Urban core (25,000/sq. mi.)",1.48,1.11,1.84,1.11–1.84,0.13,0.07,0.19,0.07–0.19,21
Houston,TX,Duplex/triplex,"2 units, 1,200 sq. ft. each",2,1200,"Urban core (25,000/sq. mi.)",1.46,1.05,1.86,1.05–1.86,0.24,0.06,0.41,0.06–0.41,22
Portland,OR,Duplex/triplex,"2 units, 1,200 sq. ft. each",2,1200,"Urban core (25,000/sq. mi.)",1.46,1.38,1.53,1.38–1.53,0.5,0.46,0.54,0.46–0.54,23
Colorado Springs,CO,Duplex/triplex,"2 units, 1,200 sq. ft. each",2,1200,"Urban core (25,000/sq. mi.)",1.43,1.21,1.66,1.21–1.66,0.24,0.16,0.33,0.16–0.33,24
Austin,TX,Duplex/triplex,"2 units, 1,200 sq. ft. each",2,1200,"Urban core (25,000/sq. mi.)",1.43,1.31,1.54,1.31–1.54,0.39,0.32,0.45,0.32–0.45,25
Reno,NV,Duplex/triplex,"2 units, 1,200 sq. ft. each",2,1200,"Urban core (25,000/sq. mi.)",1.37,1.09,1.64,1.09–1.64,0.21,0.07,0.35,0.07–0.35,26
Fort Worth,TX,Duplex/triplex,"2 units, 1,200 sq. ft. each",2,1200,"Urban core (25,000/sq. mi.)",1.34,1.18,1.5,1.18–1.5,0.13,0.1,0.17,0.1–0.17,27
Orlando,FL,Duplex/triplex,"2 units, 1,200 sq. ft. each",2,1200,"Urban core (25,000/sq. mi.)",1.27,1.03,1.51,1.03–1.51,0.17,0.06,0.29,0.06–0.29,28
Sacramento,CA,Duplex/triplex,"2 units, 1,200 sq. ft. each",2,1200,"Urban core (25,000/sq. mi.)",1.27,0.89,1.64,0.89–1.64,0.22,0.1,0.33,0.1–0.33,29
El Paso,TX,Duplex/triplex,"2 units, 1,200 sq. ft. each",2,1200,"Urban core (25,000/sq. mi.)",0.75,0.51,0.99,0.51–0.99,0.22,0.04,0.41,0.04–0.41,30
New Orleans,LA,Duplex/triplex,"2 units, 1,200 sq. ft. each",2,1200,"Urban core (25,000/sq. mi.)",0.74,0.64,0.84,0.64–0.84,0.14,0.11,0.17,0.11–0.17,31
Oklahoma City,OK,Duplex/triplex,"2 units, 1,200 sq. ft. each",2,1200,"Urban core (25,000/sq. mi.)",0.73,0.63,0.82,0.63–0.82,0.05,0.02,0.08,0.02–0.08,32
Wilmington,NC,Duplex/triplex,"2 units, 1,200 sq. ft. each",2,1200,"Urban core (25,000/sq. mi.)",0.6,0.55,0.65,0.55–0.65,0,0,0,0–0,33
San Francisco,CA,Duplex/triplex,"2 units, 1,600 sq. ft. each",2,1600,"Low-density suburb (1,000/sq. mi.)",7.97,6,9.93,6–9.93,3.57,2.35,4.79,2.35–4.79,1
Washington,DC,Duplex/triplex,"2 units, 1,600 sq. ft. each",2,1600,"Low-density suburb (1,000/sq. mi.)",3.34,2.27,4.42,2.27–4.42,0.94,0.47,1.4,0.47–1.4,2
Philadelphia,PA,Duplex/triplex,"2 units, 1,600 sq. ft. each",2,1600,"Low-density suburb (1,000/sq. mi.)",3.33,2.85,3.8,2.85–3.8,0.2,0.16,0.25,0.16–0.25,3
Miami,FL,Duplex/triplex,"2 units, 1,600 sq. ft. each",2,1600,"Low-density suburb (1,000/sq. mi.)",3.11,2.28,3.95,2.28–3.95,1.45,1.03,1.87,1.03–1.87,4
Phoenix,AZ,Duplex/triplex,"2 units, 1,600 sq. ft. each",2,1600,"Low-density suburb (1,000/sq. mi.)",3.06,2.84,3.27,2.84–3.27,1.29,1.13,1.45,1.13–1.45,5
Oakland,CA,Duplex/triplex,"2 units, 1,600 sq. ft. each",2,1600,"Low-density suburb (1,000/sq. mi.)",3.02,2.15,3.9,2.15–3.9,0.41,0.27,0.55,0.27–0.55,6
New York,NY,Duplex/triplex,"2 units, 1,600 sq. ft. each",2,1600,"Low-density suburb (1,000/sq. mi.)",2.9,2.79,3.01,2.79–3.01,0.76,0.7,0.82,0.7–0.82,7
Honolulu,HI,Duplex/triplex,"2 units, 1,600 sq. ft. each",2,1600,"Low-density suburb (1,000/sq. mi.)",2.87,2.63,3.12,2.63–3.12,1.09,0.94,1.23,0.94–1.23,8
Los Angeles,CA,Duplex/triplex,"2 units, 1,600 sq. ft. each",2,1600,"Low-density suburb (1,000/sq. mi.)",2.82,2.53,3.1,2.53–3.1,1.19,1.01,1.38,1.01–1.38,9
Seattle,WA,Duplex/triplex,"2 units, 1,600 sq. ft. each",2,1600,"Low-density suburb (1,000/sq. mi.)",2.78,2.55,3.01,2.55–3.01,0.83,0.74,0.92,0.74–0.92,10
Boston,MA,Duplex/triplex,"2 units, 1,600 sq. ft. each",2,1600,"Low-density suburb (1,000/sq. mi.)",2.34,2.01,2.68,2.01–2.68,1.03,0.77,1.29,0.77–1.29,11
Durham,NC,Duplex/triplex,"2 units, 1,600 sq. ft. each",2,1600,"Low-density suburb (1,000/sq. mi.)",2.34,1.76,2.91,1.76–2.91,0.11,0.07,0.15,0.07–0.15,12
Houston,TX,Duplex/triplex,"2 units, 1,600 sq. ft. each",2,1600,"Low-density suburb (1,000/sq. mi.)",2.24,1.85,2.64,1.85–2.64,0.32,0.15,0.49,0.15–0.49,13
Providence,RI,Duplex/triplex,"2 units, 1,600 sq. ft. each",2,1600,"Low-density suburb (1,000/sq. mi.)",2.12,1.39,2.85,1.39–2.85,0.08,0.02,0.14,0.02–0.14,14
Boise,ID,Duplex/triplex,"2 units, 1,600 sq. ft. each",2,1600,"Low-density suburb (1,000/sq. mi.)",2.09,1.38,2.79,1.38–2.79,0.55,0.32,0.78,0.32–0.78,15
San Diego,CA,Duplex/triplex,"2 units, 1,600 sq. ft. each",2,1600,"Low-density suburb (1,000/sq. mi.)",1.89,1.62,2.17,1.62–2.17,0.5,0.38,0.62,0.38–0.62,16
Portland,OR,Duplex/triplex,"2 units, 1,600 sq. ft. each",2,1600,"Low-density suburb (1,000/sq. mi.)",1.77,1.62,1.92,1.62–1.92,0.66,0.57,0.74,0.57–0.74,17
Louisville,KY,Duplex/triplex,"2 units, 1,600 sq. ft. each",2,1600,"Low-density suburb (1,000/sq. mi.)",1.76,1.37,2.16,1.37–2.16,0.23,0.11,0.35,0.11–0.35,18
Reno,NV,Duplex/triplex,"2 units, 1,600 sq. ft. each",2,1600,"Low-density suburb (1,000/sq. mi.)",1.64,1.26,2.02,1.26–2.02,0.64,0.43,0.85,0.43–0.85,19
New Orleans,LA,Duplex/triplex,"2 units, 1,600 sq. ft. each",2,1600,"Low-density suburb (1,000/sq. mi.)",1.64,1.36,1.91,1.36–1.91,0.23,0.16,0.3,0.16–0.3,20
Tulsa,OK,Duplex/triplex,"2 units, 1,600 sq. ft. each",2,1600,"Low-density suburb (1,000/sq. mi.)",1.63,1.26,2.01,1.26–2.01,0.61,0.44,0.78,0.44–0.78,21
Boulder,CO,Duplex/triplex,"2 units, 1,600 sq. ft. each",2,1600,"Low-density suburb (1,000/sq. mi.)",1.59,1.23,1.95,1.23–1.95,0.5,0.28,0.72,0.28–0.72,22
Atlanta,GA,Duplex/triplex,"2 units, 1,600 sq. ft. each",2,1600,"Low-density suburb (1,000/sq. mi.)",1.57,1.29,1.86,1.29–1.86,0.48,0.26,0.7,0.26–0.7,23
Albuquerque,NM,Duplex/triplex,"2 units, 1,600 sq. ft. each",2,1600,"Low-density suburb (1,000/sq. mi.)",1.57,0.98,2.15,0.98–2.15,0.26,0.09,0.42,0.09–0.42,24
Austin,TX,Duplex/triplex,"2 units, 1,600 sq. ft. each",2,1600,"Low-density suburb (1,000/sq. mi.)",1.52,1.42,1.62,1.42–1.62,0.28,0.25,0.32,0.25–0.32,25
Jacksonville,FL,Duplex/triplex,"2 units, 1,600 sq. ft. each",2,1600,"Low-density suburb (1,000/sq. mi.)",1.52,1.36,1.68,1.36–1.68,0.32,0.25,0.38,0.25–0.38,26
Tampa,FL,Duplex/triplex,"2 units, 1,600 sq. ft. each",2,1600,"Low-density suburb (1,000/sq. mi.)",1.31,1.01,1.6,1.01–1.6,0.32,0.21,0.42,0.21–0.42,27
Colorado Springs,CO,Duplex/triplex,"2 units, 1,600 sq. ft. each",2,1600,"Low-density suburb (1,000/sq. mi.)",1.24,1.05,1.43,1.05–1.43,0.24,0.16,0.33,0.16–0.33,28
Columbus,OH,Duplex/triplex,"2 units, 1,600 sq. ft. each",2,1600,"Low-density suburb (1,000/sq. mi.)",1.22,1.06,1.38,1.06–1.38,0.1,0.07,0.13,0.07–0.13,29
Baton Rouge,LA,Duplex/triplex,"2 units, 1,600 sq. ft. each",2,1600,"Low-density suburb (1,000/sq. mi.)",1.17,0.99,1.36,0.99–1.36,0.21,0.15,0.27,0.15–0.27,30
Nashville,TN,Duplex/triplex,"2 units, 1,600 sq. ft. each",2,1600,"Low-density suburb (1,000/sq. mi.)",1.1,0.85,1.36,0.85–1.36,0.12,0.07,0.17,0.07–0.17,31
Fort Worth,TX,Duplex/triplex,"2 units, 1,600 sq. ft. each",2,1600,"Low-density suburb (1,000/sq. mi.)",1.04,0.93,1.15,0.93–1.15,0.2,0.16,0.23,0.16–0.23,32
Oklahoma City,OK,Duplex/triplex,"2 units, 1,600 sq. ft. each",2,1600,"Low-density suburb (1,000/sq. mi.)",0.97,0.87,1.07,0.87–1.07,0.07,0.04,0.09,0.04–0.09,33
Orlando,FL,Duplex/triplex,"2 units, 1,600 sq. ft. each",2,1600,"Low-density suburb (1,000/sq. mi.)",0.96,0.91,1.01,0.91–1.01,0.21,0.18,0.24,0.18–0.24,34
San Antonio,TX,Duplex/triplex,"2 units, 1,600 sq. ft. each",2,1600,"Low-density suburb (1,000/sq. mi.)",0.95,0.76,1.15,0.76–1.15,0.05,0.03,0.08,0.03–0.08,35
El Paso,TX,Duplex/triplex,"2 units, 1,600 sq. ft. each",2,1600,"Low-density suburb (1,000/sq. mi.)",0.87,0.71,1.02,0.71–1.02,0.12,0.05,0.18,0.05–0.18,36
Denver,CO,Duplex/triplex,"2 units, 1,600 sq. ft. each",2,1600,"Low-density suburb (1,000/sq. mi.)",0.73,0.53,0.92,0.53–0.92,0.13,0,0.25,0–0.25,37
Wilmington,NC,Duplex/triplex,"2 units, 1,600 sq. ft. each",2,1600,"Low-density suburb (1,000/sq. mi.)",0.62,0.6,0.64,0.6–0.64,0,0,0,0–0,38
San Francisco,CA,Duplex/triplex,"2 units, 1,600 sq. ft. each",2,1600,"City neighborhood (4,000/sq. mi.)",5.28,4.41,6.15,4.41–6.15,2.18,1.66,2.7,1.66–2.7,1
Jersey City,NJ,Duplex/triplex,"2 units, 1,600 sq. ft. each",2,1600,"City neighborhood (4,000/sq. mi.)",3.83,2.24,5.41,2.24–5.41,0.35,0.14,0.55,0.14–0.55,2
Miami,FL,Duplex/triplex,"2 units, 1,600 sq. ft. each",2,1600,"City neighborhood (4,000/sq. mi.)",3.66,3.09,4.23,3.09–4.23,1.39,1.14,1.64,1.14–1.64,3
Tulsa,OK,Duplex/triplex,"2 units, 1,600 sq. ft. each",2,1600,"City neighborhood (4,000/sq. mi.)",3.15,2.53,3.78,2.53–3.78,0.82,0.66,0.98,0.66–0.98,4
Oakland,CA,Duplex/triplex,"2 units, 1,600 sq. ft. each",2,1600,"City neighborhood (4,000/sq. mi.)",3.13,2.61,3.66,2.61–3.66,0.51,0.4,0.63,0.4–0.63,5
Philadelphia,PA,Duplex/triplex,"2 units, 1,600 sq. ft. each",2,1600,"City neighborhood (4,000/sq. mi.)",3.01,2.75,3.26,2.75–3.26,0.22,0.19,0.25,0.19–0.25,6
Washington,DC,Duplex/triplex,"2 units, 1,600 sq. ft. each",2,1600,"City neighborhood (4,000/sq. mi.)",2.98,2.44,3.52,2.44–3.52,0.87,0.62,1.11,0.62–1.11,7
New York,NY,Duplex/triplex,"2 units, 1,600 sq. ft. each",2,1600,"City neighborhood (4,000/sq. mi.)",2.97,2.89,3.06,2.89–3.06,0.8,0.76,0.84,0.76–0.84,8
Phoenix,AZ,Duplex/triplex,"2 units, 1,600 sq. ft. each",2,1600,"City neighborhood (4,000/sq. mi.)",2.93,2.74,3.13,2.74–3.13,1.06,0.93,1.18,0.93–1.18,9
Los Angeles,CA,Duplex/triplex,"2 units, 1,600 sq. ft. each",2,1600,"City neighborhood (4,000/sq. mi.)",2.53,2.39,2.68,2.39–2.68,0.91,0.84,0.99,0.84–0.99,10
Boston,MA,Duplex/triplex,"2 units, 1,600 sq. ft. each",2,1600,"City neighborhood (4,000/sq. mi.)",2.53,2.29,2.77,2.29–2.77,1.12,0.93,1.3,0.93–1.3,11
Honolulu,HI,Duplex/triplex,"2 units, 1,600 sq. ft. each",2,1600,"City neighborhood (4,000/sq. mi.)",2.51,2.32,2.69,2.32–2.69,0.93,0.84,1.03,0.84–1.03,12
Seattle,WA,Duplex/triplex,"2 units, 1,600 sq. ft. each",2,1600,"City neighborhood (4,000/sq. mi.)",2.48,2.37,2.59,2.37–2.59,0.75,0.7,0.79,0.7–0.79,13
Cleveland,OH,Duplex/triplex,"2 units, 1,600 sq. ft. each",2,1600,"City neighborhood (4,000/sq. mi.)",2.47,1.72,3.22,1.72–3.22,0.74,0.48,1,0.48–1,14
Fort Lauderdale,FL,Duplex/triplex,"2 units, 1,600 sq. ft. each",2,1600,"City neighborhood (4,000/sq. mi.)",2.33,1.95,2.71,1.95–2.71,0.84,0.63,1.04,0.63–1.04,15
Boise,ID,Duplex/triplex,"2 units, 1,600 sq. ft. each",2,1600,"City neighborhood (4,000/sq. mi.)",2.22,1.18,3.25,1.18–3.25,0.43,0.19,0.67,0.19–0.67,16
San Diego,CA,Duplex/triplex,"2 units, 1,600 sq. ft. each",2,1600,"City neighborhood (4,000/sq. mi.)",2.06,1.85,2.27,1.85–2.27,0.61,0.51,0.72,0.51–0.72,17
Jacksonville,FL,Duplex/triplex,"2 units, 1,600 sq. ft. each",2,1600,"City neighborhood (4,000/sq. mi.)",1.93,1.7,2.16,1.7–2.16,0.48,0.38,0.59,0.38–0.59,18
Louisville,KY,Duplex/triplex,"2 units, 1,600 sq. ft. each",2,1600,"City neighborhood (4,000/sq. mi.)",1.91,1.34,2.48,1.34–2.48,0.22,0.11,0.34,0.11–0.34,19
Houston,TX,Duplex/triplex,"2 units, 1,600 sq. ft. each",2,1600,"City neighborhood (4,000/sq. mi.)",1.9,1.64,2.15,1.64–2.15,0.28,0.21,0.36,0.21–0.36,20
Albuquerque,NM,Duplex/triplex,"2 units, 1,600 sq. ft. each",2,1600,"City neighborhood (4,000/sq. mi.)",1.85,1.23,2.47,1.23–2.47,0.23,0.11,0.35,0.11–0.35,21
Providence,RI,Duplex/triplex,"2 units, 1,600 sq. ft. each",2,1600,"City neighborhood (4,000/sq. mi.)",1.82,1.37,2.28,1.37–2.28,0.1,0.05,0.14,0.05–0.14,22
Sacramento,CA,Duplex/triplex,"2 units, 1,600 sq. ft. each",2,1600,"City neighborhood (4,000/sq. mi.)",1.7,1.47,1.93,1.47–1.93,0.37,0.25,0.48,0.25–0.48,23
Boulder,CO,Duplex/triplex,"2 units, 1,600 sq. ft. each",2,1600,"City neighborhood (4,000/sq. mi.)",1.69,1.44,1.93,1.44–1.93,0.68,0.44,0.92,0.44–0.92,24
Portland,OR,Duplex/triplex,"2 units, 1,600 sq. ft. each",2,1600,"City neighborhood (4,000/sq. mi.)",1.65,1.56,1.74,1.56–1.74,0.59,0.54,0.65,0.54–0.65,25
Reno,NV,Duplex/triplex,"2 units, 1,600 sq. ft. each",2,1600,"City neighborhood (4,000/sq. mi.)",1.59,1.4,1.77,1.4–1.77,0.4,0.27,0.54,0.27–0.54,26
Atlanta,GA,Duplex/triplex,"2 units, 1,600 sq. ft. each",2,1600,"City neighborhood (4,000/sq. mi.)",1.55,1.38,1.71,1.38–1.71,0.4,0.29,0.5,0.29–0.5,27
Durham,NC,Duplex/triplex,"2 units, 1,600 sq. ft. each",2,1600,"City neighborhood (4,000/sq. mi.)",1.52,1.16,1.88,1.16–1.88,0.23,0.17,0.29,0.17–0.29,28
Tampa,FL,Duplex/triplex,"2 units, 1,600 sq. ft. each",2,1600,"City neighborhood (4,000/sq. mi.)",1.5,1.29,1.71,1.29–1.71,0.39,0.31,0.47,0.31–0.47,29
Austin,TX,Duplex/triplex,"2 units, 1,600 sq. ft. each",2,1600,"City neighborhood (4,000/sq. mi.)",1.49,1.43,1.55,1.43–1.55,0.33,0.31,0.36,0.31–0.36,30
Columbus,OH,Duplex/triplex,"2 units, 1,600 sq. ft. each",2,1600,"City neighborhood (4,000/sq. mi.)",1.42,1.28,1.55,1.28–1.55,0.11,0.08,0.13,0.08–0.13,31
Nashville,TN,Duplex/triplex,"2 units, 1,600 sq. ft. each",2,1600,"City neighborhood (4,000/sq. mi.)",1.35,1.07,1.64,1.07–1.64,0.15,0.09,0.22,0.09–0.22,32
Colorado Springs,CO,Duplex/triplex,"2 units, 1,600 sq. ft. each",2,1600,"City neighborhood (4,000/sq. mi.)",1.35,1.15,1.54,1.15–1.54,0.28,0.19,0.37,0.19–0.37,33
Baton Rouge,LA,Duplex/triplex,"2 units, 1,600 sq. ft. each",2,1600,"City neighborhood (4,000/sq. mi.)",1.29,1.11,1.46,1.11–1.46,0.37,0.27,0.47,0.27–0.47,34
Denver,CO,Duplex/triplex,"2 units, 1,600 sq. ft. each",2,1600,"City neighborhood (4,000/sq. mi.)",1.28,1.15,1.42,1.15–1.42,0.23,0.13,0.32,0.13–0.32,35
San Antonio,TX,Duplex/triplex,"2 units, 1,600 sq. ft. each",2,1600,"City neighborhood (4,000/sq. mi.)",1.28,1.05,1.51,1.05–1.51,0.14,0.1,0.18,0.1–0.18,36
New Orleans,LA,Duplex/triplex,"2 units, 1,600 sq. ft. each",2,1600,"City neighborhood (4,000/sq. mi.)",1.19,1.04,1.34,1.04–1.34,0.2,0.15,0.24,0.15–0.24,37
Fort Worth,TX,Duplex/triplex,"2 units, 1,600 sq. ft. each",2,1600,"City neighborhood (4,000/sq. mi.)",1.17,1.06,1.27,1.06–1.27,0.18,0.15,0.21,0.15–0.21,38
Orlando,FL,Duplex/triplex,"2 units, 1,600 sq. ft. each",2,1600,"City neighborhood (4,000/sq. mi.)",1.09,0.97,1.2,0.97–1.2,0.19,0.12,0.26,0.12–0.26,39
Oklahoma City,OK,Duplex/triplex,"2 units, 1,600 sq. ft. each",2,1600,"City neighborhood (4,000/sq. mi.)",0.88,0.78,0.97,0.78–0.97,0.06,0.03,0.09,0.03–0.09,40
El Paso,TX,Duplex/triplex,"2 units, 1,600 sq. ft. each",2,1600,"City neighborhood (4,000/sq. mi.)",0.81,0.66,0.97,0.66–0.97,0.16,0.07,0.26,0.07–0.26,41
Wilmington,NC,Duplex/triplex,"2 units, 1,600 sq. ft. each",2,1600,"City neighborhood (4,000/sq. mi.)",0.64,0.61,0.66,0.61–0.66,0,0,0,0–0,42
Tulsa,OK,Duplex/triplex,"2 units, 1,600 sq. ft. each",2,1600,"Dense city neighborhood (10,000/sq. mi.)",4.86,3.01,6.72,3.01–6.72,1,0.59,1.41,0.59–1.41,1
Miami,FL,Duplex/triplex,"2 units, 1,600 sq. ft. each",2,1600,"Dense city neighborhood (10,000/sq. mi.)",4.08,3.6,4.55,3.6–4.55,1.35,1.16,1.54,1.16–1.54,2
San Francisco,CA,Duplex/triplex,"2 units, 1,600 sq. ft. each",2,1600,"Dense city neighborhood (10,000/sq. mi.)",4.02,3.51,4.53,3.51–4.53,1.58,1.27,1.89,1.27–1.89,3
Oakland,CA,Duplex/triplex,"2 units, 1,600 sq. ft. each",2,1600,"Dense city neighborhood (10,000/sq. mi.)",3.21,2.66,3.76,2.66–3.76,0.59,0.41,0.78,0.41–0.78,4
Jersey City,NJ,Duplex/triplex,"2 units, 1,600 sq. ft. each",2,1600,"Dense city neighborhood (10,000/sq. mi.)",3.16,2.28,4.04,2.28–4.04,0.31,0.19,0.43,0.19–0.43,5
New York,NY,Duplex/triplex,"2 units, 1,600 sq. ft. each",2,1600,"Dense city neighborhood (10,000/sq. mi.)",3.02,2.95,3.09,2.95–3.09,0.83,0.79,0.86,0.79–0.86,6
Phoenix,AZ,Duplex/triplex,"2 units, 1,600 sq. ft. each",2,1600,"Dense city neighborhood (10,000/sq. mi.)",2.86,2.66,3.05,2.66–3.05,0.93,0.81,1.05,0.81–1.05,7
Philadelphia,PA,Duplex/triplex,"2 units, 1,600 sq. ft. each",2,1600,"Dense city neighborhood (10,000/sq. mi.)",2.81,2.67,2.95,2.67–2.95,0.23,0.21,0.25,0.21–0.25,8
Washington,DC,Duplex/triplex,"2 units, 1,600 sq. ft. each",2,1600,"Dense city neighborhood (10,000/sq. mi.)",2.76,2.49,3.03,2.49–3.03,0.82,0.7,0.95,0.7–0.95,9
Boston,MA,Duplex/triplex,"2 units, 1,600 sq. ft. each",2,1600,"Dense city neighborhood (10,000/sq. mi.)",2.66,2.46,2.86,2.46–2.86,1.18,1.03,1.33,1.03–1.33,10
Cleveland,OH,Duplex/triplex,"2 units, 1,600 sq. ft. each",2,1600,"Dense city neighborhood (10,000/sq. mi.)",2.54,1.7,3.38,1.7–3.38,0.91,0.7,1.12,0.7–1.12,11
Los Angeles,CA,Duplex/triplex,"2 units, 1,600 sq. ft. each",2,1600,"Dense city neighborhood (10,000/sq. mi.)",2.36,2.27,2.45,2.27–2.45,0.76,0.72,0.8,0.72–0.8,12
Seattle,WA,Duplex/triplex,"2 units, 1,600 sq. ft. each",2,1600,"Dense city neighborhood (10,000/sq. mi.)",2.3,2.23,2.37,2.23–2.37,0.7,0.67,0.73,0.67–0.73,13
Honolulu,HI,Duplex/triplex,"2 units, 1,600 sq. ft. each",2,1600,"Dense city neighborhood (10,000/sq. mi.)",2.29,2.11,2.47,2.11–2.47,0.85,0.76,0.93,0.76–0.93,14
Jacksonville,FL,Duplex/triplex,"2 units, 1,600 sq. ft. each",2,1600,"Dense city neighborhood (10,000/sq. mi.)",2.26,1.95,2.57,1.95–2.57,0.64,0.49,0.79,0.49–0.79,15
San Diego,CA,Duplex/triplex,"2 units, 1,600 sq. ft. each",2,1600,"Dense city neighborhood (10,000/sq. mi.)",2.18,1.96,2.4,1.96–2.4,0.7,0.6,0.81,0.6–0.81,16
Albuquerque,NM,Duplex/triplex,"2 units, 1,600 sq. ft. each",2,1600,"Dense city neighborhood (10,000/sq. mi.)",2.06,1.24,2.89,1.24–2.89,0.22,0.11,0.32,0.11–0.32,17
Fort Lauderdale,FL,Duplex/triplex,"2 units, 1,600 sq. ft. each",2,1600,"Dense city neighborhood (10,000/sq. mi.)",2.03,1.61,2.46,1.61–2.46,0.6,0.43,0.77,0.43–0.77,18
Louisville,KY,Duplex/triplex,"2 units, 1,600 sq. ft. each",2,1600,"Dense city neighborhood (10,000/sq. mi.)",2.02,1.24,2.8,1.24–2.8,0.22,0.1,0.34,0.1–0.34,19
Denver,CO,Duplex/triplex,"2 units, 1,600 sq. ft. each",2,1600,"Dense city neighborhood (10,000/sq. mi.)",1.87,1.63,2.1,1.63–2.1,0.33,0.13,0.53,0.13–0.53,20
Boulder,CO,Duplex/triplex,"2 units, 1,600 sq. ft. each",2,1600,"Dense city neighborhood (10,000/sq. mi.)",1.75,1.45,2.05,1.45–2.05,0.83,0.5,1.16,0.5–1.16,21
Houston,TX,Duplex/triplex,"2 units, 1,600 sq. ft. each",2,1600,"Dense city neighborhood (10,000/sq. mi.)",1.7,1.38,2.02,1.38–2.02,0.26,0.15,0.38,0.15–0.38,22
Providence,RI,Duplex/triplex,"2 units, 1,600 sq. ft. each",2,1600,"Dense city neighborhood (10,000/sq. mi.)",1.65,1.28,2.02,1.28–2.02,0.11,0.07,0.16,0.07–0.16,23
Tampa,FL,Duplex/triplex,"2 units, 1,600 sq. ft. each",2,1600,"Dense city neighborhood (10,000/sq. mi.)",1.64,1.34,1.94,1.34–1.94,0.44,0.33,0.55,0.33–0.55,24
Portland,OR,Duplex/triplex,"2 units, 1,600 sq. ft. each",2,1600,"Dense city neighborhood (10,000/sq. mi.)",1.57,1.5,1.64,1.5–1.64,0.56,0.51,0.6,0.51–0.6,25
Columbus,OH,Duplex/triplex,"2 units, 1,600 sq. ft. each",2,1600,"Dense city neighborhood (10,000/sq. mi.)",1.56,1.34,1.78,1.34–1.78,0.11,0.08,0.14,0.08–0.14,26
San Antonio,TX,Duplex/triplex,"2 units, 1,600 sq. ft. each",2,1600,"Dense city neighborhood (10,000/sq. mi.)",1.56,1.24,1.87,1.24–1.87,0.28,0.18,0.37,0.18–0.37,27
Nashville,TN,Duplex/triplex,"2 units, 1,600 sq. ft. each",2,1600,"Dense city neighborhood (10,000/sq. mi.)",1.55,1.19,1.92,1.19–1.92,0.18,0.1,0.26,0.1–0.26,28
Reno,NV,Duplex/triplex,"2 units, 1,600 sq. ft. each",2,1600,"Dense city neighborhood (10,000/sq. mi.)",1.55,1.35,1.76,1.35–1.76,0.3,0.15,0.44,0.15–0.44,29
Atlanta,GA,Duplex/triplex,"2 units, 1,600 sq. ft. each",2,1600,"Dense city neighborhood (10,000/sq. mi.)",1.53,1.36,1.71,1.36–1.71,0.35,0.26,0.44,0.26–0.44,30
Sacramento,CA,Duplex/triplex,"2 units, 1,600 sq. ft. each",2,1600,"Dense city neighborhood (10,000/sq. mi.)",1.48,1.24,1.73,1.24–1.73,0.28,0.19,0.37,0.19–0.37,31
Austin,TX,Duplex/triplex,"2 units, 1,600 sq. ft. each",2,1600,"Dense city neighborhood (10,000/sq. mi.)",1.47,1.39,1.54,1.39–1.54,0.37,0.33,0.4,0.33–0.4,32
Colorado Springs,CO,Duplex/triplex,"2 units, 1,600 sq. ft. each",2,1600,"Dense city neighborhood (10,000/sq. mi.)",1.42,1.2,1.64,1.2–1.64,0.31,0.21,0.42,0.21–0.42,33
Fort Worth,TX,Duplex/triplex,"2 units, 1,600 sq. ft. each",2,1600,"Dense city neighborhood (10,000/sq. mi.)",1.26,1.14,1.38,1.14–1.38,0.17,0.14,0.2,0.14–0.2,34
Orlando,FL,Duplex/triplex,"2 units, 1,600 sq. ft. each",2,1600,"Dense city neighborhood (10,000/sq. mi.)",1.18,1,1.36,1–1.36,0.17,0.08,0.26,0.08–0.26,35
Durham,NC,Duplex/triplex,"2 units, 1,600 sq. ft. each",2,1600,"Dense city neighborhood (10,000/sq. mi.)",1.15,0.61,1.68,0.61–1.68,0.37,0.25,0.49,0.25–0.49,36
New Orleans,LA,Duplex/triplex,"2 units, 1,600 sq. ft. each",2,1600,"Dense city neighborhood (10,000/sq. mi.)",0.96,0.84,1.08,0.84–1.08,0.17,0.13,0.21,0.13–0.21,37
Oklahoma City,OK,Duplex/triplex,"2 units, 1,600 sq. ft. each",2,1600,"Dense city neighborhood (10,000/sq. mi.)",0.82,0.73,0.92,0.73–0.92,0.06,0.03,0.09,0.03–0.09,38
El Paso,TX,Duplex/triplex,"2 units, 1,600 sq. ft. each",2,1600,"Dense city neighborhood (10,000/sq. mi.)",0.78,0.58,0.98,0.58–0.98,0.2,0.07,0.34,0.07–0.34,39
Wilmington,NC,Duplex/triplex,"2 units, 1,600 sq. ft. each",2,1600,"Dense city neighborhood (10,000/sq. mi.)",0.65,0.61,0.68,0.61–0.68,0,0,0,0–0,40
Miami,FL,Duplex/triplex,"2 units, 1,600 sq. ft. each",2,1600,"Urban core (25,000/sq. mi.)",4.54,3.89,5.19,3.89–5.19,1.31,1.1,1.53,1.1–1.53,1
Oakland,CA,Duplex/triplex,"2 units, 1,600 sq. ft. each",2,1600,"Urban core (25,000/sq. mi.)",3.29,2.48,4.09,2.48–4.09,0.69,0.37,1.01,0.37–1.01,2
New York,NY,Duplex/triplex,"2 units, 1,600 sq. ft. each",2,1600,"Urban core (25,000/sq. mi.)",3.07,2.99,3.14,2.99–3.14,0.86,0.82,0.89,0.82–0.89,3
San Francisco,CA,Duplex/triplex,"2 units, 1,600 sq. ft. each",2,1600,"Urban core (25,000/sq. mi.)",3.06,2.69,3.43,2.69–3.43,1.14,0.92,1.36,0.92–1.36,4
Boston,MA,Duplex/triplex,"2 units, 1,600 sq. ft. each",2,1600,"Urban core (25,000/sq. mi.)",2.79,2.58,3.01,2.58–3.01,1.25,1.1,1.39,1.1–1.39,5
Phoenix,AZ,Duplex/triplex,"2 units, 1,600 sq. ft. each",2,1600,"Urban core (25,000/sq. mi.)",2.78,2.58,2.99,2.58–2.99,0.82,0.69,0.95,0.69–0.95,6
Jacksonville,FL,Duplex/triplex,"2 units, 1,600 sq. ft. each",2,1600,"Urban core (25,000/sq. mi.)",2.64,2.23,3.06,2.23–3.06,0.84,0.63,1.05,0.63–1.05,7
Philadelphia,PA,Duplex/triplex,"2 units, 1,600 sq. ft. each",2,1600,"Urban core (25,000/sq. mi.)",2.63,2.52,2.74,2.52–2.74,0.24,0.22,0.25,0.22–0.25,8
Cleveland,OH,Duplex/triplex,"2 units, 1,600 sq. ft. each",2,1600,"Urban core (25,000/sq. mi.)",2.62,1.4,3.84,1.4–3.84,1.12,0.6,1.65,0.6–1.65,9
Jersey City,NJ,Duplex/triplex,"2 units, 1,600 sq. ft. each",2,1600,"Urban core (25,000/sq. mi.)",2.61,2.09,3.13,2.09–3.13,0.27,0.19,0.36,0.19–0.36,10
Washington,DC,Duplex/triplex,"2 units, 1,600 sq. ft. each",2,1600,"Urban core (25,000/sq. mi.)",2.56,2.39,2.72,2.39–2.72,0.78,0.71,0.86,0.71–0.86,11
San Diego,CA,Duplex/triplex,"2 units, 1,600 sq. ft. each",2,1600,"Urban core (25,000/sq. mi.)",2.3,2.02,2.59,2.02–2.59,0.81,0.67,0.94,0.67–0.94,12
Los Angeles,CA,Duplex/triplex,"2 units, 1,600 sq. ft. each",2,1600,"Urban core (25,000/sq. mi.)",2.2,2.1,2.3,2.1–2.3,0.64,0.6,0.68,0.6–0.68,13
Seattle,WA,Duplex/triplex,"2 units, 1,600 sq. ft. each",2,1600,"Urban core (25,000/sq. mi.)",2.13,2.04,2.22,2.04–2.22,0.65,0.61,0.69,0.61–0.69,14
Louisville,KY,Duplex/triplex,"2 units, 1,600 sq. ft. each",2,1600,"Urban core (25,000/sq. mi.)",2.13,1.09,3.16,1.09–3.16,0.22,0.1,0.34,0.1–0.34,15
Honolulu,HI,Duplex/triplex,"2 units, 1,600 sq. ft. each",2,1600,"Urban core (25,000/sq. mi.)",2.09,1.89,2.29,1.89–2.29,0.77,0.67,0.86,0.67–0.86,16
San Antonio,TX,Duplex/triplex,"2 units, 1,600 sq. ft. each",2,1600,"Urban core (25,000/sq. mi.)",1.89,1.43,2.35,1.43–2.35,0.54,0.28,0.81,0.28–0.81,17
Tampa,FL,Duplex/triplex,"2 units, 1,600 sq. ft. each",2,1600,"Urban core (25,000/sq. mi.)",1.79,1.3,2.29,1.3–2.29,0.5,0.31,0.68,0.31–0.68,18
Nashville,TN,Duplex/triplex,"2 units, 1,600 sq. ft. each",2,1600,"Urban core (25,000/sq. mi.)",1.78,1.29,2.27,1.29–2.27,0.21,0.1,0.33,0.1–0.33,19
Fort Lauderdale,FL,Duplex/triplex,"2 units, 1,600 sq. ft. each",2,1600,"Urban core (25,000/sq. mi.)",1.77,1.09,2.45,1.09–2.45,0.43,0.2,0.66,0.2–0.66,20
Columbus,OH,Duplex/triplex,"2 units, 1,600 sq. ft. each",2,1600,"Urban core (25,000/sq. mi.)",1.72,1.36,2.08,1.36–2.08,0.11,0.08,0.15,0.08–0.15,21
Reno,NV,Duplex/triplex,"2 units, 1,600 sq. ft. each",2,1600,"Urban core (25,000/sq. mi.)",1.52,1.2,1.84,1.2–1.84,0.22,0.07,0.37,0.07–0.37,22
Houston,TX,Duplex/triplex,"2 units, 1,600 sq. ft. each",2,1600,"Urban core (25,000/sq. mi.)",1.52,1.11,1.93,1.11–1.93,0.24,0.07,0.41,0.07–0.41,23
Atlanta,GA,Duplex/triplex,"2 units, 1,600 sq. ft. each",2,1600,"Urban core (25,000/sq. mi.)",1.52,1.27,1.76,1.27–1.76,0.31,0.2,0.42,0.2–0.42,24
Colorado Springs,CO,Duplex/triplex,"2 units, 1,600 sq. ft. each",2,1600,"Urban core (25,000/sq. mi.)",1.51,1.25,1.76,1.25–1.76,0.34,0.22,0.47,0.22–0.47,25
Portland,OR,Duplex/triplex,"2 units, 1,600 sq. ft. each",2,1600,"Urban core (25,000/sq. mi.)",1.5,1.42,1.58,1.42–1.58,0.52,0.48,0.56,0.48–0.56,26
Providence,RI,Duplex/triplex,"2 units, 1,600 sq. ft. each",2,1600,"Urban core (25,000/sq. mi.)",1.49,1.13,1.86,1.13–1.86,0.13,0.07,0.19,0.07–0.19,27
Austin,TX,Duplex/triplex,"2 units, 1,600 sq. ft. each",2,1600,"Urban core (25,000/sq. mi.)",1.45,1.33,1.56,1.33–1.56,0.41,0.34,0.47,0.34–0.47,28
Fort Worth,TX,Duplex/triplex,"2 units, 1,600 sq. ft. each",2,1600,"Urban core (25,000/sq. mi.)",1.36,1.2,1.51,1.2–1.51,0.16,0.12,0.2,0.12–0.2,29
Sacramento,CA,Duplex/triplex,"2 units, 1,600 sq. ft. each",2,1600,"Urban core (25,000/sq. mi.)",1.29,0.9,1.69,0.9–1.69,0.22,0.1,0.34,0.1–0.34,30
Orlando,FL,Duplex/triplex,"2 units, 1,600 sq. ft. each",2,1600,"Urban core (25,000/sq. mi.)",1.28,1.02,1.53,1.02–1.53,0.15,0.04,0.26,0.04–0.26,31
New Orleans,LA,Duplex/triplex,"2 units, 1,600 sq. ft. each",2,1600,"Urban core (25,000/sq. mi.)",0.78,0.67,0.89,0.67–0.89,0.15,0.11,0.19,0.11–0.19,32
Oklahoma City,OK,Duplex/triplex,"2 units, 1,600 sq. ft. each",2,1600,"Urban core (25,000/sq. mi.)",0.77,0.67,0.87,0.67–0.87,0.06,0.03,0.09,0.03–0.09,33
El Paso,TX,Duplex/triplex,"2 units, 1,600 sq. ft. each",2,1600,"Urban core (25,000/sq. mi.)",0.75,0.51,0.99,0.51–0.99,0.25,0.05,0.46,0.05–0.46,34
Wilmington,NC,Duplex/triplex,"2 units, 1,600 sq. ft. each",2,1600,"Urban core (25,000/sq. mi.)",0.66,0.6,0.71,0.6–0.71,0,0,0,0–0,35
San Francisco,CA,Duplex/triplex,"3 units, 800 sq. ft. each",3,800,"Low-density suburb (1,000/sq. mi.)",7.14,5.07,9.2,5.07–9.2,2.94,1.74,4.15,1.74–4.15,1
Tulsa,OK,Duplex/triplex,"3 units, 800 sq. ft. each",3,800,"Low-density suburb (1,000/sq. mi.)",4.9,4.01,5.8,4.01–5.8,0.97,0.7,1.23,0.7–1.23,2
Washington,DC,Duplex/triplex,"3 units, 800 sq. ft. each",3,800,"Low-density suburb (1,000/sq. mi.)",4.56,2.91,6.21,2.91–6.21,1.65,0.83,2.46,0.83–2.46,3
Los Angeles,CA,Duplex/triplex,"3 units, 800 sq. ft. each",3,800,"Low-density suburb (1,000/sq. mi.)",4.46,3.88,5.05,3.88–5.05,2.01,1.63,2.38,1.63–2.38,4
Phoenix,AZ,Duplex/triplex,"3 units, 800 sq. ft. each",3,800,"Low-density suburb (1,000/sq. mi.)",3.54,3.25,3.84,3.25–3.84,2.86,2.4,3.33,2.4–3.33,5
Durham,NC,Duplex/triplex,"3 units, 800 sq. ft. each",3,800,"Low-density suburb (1,000/sq. mi.)",3.36,1.68,5.03,1.68–5.03,0.1,0.05,0.15,0.05–0.15,6
Philadelphia,PA,Duplex/triplex,"3 units, 800 sq. ft. each",3,800,"Low-density suburb (1,000/sq. mi.)",3.24,2.74,3.75,2.74–3.75,0.2,0.15,0.25,0.15–0.25,7
New York,NY,Duplex/triplex,"3 units, 800 sq. ft. each",3,800,"Low-density suburb (1,000/sq. mi.)",2.88,2.74,3.02,2.74–3.02,0.74,0.67,0.81,0.67–0.81,8
Seattle,WA,Duplex/triplex,"3 units, 800 sq. ft. each",3,800,"Low-density suburb (1,000/sq. mi.)",2.83,2.6,3.07,2.6–3.07,0.9,0.79,1.01,0.79–1.01,9
Providence,RI,Duplex/triplex,"3 units, 800 sq. ft. each",3,800,"Low-density suburb (1,000/sq. mi.)",2.54,1.43,3.64,1.43–3.64,0.17,0.02,0.33,0.02–0.33,10
Boston,MA,Duplex/triplex,"3 units, 800 sq. ft. each",3,800,"Low-density suburb (1,000/sq. mi.)",2.5,2.09,2.91,2.09–2.91,1.05,0.77,1.34,0.77–1.34,11
Honolulu,HI,Duplex/triplex,"3 units, 800 sq. ft. each",3,800,"Low-density suburb (1,000/sq. mi.)",2.46,2.02,2.9,2.02–2.9,1.39,0.93,1.85,0.93–1.85,12
Boulder,CO,Duplex/triplex,"3 units, 800 sq. ft. each",3,800,"Low-density suburb (1,000/sq. mi.)",2.38,1.77,2.99,1.77–2.99,0.59,0.38,0.8,0.38–0.8,13
Portland,OR,Duplex/triplex,"3 units, 800 sq. ft. each",3,800,"Low-density suburb (1,000/sq. mi.)",2.19,1.94,2.45,1.94–2.45,0.77,0.64,0.9,0.64–0.9,14
Oklahoma City,OK,Duplex/triplex,"3 units, 800 sq. ft. each",3,800,"Low-density suburb (1,000/sq. mi.)",2.08,1.82,2.35,1.82–2.35,0.04,0.02,0.06,0.02–0.06,15
San Diego,CA,Duplex/triplex,"3 units, 800 sq. ft. each",3,800,"Low-density suburb (1,000/sq. mi.)",2.08,1.74,2.42,1.74–2.42,0.48,0.35,0.6,0.35–0.6,16
Austin,TX,Duplex/triplex,"3 units, 800 sq. ft. each",3,800,"Low-density suburb (1,000/sq. mi.)",2.07,1.86,2.28,1.86–2.28,0.45,0.37,0.53,0.37–0.53,17
Houston,TX,Duplex/triplex,"3 units, 800 sq. ft. each",3,800,"Low-density suburb (1,000/sq. mi.)",1.91,1.61,2.21,1.61–2.21,0.27,0.15,0.39,0.15–0.39,18
Louisville,KY,Duplex/triplex,"3 units, 800 sq. ft. each",3,800,"Low-density suburb (1,000/sq. mi.)",1.86,1.22,2.51,1.22–2.51,0.17,0.09,0.26,0.09–0.26,19
Albuquerque,NM,Duplex/triplex,"3 units, 800 sq. ft. each",3,800,"Low-density suburb (1,000/sq. mi.)",1.59,1.1,2.07,1.1–2.07,0.31,0.15,0.48,0.15–0.48,20
New Orleans,LA,Duplex/triplex,"3 units, 800 sq. ft. each",3,800,"Low-density suburb (1,000/sq. mi.)",1.58,1.21,1.95,1.21–1.95,0.08,0.05,0.12,0.05–0.12,21
Colorado Springs,CO,Duplex/triplex,"3 units, 800 sq. ft. each",3,800,"Low-density suburb (1,000/sq. mi.)",1.57,1.03,2.1,1.03–2.1,0.16,0.09,0.23,0.09–0.23,22
Fort Worth,TX,Duplex/triplex,"3 units, 800 sq. ft. each",3,800,"Low-density suburb (1,000/sq. mi.)",1.53,1.34,1.71,1.34–1.71,0.15,0.1,0.21,0.1–0.21,23
Jacksonville,FL,Duplex/triplex,"3 units, 800 sq. ft. each",3,800,"Low-density suburb (1,000/sq. mi.)",1.41,1.14,1.68,1.14–1.68,0.29,0.2,0.39,0.2–0.39,24
El Paso,TX,Duplex/triplex,"3 units, 800 sq. ft. each",3,800,"Low-density suburb (1,000/sq. mi.)",1.32,0.97,1.67,0.97–1.67,0.11,0.04,0.19,0.04–0.19,25
Columbus,OH,Duplex/triplex,"3 units, 800 sq. ft. each",3,800,"Low-density suburb (1,000/sq. mi.)",1.26,1.04,1.48,1.04–1.48,0.16,0.11,0.22,0.11–0.22,26
Wilmington,NC,Duplex/triplex,"3 units, 800 sq. ft. each",3,800,"Low-density suburb (1,000/sq. mi.)",1.13,0.6,1.66,0.6–1.66,0,0,0,0–0,27
Tampa,FL,Duplex/triplex,"3 units, 800 sq. ft. each",3,800,"Low-density suburb (1,000/sq. mi.)",1.04,0.73,1.35,0.73–1.35,0.34,0.2,0.48,0.2–0.48,28
Nashville,TN,Duplex/triplex,"3 units, 800 sq. ft. each",3,800,"Low-density suburb (1,000/sq. mi.)",1.03,0.77,1.3,0.77–1.3,0.1,0.06,0.15,0.06–0.15,29
Baton Rouge,LA,Duplex/triplex,"3 units, 800 sq. ft. each",3,800,"Low-density suburb (1,000/sq. mi.)",1.02,0.57,1.46,0.57–1.46,0.14,-0.01,0.3,-0.01–0.3,30
San Antonio,TX,Duplex/triplex,"3 units, 800 sq. ft. each",3,800,"Low-density suburb (1,000/sq. mi.)",0.78,0.58,0.97,0.58–0.97,0.04,0.02,0.07,0.02–0.07,31
Denver,CO,Duplex/triplex,"3 units, 800 sq. ft. each",3,800,"Low-density suburb (1,000/sq. mi.)",0.61,0.44,0.78,0.44–0.78,0.15,0.02,0.29,0.02–0.29,32
Tulsa,OK,Duplex/triplex,"3 units, 800 sq. ft. each",3,800,"City neighborhood (4,000/sq. mi.)",9.46,6.34,12.58,6.34–12.58,1.3,0.78,1.82,0.78–1.82,1
San Francisco,CA,Duplex/triplex,"3 units, 800 sq. ft. each",3,800,"City neighborhood (4,000/sq. mi.)",4.73,3.71,5.74,3.71–5.74,1.8,1.24,2.35,1.24–2.35,2
Washington,DC,Duplex/triplex,"3 units, 800 sq. ft. each",3,800,"City neighborhood (4,000/sq. mi.)",4.06,2.89,5.23,2.89–5.23,1.53,0.93,2.12,0.93–2.12,3
Los Angeles,CA,Duplex/triplex,"3 units, 800 sq. ft. each",3,800,"City neighborhood (4,000/sq. mi.)",4.01,3.58,4.44,3.58–4.44,1.53,1.31,1.75,1.31–1.75,4
Phoenix,AZ,Duplex/triplex,"3 units, 800 sq. ft. each",3,800,"City neighborhood (4,000/sq. mi.)",3.4,3.11,3.69,3.11–3.69,2.35,1.96,2.75,1.96–2.75,5
New York,NY,Duplex/triplex,"3 units, 800 sq. ft. each",3,800,"City neighborhood (4,000/sq. mi.)",2.95,2.83,3.06,2.83–3.06,0.79,0.73,0.84,0.73–0.84,6
Philadelphia,PA,Duplex/triplex,"3 units, 800 sq. ft. each",3,800,"City neighborhood (4,000/sq. mi.)",2.93,2.64,3.22,2.64–3.22,0.22,0.18,0.25,0.18–0.25,7
Oakland,CA,Duplex/triplex,"3 units, 800 sq. ft. each",3,800,"City neighborhood (4,000/sq. mi.)",2.93,2.09,3.76,2.09–3.76,0.5,0.28,0.73,0.28–0.73,8
Boston,MA,Duplex/triplex,"3 units, 800 sq. ft. each",3,800,"City neighborhood (4,000/sq. mi.)",2.7,2.36,3.03,2.36–3.03,1.14,0.92,1.37,0.92–1.37,9
Seattle,WA,Duplex/triplex,"3 units, 800 sq. ft. each",3,800,"City neighborhood (4,000/sq. mi.)",2.53,2.41,2.65,2.41–2.65,0.81,0.75,0.87,0.75–0.87,10
Boulder,CO,Duplex/triplex,"3 units, 800 sq. ft. each",3,800,"City neighborhood (4,000/sq. mi.)",2.52,2.06,2.98,2.06–2.98,0.8,0.51,1.1,0.51–1.1,11
Sacramento,CA,Duplex/triplex,"3 units, 800 sq. ft. each",3,800,"City neighborhood (4,000/sq. mi.)",2.38,1.8,2.96,1.8–2.96,0.38,0.15,0.6,0.15–0.6,12
San Diego,CA,Duplex/triplex,"3 units, 800 sq. ft. each",3,800,"City neighborhood (4,000/sq. mi.)",2.26,1.95,2.57,1.95–2.57,0.59,0.47,0.7,0.47–0.7,13
Durham,NC,Duplex/triplex,"3 units, 800 sq. ft. each",3,800,"City neighborhood (4,000/sq. mi.)",2.19,1.28,3.09,1.28–3.09,0.21,0.12,0.3,0.12–0.3,14
Providence,RI,Duplex/triplex,"3 units, 800 sq. ft. each",3,800,"City neighborhood (4,000/sq. mi.)",2.18,1.4,2.97,1.4–2.97,0.21,0.04,0.39,0.04–0.39,15
Honolulu,HI,Duplex/triplex,"3 units, 800 sq. ft. each",3,800,"City neighborhood (4,000/sq. mi.)",2.14,1.76,2.53,1.76–2.53,1.19,0.79,1.59,0.79–1.59,16
Portland,OR,Duplex/triplex,"3 units, 800 sq. ft. each",3,800,"City neighborhood (4,000/sq. mi.)",2.04,1.8,2.29,1.8–2.29,0.69,0.57,0.82,0.57–0.82,17
Austin,TX,Duplex/triplex,"3 units, 800 sq. ft. each",3,800,"City neighborhood (4,000/sq. mi.)",2.02,1.83,2.22,1.83–2.22,0.52,0.44,0.6,0.44–0.6,18
Louisville,KY,Duplex/triplex,"3 units, 800 sq. ft. each",3,800,"City neighborhood (4,000/sq. mi.)",2.02,1.13,2.9,1.13–2.9,0.17,0.09,0.25,0.09–0.25,19
Oklahoma City,OK,Duplex/triplex,"3 units, 800 sq. ft. each",3,800,"City neighborhood (4,000/sq. mi.)",1.89,1.63,2.14,1.63–2.14,0.04,0.02,0.06,0.02–0.06,20
Albuquerque,NM,Duplex/triplex,"3 units, 800 sq. ft. each",3,800,"City neighborhood (4,000/sq. mi.)",1.88,1.28,2.47,1.28–2.47,0.28,0.13,0.43,0.13–0.43,21
Jacksonville,FL,Duplex/triplex,"3 units, 800 sq. ft. each",3,800,"City neighborhood (4,000/sq. mi.)",1.79,1.43,2.14,1.43–2.14,0.45,0.31,0.59,0.31–0.59,22
Fort Worth,TX,Duplex/triplex,"3 units, 800 sq. ft. each",3,800,"City neighborhood (4,000/sq. mi.)",1.71,1.51,1.91,1.51–1.91,0.14,0.09,0.19,0.09–0.19,23
Colorado Springs,CO,Duplex/triplex,"3 units, 800 sq. ft. each",3,800,"City neighborhood (4,000/sq. mi.)",1.7,1.13,2.28,1.13–2.28,0.19,0.11,0.26,0.11–0.26,24
Houston,TX,Duplex/triplex,"3 units, 800 sq. ft. each",3,800,"City neighborhood (4,000/sq. mi.)",1.62,1.34,1.89,1.34–1.89,0.24,0.12,0.35,0.12–0.35,25
Columbus,OH,Duplex/triplex,"3 units, 800 sq. ft. each",3,800,"City neighborhood (4,000/sq. mi.)",1.46,1.25,1.67,1.25–1.67,0.17,0.12,0.23,0.12–0.23,26
Nashville,TN,Duplex/triplex,"3 units, 800 sq. ft. each",3,800,"City neighborhood (4,000/sq. mi.)",1.27,0.96,1.58,0.96–1.58,0.13,0.07,0.19,0.07–0.19,27
El Paso,TX,Duplex/triplex,"3 units, 800 sq. ft. each",3,800,"City neighborhood (4,000/sq. mi.)",1.24,0.89,1.59,0.89–1.59,0.16,0.05,0.27,0.05–0.27,28
Tampa,FL,Duplex/triplex,"3 units, 800 sq. ft. each",3,800,"City neighborhood (4,000/sq. mi.)",1.19,0.92,1.46,0.92–1.46,0.41,0.27,0.56,0.27–0.56,29
Wilmington,NC,Duplex/triplex,"3 units, 800 sq. ft. each",3,800,"City neighborhood (4,000/sq. mi.)",1.16,0.62,1.7,0.62–1.7,0,0,0,0–0,30
New Orleans,LA,Duplex/triplex,"3 units, 800 sq. ft. each",3,800,"City neighborhood (4,000/sq. mi.)",1.14,0.94,1.35,0.94–1.35,0.07,0.05,0.09,0.05–0.09,31
Denver,CO,Duplex/triplex,"3 units, 800 sq. ft. each",3,800,"City neighborhood (4,000/sq. mi.)",1.08,0.9,1.26,0.9–1.26,0.27,0.09,0.46,0.09–0.46,32
San Antonio,TX,Duplex/triplex,"3 units, 800 sq. ft. each",3,800,"City neighborhood (4,000/sq. mi.)",1.04,0.8,1.28,0.8–1.28,0.12,0.06,0.17,0.06–0.17,33
Reno,NV,Duplex/triplex,"3 units, 800 sq. ft. each",3,800,"City neighborhood (4,000/sq. mi.)",0.81,0.66,0.96,0.66–0.96,0.3,0.19,0.41,0.19–0.41,34
Washington,DC,Duplex/triplex,"3 units, 800 sq. ft. each",3,800,"Dense city neighborhood (10,000/sq. mi.)",3.77,2.74,4.79,2.74–4.79,1.45,0.9,2.01,0.9–2.01,1
Los Angeles,CA,Duplex/triplex,"3 units, 800 sq. ft. each",3,800,"Dense city neighborhood (10,000/sq. mi.)",3.74,3.36,4.12,3.36–4.12,1.28,1.11,1.45,1.11–1.45,2
San Francisco,CA,Duplex/triplex,"3 units, 800 sq. ft. each",3,800,"Dense city neighborhood (10,000/sq. mi.)",3.6,2.96,4.25,2.96–4.25,1.3,0.96,1.64,0.96–1.64,3
Phoenix,AZ,Duplex/triplex,"3 units, 800 sq. ft. each",3,800,"Dense city neighborhood (10,000/sq. mi.)",3.31,3.01,3.61,3.01–3.61,2.07,1.69,2.44,1.69–2.44,4
Oakland,CA,Duplex/triplex,"3 units, 800 sq. ft. each",3,800,"Dense city neighborhood (10,000/sq. mi.)",3,2.25,3.74,2.25–3.74,0.58,0.36,0.81,0.36–0.81,5
New York,NY,Duplex/triplex,"3 units, 800 sq. ft. each",3,800,"Dense city neighborhood (10,000/sq. mi.)",2.99,2.89,3.1,2.89–3.1,0.81,0.77,0.86,0.77–0.86,6
Cleveland,OH,Duplex/triplex,"3 units, 800 sq. ft. each",3,800,"Dense city neighborhood (10,000/sq. mi.)",2.86,2.1,3.62,2.1–3.62,0.7,0.4,1.01,0.4–1.01,7
Boston,MA,Duplex/triplex,"3 units, 800 sq. ft. each",3,800,"Dense city neighborhood (10,000/sq. mi.)",2.83,2.52,3.15,2.52–3.15,1.21,1.01,1.4,1.01–1.4,8
Philadelphia,PA,Duplex/triplex,"3 units, 800 sq. ft. each",3,800,"Dense city neighborhood (10,000/sq. mi.)",2.74,2.55,2.93,2.55–2.93,0.23,0.2,0.26,0.2–0.26,9
Boulder,CO,Duplex/triplex,"3 units, 800 sq. ft. each",3,800,"Dense city neighborhood (10,000/sq. mi.)",2.62,2.08,3.15,2.08–3.15,0.98,0.52,1.44,0.52–1.44,10
San Diego,CA,Duplex/triplex,"3 units, 800 sq. ft. each",3,800,"Dense city neighborhood (10,000/sq. mi.)",2.39,2.05,2.73,2.05–2.73,0.67,0.55,0.79,0.55–0.79,11
Seattle,WA,Duplex/triplex,"3 units, 800 sq. ft. each",3,800,"Dense city neighborhood (10,000/sq. mi.)",2.34,2.25,2.43,2.25–2.43,0.76,0.72,0.8,0.72–0.8,12
Albuquerque,NM,Duplex/triplex,"3 units, 800 sq. ft. each",3,800,"Dense city neighborhood (10,000/sq. mi.)",2.09,1.23,2.96,1.23–2.96,0.27,0.11,0.42,0.11–0.42,13
Jacksonville,FL,Duplex/triplex,"3 units, 800 sq. ft. each",3,800,"Dense city neighborhood (10,000/sq. mi.)",2.09,1.66,2.53,1.66–2.53,0.59,0.4,0.79,0.4–0.79,14
Sacramento,CA,Duplex/triplex,"3 units, 800 sq. ft. each",3,800,"Dense city neighborhood (10,000/sq. mi.)",2.08,1.66,2.5,1.66–2.5,0.29,0.13,0.45,0.13–0.45,15
Austin,TX,Duplex/triplex,"3 units, 800 sq. ft. each",3,800,"Dense city neighborhood (10,000/sq. mi.)",2,1.78,2.22,1.78–2.22,0.58,0.48,0.68,0.48–0.68,16
Providence,RI,Duplex/triplex,"3 units, 800 sq. ft. each",3,800,"Dense city neighborhood (10,000/sq. mi.)",1.98,1.3,2.65,1.3–2.65,0.24,0.03,0.46,0.03–0.46,17
Honolulu,HI,Duplex/triplex,"3 units, 800 sq. ft. each",3,800,"Dense city neighborhood (10,000/sq. mi.)",1.96,1.59,2.32,1.59–2.32,1.08,0.7,1.45,0.7–1.45,18
Portland,OR,Duplex/triplex,"3 units, 800 sq. ft. each",3,800,"Dense city neighborhood (10,000/sq. mi.)",1.95,1.69,2.21,1.69–2.21,0.65,0.52,0.77,0.52–0.77,19
Fort Worth,TX,Duplex/triplex,"3 units, 800 sq. ft. each",3,800,"Dense city neighborhood (10,000/sq. mi.)",1.84,1.61,2.08,1.61–2.08,0.13,0.08,0.19,0.08–0.19,20
Colorado Springs,CO,Duplex/triplex,"3 units, 800 sq. ft. each",3,800,"Dense city neighborhood (10,000/sq. mi.)",1.8,1.2,2.41,1.2–2.41,0.2,0.12,0.29,0.12–0.29,21
Oklahoma City,OK,Duplex/triplex,"3 units, 800 sq. ft. each",3,800,"Dense city neighborhood (10,000/sq. mi.)",1.77,1.51,2.03,1.51–2.03,0.04,0.02,0.06,0.02–0.06,22
Columbus,OH,Duplex/triplex,"3 units, 800 sq. ft. each",3,800,"Dense city neighborhood (10,000/sq. mi.)",1.61,1.32,1.89,1.32–1.89,0.18,0.12,0.24,0.12–0.24,23
Nashville,TN,Duplex/triplex,"3 units, 800 sq. ft. each",3,800,"Dense city neighborhood (10,000/sq. mi.)",1.46,1.07,1.85,1.07–1.85,0.16,0.08,0.23,0.08–0.23,24
Houston,TX,Duplex/triplex,"3 units, 800 sq. ft. each",3,800,"Dense city neighborhood (10,000/sq. mi.)",1.45,1.09,1.8,1.09–1.8,0.22,0.06,0.38,0.06–0.38,25
Tampa,FL,Duplex/triplex,"3 units, 800 sq. ft. each",3,800,"Dense city neighborhood (10,000/sq. mi.)",1.3,0.98,1.62,0.98–1.62,0.47,0.28,0.66,0.28–0.66,26
San Antonio,TX,Duplex/triplex,"3 units, 800 sq. ft. each",3,800,"Dense city neighborhood (10,000/sq. mi.)",1.27,0.95,1.58,0.95–1.58,0.23,0.12,0.33,0.12–0.33,27
El Paso,TX,Duplex/triplex,"3 units, 800 sq. ft. each",3,800,"Dense city neighborhood (10,000/sq. mi.)",1.19,0.81,1.57,0.81–1.57,0.2,0.05,0.34,0.05–0.34,28
Wilmington,NC,Duplex/triplex,"3 units, 800 sq. ft. each",3,800,"Dense city neighborhood (10,000/sq. mi.)",1.17,0.63,1.72,0.63–1.72,0,0,0,0–0,29
New Orleans,LA,Duplex/triplex,"3 units, 800 sq. ft. each",3,800,"Dense city neighborhood (10,000/sq. mi.)",0.93,0.78,1.07,0.78–1.07,0.06,0.04,0.08,0.04–0.08,30
Reno,NV,Duplex/triplex,"3 units, 800 sq. ft. each",3,800,"Dense city neighborhood (10,000/sq. mi.)",0.79,0.68,0.91,0.68–0.91,0.22,0.16,0.28,0.16–0.28,31
Washington,DC,Duplex/triplex,"3 units, 800 sq. ft. each",3,800,"Urban core (25,000/sq. mi.)",3.49,2.48,4.5,2.48–4.5,1.38,0.79,1.98,0.79–1.98,1
Los Angeles,CA,Duplex/triplex,"3 units, 800 sq. ft. each",3,800,"Urban core (25,000/sq. mi.)",3.49,3.11,3.86,3.11–3.86,1.07,0.92,1.22,0.92–1.22,2
Phoenix,AZ,Duplex/triplex,"3 units, 800 sq. ft. each",3,800,"Urban core (25,000/sq. mi.)",3.22,2.91,3.53,2.91–3.53,1.82,1.44,2.19,1.44–2.19,3
Oakland,CA,Duplex/triplex,"3 units, 800 sq. ft. each",3,800,"Urban core (25,000/sq. mi.)",3.07,2.24,3.89,2.24–3.89,0.68,0.41,0.95,0.41–0.95,4
New York,NY,Duplex/triplex,"3 units, 800 sq. ft. each",3,800,"Urban core (25,000/sq. mi.)",3.04,2.94,3.14,2.94–3.14,0.84,0.8,0.89,0.8–0.89,5
Boston,MA,Duplex/triplex,"3 units, 800 sq. ft. each",3,800,"Urban core (25,000/sq. mi.)",2.98,2.65,3.3,2.65–3.3,1.27,1.07,1.48,1.07–1.48,6
San Francisco,CA,Duplex/triplex,"3 units, 800 sq. ft. each",3,800,"Urban core (25,000/sq. mi.)",2.74,2.29,3.2,2.29–3.2,0.94,0.71,1.17,0.71–1.17,7
Philadelphia,PA,Duplex/triplex,"3 units, 800 sq. ft. each",3,800,"Urban core (25,000/sq. mi.)",2.56,2.41,2.71,2.41–2.71,0.24,0.22,0.26,0.22–0.26,8
San Diego,CA,Duplex/triplex,"3 units, 800 sq. ft. each",3,800,"Urban core (25,000/sq. mi.)",2.53,2.12,2.94,2.12–2.94,0.77,0.61,0.93,0.61–0.93,9
Jacksonville,FL,Duplex/triplex,"3 units, 800 sq. ft. each",3,800,"Urban core (25,000/sq. mi.)",2.45,1.91,2.99,1.91–2.99,0.78,0.52,1.05,0.52–1.05,10
Seattle,WA,Duplex/triplex,"3 units, 800 sq. ft. each",3,800,"Urban core (25,000/sq. mi.)",2.17,2.07,2.28,2.07–2.28,0.71,0.66,0.75,0.66–0.75,11
Atlanta,GA,Duplex/triplex,"3 units, 800 sq. ft. each",3,800,"Urban core (25,000/sq. mi.)",2,1.43,2.56,1.43–2.56,0.37,0.13,0.6,0.13–0.6,12
Fort Worth,TX,Duplex/triplex,"3 units, 800 sq. ft. each",3,800,"Urban core (25,000/sq. mi.)",1.99,1.69,2.28,1.69–2.28,0.13,0.07,0.18,0.07–0.18,13
Austin,TX,Duplex/triplex,"3 units, 800 sq. ft. each",3,800,"Urban core (25,000/sq. mi.)",1.97,1.71,2.22,1.71–2.22,0.64,0.5,0.78,0.5–0.78,14
Colorado Springs,CO,Duplex/triplex,"3 units, 800 sq. ft. each",3,800,"Urban core (25,000/sq. mi.)",1.91,1.26,2.55,1.26–2.55,0.23,0.13,0.32,0.13–0.32,15
Portland,OR,Duplex/triplex,"3 units, 800 sq. ft. each",3,800,"Urban core (25,000/sq. mi.)",1.86,1.59,2.13,1.59–2.13,0.61,0.48,0.73,0.48–0.73,16
Sacramento,CA,Duplex/triplex,"3 units, 800 sq. ft. each",3,800,"Urban core (25,000/sq. mi.)",1.81,1.29,2.33,1.29–2.33,0.22,0.08,0.36,0.08–0.36,17
Honolulu,HI,Duplex/triplex,"3 units, 800 sq. ft. each",3,800,"Urban core (25,000/sq. mi.)",1.79,1.44,2.14,1.44–2.14,0.98,0.62,1.33,0.62–1.33,18
Columbus,OH,Duplex/triplex,"3 units, 800 sq. ft. each",3,800,"Urban core (25,000/sq. mi.)",1.77,1.36,2.18,1.36–2.18,0.19,0.11,0.26,0.11–0.26,19
Nashville,TN,Duplex/triplex,"3 units, 800 sq. ft. each",3,800,"Urban core (25,000/sq. mi.)",1.67,1.16,2.19,1.16–2.19,0.18,0.08,0.29,0.08–0.29,20
Oklahoma City,OK,Duplex/triplex,"3 units, 800 sq. ft. each",3,800,"Urban core (25,000/sq. mi.)",1.66,1.39,1.93,1.39–1.93,0.04,0.01,0.06,0.01–0.06,21
Tampa,FL,Duplex/triplex,"3 units, 800 sq. ft. each",3,800,"Urban core (25,000/sq. mi.)",1.43,0.98,1.87,0.98–1.87,0.53,0.27,0.8,0.27–0.8,22
Houston,TX,Duplex/triplex,"3 units, 800 sq. ft. each",3,800,"Urban core (25,000/sq. mi.)",1.29,0.87,1.72,0.87–1.72,0.2,0,0.4,0–0.4,23
Wilmington,NC,Duplex/triplex,"3 units, 800 sq. ft. each",3,800,"Urban core (25,000/sq. mi.)",1.19,0.63,1.75,0.63–1.75,0,0,0,0–0,24
El Paso,TX,Duplex/triplex,"3 units, 800 sq. ft. each",3,800,"Urban core (25,000/sq. mi.)",1.14,0.71,1.58,0.71–1.58,0.25,0.04,0.45,0.04–0.45,25
Reno,NV,Duplex/triplex,"3 units, 800 sq. ft. each",3,800,"Urban core (25,000/sq. mi.)",0.78,0.64,0.91,0.64–0.91,0.16,0.11,0.22,0.11–0.22,26
New Orleans,LA,Duplex/triplex,"3 units, 800 sq. ft. each",3,800,"Urban core (25,000/sq. mi.)",0.75,0.64,0.86,0.64–0.86,0.06,0.04,0.07,0.04–0.07,27
San Francisco,CA,Duplex/triplex,"3 units, 1,200 sq. ft. each",3,1200,"Low-density suburb (1,000/sq. mi.)",8.11,5.91,10.32,5.91–10.32,3.59,2.22,4.97,2.22–4.97,1
Tulsa,OK,Duplex/triplex,"3 units, 1,200 sq. ft. each",3,1200,"Low-density suburb (1,000/sq. mi.)",4.75,4.25,5.25,4.25–5.25,0.83,0.71,0.94,0.71–0.94,2
Los Angeles,CA,Duplex/triplex,"3 units, 1,200 sq. ft. each",3,1200,"Low-density suburb (1,000/sq. mi.)",4.35,3.83,4.87,3.83–4.87,2.02,1.66,2.37,1.66–2.37,3
Philadelphia,PA,Duplex/triplex,"3 units, 1,200 sq. ft. each",3,1200,"Low-density suburb (1,000/sq. mi.)",3.27,2.77,3.78,2.77–3.78,0.21,0.16,0.26,0.16–0.26,4
Phoenix,AZ,Duplex/triplex,"3 units, 1,200 sq. ft. each",3,1200,"Low-density suburb (1,000/sq. mi.)",3.26,2.99,3.53,2.99–3.53,2.07,1.73,2.4,1.73–2.4,5
Durham,NC,Duplex/triplex,"3 units, 1,200 sq. ft. each",3,1200,"Low-density suburb (1,000/sq. mi.)",3.18,1.78,4.59,1.78–4.59,0.12,0.07,0.17,0.07–0.17,6
Seattle,WA,Duplex/triplex,"3 units, 1,200 sq. ft. each",3,1200,"Low-density suburb (1,000/sq. mi.)",2.99,2.75,3.24,2.75–3.24,0.95,0.84,1.07,0.84–1.07,7
Oakland,CA,Duplex/triplex,"3 units, 1,200 sq. ft. each",3,1200,"Low-density suburb (1,000/sq. mi.)",2.99,1.93,4.05,1.93–4.05,0.42,0.22,0.63,0.22–0.63,8
New York,NY,Duplex/triplex,"3 units, 1,200 sq. ft. each",3,1200,"Low-density suburb (1,000/sq. mi.)",2.99,2.85,3.12,2.85–3.12,0.73,0.66,0.8,0.66–0.8,9
Providence,RI,Duplex/triplex,"3 units, 1,200 sq. ft. each",3,1200,"Low-density suburb (1,000/sq. mi.)",2.58,1.46,3.7,1.46–3.7,0.18,0.03,0.33,0.03–0.33,10
Boston,MA,Duplex/triplex,"3 units, 1,200 sq. ft. each",3,1200,"Low-density suburb (1,000/sq. mi.)",2.5,2.12,2.88,2.12–2.88,1.08,0.8,1.36,0.8–1.36,11
Honolulu,HI,Duplex/triplex,"3 units, 1,200 sq. ft. each",3,1200,"Low-density suburb (1,000/sq. mi.)",2.47,2.03,2.9,2.03–2.9,1.33,0.89,1.76,0.89–1.76,12
Boulder,CO,Duplex/triplex,"3 units, 1,200 sq. ft. each",3,1200,"Low-density suburb (1,000/sq. mi.)",2.36,1.82,2.9,1.82–2.9,0.56,0.38,0.73,0.38–0.73,13
Portland,OR,Duplex/triplex,"3 units, 1,200 sq. ft. each",3,1200,"Low-density suburb (1,000/sq. mi.)",2.29,2.04,2.54,2.04–2.54,0.8,0.68,0.93,0.68–0.93,14
Oklahoma City,OK,Duplex/triplex,"3 units, 1,200 sq. ft. each",3,1200,"Low-density suburb (1,000/sq. mi.)",2.26,1.95,2.57,1.95–2.57,0.05,0.02,0.08,0.02–0.08,15
San Diego,CA,Duplex/triplex,"3 units, 1,200 sq. ft. each",3,1200,"Low-density suburb (1,000/sq. mi.)",2.16,1.83,2.48,1.83–2.48,0.49,0.37,0.61,0.37–0.61,16
Austin,TX,Duplex/triplex,"3 units, 1,200 sq. ft. each",3,1200,"Low-density suburb (1,000/sq. mi.)",2.11,1.91,2.32,1.91–2.32,0.48,0.39,0.56,0.39–0.56,17
Houston,TX,Duplex/triplex,"3 units, 1,200 sq. ft. each",3,1200,"Low-density suburb (1,000/sq. mi.)",2.03,1.69,2.36,1.69–2.36,0.28,0.15,0.41,0.15–0.41,18
Louisville,KY,Duplex/triplex,"3 units, 1,200 sq. ft. each",3,1200,"Low-density suburb (1,000/sq. mi.)",1.78,1.21,2.36,1.21–2.36,0.16,0.09,0.24,0.09–0.24,19
New Orleans,LA,Duplex/triplex,"3 units, 1,200 sq. ft. each",3,1200,"Low-density suburb (1,000/sq. mi.)",1.68,1.3,2.07,1.3–2.07,0.1,0.06,0.13,0.06–0.13,20
Colorado Springs,CO,Duplex/triplex,"3 units, 1,200 sq. ft. each",3,1200,"Low-density suburb (1,000/sq. mi.)",1.68,1.11,2.25,1.11–2.25,0.26,0.15,0.37,0.15–0.37,21
Albuquerque,NM,Duplex/triplex,"3 units, 1,200 sq. ft. each",3,1200,"Low-density suburb (1,000/sq. mi.)",1.59,1.17,2.02,1.17–2.02,0.36,0.18,0.54,0.18–0.54,22
Fort Worth,TX,Duplex/triplex,"3 units, 1,200 sq. ft. each",3,1200,"Low-density suburb (1,000/sq. mi.)",1.55,1.38,1.73,1.38–1.73,0.2,0.14,0.26,0.14–0.26,23
Jacksonville,FL,Duplex/triplex,"3 units, 1,200 sq. ft. each",3,1200,"Low-density suburb (1,000/sq. mi.)",1.45,1.18,1.73,1.18–1.73,0.3,0.21,0.39,0.21–0.39,24
Columbus,OH,Duplex/triplex,"3 units, 1,200 sq. ft. each",3,1200,"Low-density suburb (1,000/sq. mi.)",1.35,1.12,1.58,1.12–1.58,0.18,0.13,0.23,0.13–0.23,25
El Paso,TX,Duplex/triplex,"3 units, 1,200 sq. ft. each",3,1200,"Low-density suburb (1,000/sq. mi.)",1.31,0.96,1.66,0.96–1.66,0.14,0.04,0.23,0.04–0.23,26
Wilmington,NC,Duplex/triplex,"3 units, 1,200 sq. ft. each",3,1200,"Low-density suburb (1,000/sq. mi.)",1.28,0.68,1.87,0.68–1.87,0,0,0,0–0,27
Tampa,FL,Duplex/triplex,"3 units, 1,200 sq. ft. each",3,1200,"Low-density suburb (1,000/sq. mi.)",1.16,0.85,1.47,0.85–1.47,0.37,0.23,0.5,0.23–0.5,28
Nashville,TN,Duplex/triplex,"3 units, 1,200 sq. ft. each",3,1200,"Low-density suburb (1,000/sq. mi.)",1.11,0.84,1.37,0.84–1.37,0.11,0.06,0.16,0.06–0.16,29
Baton Rouge,LA,Duplex/triplex,"3 units, 1,200 sq. ft. each",3,1200,"Low-density suburb (1,000/sq. mi.)",1.1,0.62,1.57,0.62–1.57,0.16,-0.01,0.33,-0.01–0.33,30
San Antonio,TX,Duplex/triplex,"3 units, 1,200 sq. ft. each",3,1200,"Low-density suburb (1,000/sq. mi.)",0.8,0.61,1,0.61–1,0.04,0.02,0.07,0.02–0.07,31
Denver,CO,Duplex/triplex,"3 units, 1,200 sq. ft. each",3,1200,"Low-density suburb (1,000/sq. mi.)",0.67,0.49,0.85,0.49–0.85,0.16,0.02,0.31,0.02–0.31,32
Tulsa,OK,Duplex/triplex,"3 units, 1,200 sq. ft. each",3,1200,"City neighborhood (4,000/sq. mi.)",9.16,6.64,11.67,6.64–11.67,1.11,0.76,1.47,0.76–1.47,1
San Francisco,CA,Duplex/triplex,"3 units, 1,200 sq. ft. each",3,1200,"City neighborhood (4,000/sq. mi.)",5.37,4.35,6.4,4.35–6.4,2.2,1.59,2.8,1.59–2.8,2
Washington,DC,Duplex/triplex,"3 units, 1,200 sq. ft. each",3,1200,"City neighborhood (4,000/sq. mi.)",4.19,3.07,5.31,3.07–5.31,1.41,0.86,1.95,0.86–1.95,3
Los Angeles,CA,Duplex/triplex,"3 units, 1,200 sq. ft. each",3,1200,"City neighborhood (4,000/sq. mi.)",3.91,3.56,4.26,3.56–4.26,1.54,1.34,1.73,1.34–1.73,4
Phoenix,AZ,Duplex/triplex,"3 units, 1,200 sq. ft. each",3,1200,"City neighborhood (4,000/sq. mi.)",3.13,2.86,3.4,2.86–3.4,1.7,1.41,1.98,1.41–1.98,5
Oakland,CA,Duplex/triplex,"3 units, 1,200 sq. ft. each",3,1200,"City neighborhood (4,000/sq. mi.)",3.1,2.38,3.82,2.38–3.82,0.53,0.36,0.7,0.36–0.7,6
New York,NY,Duplex/triplex,"3 units, 1,200 sq. ft. each",3,1200,"City neighborhood (4,000/sq. mi.)",3.06,2.95,3.17,2.95–3.17,0.77,0.72,0.82,0.72–0.82,7
Philadelphia,PA,Duplex/triplex,"3 units, 1,200 sq. ft. each",3,1200,"City neighborhood (4,000/sq. mi.)",2.96,2.67,3.25,2.67–3.25,0.22,0.19,0.26,0.19–0.26,8
Boston,MA,Duplex/triplex,"3 units, 1,200 sq. ft. each",3,1200,"City neighborhood (4,000/sq. mi.)",2.7,2.41,2.99,2.41–2.99,1.17,0.97,1.38,0.97–1.38,9
Seattle,WA,Duplex/triplex,"3 units, 1,200 sq. ft. each",3,1200,"City neighborhood (4,000/sq. mi.)",2.67,2.55,2.79,2.55–2.79,0.86,0.8,0.91,0.8–0.91,10
Boulder,CO,Duplex/triplex,"3 units, 1,200 sq. ft. each",3,1200,"City neighborhood (4,000/sq. mi.)",2.5,2.1,2.91,2.1–2.91,0.76,0.53,0.98,0.53–0.98,11
Sacramento,CA,Duplex/triplex,"3 units, 1,200 sq. ft. each",3,1200,"City neighborhood (4,000/sq. mi.)",2.46,1.91,3,1.91–3,0.38,0.17,0.59,0.17–0.59,12
San Diego,CA,Duplex/triplex,"3 units, 1,200 sq. ft. each",3,1200,"City neighborhood (4,000/sq. mi.)",2.35,2.07,2.62,2.07–2.62,0.6,0.49,0.7,0.49–0.7,13
Providence,RI,Duplex/triplex,"3 units, 1,200 sq. ft. each",3,1200,"City neighborhood (4,000/sq. mi.)",2.22,1.43,3.01,1.43–3.01,0.22,0.05,0.38,0.05–0.38,14
Honolulu,HI,Duplex/triplex,"3 units, 1,200 sq. ft. each",3,1200,"City neighborhood (4,000/sq. mi.)",2.15,1.77,2.53,1.77–2.53,1.14,0.76,1.52,0.76–1.52,15
Portland,OR,Duplex/triplex,"3 units, 1,200 sq. ft. each",3,1200,"City neighborhood (4,000/sq. mi.)",2.13,1.9,2.37,1.9–2.37,0.72,0.61,0.84,0.61–0.84,16
Durham,NC,Duplex/triplex,"3 units, 1,200 sq. ft. each",3,1200,"City neighborhood (4,000/sq. mi.)",2.07,1.28,2.87,1.28–2.87,0.25,0.15,0.35,0.15–0.35,17
Austin,TX,Duplex/triplex,"3 units, 1,200 sq. ft. each",3,1200,"City neighborhood (4,000/sq. mi.)",2.07,1.87,2.26,1.87–2.26,0.56,0.48,0.63,0.48–0.63,18
Oklahoma City,OK,Duplex/triplex,"3 units, 1,200 sq. ft. each",3,1200,"City neighborhood (4,000/sq. mi.)",2.05,1.75,2.35,1.75–2.35,0.05,0.02,0.07,0.02–0.07,19
Louisville,KY,Duplex/triplex,"3 units, 1,200 sq. ft. each",3,1200,"City neighborhood (4,000/sq. mi.)",1.93,1.14,2.73,1.14–2.73,0.16,0.08,0.24,0.08–0.24,20
Albuquerque,NM,Duplex/triplex,"3 units, 1,200 sq. ft. each",3,1200,"City neighborhood (4,000/sq. mi.)",1.88,1.36,2.4,1.36–2.4,0.33,0.16,0.5,0.16–0.5,21
Jacksonville,FL,Duplex/triplex,"3 units, 1,200 sq. ft. each",3,1200,"City neighborhood (4,000/sq. mi.)",1.85,1.49,2.2,1.49–2.2,0.46,0.31,0.6,0.31–0.6,22
Colorado Springs,CO,Duplex/triplex,"3 units, 1,200 sq. ft. each",3,1200,"City neighborhood (4,000/sq. mi.)",1.83,1.22,2.43,1.22–2.43,0.3,0.18,0.43,0.18–0.43,23
Fort Worth,TX,Duplex/triplex,"3 units, 1,200 sq. ft. each",3,1200,"City neighborhood (4,000/sq. mi.)",1.74,1.55,1.93,1.55–1.93,0.18,0.12,0.24,0.12–0.24,24
Houston,TX,Duplex/triplex,"3 units, 1,200 sq. ft. each",3,1200,"City neighborhood (4,000/sq. mi.)",1.71,1.42,2.01,1.42–2.01,0.24,0.13,0.36,0.13–0.36,25
Columbus,OH,Duplex/triplex,"3 units, 1,200 sq. ft. each",3,1200,"City neighborhood (4,000/sq. mi.)",1.57,1.36,1.78,1.36–1.78,0.19,0.14,0.24,0.14–0.24,26
Nashville,TN,Duplex/triplex,"3 units, 1,200 sq. ft. each",3,1200,"City neighborhood (4,000/sq. mi.)",1.36,1.05,1.68,1.05–1.68,0.14,0.08,0.2,0.08–0.2,27
Tampa,FL,Duplex/triplex,"3 units, 1,200 sq. ft. each",3,1200,"City neighborhood (4,000/sq. mi.)",1.33,1.09,1.57,1.09–1.57,0.45,0.31,0.58,0.31–0.58,28
Wilmington,NC,Duplex/triplex,"3 units, 1,200 sq. ft. each",3,1200,"City neighborhood (4,000/sq. mi.)",1.3,0.7,1.91,0.7–1.91,0,0,0,0–0,29
El Paso,TX,Duplex/triplex,"3 units, 1,200 sq. ft. each",3,1200,"City neighborhood (4,000/sq. mi.)",1.23,0.88,1.58,0.88–1.58,0.19,0.06,0.32,0.06–0.32,30
New Orleans,LA,Duplex/triplex,"3 units, 1,200 sq. ft. each",3,1200,"City neighborhood (4,000/sq. mi.)",1.22,1.02,1.43,1.02–1.43,0.08,0.05,0.11,0.05–0.11,31
Denver,CO,Duplex/triplex,"3 units, 1,200 sq. ft. each",3,1200,"City neighborhood (4,000/sq. mi.)",1.19,1,1.38,1–1.38,0.29,0.09,0.49,0.09–0.49,32
San Antonio,TX,Duplex/triplex,"3 units, 1,200 sq. ft. each",3,1200,"City neighborhood (4,000/sq. mi.)",1.08,0.84,1.32,0.84–1.32,0.12,0.07,0.18,0.07–0.18,33
Reno,NV,Duplex/triplex,"3 units, 1,200 sq. ft. each",3,1200,"City neighborhood (4,000/sq. mi.)",0.94,0.81,1.07,0.81–1.07,0.32,0.22,0.42,0.22–0.42,34
San Francisco,CA,Duplex/triplex,"3 units, 1,200 sq. ft. each",3,1200,"Dense city neighborhood (10,000/sq. mi.)",4.09,3.48,4.71,3.48–4.71,1.59,1.23,1.95,1.23–1.95,1
Washington,DC,Duplex/triplex,"3 units, 1,200 sq. ft. each",3,1200,"Dense city neighborhood (10,000/sq. mi.)",3.88,2.94,4.83,2.94–4.83,1.34,0.84,1.83,0.84–1.83,2
Los Angeles,CA,Duplex/triplex,"3 units, 1,200 sq. ft. each",3,1200,"Dense city neighborhood (10,000/sq. mi.)",3.64,3.34,3.95,3.34–3.95,1.29,1.14,1.43,1.14–1.43,3
Oakland,CA,Duplex/triplex,"3 units, 1,200 sq. ft. each",3,1200,"Dense city neighborhood (10,000/sq. mi.)",3.17,2.5,3.84,2.5–3.84,0.62,0.43,0.81,0.43–0.81,4
New York,NY,Duplex/triplex,"3 units, 1,200 sq. ft. each",3,1200,"Dense city neighborhood (10,000/sq. mi.)",3.11,3.01,3.2,3.01–3.2,0.8,0.76,0.84,0.76–0.84,5
Cleveland,OH,Duplex/triplex,"3 units, 1,200 sq. ft. each",3,1200,"Dense city neighborhood (10,000/sq. mi.)",3.09,2.23,3.96,2.23–3.96,0.88,0.51,1.24,0.51–1.24,6
Phoenix,AZ,Duplex/triplex,"3 units, 1,200 sq. ft. each",3,1200,"Dense city neighborhood (10,000/sq. mi.)",3.05,2.78,3.32,2.78–3.32,1.49,1.22,1.77,1.22–1.77,7
Boston,MA,Duplex/triplex,"3 units, 1,200 sq. ft. each",3,1200,"Dense city neighborhood (10,000/sq. mi.)",2.84,2.58,3.1,2.58–3.1,1.24,1.06,1.41,1.06–1.41,8
Philadelphia,PA,Duplex/triplex,"3 units, 1,200 sq. ft. each",3,1200,"Dense city neighborhood (10,000/sq. mi.)",2.77,2.58,2.95,2.58–2.95,0.24,0.21,0.26,0.21–0.26,9
Boulder,CO,Duplex/triplex,"3 units, 1,200 sq. ft. each",3,1200,"Dense city neighborhood (10,000/sq. mi.)",2.6,2.08,3.11,2.08–3.11,0.93,0.55,1.3,0.55–1.3,10
San Diego,CA,Duplex/triplex,"3 units, 1,200 sq. ft. each",3,1200,"Dense city neighborhood (10,000/sq. mi.)",2.48,2.17,2.79,2.17–2.79,0.69,0.57,0.8,0.57–0.8,11
Seattle,WA,Duplex/triplex,"3 units, 1,200 sq. ft. each",3,1200,"Dense city neighborhood (10,000/sq. mi.)",2.47,2.39,2.56,2.39–2.56,0.8,0.76,0.84,0.76–0.84,12
Jacksonville,FL,Duplex/triplex,"3 units, 1,200 sq. ft. each",3,1200,"Dense city neighborhood (10,000/sq. mi.)",2.16,1.73,2.6,1.73–2.6,0.6,0.41,0.8,0.41–0.8,13
Sacramento,CA,Duplex/triplex,"3 units, 1,200 sq. ft. each",3,1200,"Dense city neighborhood (10,000/sq. mi.)",2.14,1.74,2.54,1.74–2.54,0.29,0.15,0.44,0.15–0.44,14
Albuquerque,NM,Duplex/triplex,"3 units, 1,200 sq. ft. each",3,1200,"Dense city neighborhood (10,000/sq. mi.)",2.1,1.31,2.9,1.31–2.9,0.31,0.12,0.49,0.12–0.49,15
Austin,TX,Duplex/triplex,"3 units, 1,200 sq. ft. each",3,1200,"Dense city neighborhood (10,000/sq. mi.)",2.04,1.82,2.26,1.82–2.26,0.62,0.52,0.71,0.52–0.71,16
Louisville,KY,Duplex/triplex,"3 units, 1,200 sq. ft. each",3,1200,"Dense city neighborhood (10,000/sq. mi.)",2.04,1.02,3.05,1.02–3.05,0.16,0.08,0.23,0.08–0.23,17
Portland,OR,Duplex/triplex,"3 units, 1,200 sq. ft. each",3,1200,"Dense city neighborhood (10,000/sq. mi.)",2.04,1.79,2.28,1.79–2.28,0.68,0.56,0.79,0.56–0.79,18
Providence,RI,Duplex/triplex,"3 units, 1,200 sq. ft. each",3,1200,"Dense city neighborhood (10,000/sq. mi.)",2.01,1.33,2.68,1.33–2.68,0.25,0.05,0.45,0.05–0.45,19
Honolulu,HI,Duplex/triplex,"3 units, 1,200 sq. ft. each",3,1200,"Dense city neighborhood (10,000/sq. mi.)",1.96,1.6,2.32,1.6–2.32,1.03,0.67,1.39,0.67–1.39,20
Colorado Springs,CO,Duplex/triplex,"3 units, 1,200 sq. ft. each",3,1200,"Dense city neighborhood (10,000/sq. mi.)",1.93,1.29,2.57,1.29–2.57,0.33,0.2,0.47,0.2–0.47,21
Oklahoma City,OK,Duplex/triplex,"3 units, 1,200 sq. ft. each",3,1200,"Dense city neighborhood (10,000/sq. mi.)",1.92,1.62,2.22,1.62–2.22,0.04,0.02,0.07,0.02–0.07,22
Fort Worth,TX,Duplex/triplex,"3 units, 1,200 sq. ft. each",3,1200,"Dense city neighborhood (10,000/sq. mi.)",1.88,1.66,2.1,1.66–2.1,0.17,0.11,0.23,0.11–0.23,23
Columbus,OH,Duplex/triplex,"3 units, 1,200 sq. ft. each",3,1200,"Dense city neighborhood (10,000/sq. mi.)",1.73,1.45,2.01,1.45–2.01,0.19,0.14,0.25,0.14–0.25,24
Nashville,TN,Duplex/triplex,"3 units, 1,200 sq. ft. each",3,1200,"Dense city neighborhood (10,000/sq. mi.)",1.56,1.16,1.97,1.16–1.97,0.16,0.08,0.25,0.08–0.25,25
Houston,TX,Duplex/triplex,"3 units, 1,200 sq. ft. each",3,1200,"Dense city neighborhood (10,000/sq. mi.)",1.53,1.17,1.9,1.17–1.9,0.23,0.07,0.38,0.07–0.38,26
Tampa,FL,Duplex/triplex,"3 units, 1,200 sq. ft. each",3,1200,"Dense city neighborhood (10,000/sq. mi.)",1.46,1.16,1.76,1.16–1.76,0.51,0.33,0.69,0.33–0.69,27
Wilmington,NC,Duplex/triplex,"3 units, 1,200 sq. ft. each",3,1200,"Dense city neighborhood (10,000/sq. mi.)",1.32,0.71,1.94,0.71–1.94,0,0,0,0–0,28
San Antonio,TX,Duplex/triplex,"3 units, 1,200 sq. ft. each",3,1200,"Dense city neighborhood (10,000/sq. mi.)",1.31,0.99,1.63,0.99–1.63,0.24,0.13,0.35,0.13–0.35,29
El Paso,TX,Duplex/triplex,"3 units, 1,200 sq. ft. each",3,1200,"Dense city neighborhood (10,000/sq. mi.)",1.18,0.8,1.57,0.8–1.57,0.23,0.06,0.41,0.06–0.41,30
New Orleans,LA,Duplex/triplex,"3 units, 1,200 sq. ft. each",3,1200,"Dense city neighborhood (10,000/sq. mi.)",0.99,0.85,1.13,0.85–1.13,0.07,0.05,0.09,0.05–0.09,31
Reno,NV,Duplex/triplex,"3 units, 1,200 sq. ft. each",3,1200,"Dense city neighborhood (10,000/sq. mi.)",0.92,0.81,1.03,0.81–1.03,0.24,0.17,0.3,0.17–0.3,32
Washington,DC,Duplex/triplex,"3 units, 1,200 sq. ft. each",3,1200,"Urban core (25,000/sq. mi.)",3.6,2.68,4.51,2.68–4.51,1.27,0.76,1.79,0.76–1.79,1
Los Angeles,CA,Duplex/triplex,"3 units, 1,200 sq. ft. each",3,1200,"Urban core (25,000/sq. mi.)",3.4,3.09,3.7,3.09–3.7,1.07,0.95,1.2,0.95–1.2,2
Oakland,CA,Duplex/triplex,"3 units, 1,200 sq. ft. each",3,1200,"Urban core (25,000/sq. mi.)",3.25,2.42,4.08,2.42–4.08,0.71,0.43,1,0.43–1,3
New York,NY,Duplex/triplex,"3 units, 1,200 sq. ft. each",3,1200,"Urban core (25,000/sq. mi.)",3.16,3.07,3.25,3.07–3.25,0.83,0.79,0.87,0.79–0.87,4
San Francisco,CA,Duplex/triplex,"3 units, 1,200 sq. ft. each",3,1200,"Urban core (25,000/sq. mi.)",3.12,2.7,3.54,2.7–3.54,1.15,0.9,1.39,0.9–1.39,5
Boston,MA,Duplex/triplex,"3 units, 1,200 sq. ft. each",3,1200,"Urban core (25,000/sq. mi.)",2.98,2.71,3.25,2.71–3.25,1.31,1.13,1.48,1.13–1.48,6
Phoenix,AZ,Duplex/triplex,"3 units, 1,200 sq. ft. each",3,1200,"Urban core (25,000/sq. mi.)",2.97,2.68,3.25,2.68–3.25,1.31,1.04,1.59,1.04–1.59,7
San Diego,CA,Duplex/triplex,"3 units, 1,200 sq. ft. each",3,1200,"Urban core (25,000/sq. mi.)",2.62,2.23,3.01,2.23–3.01,0.79,0.64,0.94,0.64–0.94,8
Philadelphia,PA,Duplex/triplex,"3 units, 1,200 sq. ft. each",3,1200,"Urban core (25,000/sq. mi.)",2.59,2.44,2.73,2.44–2.73,0.25,0.22,0.27,0.22–0.27,9
Jacksonville,FL,Duplex/triplex,"3 units, 1,200 sq. ft. each",3,1200,"Urban core (25,000/sq. mi.)",2.53,1.99,3.07,1.99–3.07,0.79,0.53,1.06,0.53–1.06,10
Seattle,WA,Duplex/triplex,"3 units, 1,200 sq. ft. each",3,1200,"Urban core (25,000/sq. mi.)",2.29,2.19,2.4,2.19–2.4,0.75,0.7,0.79,0.7–0.79,11
Colorado Springs,CO,Duplex/triplex,"3 units, 1,200 sq. ft. each",3,1200,"Urban core (25,000/sq. mi.)",2.04,1.36,2.73,1.36–2.73,0.37,0.21,0.52,0.21–0.52,12
Fort Worth,TX,Duplex/triplex,"3 units, 1,200 sq. ft. each",3,1200,"Urban core (25,000/sq. mi.)",2.03,1.75,2.31,1.75–2.31,0.16,0.1,0.23,0.1–0.23,13
Austin,TX,Duplex/triplex,"3 units, 1,200 sq. ft. each",3,1200,"Urban core (25,000/sq. mi.)",2.01,1.76,2.26,1.76–2.26,0.68,0.54,0.82,0.54–0.82,14
Portland,OR,Duplex/triplex,"3 units, 1,200 sq. ft. each",3,1200,"Urban core (25,000/sq. mi.)",1.94,1.68,2.21,1.68–2.21,0.63,0.52,0.75,0.52–0.75,15
Columbus,OH,Duplex/triplex,"3 units, 1,200 sq. ft. each",3,1200,"Urban core (25,000/sq. mi.)",1.91,1.5,2.32,1.5–2.32,0.2,0.13,0.28,0.13–0.28,16
Sacramento,CA,Duplex/triplex,"3 units, 1,200 sq. ft. each",3,1200,"Urban core (25,000/sq. mi.)",1.87,1.34,2.39,1.34–2.39,0.22,0.09,0.36,0.09–0.36,17
Oklahoma City,OK,Duplex/triplex,"3 units, 1,200 sq. ft. each",3,1200,"Urban core (25,000/sq. mi.)",1.8,1.49,2.11,1.49–2.11,0.04,0.01,0.07,0.01–0.07,18
Honolulu,HI,Duplex/triplex,"3 units, 1,200 sq. ft. each",3,1200,"Urban core (25,000/sq. mi.)",1.79,1.45,2.14,1.45–2.14,0.93,0.59,1.27,0.59–1.27,19
Nashville,TN,Duplex/triplex,"3 units, 1,200 sq. ft. each",3,1200,"Urban core (25,000/sq. mi.)",1.79,1.25,2.33,1.25–2.33,0.19,0.08,0.31,0.08–0.31,20
Tampa,FL,Duplex/triplex,"3 units, 1,200 sq. ft. each",3,1200,"Urban core (25,000/sq. mi.)",1.6,1.14,2.06,1.14–2.06,0.58,0.31,0.84,0.31–0.84,21
Houston,TX,Duplex/triplex,"3 units, 1,200 sq. ft. each",3,1200,"Urban core (25,000/sq. mi.)",1.37,0.93,1.81,0.93–1.81,0.21,0.01,0.41,0.01–0.41,22
Wilmington,NC,Duplex/triplex,"3 units, 1,200 sq. ft. each",3,1200,"Urban core (25,000/sq. mi.)",1.34,0.72,1.97,0.72–1.97,0,0,0,0–0,23
El Paso,TX,Duplex/triplex,"3 units, 1,200 sq. ft. each",3,1200,"Urban core (25,000/sq. mi.)",1.13,0.7,1.57,0.7–1.57,0.29,0.04,0.54,0.04–0.54,24
Reno,NV,Duplex/triplex,"3 units, 1,200 sq. ft. each",3,1200,"Urban core (25,000/sq. mi.)",0.9,0.74,1.06,0.74–1.06,0.17,0.11,0.24,0.11–0.24,25
New Orleans,LA,Duplex/triplex,"3 units, 1,200 sq. ft. each",3,1200,"Urban core (25,000/sq. mi.)",0.8,0.69,0.91,0.69–0.91,0.06,0.04,0.08,0.04–0.08,26
San Francisco,CA,Duplex/triplex,"3 units, 1,600 sq. ft. each",3,1600,"Low-density suburb (1,000/sq. mi.)",8.88,6.51,11.26,6.51–11.26,4.14,2.6,5.68,2.6–5.68,1
Tulsa,OK,Duplex/triplex,"3 units, 1,600 sq. ft. each",3,1600,"Low-density suburb (1,000/sq. mi.)",4.64,4.23,5.05,4.23–5.05,0.74,0.67,0.81,0.67–0.81,2
Los Angeles,CA,Duplex/triplex,"3 units, 1,600 sq. ft. each",3,1600,"Low-density suburb (1,000/sq. mi.)",4.27,3.77,4.77,3.77–4.77,2.02,1.67,2.37,1.67–2.37,3
Philadelphia,PA,Duplex/triplex,"3 units, 1,600 sq. ft. each",3,1600,"Low-density suburb (1,000/sq. mi.)",3.3,2.79,3.81,2.79–3.81,0.21,0.16,0.26,0.16–0.26,4
Oakland,CA,Duplex/triplex,"3 units, 1,600 sq. ft. each",3,1600,"Low-density suburb (1,000/sq. mi.)",3.11,2.08,4.14,2.08–4.14,0.44,0.26,0.62,0.26–0.62,5
Seattle,WA,Duplex/triplex,"3 units, 1,600 sq. ft. each",3,1600,"Low-density suburb (1,000/sq. mi.)",3.11,2.85,3.37,2.85–3.37,0.99,0.87,1.11,0.87–1.11,6
Phoenix,AZ,Duplex/triplex,"3 units, 1,600 sq. ft. each",3,1600,"Low-density suburb (1,000/sq. mi.)",3.08,2.82,3.33,2.82–3.33,1.64,1.37,1.91,1.37–1.91,7
New York,NY,Duplex/triplex,"3 units, 1,600 sq. ft. each",3,1600,"Low-density suburb (1,000/sq. mi.)",3.07,2.93,3.21,2.93–3.21,0.72,0.65,0.79,0.65–0.79,8
Durham,NC,Duplex/triplex,"3 units, 1,600 sq. ft. each",3,1600,"Low-density suburb (1,000/sq. mi.)",3.06,1.79,4.33,1.79–4.33,0.13,0.07,0.2,0.07–0.2,9
Providence,RI,Duplex/triplex,"3 units, 1,600 sq. ft. each",3,1600,"Low-density suburb (1,000/sq. mi.)",2.61,1.47,3.74,1.47–3.74,0.18,0.03,0.33,0.03–0.33,10
Boston,MA,Duplex/triplex,"3 units, 1,600 sq. ft. each",3,1600,"Low-density suburb (1,000/sq. mi.)",2.51,2.14,2.88,2.14–2.88,1.1,0.82,1.38,0.82–1.38,11
Honolulu,HI,Duplex/triplex,"3 units, 1,600 sq. ft. each",3,1600,"Low-density suburb (1,000/sq. mi.)",2.47,2.03,2.91,2.03–2.91,1.28,0.86,1.71,0.86–1.71,12
Oklahoma City,OK,Duplex/triplex,"3 units, 1,600 sq. ft. each",3,1600,"Low-density suburb (1,000/sq. mi.)",2.4,2.04,2.76,2.04–2.76,0.06,0.02,0.09,0.02–0.09,13
Portland,OR,Duplex/triplex,"3 units, 1,600 sq. ft. each",3,1600,"Low-density suburb (1,000/sq. mi.)",2.36,2.11,2.62,2.11–2.62,0.83,0.7,0.95,0.7–0.95,14
Boulder,CO,Duplex/triplex,"3 units, 1,600 sq. ft. each",3,1600,"Low-density suburb (1,000/sq. mi.)",2.35,1.85,2.86,1.85–2.86,0.53,0.38,0.69,0.38–0.69,15
San Diego,CA,Duplex/triplex,"3 units, 1,600 sq. ft. each",3,1600,"Low-density suburb (1,000/sq. mi.)",2.21,1.88,2.54,1.88–2.54,0.5,0.37,0.62,0.37–0.62,16
Austin,TX,Duplex/triplex,"3 units, 1,600 sq. ft. each",3,1600,"Low-density suburb (1,000/sq. mi.)",2.15,1.94,2.36,1.94–2.36,0.5,0.41,0.58,0.41–0.58,17
Houston,TX,Duplex/triplex,"3 units, 1,600 sq. ft. each",3,1600,"Low-density suburb (1,000/sq. mi.)",2.11,1.74,2.48,1.74–2.48,0.28,0.14,0.42,0.14–0.42,18
New Orleans,LA,Duplex/triplex,"3 units, 1,600 sq. ft. each",3,1600,"Low-density suburb (1,000/sq. mi.)",1.76,1.36,2.17,1.36–2.17,0.11,0.06,0.15,0.06–0.15,19
Colorado Springs,CO,Duplex/triplex,"3 units, 1,600 sq. ft. each",3,1600,"Low-density suburb (1,000/sq. mi.)",1.76,1.16,2.36,1.16–2.36,0.37,0.22,0.53,0.22–0.53,20
Louisville,KY,Duplex/triplex,"3 units, 1,600 sq. ft. each",3,1600,"Low-density suburb (1,000/sq. mi.)",1.73,1.19,2.27,1.19–2.27,0.15,0.08,0.23,0.08–0.23,21
Albuquerque,NM,Duplex/triplex,"3 units, 1,600 sq. ft. each",3,1600,"Low-density suburb (1,000/sq. mi.)",1.6,1.19,2,1.19–2,0.4,0.2,0.6,0.2–0.6,22
Fort Worth,TX,Duplex/triplex,"3 units, 1,600 sq. ft. each",3,1600,"Low-density suburb (1,000/sq. mi.)",1.58,1.4,1.75,1.4–1.75,0.24,0.17,0.3,0.17–0.3,23
Jacksonville,FL,Duplex/triplex,"3 units, 1,600 sq. ft. each",3,1600,"Low-density suburb (1,000/sq. mi.)",1.49,1.21,1.77,1.21–1.77,0.3,0.21,0.4,0.21–0.4,24
Columbus,OH,Duplex/triplex,"3 units, 1,600 sq. ft. each",3,1600,"Low-density suburb (1,000/sq. mi.)",1.42,1.17,1.67,1.17–1.67,0.19,0.14,0.24,0.14–0.24,25
Wilmington,NC,Duplex/triplex,"3 units, 1,600 sq. ft. each",3,1600,"Low-density suburb (1,000/sq. mi.)",1.39,0.74,2.04,0.74–2.04,0,0,0,0–0,26
El Paso,TX,Duplex/triplex,"3 units, 1,600 sq. ft. each",3,1600,"Low-density suburb (1,000/sq. mi.)",1.3,0.95,1.66,0.95–1.66,0.15,0.04,0.27,0.04–0.27,27
Tampa,FL,Duplex/triplex,"3 units, 1,600 sq. ft. each",3,1600,"Low-density suburb (1,000/sq. mi.)",1.26,0.95,1.58,0.95–1.58,0.39,0.25,0.53,0.25–0.53,28
Nashville,TN,Duplex/triplex,"3 units, 1,600 sq. ft. each",3,1600,"Low-density suburb (1,000/sq. mi.)",1.16,0.89,1.43,0.89–1.43,0.11,0.07,0.16,0.07–0.16,29
Baton Rouge,LA,Duplex/triplex,"3 units, 1,600 sq. ft. each",3,1600,"Low-density suburb (1,000/sq. mi.)",1.16,0.66,1.65,0.66–1.65,0.17,-0.01,0.35,-0.01–0.35,30
San Antonio,TX,Duplex/triplex,"3 units, 1,600 sq. ft. each",3,1600,"Low-density suburb (1,000/sq. mi.)",0.82,0.63,1.02,0.63–1.02,0.05,0.02,0.07,0.02–0.07,31
Denver,CO,Duplex/triplex,"3 units, 1,600 sq. ft. each",3,1600,"Low-density suburb (1,000/sq. mi.)",0.72,0.53,0.91,0.53–0.91,0.17,0.02,0.33,0.02–0.33,32
Tulsa,OK,Duplex/triplex,"3 units, 1,600 sq. ft. each",3,1600,"City neighborhood (4,000/sq. mi.)",8.95,6.68,11.22,6.68–11.22,0.99,0.7,1.29,0.7–1.29,1
San Francisco,CA,Duplex/triplex,"3 units, 1,600 sq. ft. each",3,1600,"City neighborhood (4,000/sq. mi.)",5.89,4.8,6.97,4.8–6.97,2.53,1.86,3.2,1.86–3.2,2
Washington,DC,Duplex/triplex,"3 units, 1,600 sq. ft. each",3,1600,"City neighborhood (4,000/sq. mi.)",4.28,3.14,5.43,3.14–5.43,1.33,0.8,1.85,0.8–1.85,3
Los Angeles,CA,Duplex/triplex,"3 units, 1,600 sq. ft. each",3,1600,"City neighborhood (4,000/sq. mi.)",3.84,3.51,4.17,3.51–4.17,1.54,1.35,1.73,1.35–1.73,4
Oakland,CA,Duplex/triplex,"3 units, 1,600 sq. ft. each",3,1600,"City neighborhood (4,000/sq. mi.)",3.23,2.51,3.94,2.51–3.94,0.55,0.39,0.71,0.39–0.71,5
New York,NY,Duplex/triplex,"3 units, 1,600 sq. ft. each",3,1600,"City neighborhood (4,000/sq. mi.)",3.14,3.04,3.25,3.04–3.25,0.76,0.71,0.81,0.71–0.81,6
Philadelphia,PA,Duplex/triplex,"3 units, 1,600 sq. ft. each",3,1600,"City neighborhood (4,000/sq. mi.)",2.98,2.69,3.27,2.69–3.27,0.23,0.19,0.27,0.19–0.27,7
Phoenix,AZ,Duplex/triplex,"3 units, 1,600 sq. ft. each",3,1600,"City neighborhood (4,000/sq. mi.)",2.95,2.7,3.21,2.7–3.21,1.35,1.11,1.58,1.11–1.58,8
Seattle,WA,Duplex/triplex,"3 units, 1,600 sq. ft. each",3,1600,"City neighborhood (4,000/sq. mi.)",2.77,2.64,2.9,2.64–2.9,0.89,0.83,0.95,0.83–0.95,9
Boston,MA,Duplex/triplex,"3 units, 1,600 sq. ft. each",3,1600,"City neighborhood (4,000/sq. mi.)",2.7,2.43,2.98,2.43–2.98,1.19,0.99,1.4,0.99–1.4,10
Sacramento,CA,Duplex/triplex,"3 units, 1,600 sq. ft. each",3,1600,"City neighborhood (4,000/sq. mi.)",2.51,1.98,3.04,1.98–3.04,0.38,0.18,0.58,0.18–0.58,11
Boulder,CO,Duplex/triplex,"3 units, 1,600 sq. ft. each",3,1600,"City neighborhood (4,000/sq. mi.)",2.49,2.1,2.88,2.1–2.88,0.72,0.53,0.92,0.53–0.92,12
San Diego,CA,Duplex/triplex,"3 units, 1,600 sq. ft. each",3,1600,"City neighborhood (4,000/sq. mi.)",2.41,2.12,2.69,2.12–2.69,0.61,0.5,0.72,0.5–0.72,13
Providence,RI,Duplex/triplex,"3 units, 1,600 sq. ft. each",3,1600,"City neighborhood (4,000/sq. mi.)",2.24,1.44,3.04,1.44–3.04,0.22,0.06,0.38,0.06–0.38,14
Portland,OR,Duplex/triplex,"3 units, 1,600 sq. ft. each",3,1600,"City neighborhood (4,000/sq. mi.)",2.2,1.97,2.44,1.97–2.44,0.75,0.64,0.86,0.64–0.86,15
Oklahoma City,OK,Duplex/triplex,"3 units, 1,600 sq. ft. each",3,1600,"City neighborhood (4,000/sq. mi.)",2.17,1.83,2.52,1.83–2.52,0.05,0.02,0.09,0.02–0.09,16
Honolulu,HI,Duplex/triplex,"3 units, 1,600 sq. ft. each",3,1600,"City neighborhood (4,000/sq. mi.)",2.15,1.77,2.53,1.77–2.53,1.1,0.73,1.47,0.73–1.47,17
Austin,TX,Duplex/triplex,"3 units, 1,600 sq. ft. each",3,1600,"City neighborhood (4,000/sq. mi.)",2.1,1.9,2.3,1.9–2.3,0.58,0.5,0.66,0.5–0.66,18
Durham,NC,Duplex/triplex,"3 units, 1,600 sq. ft. each",3,1600,"City neighborhood (4,000/sq. mi.)",1.99,1.24,2.75,1.24–2.75,0.28,0.17,0.39,0.17–0.39,19
Colorado Springs,CO,Duplex/triplex,"3 units, 1,600 sq. ft. each",3,1600,"City neighborhood (4,000/sq. mi.)",1.92,1.28,2.55,1.28–2.55,0.43,0.26,0.6,0.26–0.6,20
Jacksonville,FL,Duplex/triplex,"3 units, 1,600 sq. ft. each",3,1600,"City neighborhood (4,000/sq. mi.)",1.89,1.53,2.25,1.53–2.25,0.46,0.31,0.61,0.31–0.61,21
Albuquerque,NM,Duplex/triplex,"3 units, 1,600 sq. ft. each",3,1600,"City neighborhood (4,000/sq. mi.)",1.89,1.4,2.37,1.4–2.37,0.36,0.17,0.56,0.17–0.56,22
Louisville,KY,Duplex/triplex,"3 units, 1,600 sq. ft. each",3,1600,"City neighborhood (4,000/sq. mi.)",1.88,1.13,2.62,1.13–2.62,0.15,0.08,0.23,0.08–0.23,23
Houston,TX,Duplex/triplex,"3 units, 1,600 sq. ft. each",3,1600,"City neighborhood (4,000/sq. mi.)",1.78,1.48,2.09,1.48–2.09,0.25,0.13,0.37,0.13–0.37,24
Fort Worth,TX,Duplex/triplex,"3 units, 1,600 sq. ft. each",3,1600,"City neighborhood (4,000/sq. mi.)",1.77,1.58,1.95,1.58–1.95,0.22,0.15,0.28,0.15–0.28,25
Columbus,OH,Duplex/triplex,"3 units, 1,600 sq. ft. each",3,1600,"City neighborhood (4,000/sq. mi.)",1.65,1.43,1.87,1.43–1.87,0.2,0.15,0.24,0.15–0.24,26
Tampa,FL,Duplex/triplex,"3 units, 1,600 sq. ft. each",3,1600,"City neighborhood (4,000/sq. mi.)",1.45,1.22,1.67,1.22–1.67,0.47,0.34,0.6,0.34–0.6,27
Nashville,TN,Duplex/triplex,"3 units, 1,600 sq. ft. each",3,1600,"City neighborhood (4,000/sq. mi.)",1.43,1.11,1.75,1.11–1.75,0.15,0.08,0.21,0.08–0.21,28
Wilmington,NC,Duplex/triplex,"3 units, 1,600 sq. ft. each",3,1600,"City neighborhood (4,000/sq. mi.)",1.42,0.76,2.08,0.76–2.08,0,0,0,0–0,29
New Orleans,LA,Duplex/triplex,"3 units, 1,600 sq. ft. each",3,1600,"City neighborhood (4,000/sq. mi.)",1.28,1.06,1.5,1.06–1.5,0.09,0.06,0.12,0.06–0.12,30
Denver,CO,Duplex/triplex,"3 units, 1,600 sq. ft. each",3,1600,"City neighborhood (4,000/sq. mi.)",1.28,1.08,1.47,1.08–1.47,0.31,0.1,0.51,0.1–0.51,31
El Paso,TX,Duplex/triplex,"3 units, 1,600 sq. ft. each",3,1600,"City neighborhood (4,000/sq. mi.)",1.22,0.87,1.58,0.87–1.58,0.21,0.06,0.37,0.06–0.37,32
San Antonio,TX,Duplex/triplex,"3 units, 1,600 sq. ft. each",3,1600,"City neighborhood (4,000/sq. mi.)",1.1,0.86,1.35,0.86–1.35,0.13,0.08,0.18,0.08–0.18,33
Reno,NV,Duplex/triplex,"3 units, 1,600 sq. ft. each",3,1600,"City neighborhood (4,000/sq. mi.)",1.05,0.91,1.18,0.91–1.18,0.33,0.22,0.44,0.22–0.44,34
San Francisco,CA,Duplex/triplex,"3 units, 1,600 sq. ft. each",3,1600,"Dense city neighborhood (10,000/sq. mi.)",4.48,3.84,5.13,3.84–5.13,1.83,1.43,2.23,1.43–2.23,1
Washington,DC,Duplex/triplex,"3 units, 1,600 sq. ft. each",3,1600,"Dense city neighborhood (10,000/sq. mi.)",3.97,3.02,4.91,3.02–4.91,1.26,0.8,1.73,0.8–1.73,2
Los Angeles,CA,Duplex/triplex,"3 units, 1,600 sq. ft. each",3,1600,"Dense city neighborhood (10,000/sq. mi.)",3.58,3.31,3.85,3.31–3.85,1.29,1.16,1.42,1.16–1.42,3
Oakland,CA,Duplex/triplex,"3 units, 1,600 sq. ft. each",3,1600,"Dense city neighborhood (10,000/sq. mi.)",3.3,2.59,4.02,2.59–4.02,0.64,0.42,0.86,0.42–0.86,4
Cleveland,OH,Duplex/triplex,"3 units, 1,600 sq. ft. each",3,1600,"Dense city neighborhood (10,000/sq. mi.)",3.27,2.29,4.25,2.29–4.25,1.02,0.6,1.45,0.6–1.45,5
New York,NY,Duplex/triplex,"3 units, 1,600 sq. ft. each",3,1600,"Dense city neighborhood (10,000/sq. mi.)",3.19,3.1,3.29,3.1–3.29,0.79,0.75,0.83,0.75–0.83,6
Phoenix,AZ,Duplex/triplex,"3 units, 1,600 sq. ft. each",3,1600,"Dense city neighborhood (10,000/sq. mi.)",2.88,2.61,3.14,2.61–3.14,1.18,0.95,1.41,0.95–1.41,7
Boston,MA,Duplex/triplex,"3 units, 1,600 sq. ft. each",3,1600,"Dense city neighborhood (10,000/sq. mi.)",2.84,2.6,3.08,2.6–3.08,1.26,1.09,1.43,1.09–1.43,8
Philadelphia,PA,Duplex/triplex,"3 units, 1,600 sq. ft. each",3,1600,"Dense city neighborhood (10,000/sq. mi.)",2.79,2.6,2.98,2.6–2.98,0.24,0.21,0.27,0.21–0.27,9
Boulder,CO,Duplex/triplex,"3 units, 1,600 sq. ft. each",3,1600,"Dense city neighborhood (10,000/sq. mi.)",2.59,2.06,3.11,2.06–3.11,0.89,0.55,1.22,0.55–1.22,10
Seattle,WA,Duplex/triplex,"3 units, 1,600 sq. ft. each",3,1600,"Dense city neighborhood (10,000/sq. mi.)",2.57,2.48,2.66,2.48–2.66,0.83,0.79,0.87,0.79–0.87,11
San Diego,CA,Duplex/triplex,"3 units, 1,600 sq. ft. each",3,1600,"Dense city neighborhood (10,000/sq. mi.)",2.54,2.23,2.86,2.23–2.86,0.7,0.59,0.81,0.59–0.81,12
Jacksonville,FL,Duplex/triplex,"3 units, 1,600 sq. ft. each",3,1600,"Dense city neighborhood (10,000/sq. mi.)",2.21,1.77,2.65,1.77–2.65,0.61,0.41,0.8,0.41–0.8,13
Sacramento,CA,Duplex/triplex,"3 units, 1,600 sq. ft. each",3,1600,"Dense city neighborhood (10,000/sq. mi.)",2.19,1.79,2.59,1.79–2.59,0.29,0.15,0.43,0.15–0.43,14
Albuquerque,NM,Duplex/triplex,"3 units, 1,600 sq. ft. each",3,1600,"Dense city neighborhood (10,000/sq. mi.)",2.11,1.34,2.87,1.34–2.87,0.34,0.13,0.56,0.13–0.56,15
Portland,OR,Duplex/triplex,"3 units, 1,600 sq. ft. each",3,1600,"Dense city neighborhood (10,000/sq. mi.)",2.1,1.86,2.34,1.86–2.34,0.7,0.59,0.81,0.59–0.81,16
Austin,TX,Duplex/triplex,"3 units, 1,600 sq. ft. each",3,1600,"Dense city neighborhood (10,000/sq. mi.)",2.07,1.86,2.29,1.86–2.29,0.64,0.54,0.74,0.54–0.74,17
Oklahoma City,OK,Duplex/triplex,"3 units, 1,600 sq. ft. each",3,1600,"Dense city neighborhood (10,000/sq. mi.)",2.04,1.69,2.38,1.69–2.38,0.05,0.02,0.08,0.02–0.08,18
Providence,RI,Duplex/triplex,"3 units, 1,600 sq. ft. each",3,1600,"Dense city neighborhood (10,000/sq. mi.)",2.03,1.35,2.71,1.35–2.71,0.25,0.06,0.44,0.06–0.44,19
Colorado Springs,CO,Duplex/triplex,"3 units, 1,600 sq. ft. each",3,1600,"Dense city neighborhood (10,000/sq. mi.)",2.03,1.35,2.7,1.35–2.7,0.47,0.28,0.67,0.28–0.67,20
Louisville,KY,Duplex/triplex,"3 units, 1,600 sq. ft. each",3,1600,"Dense city neighborhood (10,000/sq. mi.)",1.98,1.02,2.93,1.02–2.93,0.15,0.08,0.22,0.08–0.22,21
Honolulu,HI,Duplex/triplex,"3 units, 1,600 sq. ft. each",3,1600,"Dense city neighborhood (10,000/sq. mi.)",1.97,1.61,2.33,1.61–2.33,1,0.65,1.35,0.65–1.35,22
Fort Worth,TX,Duplex/triplex,"3 units, 1,600 sq. ft. each",3,1600,"Dense city neighborhood (10,000/sq. mi.)",1.9,1.69,2.12,1.69–2.12,0.21,0.14,0.27,0.14–0.27,23
Columbus,OH,Duplex/triplex,"3 units, 1,600 sq. ft. each",3,1600,"Dense city neighborhood (10,000/sq. mi.)",1.82,1.54,2.11,1.54–2.11,0.21,0.15,0.26,0.15–0.26,24
Nashville,TN,Duplex/triplex,"3 units, 1,600 sq. ft. each",3,1600,"Dense city neighborhood (10,000/sq. mi.)",1.64,1.22,2.05,1.22–2.05,0.17,0.08,0.26,0.08–0.26,25
Houston,TX,Duplex/triplex,"3 units, 1,600 sq. ft. each",3,1600,"Dense city neighborhood (10,000/sq. mi.)",1.6,1.22,1.97,1.22–1.97,0.23,0.07,0.39,0.07–0.39,26
Tampa,FL,Duplex/triplex,"3 units, 1,600 sq. ft. each",3,1600,"Dense city neighborhood (10,000/sq. mi.)",1.58,1.29,1.88,1.29–1.88,0.54,0.36,0.71,0.36–0.71,27
Wilmington,NC,Duplex/triplex,"3 units, 1,600 sq. ft. each",3,1600,"Dense city neighborhood (10,000/sq. mi.)",1.44,0.77,2.11,0.77–2.11,0,0,0,0–0,28
San Antonio,TX,Duplex/triplex,"3 units, 1,600 sq. ft. each",3,1600,"Dense city neighborhood (10,000/sq. mi.)",1.34,1.02,1.67,1.02–1.67,0.25,0.14,0.37,0.14–0.37,29
El Paso,TX,Duplex/triplex,"3 units, 1,600 sq. ft. each",3,1600,"Dense city neighborhood (10,000/sq. mi.)",1.17,0.78,1.57,0.78–1.57,0.26,0.06,0.47,0.06–0.47,30
New Orleans,LA,Duplex/triplex,"3 units, 1,600 sq. ft. each",3,1600,"Dense city neighborhood (10,000/sq. mi.)",1.04,0.88,1.19,0.88–1.19,0.08,0.05,0.1,0.05–0.1,31
Reno,NV,Duplex/triplex,"3 units, 1,600 sq. ft. each",3,1600,"Dense city neighborhood (10,000/sq. mi.)",1.02,0.89,1.16,0.89–1.16,0.24,0.17,0.32,0.17–0.32,32
Washington,DC,Duplex/triplex,"3 units, 1,600 sq. ft. each",3,1600,"Urban core (25,000/sq. mi.)",3.68,2.78,4.58,2.78–4.58,1.2,0.72,1.68,0.72–1.68,1
San Francisco,CA,Duplex/triplex,"3 units, 1,600 sq. ft. each",3,1600,"Urban core (25,000/sq. mi.)",3.42,2.98,3.85,2.98–3.85,1.32,1.05,1.59,1.05–1.59,2
Oakland,CA,Duplex/triplex,"3 units, 1,600 sq. ft. each",3,1600,"Urban core (25,000/sq. mi.)",3.38,2.46,4.31,2.46–4.31,0.74,0.4,1.09,0.4–1.09,3
Los Angeles,CA,Duplex/triplex,"3 units, 1,600 sq. ft. each",3,1600,"Urban core (25,000/sq. mi.)",3.34,3.06,3.61,3.06–3.61,1.08,0.96,1.19,0.96–1.19,4
New York,NY,Duplex/triplex,"3 units, 1,600 sq. ft. each",3,1600,"Urban core (25,000/sq. mi.)",3.24,3.15,3.33,3.15–3.33,0.82,0.78,0.86,0.78–0.86,5
Boston,MA,Duplex/triplex,"3 units, 1,600 sq. ft. each",3,1600,"Urban core (25,000/sq. mi.)",2.99,2.73,3.24,2.73–3.24,1.33,1.16,1.5,1.16–1.5,6
Phoenix,AZ,Duplex/triplex,"3 units, 1,600 sq. ft. each",3,1600,"Urban core (25,000/sq. mi.)",2.8,2.53,3.07,2.53–3.07,1.04,0.81,1.27,0.81–1.27,7
San Diego,CA,Duplex/triplex,"3 units, 1,600 sq. ft. each",3,1600,"Urban core (25,000/sq. mi.)",2.69,2.29,3.09,2.29–3.09,0.8,0.65,0.95,0.65–0.95,8
Philadelphia,PA,Duplex/triplex,"3 units, 1,600 sq. ft. each",3,1600,"Urban core (25,000/sq. mi.)",2.61,2.45,2.76,2.45–2.76,0.25,0.23,0.28,0.23–0.28,9
Jacksonville,FL,Duplex/triplex,"3 units, 1,600 sq. ft. each",3,1600,"Urban core (25,000/sq. mi.)",2.59,2.04,3.14,2.04–3.14,0.8,0.53,1.07,0.53–1.07,10
Seattle,WA,Duplex/triplex,"3 units, 1,600 sq. ft. each",3,1600,"Urban core (25,000/sq. mi.)",2.38,2.27,2.49,2.27–2.49,0.78,0.73,0.83,0.73–0.83,11
Albuquerque,NM,Duplex/triplex,"3 units, 1,600 sq. ft. each",3,1600,"Urban core (25,000/sq. mi.)",2.35,1.18,3.52,1.18–3.52,0.32,0.08,0.56,0.08–0.56,12
Colorado Springs,CO,Duplex/triplex,"3 units, 1,600 sq. ft. each",3,1600,"Urban core (25,000/sq. mi.)",2.15,1.42,2.87,1.42–2.87,0.52,0.3,0.74,0.3–0.74,13
Fort Worth,TX,Duplex/triplex,"3 units, 1,600 sq. ft. each",3,1600,"Urban core (25,000/sq. mi.)",2.05,1.78,2.33,1.78–2.33,0.19,0.12,0.27,0.12–0.27,14
Austin,TX,Duplex/triplex,"3 units, 1,600 sq. ft. each",3,1600,"Urban core (25,000/sq. mi.)",2.04,1.79,2.3,1.79–2.3,0.71,0.57,0.85,0.57–0.85,15
Columbus,OH,Duplex/triplex,"3 units, 1,600 sq. ft. each",3,1600,"Urban core (25,000/sq. mi.)",2.01,1.59,2.43,1.59–2.43,0.21,0.14,0.29,0.14–0.29,16
Portland,OR,Duplex/triplex,"3 units, 1,600 sq. ft. each",3,1600,"Urban core (25,000/sq. mi.)",2,1.74,2.27,1.74–2.27,0.65,0.54,0.76,0.54–0.76,17
Sacramento,CA,Duplex/triplex,"3 units, 1,600 sq. ft. each",3,1600,"Urban core (25,000/sq. mi.)",1.91,1.37,2.45,1.37–2.45,0.23,0.09,0.36,0.09–0.36,18
Oklahoma City,OK,Duplex/triplex,"3 units, 1,600 sq. ft. each",3,1600,"Urban core (25,000/sq. mi.)",1.91,1.56,2.26,1.56–2.26,0.05,0.01,0.08,0.01–0.08,19
Nashville,TN,Duplex/triplex,"3 units, 1,600 sq. ft. each",3,1600,"Urban core (25,000/sq. mi.)",1.88,1.32,2.44,1.32–2.44,0.2,0.08,0.32,0.08–0.32,20
Providence,RI,Duplex/triplex,"3 units, 1,600 sq. ft. each",3,1600,"Urban core (25,000/sq. mi.)",1.84,1.21,2.47,1.21–2.47,0.29,0.04,0.53,0.04–0.53,21
Honolulu,HI,Duplex/triplex,"3 units, 1,600 sq. ft. each",3,1600,"Urban core (25,000/sq. mi.)",1.8,1.45,2.14,1.45–2.14,0.9,0.58,1.23,0.58–1.23,22
Tampa,FL,Duplex/triplex,"3 units, 1,600 sq. ft. each",3,1600,"Urban core (25,000/sq. mi.)",1.73,1.26,2.21,1.26–2.21,0.61,0.35,0.88,0.35–0.88,23
Wilmington,NC,Duplex/triplex,"3 units, 1,600 sq. ft. each",3,1600,"Urban core (25,000/sq. mi.)",1.46,0.78,2.14,0.78–2.14,0,0,0,0–0,24
Houston,TX,Duplex/triplex,"3 units, 1,600 sq. ft. each",3,1600,"Urban core (25,000/sq. mi.)",1.43,0.97,1.88,0.97–1.88,0.21,0.01,0.42,0.01–0.42,25
Reno,NV,Duplex/triplex,"3 units, 1,600 sq. ft. each",3,1600,"Urban core (25,000/sq. mi.)",1,0.8,1.2,0.8–1.2,0.18,0.1,0.26,0.1–0.26,26
New Orleans,LA,Duplex/triplex,"3 units, 1,600 sq. ft. each",3,1600,"Urban core (25,000/sq. mi.)",0.84,0.72,0.96,0.72–0.96,0.07,0.05,0.09,0.05–0.09,27
Oakland,CA,Multifamily,"5 units, 700 sq. ft. each",5,700,"Low-density suburb (1,000/sq. mi.)",6.22,4.62,7.82,4.62–7.82,1.51,0.83,2.2,0.83–2.2,1
San Francisco,CA,Multifamily,"5 units, 700 sq. ft. each",5,700,"Low-density suburb (1,000/sq. mi.)",4.8,4.09,5.51,4.09–5.51,1.65,1.17,2.13,1.17–2.13,2
New York,NY,Multifamily,"5 units, 700 sq. ft. each",5,700,"Low-density suburb (1,000/sq. mi.)",3.94,3.69,4.18,3.69–4.18,1.39,1.21,1.57,1.21–1.57,3
Los Angeles,CA,Multifamily,"5 units, 700 sq. ft. each",5,700,"Low-density suburb (1,000/sq. mi.)",3.65,3.39,3.91,3.39–3.91,1.62,1.45,1.8,1.45–1.8,4
Tulsa,OK,Multifamily,"5 units, 700 sq. ft. each",5,700,"Low-density suburb (1,000/sq. mi.)",3.24,2.51,3.97,2.51–3.97,0.7,0.41,0.99,0.41–0.99,5
Boston,MA,Multifamily,"5 units, 700 sq. ft. each",5,700,"Low-density suburb (1,000/sq. mi.)",3.08,2.66,3.5,2.66–3.5,1.48,1.16,1.8,1.16–1.8,6
Seattle,WA,Multifamily,"5 units, 700 sq. ft. each",5,700,"Low-density suburb (1,000/sq. mi.)",2.96,2.64,3.27,2.64–3.27,0.93,0.79,1.06,0.79–1.06,7
Washington,DC,Multifamily,"5 units, 700 sq. ft. each",5,700,"Low-density suburb (1,000/sq. mi.)",2.73,2.12,3.33,2.12–3.33,0.74,0.46,1.03,0.46–1.03,8
Sacramento,CA,Multifamily,"5 units, 700 sq. ft. each",5,700,"Low-density suburb (1,000/sq. mi.)",2.71,2.31,3.11,2.31–3.11,1.01,0.76,1.26,0.76–1.26,9
Durham,NC,Multifamily,"5 units, 700 sq. ft. each",5,700,"Low-density suburb (1,000/sq. mi.)",2.69,2.33,3.04,2.33–3.04,0.37,0.29,0.44,0.29–0.44,10
Philadelphia,PA,Multifamily,"5 units, 700 sq. ft. each",5,700,"Low-density suburb (1,000/sq. mi.)",2.59,2.12,3.05,2.12–3.05,0.27,0.18,0.37,0.18–0.37,11
Houston,TX,Multifamily,"5 units, 700 sq. ft. each",5,700,"Low-density suburb (1,000/sq. mi.)",2.58,2.45,2.71,2.45–2.71,0.57,0.51,0.64,0.51–0.64,12
Baton Rouge,LA,Multifamily,"5 units, 700 sq. ft. each",5,700,"Low-density suburb (1,000/sq. mi.)",2.42,1.52,3.32,1.52–3.32,0.39,0.19,0.59,0.19–0.59,13
Phoenix,AZ,Multifamily,"5 units, 700 sq. ft. each",5,700,"Low-density suburb (1,000/sq. mi.)",2.41,2.18,2.64,2.18–2.64,1.15,0.96,1.34,0.96–1.34,14
Boise,ID,Multifamily,"5 units, 700 sq. ft. each",5,700,"Low-density suburb (1,000/sq. mi.)",2.27,1.9,2.64,1.9–2.64,0.73,0.5,0.96,0.5–0.96,15
San Diego,CA,Multifamily,"5 units, 700 sq. ft. each",5,700,"Low-density suburb (1,000/sq. mi.)",2.22,1.99,2.45,1.99–2.45,0.58,0.49,0.67,0.49–0.67,16
Denver,CO,Multifamily,"5 units, 700 sq. ft. each",5,700,"Low-density suburb (1,000/sq. mi.)",2.18,1.99,2.36,1.99–2.36,0.5,0.41,0.59,0.41–0.59,17
Portland,OR,Multifamily,"5 units, 700 sq. ft. each",5,700,"Low-density suburb (1,000/sq. mi.)",2.14,2,2.28,2–2.28,0.82,0.74,0.9,0.74–0.9,18
Honolulu,HI,Multifamily,"5 units, 700 sq. ft. each",5,700,"Low-density suburb (1,000/sq. mi.)",2.14,1.88,2.4,1.88–2.4,0.7,0.61,0.79,0.61–0.79,19
Austin,TX,Multifamily,"5 units, 700 sq. ft. each",5,700,"Low-density suburb (1,000/sq. mi.)",2.07,1.97,2.17,1.97–2.17,0.63,0.58,0.69,0.58–0.69,20
Boulder,CO,Multifamily,"5 units, 700 sq. ft. each",5,700,"Low-density suburb (1,000/sq. mi.)",1.96,1.7,2.23,1.7–2.23,0.55,0.4,0.71,0.4–0.71,21
Sioux Falls,SD,Multifamily,"5 units, 700 sq. ft. each",5,700,"Low-density suburb (1,000/sq. mi.)",1.92,1.75,2.1,1.75–2.1,0.29,0.24,0.33,0.24–0.33,22
Atlanta,GA,Multifamily,"5 units, 700 sq. ft. each",5,700,"Low-density suburb (1,000/sq. mi.)",1.9,1.59,2.21,1.59–2.21,1.2,0.79,1.61,0.79–1.61,23
Tampa,FL,Multifamily,"5 units, 700 sq. ft. each",5,700,"Low-density suburb (1,000/sq. mi.)",1.88,1.2,2.56,1.2–2.56,0.5,0.27,0.73,0.27–0.73,24
Orlando,FL,Multifamily,"5 units, 700 sq. ft. each",5,700,"Low-density suburb (1,000/sq. mi.)",1.85,1.68,2.02,1.68–2.02,0.55,0.45,0.65,0.45–0.65,25
Kansas City,MO,Multifamily,"5 units, 700 sq. ft. each",5,700,"Low-density suburb (1,000/sq. mi.)",1.79,1.61,1.98,1.61–1.98,0.24,0.19,0.29,0.19–0.29,26
Nashville,TN,Multifamily,"5 units, 700 sq. ft. each",5,700,"Low-density suburb (1,000/sq. mi.)",1.79,1.59,1.99,1.59–1.99,0.39,0.3,0.48,0.3–0.48,27
Spokane,WA,Multifamily,"5 units, 700 sq. ft. each",5,700,"Low-density suburb (1,000/sq. mi.)",1.75,0.98,2.52,0.98–2.52,0.48,0.32,0.65,0.32–0.65,28
Cleveland,OH,Multifamily,"5 units, 700 sq. ft. each",5,700,"Low-density suburb (1,000/sq. mi.)",1.69,1.27,2.11,1.27–2.11,0.36,0.18,0.55,0.18–0.55,29
Columbus,OH,Multifamily,"5 units, 700 sq. ft. each",5,700,"Low-density suburb (1,000/sq. mi.)",1.61,1.5,1.71,1.5–1.71,0.33,0.29,0.37,0.29–0.37,30
Charleston,SC,Multifamily,"5 units, 700 sq. ft. each",5,700,"Low-density suburb (1,000/sq. mi.)",1.6,1.32,1.87,1.32–1.87,0.18,0.09,0.28,0.09–0.28,31
Fort Worth,TX,Multifamily,"5 units, 700 sq. ft. each",5,700,"Low-density suburb (1,000/sq. mi.)",1.56,1.48,1.63,1.48–1.63,0.21,0.17,0.24,0.17–0.24,32
Indianapolis,IN,Multifamily,"5 units, 700 sq. ft. each",5,700,"Low-density suburb (1,000/sq. mi.)",1.52,1.33,1.7,1.33–1.7,0.64,0.51,0.78,0.51–0.78,33
Grand Rapids,MI,Multifamily,"5 units, 700 sq. ft. each",5,700,"Low-density suburb (1,000/sq. mi.)",1.51,1.26,1.76,1.26–1.76,0.26,0.15,0.37,0.15–0.37,34
Colorado Springs,CO,Multifamily,"5 units, 700 sq. ft. each",5,700,"Low-density suburb (1,000/sq. mi.)",1.49,1.25,1.72,1.25–1.72,0.41,0.28,0.53,0.28–0.53,35
Jacksonville,FL,Multifamily,"5 units, 700 sq. ft. each",5,700,"Low-density suburb (1,000/sq. mi.)",1.36,1.22,1.49,1.22–1.49,0.31,0.26,0.36,0.26–0.36,36
Reno,NV,Multifamily,"5 units, 700 sq. ft. each",5,700,"Low-density suburb (1,000/sq. mi.)",1.34,1.25,1.43,1.25–1.43,0.11,0.08,0.13,0.08–0.13,37
Louisville,KY,Multifamily,"5 units, 700 sq. ft. each",5,700,"Low-density suburb (1,000/sq. mi.)",1.18,1.06,1.31,1.06–1.31,0.27,0.22,0.31,0.22–0.31,38
Raleigh,NC,Multifamily,"5 units, 700 sq. ft. each",5,700,"Low-density suburb (1,000/sq. mi.)",1.16,1.02,1.31,1.02–1.31,0.19,0.14,0.24,0.14–0.24,39
Miami,FL,Multifamily,"5 units, 700 sq. ft. each",5,700,"City neighborhood (4,000/sq. mi.)",5.73,4.56,6.91,4.56–6.91,1.85,1.27,2.44,1.27–2.44,1
Oakland,CA,Multifamily,"5 units, 700 sq. ft. each",5,700,"City neighborhood (4,000/sq. mi.)",5.1,3.97,6.23,3.97–6.23,1.14,0.78,1.5,0.78–1.5,2
San Francisco,CA,Multifamily,"5 units, 700 sq. ft. each",5,700,"City neighborhood (4,000/sq. mi.)",4.55,3.97,5.13,3.97–5.13,1.73,1.33,2.13,1.33–2.13,3
New York,NY,Multifamily,"5 units, 700 sq. ft. each",5,700,"City neighborhood (4,000/sq. mi.)",3.88,3.71,4.06,3.71–4.06,1.3,1.18,1.42,1.18–1.42,4
Los Angeles,CA,Multifamily,"5 units, 700 sq. ft. each",5,700,"City neighborhood (4,000/sq. mi.)",3.74,3.54,3.94,3.54–3.94,1.51,1.39,1.64,1.39–1.64,5
Boston,MA,Multifamily,"5 units, 700 sq. ft. each",5,700,"City neighborhood (4,000/sq. mi.)",3.37,3.05,3.7,3.05–3.7,1.69,1.44,1.94,1.44–1.94,6
Seattle,WA,Multifamily,"5 units, 700 sq. ft. each",5,700,"City neighborhood (4,000/sq. mi.)",2.89,2.72,3.06,2.72–3.06,0.93,0.86,1.01,0.86–1.01,7
Washington,DC,Multifamily,"5 units, 700 sq. ft. each",5,700,"City neighborhood (4,000/sq. mi.)",2.77,2.38,3.17,2.38–3.17,0.75,0.56,0.94,0.56–0.94,8
Houston,TX,Multifamily,"5 units, 700 sq. ft. each",5,700,"City neighborhood (4,000/sq. mi.)",2.74,2.63,2.86,2.63–2.86,0.71,0.64,0.77,0.64–0.77,9
Durham,NC,Multifamily,"5 units, 700 sq. ft. each",5,700,"City neighborhood (4,000/sq. mi.)",2.71,2.31,3.11,2.31–3.11,0.26,0.2,0.33,0.2–0.33,10
Sacramento,CA,Multifamily,"5 units, 700 sq. ft. each",5,700,"City neighborhood (4,000/sq. mi.)",2.65,2.23,3.06,2.23–3.06,0.96,0.7,1.22,0.7–1.22,11
Baton Rouge,LA,Multifamily,"5 units, 700 sq. ft. each",5,700,"City neighborhood (4,000/sq. mi.)",2.63,1.78,3.48,1.78–3.48,0.55,0.36,0.75,0.36–0.75,12
Philadelphia,PA,Multifamily,"5 units, 700 sq. ft. each",5,700,"City neighborhood (4,000/sq. mi.)",2.59,2.29,2.9,2.29–2.9,0.27,0.2,0.33,0.2–0.33,13
Tulsa,OK,Multifamily,"5 units, 700 sq. ft. each",5,700,"City neighborhood (4,000/sq. mi.)",2.33,1.9,2.76,1.9–2.76,0.82,0.6,1.05,0.6–1.05,14
San Diego,CA,Multifamily,"5 units, 700 sq. ft. each",5,700,"City neighborhood (4,000/sq. mi.)",2.32,2.12,2.53,2.12–2.53,0.67,0.59,0.74,0.59–0.74,15
Phoenix,AZ,Multifamily,"5 units, 700 sq. ft. each",5,700,"City neighborhood (4,000/sq. mi.)",2.29,2.05,2.53,2.05–2.53,1.03,0.85,1.21,0.85–1.21,16
Denver,CO,Multifamily,"5 units, 700 sq. ft. each",5,700,"City neighborhood (4,000/sq. mi.)",2.17,1.99,2.35,1.99–2.35,0.52,0.43,0.61,0.43–0.61,17
Austin,TX,Multifamily,"5 units, 700 sq. ft. each",5,700,"City neighborhood (4,000/sq. mi.)",2.16,2.05,2.26,2.05–2.26,0.63,0.57,0.69,0.57–0.69,18
Boise,ID,Multifamily,"5 units, 700 sq. ft. each",5,700,"City neighborhood (4,000/sq. mi.)",2.11,1.74,2.48,1.74–2.48,0.76,0.49,1.02,0.49–1.02,19
Portland,OR,Multifamily,"5 units, 700 sq. ft. each",5,700,"City neighborhood (4,000/sq. mi.)",2.05,1.95,2.16,1.95–2.16,0.8,0.73,0.87,0.73–0.87,20
Boulder,CO,Multifamily,"5 units, 700 sq. ft. each",5,700,"City neighborhood (4,000/sq. mi.)",2.05,1.72,2.38,1.72–2.38,0.54,0.37,0.71,0.37–0.71,21
Honolulu,HI,Multifamily,"5 units, 700 sq. ft. each",5,700,"City neighborhood (4,000/sq. mi.)",2,1.74,2.27,1.74–2.27,0.77,0.65,0.89,0.65–0.89,22
Spokane,WA,Multifamily,"5 units, 700 sq. ft. each",5,700,"City neighborhood (4,000/sq. mi.)",1.89,1.41,2.38,1.41–2.38,0.31,0.21,0.41,0.21–0.41,23
Charleston,SC,Multifamily,"5 units, 700 sq. ft. each",5,700,"City neighborhood (4,000/sq. mi.)",1.88,1.51,2.26,1.51–2.26,0.34,0.1,0.59,0.1–0.59,24
Sioux Falls,SD,Multifamily,"5 units, 700 sq. ft. each",5,700,"City neighborhood (4,000/sq. mi.)",1.87,1.67,2.07,1.67–2.07,0.25,0.2,0.3,0.2–0.3,25
Atlanta,GA,Multifamily,"5 units, 700 sq. ft. each",5,700,"City neighborhood (4,000/sq. mi.)",1.81,1.6,2.03,1.6–2.03,1.21,0.92,1.5,0.92–1.5,26
Kansas City,MO,Multifamily,"5 units, 700 sq. ft. each",5,700,"City neighborhood (4,000/sq. mi.)",1.78,1.57,2,1.57–2,0.19,0.14,0.24,0.14–0.24,27
Nashville,TN,Multifamily,"5 units, 700 sq. ft. each",5,700,"City neighborhood (4,000/sq. mi.)",1.76,1.53,1.99,1.53–1.99,0.33,0.23,0.43,0.23–0.43,28
Tampa,FL,Multifamily,"5 units, 700 sq. ft. each",5,700,"City neighborhood (4,000/sq. mi.)",1.72,1.38,2.06,1.38–2.06,0.53,0.4,0.66,0.4–0.66,29
Cleveland,OH,Multifamily,"5 units, 700 sq. ft. each",5,700,"City neighborhood (4,000/sq. mi.)",1.7,1.46,1.94,1.46–1.94,0.4,0.28,0.52,0.28–0.52,30
Anaheim,CA,Multifamily,"5 units, 700 sq. ft. each",5,700,"City neighborhood (4,000/sq. mi.)",1.59,1.37,1.81,1.37–1.81,1.3,0.98,1.61,0.98–1.61,31
Fort Worth,TX,Multifamily,"5 units, 700 sq. ft. each",5,700,"City neighborhood (4,000/sq. mi.)",1.56,1.48,1.65,1.48–1.65,0.21,0.17,0.24,0.17–0.24,32
Jacksonville,FL,Multifamily,"5 units, 700 sq. ft. each",5,700,"City neighborhood (4,000/sq. mi.)",1.55,1.39,1.72,1.39–1.72,0.37,0.3,0.43,0.3–0.43,33
Orlando,FL,Multifamily,"5 units, 700 sq. ft. each",5,700,"City neighborhood (4,000/sq. mi.)",1.54,1.38,1.7,1.38–1.7,0.39,0.31,0.47,0.31–0.47,34
Colorado Springs,CO,Multifamily,"5 units, 700 sq. ft. each",5,700,"City neighborhood (4,000/sq. mi.)",1.5,1.26,1.75,1.26–1.75,0.41,0.29,0.53,0.29–0.53,35
Columbus,OH,Multifamily,"5 units, 700 sq. ft. each",5,700,"City neighborhood (4,000/sq. mi.)",1.5,1.41,1.6,1.41–1.6,0.28,0.25,0.31,0.25–0.31,36
Indianapolis,IN,Multifamily,"5 units, 700 sq. ft. each",5,700,"City neighborhood (4,000/sq. mi.)",1.44,1.28,1.6,1.28–1.6,0.51,0.39,0.62,0.39–0.62,37
Louisville,KY,Multifamily,"5 units, 700 sq. ft. each",5,700,"City neighborhood (4,000/sq. mi.)",1.38,1.21,1.55,1.21–1.55,0.29,0.24,0.34,0.24–0.34,38
Grand Rapids,MI,Multifamily,"5 units, 700 sq. ft. each",5,700,"City neighborhood (4,000/sq. mi.)",1.35,1.15,1.55,1.15–1.55,0.26,0.18,0.35,0.18–0.35,39
Reno,NV,Multifamily,"5 units, 700 sq. ft. each",5,700,"City neighborhood (4,000/sq. mi.)",1.27,1.2,1.34,1.2–1.34,0.08,0.06,0.1,0.06–0.1,40
Raleigh,NC,Multifamily,"5 units, 700 sq. ft. each",5,700,"City neighborhood (4,000/sq. mi.)",1.18,1.03,1.34,1.03–1.34,0.2,0.15,0.25,0.15–0.25,41
Miami,FL,Multifamily,"5 units, 700 sq. ft. each",5,700,"Dense city neighborhood (10,000/sq. mi.)",6.2,5.21,7.19,5.21–7.19,1.94,1.48,2.41,1.48–2.41,1
Oakland,CA,Multifamily,"5 units, 700 sq. ft. each",5,700,"Dense city neighborhood (10,000/sq. mi.)",4.47,3.47,5.47,3.47–5.47,0.94,0.66,1.22,0.66–1.22,2
San Francisco,CA,Multifamily,"5 units, 700 sq. ft. each",5,700,"Dense city neighborhood (10,000/sq. mi.)",4.39,3.86,4.91,3.86–4.91,1.78,1.41,2.15,1.41–2.15,3
New York,NY,Multifamily,"5 units, 700 sq. ft. each",5,700,"Dense city neighborhood (10,000/sq. mi.)",3.85,3.71,3.99,3.71–3.99,1.24,1.16,1.33,1.16–1.33,4
Los Angeles,CA,Multifamily,"5 units, 700 sq. ft. each",5,700,"Dense city neighborhood (10,000/sq. mi.)",3.81,3.62,3.99,3.62–3.99,1.44,1.34,1.55,1.34–1.55,5
Boston,MA,Multifamily,"5 units, 700 sq. ft. each",5,700,"Dense city neighborhood (10,000/sq. mi.)",3.59,3.28,3.9,3.28–3.9,1.85,1.62,2.07,1.62–2.07,6
Houston,TX,Multifamily,"5 units, 700 sq. ft. each",5,700,"Dense city neighborhood (10,000/sq. mi.)",2.86,2.73,2.99,2.73–2.99,0.81,0.73,0.9,0.73–0.9,7
Seattle,WA,Multifamily,"5 units, 700 sq. ft. each",5,700,"Dense city neighborhood (10,000/sq. mi.)",2.84,2.72,2.97,2.72–2.97,0.94,0.89,0.99,0.89–0.99,8
Washington,DC,Multifamily,"5 units, 700 sq. ft. each",5,700,"Dense city neighborhood (10,000/sq. mi.)",2.8,2.5,3.1,2.5–3.1,0.75,0.61,0.89,0.61–0.89,9
Jersey City,NJ,Multifamily,"5 units, 700 sq. ft. each",5,700,"Dense city neighborhood (10,000/sq. mi.)",2.78,2.26,3.31,2.26–3.31,0.32,0.11,0.53,0.11–0.53,10
Durham,NC,Multifamily,"5 units, 700 sq. ft. each",5,700,"Dense city neighborhood (10,000/sq. mi.)",2.72,2.2,3.25,2.2–3.25,0.21,0.14,0.29,0.14–0.29,11
Sacramento,CA,Multifamily,"5 units, 700 sq. ft. each",5,700,"Dense city neighborhood (10,000/sq. mi.)",2.61,2.17,3.04,2.17–3.04,0.93,0.66,1.19,0.66–1.19,12
Philadelphia,PA,Multifamily,"5 units, 700 sq. ft. each",5,700,"Dense city neighborhood (10,000/sq. mi.)",2.6,2.37,2.83,2.37–2.83,0.26,0.22,0.3,0.22–0.3,13
San Diego,CA,Multifamily,"5 units, 700 sq. ft. each",5,700,"Dense city neighborhood (10,000/sq. mi.)",2.39,2.18,2.61,2.18–2.61,0.73,0.64,0.81,0.64–0.81,14
Austin,TX,Multifamily,"5 units, 700 sq. ft. each",5,700,"Dense city neighborhood (10,000/sq. mi.)",2.22,2.09,2.34,2.09–2.34,0.63,0.56,0.7,0.56–0.7,15
Phoenix,AZ,Multifamily,"5 units, 700 sq. ft. each",5,700,"Dense city neighborhood (10,000/sq. mi.)",2.21,1.95,2.47,1.95–2.47,0.96,0.77,1.15,0.77–1.15,16
Denver,CO,Multifamily,"5 units, 700 sq. ft. each",5,700,"Dense city neighborhood (10,000/sq. mi.)",2.17,1.99,2.35,1.99–2.35,0.53,0.45,0.62,0.45–0.62,17
Boulder,CO,Multifamily,"5 units, 700 sq. ft. each",5,700,"Dense city neighborhood (10,000/sq. mi.)",2.11,1.71,2.51,1.71–2.51,0.52,0.34,0.71,0.34–0.71,18
Boise,ID,Multifamily,"5 units, 700 sq. ft. each",5,700,"Dense city neighborhood (10,000/sq. mi.)",2.01,1.63,2.39,1.63–2.39,0.78,0.47,1.08,0.47–1.08,19
Portland,OR,Multifamily,"5 units, 700 sq. ft. each",5,700,"Dense city neighborhood (10,000/sq. mi.)",2,1.89,2.11,1.89–2.11,0.79,0.72,0.86,0.72–0.86,20
Spokane,WA,Multifamily,"5 units, 700 sq. ft. each",5,700,"Dense city neighborhood (10,000/sq. mi.)",1.99,1.54,2.45,1.54–2.45,0.23,0.15,0.32,0.15–0.32,21
Honolulu,HI,Multifamily,"5 units, 700 sq. ft. each",5,700,"Dense city neighborhood (10,000/sq. mi.)",1.92,1.63,2.21,1.63–2.21,0.82,0.67,0.97,0.67–0.97,22
Sioux Falls,SD,Multifamily,"5 units, 700 sq. ft. each",5,700,"Dense city neighborhood (10,000/sq. mi.)",1.83,1.58,2.08,1.58–2.08,0.23,0.17,0.28,0.17–0.28,23
Kansas City,MO,Multifamily,"5 units, 700 sq. ft. each",5,700,"Dense city neighborhood (10,000/sq. mi.)",1.78,1.51,2.04,1.51–2.04,0.16,0.1,0.22,0.1–0.22,24
Atlanta,GA,Multifamily,"5 units, 700 sq. ft. each",5,700,"Dense city neighborhood (10,000/sq. mi.)",1.76,1.56,1.95,1.56–1.95,1.21,0.92,1.51,0.92–1.51,25
Nashville,TN,Multifamily,"5 units, 700 sq. ft. each",5,700,"Dense city neighborhood (10,000/sq. mi.)",1.74,1.46,2.03,1.46–2.03,0.29,0.18,0.4,0.18–0.4,26
Cleveland,OH,Multifamily,"5 units, 700 sq. ft. each",5,700,"Dense city neighborhood (10,000/sq. mi.)",1.71,1.43,1.98,1.43–1.98,0.42,0.31,0.54,0.31–0.54,27
Jacksonville,FL,Multifamily,"5 units, 700 sq. ft. each",5,700,"Dense city neighborhood (10,000/sq. mi.)",1.7,1.5,1.89,1.5–1.89,0.41,0.32,0.5,0.32–0.5,28
Tampa,FL,Multifamily,"5 units, 700 sq. ft. each",5,700,"Dense city neighborhood (10,000/sq. mi.)",1.61,1.15,2.08,1.15–2.08,0.55,0.34,0.76,0.34–0.76,29
Fort Worth,TX,Multifamily,"5 units, 700 sq. ft. each",5,700,"Dense city neighborhood (10,000/sq. mi.)",1.57,1.47,1.67,1.47–1.67,0.21,0.16,0.25,0.16–0.25,30
Louisville,KY,Multifamily,"5 units, 700 sq. ft. each",5,700,"Dense city neighborhood (10,000/sq. mi.)",1.53,1.28,1.78,1.28–1.78,0.31,0.24,0.38,0.24–0.38,31
Anaheim,CA,Multifamily,"5 units, 700 sq. ft. each",5,700,"Dense city neighborhood (10,000/sq. mi.)",1.53,1.37,1.7,1.37–1.7,1.02,0.82,1.21,0.82–1.21,32
Colorado Springs,CO,Multifamily,"5 units, 700 sq. ft. each",5,700,"Dense city neighborhood (10,000/sq. mi.)",1.52,1.26,1.77,1.26–1.77,0.42,0.3,0.54,0.3–0.54,33
Columbus,OH,Multifamily,"5 units, 700 sq. ft. each",5,700,"Dense city neighborhood (10,000/sq. mi.)",1.44,1.32,1.56,1.32–1.56,0.25,0.22,0.28,0.22–0.28,34
Indianapolis,IN,Multifamily,"5 units, 700 sq. ft. each",5,700,"Dense city neighborhood (10,000/sq. mi.)",1.4,1.18,1.61,1.18–1.61,0.44,0.3,0.57,0.3–0.57,35
Orlando,FL,Multifamily,"5 units, 700 sq. ft. each",5,700,"Dense city neighborhood (10,000/sq. mi.)",1.37,1.21,1.52,1.21–1.52,0.31,0.24,0.38,0.24–0.38,36
Grand Rapids,MI,Multifamily,"5 units, 700 sq. ft. each",5,700,"Dense city neighborhood (10,000/sq. mi.)",1.25,1.01,1.5,1.01–1.5,0.26,0.15,0.38,0.15–0.38,37
Reno,NV,Multifamily,"5 units, 700 sq. ft. each",5,700,"Dense city neighborhood (10,000/sq. mi.)",1.23,1.16,1.3,1.16–1.3,0.07,0.05,0.08,0.05–0.08,38
Raleigh,NC,Multifamily,"5 units, 700 sq. ft. each",5,700,"Dense city neighborhood (10,000/sq. mi.)",1.2,1.02,1.37,1.02–1.37,0.21,0.15,0.27,0.15–0.27,39
Miami,FL,Multifamily,"5 units, 700 sq. ft. each",5,700,"Urban core (25,000/sq. mi.)",6.7,5.58,7.83,5.58–7.83,2.04,1.47,2.6,1.47–2.6,1
San Francisco,CA,Multifamily,"5 units, 700 sq. ft. each",5,700,"Urban core (25,000/sq. mi.)",4.23,3.72,4.74,3.72–4.74,1.84,1.47,2.21,1.47–2.21,2
Oakland,CA,Multifamily,"5 units, 700 sq. ft. each",5,700,"Urban core (25,000/sq. mi.)",3.92,2.95,4.88,2.95–4.88,0.78,0.51,1.05,0.51–1.05,3
Los Angeles,CA,Multifamily,"5 units, 700 sq. ft. each",5,700,"Urban core (25,000/sq. mi.)",3.87,3.68,4.06,3.68–4.06,1.37,1.27,1.48,1.27–1.48,4
Boston,MA,Multifamily,"5 units, 700 sq. ft. each",5,700,"Urban core (25,000/sq. mi.)",3.81,3.46,4.16,3.46–4.16,2.01,1.75,2.27,1.75–2.27,5
New York,NY,Multifamily,"5 units, 700 sq. ft. each",5,700,"Urban core (25,000/sq. mi.)",3.81,3.69,3.93,3.69–3.93,1.19,1.13,1.26,1.13–1.26,6
Houston,TX,Multifamily,"5 units, 700 sq. ft. each",5,700,"Urban core (25,000/sq. mi.)",2.97,2.81,3.14,2.81–3.14,0.93,0.81,1.06,0.81–1.06,7
Jersey City,NJ,Multifamily,"5 units, 700 sq. ft. each",5,700,"Urban core (25,000/sq. mi.)",2.89,2.51,3.27,2.51–3.27,0.35,0.18,0.51,0.18–0.51,8
Washington,DC,Multifamily,"5 units, 700 sq. ft. each",5,700,"Urban core (25,000/sq. mi.)",2.83,2.53,3.13,2.53–3.13,0.75,0.63,0.87,0.63–0.87,9
Seattle,WA,Multifamily,"5 units, 700 sq. ft. each",5,700,"Urban core (25,000/sq. mi.)",2.8,2.63,2.96,2.63–2.96,0.94,0.88,1.01,0.88–1.01,10
Durham,NC,Multifamily,"5 units, 700 sq. ft. each",5,700,"Urban core (25,000/sq. mi.)",2.74,2.07,3.41,2.07–3.41,0.17,0.1,0.25,0.1–0.25,11
Philadelphia,PA,Multifamily,"5 units, 700 sq. ft. each",5,700,"Urban core (25,000/sq. mi.)",2.6,2.4,2.81,2.4–2.81,0.25,0.22,0.29,0.22–0.29,12
Sacramento,CA,Multifamily,"5 units, 700 sq. ft. each",5,700,"Urban core (25,000/sq. mi.)",2.57,2.11,3.03,2.11–3.03,0.9,0.62,1.18,0.62–1.18,13
San Diego,CA,Multifamily,"5 units, 700 sq. ft. each",5,700,"Urban core (25,000/sq. mi.)",2.46,2.21,2.72,2.21–2.72,0.8,0.68,0.91,0.68–0.91,14
Austin,TX,Multifamily,"5 units, 700 sq. ft. each",5,700,"Urban core (25,000/sq. mi.)",2.28,2.13,2.43,2.13–2.43,0.63,0.55,0.71,0.55–0.71,15
Boulder,CO,Multifamily,"5 units, 700 sq. ft. each",5,700,"Urban core (25,000/sq. mi.)",2.17,1.69,2.65,1.69–2.65,0.51,0.31,0.72,0.31–0.72,16
Denver,CO,Multifamily,"5 units, 700 sq. ft. each",5,700,"Urban core (25,000/sq. mi.)",2.17,1.98,2.35,1.98–2.35,0.55,0.45,0.65,0.45–0.65,17
Phoenix,AZ,Multifamily,"5 units, 700 sq. ft. each",5,700,"Urban core (25,000/sq. mi.)",2.14,1.85,2.42,1.85–2.42,0.89,0.68,1.09,0.68–1.09,18
Spokane,WA,Multifamily,"5 units, 700 sq. ft. each",5,700,"Urban core (25,000/sq. mi.)",2.1,1.45,2.75,1.45–2.75,0.18,0.1,0.25,0.1–0.25,19
Portland,OR,Multifamily,"5 units, 700 sq. ft. each",5,700,"Urban core (25,000/sq. mi.)",1.94,1.82,2.07,1.82–2.07,0.78,0.7,0.86,0.7–0.86,20
Boise,ID,Multifamily,"5 units, 700 sq. ft. each",5,700,"Urban core (25,000/sq. mi.)",1.92,1.52,2.31,1.52–2.31,0.79,0.44,1.15,0.44–1.15,21
Jacksonville,FL,Multifamily,"5 units, 700 sq. ft. each",5,700,"Urban core (25,000/sq. mi.)",1.86,1.62,2.1,1.62–2.1,0.46,0.34,0.57,0.34–0.57,22
Honolulu,HI,Multifamily,"5 units, 700 sq. ft. each",5,700,"Urban core (25,000/sq. mi.)",1.84,1.52,2.16,1.52–2.16,0.87,0.69,1.05,0.69–1.05,23
Sioux Falls,SD,Multifamily,"5 units, 700 sq. ft. each",5,700,"Urban core (25,000/sq. mi.)",1.8,1.48,2.11,1.48–2.11,0.21,0.14,0.27,0.14–0.27,24
Kansas City,MO,Multifamily,"5 units, 700 sq. ft. each",5,700,"Urban core (25,000/sq. mi.)",1.77,1.44,2.1,1.44–2.1,0.14,0.07,0.21,0.07–0.21,25
Nashville,TN,Multifamily,"5 units, 700 sq. ft. each",5,700,"Urban core (25,000/sq. mi.)",1.72,1.37,2.08,1.37–2.08,0.26,0.14,0.38,0.14–0.38,26
Cleveland,OH,Multifamily,"5 units, 700 sq. ft. each",5,700,"Urban core (25,000/sq. mi.)",1.71,1.31,2.11,1.31–2.11,0.45,0.28,0.62,0.28–0.62,27
Atlanta,GA,Multifamily,"5 units, 700 sq. ft. each",5,700,"Urban core (25,000/sq. mi.)",1.71,1.49,1.92,1.49–1.92,1.22,0.86,1.58,0.86–1.58,28
Louisville,KY,Multifamily,"5 units, 700 sq. ft. each",5,700,"Urban core (25,000/sq. mi.)",1.7,1.34,2.06,1.34–2.06,0.33,0.23,0.43,0.23–0.43,29
Fort Worth,TX,Multifamily,"5 units, 700 sq. ft. each",5,700,"Urban core (25,000/sq. mi.)",1.57,1.44,1.71,1.44–1.71,0.21,0.16,0.26,0.16–0.26,30
Colorado Springs,CO,Multifamily,"5 units, 700 sq. ft. each",5,700,"Urban core (25,000/sq. mi.)",1.53,1.25,1.8,1.25–1.8,0.42,0.3,0.55,0.3–0.55,31
Anaheim,CA,Multifamily,"5 units, 700 sq. ft. each",5,700,"Urban core (25,000/sq. mi.)",1.47,1.25,1.69,1.25–1.69,0.79,0.58,1.01,0.58–1.01,32
Columbus,OH,Multifamily,"5 units, 700 sq. ft. each",5,700,"Urban core (25,000/sq. mi.)",1.38,1.23,1.52,1.23–1.52,0.23,0.19,0.26,0.19–0.26,33
Indianapolis,IN,Multifamily,"5 units, 700 sq. ft. each",5,700,"Urban core (25,000/sq. mi.)",1.35,1.06,1.64,1.06–1.64,0.37,0.22,0.53,0.22–0.53,34
Raleigh,NC,Multifamily,"5 units, 700 sq. ft. each",5,700,"Urban core (25,000/sq. mi.)",1.21,1.01,1.41,1.01–1.41,0.22,0.15,0.28,0.15–0.28,35
Orlando,FL,Multifamily,"5 units, 700 sq. ft. each",5,700,"Urban core (25,000/sq. mi.)",1.21,1.05,1.37,1.05–1.37,0.25,0.19,0.31,0.19–0.31,36
Reno,NV,Multifamily,"5 units, 700 sq. ft. each",5,700,"Urban core (25,000/sq. mi.)",1.19,1.1,1.28,1.1–1.28,0.06,0.04,0.07,0.04–0.07,37
Grand Rapids,MI,Multifamily,"5 units, 700 sq. ft. each",5,700,"Urban core (25,000/sq. mi.)",1.17,0.86,1.47,0.86–1.47,0.26,0.1,0.43,0.1–0.43,38
Oakland,CA,Multifamily,"5 units, 900 sq. ft. each",5,900,"Low-density suburb (1,000/sq. mi.)",6,4.67,7.33,4.67–7.33,1.37,0.84,1.89,0.84–1.89,1
San Francisco,CA,Multifamily,"5 units, 900 sq. ft. each",5,900,"Low-density suburb (1,000/sq. mi.)",4.85,4.19,5.5,4.19–5.5,1.68,1.22,2.14,1.22–2.14,2
New York,NY,Multifamily,"5 units, 900 sq. ft. each",5,900,"Low-density suburb (1,000/sq. mi.)",4.04,3.8,4.28,3.8–4.28,1.4,1.22,1.58,1.22–1.58,3
Los Angeles,CA,Multifamily,"5 units, 900 sq. ft. each",5,900,"Low-density suburb (1,000/sq. mi.)",3.75,3.5,3.99,3.5–3.99,1.61,1.44,1.77,1.44–1.77,4
Tulsa,OK,Multifamily,"5 units, 900 sq. ft. each",5,900,"Low-density suburb (1,000/sq. mi.)",3.28,2.54,4.02,2.54–4.02,0.73,0.43,1.02,0.43–1.02,5
Boston,MA,Multifamily,"5 units, 900 sq. ft. each",5,900,"Low-density suburb (1,000/sq. mi.)",3.06,2.66,3.45,2.66–3.45,1.45,1.15,1.75,1.15–1.75,6
Seattle,WA,Multifamily,"5 units, 900 sq. ft. each",5,900,"Low-density suburb (1,000/sq. mi.)",2.98,2.66,3.3,2.66–3.3,0.93,0.79,1.07,0.79–1.07,7
Durham,NC,Multifamily,"5 units, 900 sq. ft. each",5,900,"Low-density suburb (1,000/sq. mi.)",2.71,2.41,3.01,2.41–3.01,0.36,0.3,0.42,0.3–0.42,8
Washington,DC,Multifamily,"5 units, 900 sq. ft. each",5,900,"Low-density suburb (1,000/sq. mi.)",2.69,2.1,3.29,2.1–3.29,0.74,0.45,1.02,0.45–1.02,9
Sacramento,CA,Multifamily,"5 units, 900 sq. ft. each",5,900,"Low-density suburb (1,000/sq. mi.)",2.64,2.28,3,2.28–3,1,0.77,1.24,0.77–1.24,10
Houston,TX,Multifamily,"5 units, 900 sq. ft. each",5,900,"Low-density suburb (1,000/sq. mi.)",2.6,2.47,2.73,2.47–2.73,0.58,0.51,0.65,0.51–0.65,11
Philadelphia,PA,Multifamily,"5 units, 900 sq. ft. each",5,900,"Low-density suburb (1,000/sq. mi.)",2.58,2.12,3.04,2.12–3.04,0.28,0.18,0.37,0.18–0.37,12
Baton Rouge,LA,Multifamily,"5 units, 900 sq. ft. each",5,900,"Low-density suburb (1,000/sq. mi.)",2.52,1.59,3.45,1.59–3.45,0.43,0.21,0.65,0.21–0.65,13
Phoenix,AZ,Multifamily,"5 units, 900 sq. ft. each",5,900,"Low-density suburb (1,000/sq. mi.)",2.47,2.27,2.67,2.27–2.67,1.13,0.97,1.29,0.97–1.29,14
Boise,ID,Multifamily,"5 units, 900 sq. ft. each",5,900,"Low-density suburb (1,000/sq. mi.)",2.29,1.92,2.65,1.92–2.65,0.72,0.5,0.94,0.5–0.94,15
Portland,OR,Multifamily,"5 units, 900 sq. ft. each",5,900,"Low-density suburb (1,000/sq. mi.)",2.26,2.12,2.4,2.12–2.4,0.84,0.76,0.92,0.76–0.92,16
San Diego,CA,Multifamily,"5 units, 900 sq. ft. each",5,900,"Low-density suburb (1,000/sq. mi.)",2.22,1.98,2.45,1.98–2.45,0.59,0.49,0.68,0.49–0.68,17
Honolulu,HI,Multifamily,"5 units, 900 sq. ft. each",5,900,"Low-density suburb (1,000/sq. mi.)",2.19,1.94,2.45,1.94–2.45,0.73,0.64,0.82,0.64–0.82,18
Denver,CO,Multifamily,"5 units, 900 sq. ft. each",5,900,"Low-density suburb (1,000/sq. mi.)",2.16,1.98,2.34,1.98–2.34,0.49,0.41,0.58,0.41–0.58,19
Austin,TX,Multifamily,"5 units, 900 sq. ft. each",5,900,"Low-density suburb (1,000/sq. mi.)",2.13,2.04,2.22,2.04–2.22,0.64,0.59,0.69,0.59–0.69,20
Boulder,CO,Multifamily,"5 units, 900 sq. ft. each",5,900,"Low-density suburb (1,000/sq. mi.)",2.07,1.82,2.32,1.82–2.32,0.59,0.44,0.74,0.44–0.74,21
Atlanta,GA,Multifamily,"5 units, 900 sq. ft. each",5,900,"Low-density suburb (1,000/sq. mi.)",1.96,1.65,2.28,1.65–2.28,1.27,0.83,1.71,0.83–1.71,22
Orlando,FL,Multifamily,"5 units, 900 sq. ft. each",5,900,"Low-density suburb (1,000/sq. mi.)",1.94,1.77,2.11,1.77–2.11,0.61,0.51,0.71,0.51–0.71,23
Nashville,TN,Multifamily,"5 units, 900 sq. ft. each",5,900,"Low-density suburb (1,000/sq. mi.)",1.93,1.71,2.14,1.71–2.14,0.42,0.33,0.52,0.33–0.52,24
Tampa,FL,Multifamily,"5 units, 900 sq. ft. each",5,900,"Low-density suburb (1,000/sq. mi.)",1.88,1.23,2.54,1.23–2.54,0.49,0.28,0.71,0.28–0.71,25
Sioux Falls,SD,Multifamily,"5 units, 900 sq. ft. each",5,900,"Low-density suburb (1,000/sq. mi.)",1.87,1.7,2.05,1.7–2.05,0.3,0.24,0.35,0.24–0.35,26
Spokane,WA,Multifamily,"5 units, 900 sq. ft. each",5,900,"Low-density suburb (1,000/sq. mi.)",1.87,1.02,2.71,1.02–2.71,0.48,0.32,0.65,0.32–0.65,27
Kansas City,MO,Multifamily,"5 units, 900 sq. ft. each",5,900,"Low-density suburb (1,000/sq. mi.)",1.84,1.67,2.01,1.67–2.01,0.25,0.2,0.3,0.2–0.3,28
Charleston,SC,Multifamily,"5 units, 900 sq. ft. each",5,900,"Low-density suburb (1,000/sq. mi.)",1.82,1.44,2.21,1.44–2.21,0.33,0.13,0.53,0.13–0.53,29
Cleveland,OH,Multifamily,"5 units, 900 sq. ft. each",5,900,"Low-density suburb (1,000/sq. mi.)",1.78,1.34,2.22,1.34–2.22,0.4,0.2,0.6,0.2–0.6,30
Colorado Springs,CO,Multifamily,"5 units, 900 sq. ft. each",5,900,"Low-density suburb (1,000/sq. mi.)",1.7,1.49,1.9,1.49–1.9,0.49,0.37,0.6,0.37–0.6,31
Columbus,OH,Multifamily,"5 units, 900 sq. ft. each",5,900,"Low-density suburb (1,000/sq. mi.)",1.66,1.57,1.76,1.57–1.76,0.33,0.29,0.36,0.29–0.36,32
Fort Worth,TX,Multifamily,"5 units, 900 sq. ft. each",5,900,"Low-density suburb (1,000/sq. mi.)",1.6,1.52,1.67,1.52–1.67,0.23,0.19,0.26,0.19–0.26,33
Indianapolis,IN,Multifamily,"5 units, 900 sq. ft. each",5,900,"Low-density suburb (1,000/sq. mi.)",1.57,1.38,1.76,1.38–1.76,0.66,0.53,0.8,0.53–0.8,34
Grand Rapids,MI,Multifamily,"5 units, 900 sq. ft. each",5,900,"Low-density suburb (1,000/sq. mi.)",1.51,1.28,1.74,1.28–1.74,0.27,0.16,0.37,0.16–0.37,35
Jacksonville,FL,Multifamily,"5 units, 900 sq. ft. each",5,900,"Low-density suburb (1,000/sq. mi.)",1.39,1.26,1.53,1.26–1.53,0.31,0.26,0.35,0.26–0.35,36
Reno,NV,Multifamily,"5 units, 900 sq. ft. each",5,900,"Low-density suburb (1,000/sq. mi.)",1.38,1.29,1.47,1.29–1.47,0.11,0.08,0.13,0.08–0.13,37
Louisville,KY,Multifamily,"5 units, 900 sq. ft. each",5,900,"Low-density suburb (1,000/sq. mi.)",1.22,1.1,1.35,1.1–1.35,0.28,0.24,0.32,0.24–0.32,38
Raleigh,NC,Multifamily,"5 units, 900 sq. ft. each",5,900,"Low-density suburb (1,000/sq. mi.)",1.2,1.07,1.33,1.07–1.33,0.21,0.15,0.26,0.15–0.26,39
Miami,FL,Multifamily,"5 units, 900 sq. ft. each",5,900,"City neighborhood (4,000/sq. mi.)",5.73,4.61,6.86,4.61–6.86,1.9,1.32,2.48,1.32–2.48,1
Oakland,CA,Multifamily,"5 units, 900 sq. ft. each",5,900,"City neighborhood (4,000/sq. mi.)",4.92,4.01,5.82,4.01–5.82,1.03,0.77,1.28,0.77–1.28,2
San Francisco,CA,Multifamily,"5 units, 900 sq. ft. each",5,900,"City neighborhood (4,000/sq. mi.)",4.59,4.07,5.11,4.07–5.11,1.76,1.38,2.14,1.38–2.14,3
New York,NY,Multifamily,"5 units, 900 sq. ft. each",5,900,"City neighborhood (4,000/sq. mi.)",3.99,3.82,4.16,3.82–4.16,1.31,1.2,1.43,1.2–1.43,4
Los Angeles,CA,Multifamily,"5 units, 900 sq. ft. each",5,900,"City neighborhood (4,000/sq. mi.)",3.84,3.66,4.02,3.66–4.02,1.49,1.39,1.6,1.39–1.6,5
Boston,MA,Multifamily,"5 units, 900 sq. ft. each",5,900,"City neighborhood (4,000/sq. mi.)",3.35,3.06,3.64,3.06–3.64,1.65,1.43,1.88,1.43–1.88,6
Seattle,WA,Multifamily,"5 units, 900 sq. ft. each",5,900,"City neighborhood (4,000/sq. mi.)",2.91,2.74,3.07,2.74–3.07,0.94,0.87,1.01,0.87–1.01,7
Houston,TX,Multifamily,"5 units, 900 sq. ft. each",5,900,"City neighborhood (4,000/sq. mi.)",2.77,2.66,2.88,2.66–2.88,0.72,0.65,0.78,0.65–0.78,8
Washington,DC,Multifamily,"5 units, 900 sq. ft. each",5,900,"City neighborhood (4,000/sq. mi.)",2.74,2.35,3.12,2.35–3.12,0.74,0.56,0.93,0.56–0.93,9
Baton Rouge,LA,Multifamily,"5 units, 900 sq. ft. each",5,900,"City neighborhood (4,000/sq. mi.)",2.74,1.87,3.61,1.87–3.61,0.6,0.39,0.81,0.39–0.81,10
Durham,NC,Multifamily,"5 units, 900 sq. ft. each",5,900,"City neighborhood (4,000/sq. mi.)",2.73,2.37,3.1,2.37–3.1,0.26,0.2,0.32,0.2–0.32,11
Philadelphia,PA,Multifamily,"5 units, 900 sq. ft. each",5,900,"City neighborhood (4,000/sq. mi.)",2.59,2.3,2.89,2.3–2.89,0.27,0.21,0.33,0.21–0.33,12
Sacramento,CA,Multifamily,"5 units, 900 sq. ft. each",5,900,"City neighborhood (4,000/sq. mi.)",2.58,2.21,2.96,2.21–2.96,0.95,0.72,1.19,0.72–1.19,13
Tulsa,OK,Multifamily,"5 units, 900 sq. ft. each",5,900,"City neighborhood (4,000/sq. mi.)",2.36,1.92,2.79,1.92–2.79,0.86,0.62,1.09,0.62–1.09,14
Phoenix,AZ,Multifamily,"5 units, 900 sq. ft. each",5,900,"City neighborhood (4,000/sq. mi.)",2.35,2.13,2.56,2.13–2.56,1.01,0.85,1.16,0.85–1.16,15
San Diego,CA,Multifamily,"5 units, 900 sq. ft. each",5,900,"City neighborhood (4,000/sq. mi.)",2.32,2.11,2.53,2.11–2.53,0.67,0.59,0.75,0.59–0.75,16
Austin,TX,Multifamily,"5 units, 900 sq. ft. each",5,900,"City neighborhood (4,000/sq. mi.)",2.22,2.11,2.32,2.11–2.32,0.64,0.58,0.69,0.58–0.69,17
Portland,OR,Multifamily,"5 units, 900 sq. ft. each",5,900,"City neighborhood (4,000/sq. mi.)",2.17,2.05,2.28,2.05–2.28,0.82,0.75,0.9,0.75–0.9,18
Boulder,CO,Multifamily,"5 units, 900 sq. ft. each",5,900,"City neighborhood (4,000/sq. mi.)",2.16,1.86,2.47,1.86–2.47,0.57,0.41,0.74,0.41–0.74,19
Denver,CO,Multifamily,"5 units, 900 sq. ft. each",5,900,"City neighborhood (4,000/sq. mi.)",2.16,1.99,2.33,1.99–2.33,0.52,0.43,0.6,0.43–0.6,20
Boise,ID,Multifamily,"5 units, 900 sq. ft. each",5,900,"City neighborhood (4,000/sq. mi.)",2.13,1.76,2.49,1.76–2.49,0.74,0.49,1,0.49–1,21
Honolulu,HI,Multifamily,"5 units, 900 sq. ft. each",5,900,"City neighborhood (4,000/sq. mi.)",2.05,1.79,2.32,1.79–2.32,0.8,0.68,0.92,0.68–0.92,22
Spokane,WA,Multifamily,"5 units, 900 sq. ft. each",5,900,"City neighborhood (4,000/sq. mi.)",2.02,1.49,2.54,1.49–2.54,0.31,0.21,0.42,0.21–0.42,23
Nashville,TN,Multifamily,"5 units, 900 sq. ft. each",5,900,"City neighborhood (4,000/sq. mi.)",1.9,1.65,2.15,1.65–2.15,0.36,0.25,0.46,0.25–0.46,24
Atlanta,GA,Multifamily,"5 units, 900 sq. ft. each",5,900,"City neighborhood (4,000/sq. mi.)",1.87,1.65,2.09,1.65–2.09,1.28,0.96,1.59,0.96–1.59,25
Kansas City,MO,Multifamily,"5 units, 900 sq. ft. each",5,900,"City neighborhood (4,000/sq. mi.)",1.83,1.63,2.02,1.63–2.02,0.2,0.14,0.25,0.14–0.25,26
Sioux Falls,SD,Multifamily,"5 units, 900 sq. ft. each",5,900,"City neighborhood (4,000/sq. mi.)",1.82,1.62,2.01,1.62–2.01,0.26,0.21,0.31,0.21–0.31,27
Cleveland,OH,Multifamily,"5 units, 900 sq. ft. each",5,900,"City neighborhood (4,000/sq. mi.)",1.79,1.54,2.05,1.54–2.05,0.44,0.31,0.57,0.31–0.57,28
Colorado Springs,CO,Multifamily,"5 units, 900 sq. ft. each",5,900,"City neighborhood (4,000/sq. mi.)",1.72,1.51,1.92,1.51–1.92,0.49,0.39,0.6,0.39–0.6,29
Tampa,FL,Multifamily,"5 units, 900 sq. ft. each",5,900,"City neighborhood (4,000/sq. mi.)",1.72,1.41,2.03,1.41–2.03,0.52,0.4,0.63,0.4–0.63,30
Anaheim,CA,Multifamily,"5 units, 900 sq. ft. each",5,900,"City neighborhood (4,000/sq. mi.)",1.63,1.43,1.84,1.43–1.84,1.29,1,1.58,1–1.58,31
Orlando,FL,Multifamily,"5 units, 900 sq. ft. each",5,900,"City neighborhood (4,000/sq. mi.)",1.62,1.46,1.77,1.46–1.77,0.43,0.36,0.51,0.36–0.51,32
Fort Worth,TX,Multifamily,"5 units, 900 sq. ft. each",5,900,"City neighborhood (4,000/sq. mi.)",1.61,1.52,1.69,1.52–1.69,0.23,0.19,0.26,0.19–0.26,33
Jacksonville,FL,Multifamily,"5 units, 900 sq. ft. each",5,900,"City neighborhood (4,000/sq. mi.)",1.59,1.43,1.76,1.43–1.76,0.36,0.29,0.43,0.29–0.43,34
Columbus,OH,Multifamily,"5 units, 900 sq. ft. each",5,900,"City neighborhood (4,000/sq. mi.)",1.55,1.47,1.64,1.47–1.64,0.28,0.25,0.3,0.25–0.3,35
Indianapolis,IN,Multifamily,"5 units, 900 sq. ft. each",5,900,"City neighborhood (4,000/sq. mi.)",1.49,1.33,1.65,1.33–1.65,0.52,0.41,0.64,0.41–0.64,36
Louisville,KY,Multifamily,"5 units, 900 sq. ft. each",5,900,"City neighborhood (4,000/sq. mi.)",1.43,1.26,1.6,1.26–1.6,0.31,0.26,0.36,0.26–0.36,37
Grand Rapids,MI,Multifamily,"5 units, 900 sq. ft. each",5,900,"City neighborhood (4,000/sq. mi.)",1.35,1.16,1.54,1.16–1.54,0.27,0.19,0.35,0.19–0.35,38
Reno,NV,Multifamily,"5 units, 900 sq. ft. each",5,900,"City neighborhood (4,000/sq. mi.)",1.31,1.24,1.38,1.24–1.38,0.08,0.06,0.1,0.06–0.1,39
Raleigh,NC,Multifamily,"5 units, 900 sq. ft. each",5,900,"City neighborhood (4,000/sq. mi.)",1.22,1.09,1.36,1.09–1.36,0.22,0.17,0.27,0.17–0.27,40
Miami,FL,Multifamily,"5 units, 900 sq. ft. each",5,900,"Dense city neighborhood (10,000/sq. mi.)",6.2,5.26,7.14,5.26–7.14,1.99,1.54,2.44,1.54–2.44,1
San Francisco,CA,Multifamily,"5 units, 900 sq. ft. each",5,900,"Dense city neighborhood (10,000/sq. mi.)",4.43,3.95,4.9,3.95–4.9,1.81,1.47,2.16,1.47–2.16,2
Oakland,CA,Multifamily,"5 units, 900 sq. ft. each",5,900,"Dense city neighborhood (10,000/sq. mi.)",4.31,3.49,5.13,3.49–5.13,0.85,0.64,1.06,0.64–1.06,3
New York,NY,Multifamily,"5 units, 900 sq. ft. each",5,900,"Dense city neighborhood (10,000/sq. mi.)",3.95,3.82,4.08,3.82–4.08,1.26,1.18,1.34,1.18–1.34,4
Los Angeles,CA,Multifamily,"5 units, 900 sq. ft. each",5,900,"Dense city neighborhood (10,000/sq. mi.)",3.91,3.75,4.07,3.75–4.07,1.43,1.34,1.51,1.34–1.51,5
Boston,MA,Multifamily,"5 units, 900 sq. ft. each",5,900,"Dense city neighborhood (10,000/sq. mi.)",3.56,3.3,3.82,3.3–3.82,1.8,1.61,2,1.61–2,6
Houston,TX,Multifamily,"5 units, 900 sq. ft. each",5,900,"Dense city neighborhood (10,000/sq. mi.)",2.88,2.76,3.01,2.76–3.01,0.82,0.74,0.9,0.74–0.9,7
Seattle,WA,Multifamily,"5 units, 900 sq. ft. each",5,900,"Dense city neighborhood (10,000/sq. mi.)",2.86,2.74,2.98,2.74–2.98,0.94,0.9,0.99,0.9–0.99,8
Jersey City,NJ,Multifamily,"5 units, 900 sq. ft. each",5,900,"Dense city neighborhood (10,000/sq. mi.)",2.77,2.25,3.29,2.25–3.29,0.32,0.11,0.53,0.11–0.53,9
Washington,DC,Multifamily,"5 units, 900 sq. ft. each",5,900,"Dense city neighborhood (10,000/sq. mi.)",2.76,2.47,3.06,2.47–3.06,0.74,0.61,0.88,0.61–0.88,10
Durham,NC,Multifamily,"5 units, 900 sq. ft. each",5,900,"Dense city neighborhood (10,000/sq. mi.)",2.75,2.25,3.25,2.25–3.25,0.21,0.14,0.28,0.14–0.28,11
Philadelphia,PA,Multifamily,"5 units, 900 sq. ft. each",5,900,"Dense city neighborhood (10,000/sq. mi.)",2.6,2.38,2.81,2.38–2.81,0.26,0.22,0.31,0.22–0.31,12
Sacramento,CA,Multifamily,"5 units, 900 sq. ft. each",5,900,"Dense city neighborhood (10,000/sq. mi.)",2.55,2.15,2.94,2.15–2.94,0.92,0.67,1.17,0.67–1.17,13
San Diego,CA,Multifamily,"5 units, 900 sq. ft. each",5,900,"Dense city neighborhood (10,000/sq. mi.)",2.39,2.17,2.61,2.17–2.61,0.74,0.65,0.82,0.65–0.82,14
Austin,TX,Multifamily,"5 units, 900 sq. ft. each",5,900,"Dense city neighborhood (10,000/sq. mi.)",2.28,2.15,2.4,2.15–2.4,0.64,0.57,0.7,0.57–0.7,15
Phoenix,AZ,Multifamily,"5 units, 900 sq. ft. each",5,900,"Dense city neighborhood (10,000/sq. mi.)",2.27,2.02,2.51,2.02–2.51,0.93,0.76,1.1,0.76–1.1,16
Boulder,CO,Multifamily,"5 units, 900 sq. ft. each",5,900,"Dense city neighborhood (10,000/sq. mi.)",2.22,1.85,2.6,1.85–2.6,0.56,0.38,0.74,0.38–0.74,17
Denver,CO,Multifamily,"5 units, 900 sq. ft. each",5,900,"Dense city neighborhood (10,000/sq. mi.)",2.16,1.98,2.33,1.98–2.33,0.53,0.44,0.62,0.44–0.62,18
Spokane,WA,Multifamily,"5 units, 900 sq. ft. each",5,900,"Dense city neighborhood (10,000/sq. mi.)",2.12,1.65,2.6,1.65–2.6,0.24,0.15,0.32,0.15–0.32,19
Portland,OR,Multifamily,"5 units, 900 sq. ft. each",5,900,"Dense city neighborhood (10,000/sq. mi.)",2.11,1.99,2.23,1.99–2.23,0.81,0.74,0.88,0.74–0.88,20
Boise,ID,Multifamily,"5 units, 900 sq. ft. each",5,900,"Dense city neighborhood (10,000/sq. mi.)",2.02,1.65,2.4,1.65–2.4,0.76,0.47,1.06,0.47–1.06,21
Honolulu,HI,Multifamily,"5 units, 900 sq. ft. each",5,900,"Dense city neighborhood (10,000/sq. mi.)",1.97,1.68,2.25,1.68–2.25,0.85,0.71,1,0.71–1,22
Nashville,TN,Multifamily,"5 units, 900 sq. ft. each",5,900,"Dense city neighborhood (10,000/sq. mi.)",1.88,1.57,2.19,1.57–2.19,0.32,0.2,0.44,0.2–0.44,23
Kansas City,MO,Multifamily,"5 units, 900 sq. ft. each",5,900,"Dense city neighborhood (10,000/sq. mi.)",1.82,1.57,2.07,1.57–2.07,0.17,0.1,0.23,0.1–0.23,24
Atlanta,GA,Multifamily,"5 units, 900 sq. ft. each",5,900,"Dense city neighborhood (10,000/sq. mi.)",1.82,1.62,2.02,1.62–2.02,1.28,0.97,1.59,0.97–1.59,25
Cleveland,OH,Multifamily,"5 units, 900 sq. ft. each",5,900,"Dense city neighborhood (10,000/sq. mi.)",1.8,1.51,2.09,1.51–2.09,0.46,0.34,0.59,0.34–0.59,26
Sioux Falls,SD,Multifamily,"5 units, 900 sq. ft. each",5,900,"Dense city neighborhood (10,000/sq. mi.)",1.78,1.54,2.02,1.54–2.02,0.23,0.18,0.29,0.18–0.29,27
Jacksonville,FL,Multifamily,"5 units, 900 sq. ft. each",5,900,"Dense city neighborhood (10,000/sq. mi.)",1.74,1.54,1.94,1.54–1.94,0.41,0.32,0.49,0.32–0.49,28
Colorado Springs,CO,Multifamily,"5 units, 900 sq. ft. each",5,900,"Dense city neighborhood (10,000/sq. mi.)",1.73,1.51,1.95,1.51–1.95,0.5,0.39,0.61,0.39–0.61,29
Tampa,FL,Multifamily,"5 units, 900 sq. ft. each",5,900,"Dense city neighborhood (10,000/sq. mi.)",1.61,1.17,2.06,1.17–2.06,0.53,0.33,0.74,0.33–0.74,30
Fort Worth,TX,Multifamily,"5 units, 900 sq. ft. each",5,900,"Dense city neighborhood (10,000/sq. mi.)",1.61,1.51,1.71,1.51–1.71,0.23,0.18,0.27,0.18–0.27,31
Louisville,KY,Multifamily,"5 units, 900 sq. ft. each",5,900,"Dense city neighborhood (10,000/sq. mi.)",1.59,1.33,1.84,1.33–1.84,0.33,0.26,0.4,0.26–0.4,32
Anaheim,CA,Multifamily,"5 units, 900 sq. ft. each",5,900,"Dense city neighborhood (10,000/sq. mi.)",1.57,1.42,1.72,1.42–1.72,1.01,0.84,1.19,0.84–1.19,33
Columbus,OH,Multifamily,"5 units, 900 sq. ft. each",5,900,"Dense city neighborhood (10,000/sq. mi.)",1.49,1.38,1.6,1.38–1.6,0.25,0.22,0.28,0.22–0.28,34
Indianapolis,IN,Multifamily,"5 units, 900 sq. ft. each",5,900,"Dense city neighborhood (10,000/sq. mi.)",1.44,1.22,1.66,1.22–1.66,0.45,0.31,0.58,0.31–0.58,35
Orlando,FL,Multifamily,"5 units, 900 sq. ft. each",5,900,"Dense city neighborhood (10,000/sq. mi.)",1.43,1.28,1.59,1.28–1.59,0.35,0.28,0.41,0.28–0.41,36
Reno,NV,Multifamily,"5 units, 900 sq. ft. each",5,900,"Dense city neighborhood (10,000/sq. mi.)",1.27,1.19,1.34,1.19–1.34,0.07,0.05,0.09,0.05–0.09,37
Grand Rapids,MI,Multifamily,"5 units, 900 sq. ft. each",5,900,"Dense city neighborhood (10,000/sq. mi.)",1.26,1.02,1.49,1.02–1.49,0.27,0.15,0.38,0.15–0.38,38
Raleigh,NC,Multifamily,"5 units, 900 sq. ft. each",5,900,"Dense city neighborhood (10,000/sq. mi.)",1.24,1.08,1.4,1.08–1.4,0.23,0.17,0.28,0.17–0.28,39
Miami,FL,Multifamily,"5 units, 900 sq. ft. each",5,900,"Urban core (25,000/sq. mi.)",6.7,5.61,7.8,5.61–7.8,2.09,1.54,2.64,1.54–2.64,1
San Francisco,CA,Multifamily,"5 units, 900 sq. ft. each",5,900,"Urban core (25,000/sq. mi.)",4.27,3.81,4.73,3.81–4.73,1.87,1.52,2.21,1.52–2.21,2
Los Angeles,CA,Multifamily,"5 units, 900 sq. ft. each",5,900,"Urban core (25,000/sq. mi.)",3.98,3.8,4.15,3.8–4.15,1.36,1.27,1.45,1.27–1.45,3
New York,NY,Multifamily,"5 units, 900 sq. ft. each",5,900,"Urban core (25,000/sq. mi.)",3.92,3.81,4.02,3.81–4.02,1.21,1.15,1.27,1.15–1.27,4
Boston,MA,Multifamily,"5 units, 900 sq. ft. each",5,900,"Urban core (25,000/sq. mi.)",3.78,3.49,4.08,3.49–4.08,1.97,1.75,2.18,1.75–2.18,5
Oakland,CA,Multifamily,"5 units, 900 sq. ft. each",5,900,"Urban core (25,000/sq. mi.)",3.78,2.95,4.61,2.95–4.61,0.7,0.48,0.93,0.48–0.93,6
Houston,TX,Multifamily,"5 units, 900 sq. ft. each",5,900,"Urban core (25,000/sq. mi.)",3,2.84,3.16,2.84–3.16,0.94,0.83,1.06,0.83–1.06,7
Jersey City,NJ,Multifamily,"5 units, 900 sq. ft. each",5,900,"Urban core (25,000/sq. mi.)",2.88,2.5,3.25,2.5–3.25,0.35,0.18,0.51,0.18–0.51,8
Seattle,WA,Multifamily,"5 units, 900 sq. ft. each",5,900,"Urban core (25,000/sq. mi.)",2.82,2.66,2.97,2.66–2.97,0.95,0.88,1.02,0.88–1.02,9
Washington,DC,Multifamily,"5 units, 900 sq. ft. each",5,900,"Urban core (25,000/sq. mi.)",2.79,2.51,3.08,2.51–3.08,0.74,0.63,0.86,0.63–0.86,10
Durham,NC,Multifamily,"5 units, 900 sq. ft. each",5,900,"Urban core (25,000/sq. mi.)",2.76,2.1,3.42,2.1–3.42,0.17,0.1,0.25,0.1–0.25,11
Philadelphia,PA,Multifamily,"5 units, 900 sq. ft. each",5,900,"Urban core (25,000/sq. mi.)",2.6,2.4,2.8,2.4–2.8,0.26,0.22,0.29,0.22–0.29,12
Sacramento,CA,Multifamily,"5 units, 900 sq. ft. each",5,900,"Urban core (25,000/sq. mi.)",2.51,2.09,2.93,2.09–2.93,0.89,0.63,1.15,0.63–1.15,13
San Diego,CA,Multifamily,"5 units, 900 sq. ft. each",5,900,"Urban core (25,000/sq. mi.)",2.46,2.21,2.71,2.21–2.71,0.8,0.69,0.92,0.69–0.92,14
Austin,TX,Multifamily,"5 units, 900 sq. ft. each",5,900,"Urban core (25,000/sq. mi.)",2.34,2.19,2.49,2.19–2.49,0.64,0.56,0.71,0.56–0.71,15
Boulder,CO,Multifamily,"5 units, 900 sq. ft. each",5,900,"Urban core (25,000/sq. mi.)",2.29,1.82,2.75,1.82–2.75,0.55,0.35,0.75,0.35–0.75,16
Spokane,WA,Multifamily,"5 units, 900 sq. ft. each",5,900,"Urban core (25,000/sq. mi.)",2.24,1.57,2.9,1.57–2.9,0.18,0.1,0.25,0.1–0.25,17
Phoenix,AZ,Multifamily,"5 units, 900 sq. ft. each",5,900,"Urban core (25,000/sq. mi.)",2.19,1.92,2.46,1.92–2.46,0.87,0.68,1.05,0.68–1.05,18
Denver,CO,Multifamily,"5 units, 900 sq. ft. each",5,900,"Urban core (25,000/sq. mi.)",2.15,1.97,2.33,1.97–2.33,0.55,0.45,0.64,0.45–0.64,19
Portland,OR,Multifamily,"5 units, 900 sq. ft. each",5,900,"Urban core (25,000/sq. mi.)",2.05,1.92,2.19,1.92–2.19,0.8,0.72,0.88,0.72–0.88,20
Boise,ID,Multifamily,"5 units, 900 sq. ft. each",5,900,"Urban core (25,000/sq. mi.)",1.93,1.54,2.32,1.54–2.32,0.78,0.44,1.12,0.44–1.12,21
Jacksonville,FL,Multifamily,"5 units, 900 sq. ft. each",5,900,"Urban core (25,000/sq. mi.)",1.91,1.66,2.15,1.66–2.15,0.45,0.34,0.57,0.34–0.57,22
Honolulu,HI,Multifamily,"5 units, 900 sq. ft. each",5,900,"Urban core (25,000/sq. mi.)",1.88,1.56,2.2,1.56–2.2,0.91,0.73,1.09,0.73–1.09,23
Nashville,TN,Multifamily,"5 units, 900 sq. ft. each",5,900,"Urban core (25,000/sq. mi.)",1.86,1.48,2.24,1.48–2.24,0.28,0.15,0.41,0.15–0.41,24
Kansas City,MO,Multifamily,"5 units, 900 sq. ft. each",5,900,"Urban core (25,000/sq. mi.)",1.81,1.49,2.14,1.49–2.14,0.14,0.07,0.21,0.07–0.21,25
Cleveland,OH,Multifamily,"5 units, 900 sq. ft. each",5,900,"Urban core (25,000/sq. mi.)",1.81,1.38,2.23,1.38–2.23,0.49,0.31,0.68,0.31–0.68,26
Atlanta,GA,Multifamily,"5 units, 900 sq. ft. each",5,900,"Urban core (25,000/sq. mi.)",1.76,1.54,1.99,1.54–1.99,1.29,0.9,1.67,0.9–1.67,27
Louisville,KY,Multifamily,"5 units, 900 sq. ft. each",5,900,"Urban core (25,000/sq. mi.)",1.76,1.39,2.12,1.39–2.12,0.35,0.25,0.45,0.25–0.45,28
Sioux Falls,SD,Multifamily,"5 units, 900 sq. ft. each",5,900,"Urban core (25,000/sq. mi.)",1.75,1.44,2.05,1.44–2.05,0.21,0.15,0.28,0.15–0.28,29
Colorado Springs,CO,Multifamily,"5 units, 900 sq. ft. each",5,900,"Urban core (25,000/sq. mi.)",1.74,1.49,1.99,1.49–1.99,0.51,0.39,0.62,0.39–0.62,30
Fort Worth,TX,Multifamily,"5 units, 900 sq. ft. each",5,900,"Urban core (25,000/sq. mi.)",1.62,1.48,1.75,1.48–1.75,0.23,0.17,0.28,0.17–0.28,31
Anaheim,CA,Multifamily,"5 units, 900 sq. ft. each",5,900,"Urban core (25,000/sq. mi.)",1.51,1.29,1.72,1.29–1.72,0.79,0.58,1,0.58–1,32
Columbus,OH,Multifamily,"5 units, 900 sq. ft. each",5,900,"Urban core (25,000/sq. mi.)",1.42,1.29,1.56,1.29–1.56,0.22,0.19,0.26,0.19–0.26,33
Indianapolis,IN,Multifamily,"5 units, 900 sq. ft. each",5,900,"Urban core (25,000/sq. mi.)",1.4,1.1,1.7,1.1–1.7,0.39,0.23,0.54,0.23–0.54,34
Orlando,FL,Multifamily,"5 units, 900 sq. ft. each",5,900,"Urban core (25,000/sq. mi.)",1.27,1.11,1.43,1.11–1.43,0.28,0.21,0.34,0.21–0.34,35
Raleigh,NC,Multifamily,"5 units, 900 sq. ft. each",5,900,"Urban core (25,000/sq. mi.)",1.25,1.06,1.44,1.06–1.44,0.23,0.17,0.3,0.17–0.3,36
Reno,NV,Multifamily,"5 units, 900 sq. ft. each",5,900,"Urban core (25,000/sq. mi.)",1.23,1.14,1.31,1.14–1.31,0.06,0.04,0.08,0.04–0.08,37
Grand Rapids,MI,Multifamily,"5 units, 900 sq. ft. each",5,900,"Urban core (25,000/sq. mi.)",1.17,0.87,1.47,0.87–1.47,0.27,0.1,0.44,0.1–0.44,38
Oakland,CA,Multifamily,"5 units, 1,200 sq. ft. each",5,1200,"Low-density suburb (1,000/sq. mi.)",5.76,4.7,6.82,4.7–6.82,1.22,0.83,1.6,0.83–1.6,1
San Francisco,CA,Multifamily,"5 units, 1,200 sq. ft. each",5,1200,"Low-density suburb (1,000/sq. mi.)",4.9,4.29,5.51,4.29–5.51,1.71,1.26,2.16,1.26–2.16,2
New York,NY,Multifamily,"5 units, 1,200 sq. ft. each",5,1200,"Low-density suburb (1,000/sq. mi.)",4.17,3.92,4.42,3.92–4.42,1.42,1.24,1.61,1.24–1.61,3
Los Angeles,CA,Multifamily,"5 units, 1,200 sq. ft. each",5,1200,"Low-density suburb (1,000/sq. mi.)",3.86,3.62,4.1,3.62–4.1,1.58,1.43,1.74,1.43–1.74,4
Tulsa,OK,Multifamily,"5 units, 1,200 sq. ft. each",5,1200,"Low-density suburb (1,000/sq. mi.)",3.32,2.57,4.08,2.57–4.08,0.76,0.45,1.07,0.45–1.07,5
Boston,MA,Multifamily,"5 units, 1,200 sq. ft. each",5,1200,"Low-density suburb (1,000/sq. mi.)",3.03,2.64,3.42,2.64–3.42,1.41,1.12,1.71,1.12–1.71,6
Seattle,WA,Multifamily,"5 units, 1,200 sq. ft. each",5,1200,"Low-density suburb (1,000/sq. mi.)",3,2.68,3.33,2.68–3.33,0.94,0.8,1.08,0.8–1.08,7
Durham,NC,Multifamily,"5 units, 1,200 sq. ft. each",5,1200,"Low-density suburb (1,000/sq. mi.)",2.73,2.47,3,2.47–3,0.36,0.31,0.41,0.31–0.41,8
Washington,DC,Multifamily,"5 units, 1,200 sq. ft. each",5,1200,"Low-density suburb (1,000/sq. mi.)",2.66,2.06,3.25,2.06–3.25,0.73,0.45,1.02,0.45–1.02,9
Baton Rouge,LA,Multifamily,"5 units, 1,200 sq. ft. each",5,1200,"Low-density suburb (1,000/sq. mi.)",2.64,1.67,3.6,1.67–3.6,0.47,0.23,0.72,0.23–0.72,10
Houston,TX,Multifamily,"5 units, 1,200 sq. ft. each",5,1200,"Low-density suburb (1,000/sq. mi.)",2.63,2.5,2.76,2.5–2.76,0.59,0.52,0.65,0.52–0.65,11
Philadelphia,PA,Multifamily,"5 units, 1,200 sq. ft. each",5,1200,"Low-density suburb (1,000/sq. mi.)",2.58,2.13,3.03,2.13–3.03,0.28,0.19,0.38,0.19–0.38,12
Sacramento,CA,Multifamily,"5 units, 1,200 sq. ft. each",5,1200,"Low-density suburb (1,000/sq. mi.)",2.57,2.24,2.89,2.24–2.89,0.99,0.78,1.21,0.78–1.21,13
Phoenix,AZ,Multifamily,"5 units, 1,200 sq. ft. each",5,1200,"Low-density suburb (1,000/sq. mi.)",2.54,2.36,2.72,2.36–2.72,1.1,0.96,1.23,0.96–1.23,14
Portland,OR,Multifamily,"5 units, 1,200 sq. ft. each",5,1200,"Low-density suburb (1,000/sq. mi.)",2.41,2.24,2.58,2.24–2.58,0.87,0.78,0.96,0.78–0.96,15
Boise,ID,Multifamily,"5 units, 1,200 sq. ft. each",5,1200,"Low-density suburb (1,000/sq. mi.)",2.31,1.94,2.67,1.94–2.67,0.7,0.49,0.92,0.49–0.92,16
Honolulu,HI,Multifamily,"5 units, 1,200 sq. ft. each",5,1200,"Low-density suburb (1,000/sq. mi.)",2.26,2,2.51,2–2.51,0.76,0.67,0.85,0.67–0.85,17
San Diego,CA,Multifamily,"5 units, 1,200 sq. ft. each",5,1200,"Low-density suburb (1,000/sq. mi.)",2.22,1.98,2.45,1.98–2.45,0.59,0.5,0.69,0.5–0.69,18
Boulder,CO,Multifamily,"5 units, 1,200 sq. ft. each",5,1200,"Low-density suburb (1,000/sq. mi.)",2.2,1.97,2.43,1.97–2.43,0.64,0.5,0.78,0.5–0.78,19
Austin,TX,Multifamily,"5 units, 1,200 sq. ft. each",5,1200,"Low-density suburb (1,000/sq. mi.)",2.19,2.1,2.28,2.1–2.28,0.65,0.6,0.69,0.6–0.69,20
Denver,CO,Multifamily,"5 units, 1,200 sq. ft. each",5,1200,"Low-density suburb (1,000/sq. mi.)",2.15,1.98,2.32,1.98–2.32,0.49,0.4,0.57,0.4–0.57,21
Nashville,TN,Multifamily,"5 units, 1,200 sq. ft. each",5,1200,"Low-density suburb (1,000/sq. mi.)",2.1,1.86,2.33,1.86–2.33,0.46,0.35,0.57,0.35–0.57,22
Orlando,FL,Multifamily,"5 units, 1,200 sq. ft. each",5,1200,"Low-density suburb (1,000/sq. mi.)",2.05,1.87,2.22,1.87–2.22,0.69,0.58,0.8,0.58–0.8,23
Atlanta,GA,Multifamily,"5 units, 1,200 sq. ft. each",5,1200,"Low-density suburb (1,000/sq. mi.)",2.04,1.71,2.37,1.71–2.37,1.35,0.87,1.82,0.87–1.82,24
Spokane,WA,Multifamily,"5 units, 1,200 sq. ft. each",5,1200,"Low-density suburb (1,000/sq. mi.)",2,1.07,2.94,1.07–2.94,0.49,0.31,0.66,0.31–0.66,25
Colorado Springs,CO,Multifamily,"5 units, 1,200 sq. ft. each",5,1200,"Low-density suburb (1,000/sq. mi.)",1.97,1.78,2.16,1.78–2.16,0.6,0.48,0.71,0.48–0.71,26
Cleveland,OH,Multifamily,"5 units, 1,200 sq. ft. each",5,1200,"Low-density suburb (1,000/sq. mi.)",1.9,1.43,2.37,1.43–2.37,0.44,0.22,0.66,0.22–0.66,27
Kansas City,MO,Multifamily,"5 units, 1,200 sq. ft. each",5,1200,"Low-density suburb (1,000/sq. mi.)",1.89,1.74,2.04,1.74–2.04,0.26,0.2,0.31,0.2–0.31,28
Tampa,FL,Multifamily,"5 units, 1,200 sq. ft. each",5,1200,"Low-density suburb (1,000/sq. mi.)",1.88,1.25,2.51,1.25–2.51,0.48,0.28,0.68,0.28–0.68,29
Cincinnati,OH,Multifamily,"5 units, 1,200 sq. ft. each",5,1200,"Low-density suburb (1,000/sq. mi.)",1.85,1.3,2.39,1.3–2.39,0.33,0.12,0.54,0.12–0.54,30
Sioux Falls,SD,Multifamily,"5 units, 1,200 sq. ft. each",5,1200,"Low-density suburb (1,000/sq. mi.)",1.81,1.63,2,1.63–2,0.31,0.25,0.36,0.25–0.36,31
Columbus,OH,Multifamily,"5 units, 1,200 sq. ft. each",5,1200,"Low-density suburb (1,000/sq. mi.)",1.73,1.63,1.82,1.63–1.82,0.33,0.29,0.36,0.29–0.36,32
Fort Worth,TX,Multifamily,"5 units, 1,200 sq. ft. each",5,1200,"Low-density suburb (1,000/sq. mi.)",1.65,1.57,1.72,1.57–1.72,0.25,0.21,0.29,0.21–0.29,33
Indianapolis,IN,Multifamily,"5 units, 1,200 sq. ft. each",5,1200,"Low-density suburb (1,000/sq. mi.)",1.63,1.44,1.82,1.44–1.82,0.68,0.55,0.82,0.55–0.82,34
Grand Rapids,MI,Multifamily,"5 units, 1,200 sq. ft. each",5,1200,"Low-density suburb (1,000/sq. mi.)",1.51,1.3,1.73,1.3–1.73,0.28,0.18,0.38,0.18–0.38,35
Jacksonville,FL,Multifamily,"5 units, 1,200 sq. ft. each",5,1200,"Low-density suburb (1,000/sq. mi.)",1.44,1.3,1.57,1.3–1.57,0.3,0.26,0.35,0.26–0.35,36
Reno,NV,Multifamily,"5 units, 1,200 sq. ft. each",5,1200,"Low-density suburb (1,000/sq. mi.)",1.43,1.34,1.51,1.34–1.51,0.11,0.09,0.14,0.09–0.14,37
Louisville,KY,Multifamily,"5 units, 1,200 sq. ft. each",5,1200,"Low-density suburb (1,000/sq. mi.)",1.27,1.14,1.4,1.14–1.4,0.3,0.25,0.34,0.25–0.34,38
Raleigh,NC,Multifamily,"5 units, 1,200 sq. ft. each",5,1200,"Low-density suburb (1,000/sq. mi.)",1.25,1.13,1.37,1.13–1.37,0.22,0.17,0.28,0.17–0.28,39
Miami,FL,Multifamily,"5 units, 1,200 sq. ft. each",5,1200,"City neighborhood (4,000/sq. mi.)",5.73,4.66,6.81,4.66–6.81,1.95,1.36,2.55,1.36–2.55,1
Oakland,CA,Multifamily,"5 units, 1,200 sq. ft. each",5,1200,"City neighborhood (4,000/sq. mi.)",4.72,4.03,5.41,4.03–5.41,0.91,0.75,1.08,0.75–1.08,2
San Francisco,CA,Multifamily,"5 units, 1,200 sq. ft. each",5,1200,"City neighborhood (4,000/sq. mi.)",4.64,4.16,5.12,4.16–5.12,1.79,1.43,2.15,1.43–2.15,3
New York,NY,Multifamily,"5 units, 1,200 sq. ft. each",5,1200,"City neighborhood (4,000/sq. mi.)",4.11,3.94,4.28,3.94–4.28,1.33,1.21,1.45,1.21–1.45,4
Los Angeles,CA,Multifamily,"5 units, 1,200 sq. ft. each",5,1200,"City neighborhood (4,000/sq. mi.)",3.96,3.8,4.13,3.8–4.13,1.47,1.38,1.57,1.38–1.57,5
Boston,MA,Multifamily,"5 units, 1,200 sq. ft. each",5,1200,"City neighborhood (4,000/sq. mi.)",3.32,3.05,3.6,3.05–3.6,1.61,1.4,1.83,1.4–1.83,6
Seattle,WA,Multifamily,"5 units, 1,200 sq. ft. each",5,1200,"City neighborhood (4,000/sq. mi.)",2.93,2.76,3.1,2.76–3.1,0.94,0.87,1.02,0.87–1.02,7
Baton Rouge,LA,Multifamily,"5 units, 1,200 sq. ft. each",5,1200,"City neighborhood (4,000/sq. mi.)",2.86,1.97,3.76,1.97–3.76,0.67,0.44,0.89,0.44–0.89,8
Houston,TX,Multifamily,"5 units, 1,200 sq. ft. each",5,1200,"City neighborhood (4,000/sq. mi.)",2.8,2.69,2.9,2.69–2.9,0.72,0.66,0.79,0.66–0.79,9
Durham,NC,Multifamily,"5 units, 1,200 sq. ft. each",5,1200,"City neighborhood (4,000/sq. mi.)",2.76,2.41,3.11,2.41–3.11,0.26,0.2,0.32,0.2–0.32,10
Washington,DC,Multifamily,"5 units, 1,200 sq. ft. each",5,1200,"City neighborhood (4,000/sq. mi.)",2.7,2.31,3.08,2.31–3.08,0.73,0.55,0.92,0.55–0.92,11
Philadelphia,PA,Multifamily,"5 units, 1,200 sq. ft. each",5,1200,"City neighborhood (4,000/sq. mi.)",2.59,2.3,2.88,2.3–2.88,0.27,0.21,0.33,0.21–0.33,12
Sacramento,CA,Multifamily,"5 units, 1,200 sq. ft. each",5,1200,"City neighborhood (4,000/sq. mi.)",2.51,2.18,2.85,2.18–2.85,0.94,0.73,1.16,0.73–1.16,13
Phoenix,AZ,Multifamily,"5 units, 1,200 sq. ft. each",5,1200,"City neighborhood (4,000/sq. mi.)",2.41,2.21,2.61,2.21–2.61,0.98,0.84,1.12,0.84–1.12,14
Tulsa,OK,Multifamily,"5 units, 1,200 sq. ft. each",5,1200,"City neighborhood (4,000/sq. mi.)",2.39,1.95,2.83,1.95–2.83,0.9,0.65,1.14,0.65–1.14,15
San Diego,CA,Multifamily,"5 units, 1,200 sq. ft. each",5,1200,"City neighborhood (4,000/sq. mi.)",2.32,2.11,2.53,2.11–2.53,0.68,0.6,0.76,0.6–0.76,16
Portland,OR,Multifamily,"5 units, 1,200 sq. ft. each",5,1200,"City neighborhood (4,000/sq. mi.)",2.31,2.16,2.45,2.16–2.45,0.85,0.76,0.93,0.76–0.93,17
Boulder,CO,Multifamily,"5 units, 1,200 sq. ft. each",5,1200,"City neighborhood (4,000/sq. mi.)",2.3,2.01,2.58,2.01–2.58,0.62,0.46,0.77,0.46–0.77,18
Austin,TX,Multifamily,"5 units, 1,200 sq. ft. each",5,1200,"City neighborhood (4,000/sq. mi.)",2.28,2.18,2.38,2.18–2.38,0.64,0.59,0.7,0.59–0.7,19
Spokane,WA,Multifamily,"5 units, 1,200 sq. ft. each",5,1200,"City neighborhood (4,000/sq. mi.)",2.17,1.58,2.75,1.58–2.75,0.32,0.21,0.42,0.21–0.42,20
Denver,CO,Multifamily,"5 units, 1,200 sq. ft. each",5,1200,"City neighborhood (4,000/sq. mi.)",2.14,1.98,2.31,1.98–2.31,0.51,0.43,0.59,0.43–0.59,21
Boise,ID,Multifamily,"5 units, 1,200 sq. ft. each",5,1200,"City neighborhood (4,000/sq. mi.)",2.14,1.78,2.51,1.78–2.51,0.73,0.48,0.98,0.48–0.98,22
Honolulu,HI,Multifamily,"5 units, 1,200 sq. ft. each",5,1200,"City neighborhood (4,000/sq. mi.)",2.11,1.85,2.38,1.85–2.38,0.84,0.72,0.95,0.72–0.95,23
Cincinnati,OH,Multifamily,"5 units, 1,200 sq. ft. each",5,1200,"City neighborhood (4,000/sq. mi.)",2.1,1.55,2.66,1.55–2.66,0.46,0.21,0.71,0.21–0.71,24
Nashville,TN,Multifamily,"5 units, 1,200 sq. ft. each",5,1200,"City neighborhood (4,000/sq. mi.)",2.06,1.79,2.34,1.79–2.34,0.39,0.27,0.51,0.27–0.51,25
Colorado Springs,CO,Multifamily,"5 units, 1,200 sq. ft. each",5,1200,"City neighborhood (4,000/sq. mi.)",2,1.82,2.17,1.82–2.17,0.61,0.5,0.71,0.5–0.71,26
Atlanta,GA,Multifamily,"5 units, 1,200 sq. ft. each",5,1200,"City neighborhood (4,000/sq. mi.)",1.95,1.72,2.18,1.72–2.18,1.35,1.01,1.7,1.01–1.7,27
Cleveland,OH,Multifamily,"5 units, 1,200 sq. ft. each",5,1200,"City neighborhood (4,000/sq. mi.)",1.91,1.63,2.19,1.63–2.19,0.48,0.34,0.63,0.34–0.63,28
Kansas City,MO,Multifamily,"5 units, 1,200 sq. ft. each",5,1200,"City neighborhood (4,000/sq. mi.)",1.88,1.7,2.06,1.7–2.06,0.2,0.15,0.26,0.15–0.26,29
Sioux Falls,SD,Multifamily,"5 units, 1,200 sq. ft. each",5,1200,"City neighborhood (4,000/sq. mi.)",1.76,1.57,1.95,1.57–1.95,0.27,0.21,0.32,0.21–0.32,30
Tampa,FL,Multifamily,"5 units, 1,200 sq. ft. each",5,1200,"City neighborhood (4,000/sq. mi.)",1.72,1.43,2,1.43–2,0.5,0.39,0.61,0.39–0.61,31
Orlando,FL,Multifamily,"5 units, 1,200 sq. ft. each",5,1200,"City neighborhood (4,000/sq. mi.)",1.71,1.54,1.87,1.54–1.87,0.49,0.41,0.57,0.41–0.57,32
Anaheim,CA,Multifamily,"5 units, 1,200 sq. ft. each",5,1200,"City neighborhood (4,000/sq. mi.)",1.68,1.48,1.88,1.48–1.88,1.28,1.02,1.55,1.02–1.55,33
Fort Worth,TX,Multifamily,"5 units, 1,200 sq. ft. each",5,1200,"City neighborhood (4,000/sq. mi.)",1.65,1.57,1.74,1.57–1.74,0.25,0.21,0.29,0.21–0.29,34
Jacksonville,FL,Multifamily,"5 units, 1,200 sq. ft. each",5,1200,"City neighborhood (4,000/sq. mi.)",1.65,1.47,1.82,1.47–1.82,0.36,0.29,0.43,0.29–0.43,35
Columbus,OH,Multifamily,"5 units, 1,200 sq. ft. each",5,1200,"City neighborhood (4,000/sq. mi.)",1.62,1.53,1.7,1.53–1.7,0.28,0.25,0.3,0.25–0.3,36
Indianapolis,IN,Multifamily,"5 units, 1,200 sq. ft. each",5,1200,"City neighborhood (4,000/sq. mi.)",1.55,1.39,1.72,1.39–1.72,0.54,0.43,0.66,0.43–0.66,37
Louisville,KY,Multifamily,"5 units, 1,200 sq. ft. each",5,1200,"City neighborhood (4,000/sq. mi.)",1.49,1.31,1.67,1.31–1.67,0.32,0.27,0.38,0.27–0.38,38
Reno,NV,Multifamily,"5 units, 1,200 sq. ft. each",5,1200,"City neighborhood (4,000/sq. mi.)",1.36,1.28,1.43,1.28–1.43,0.09,0.06,0.11,0.06–0.11,39
Grand Rapids,MI,Multifamily,"5 units, 1,200 sq. ft. each",5,1200,"City neighborhood (4,000/sq. mi.)",1.35,1.18,1.53,1.18–1.53,0.28,0.2,0.35,0.2–0.35,40
Raleigh,NC,Multifamily,"5 units, 1,200 sq. ft. each",5,1200,"City neighborhood (4,000/sq. mi.)",1.27,1.14,1.4,1.14–1.4,0.24,0.18,0.29,0.18–0.29,41
Miami,FL,Multifamily,"5 units, 1,200 sq. ft. each",5,1200,"Dense city neighborhood (10,000/sq. mi.)",6.2,5.3,7.1,5.3–7.1,2.05,1.6,2.49,1.6–2.49,1
San Francisco,CA,Multifamily,"5 units, 1,200 sq. ft. each",5,1200,"Dense city neighborhood (10,000/sq. mi.)",4.47,4.04,4.91,4.04–4.91,1.85,1.52,2.17,1.52–2.17,2
Oakland,CA,Multifamily,"5 units, 1,200 sq. ft. each",5,1200,"Dense city neighborhood (10,000/sq. mi.)",4.14,3.48,4.79,3.48–4.79,0.76,0.6,0.92,0.6–0.92,3
New York,NY,Multifamily,"5 units, 1,200 sq. ft. each",5,1200,"Dense city neighborhood (10,000/sq. mi.)",4.07,3.94,4.2,3.94–4.2,1.28,1.19,1.36,1.19–1.36,4
Los Angeles,CA,Multifamily,"5 units, 1,200 sq. ft. each",5,1200,"Dense city neighborhood (10,000/sq. mi.)",4.03,3.89,4.17,3.89–4.17,1.41,1.33,1.48,1.33–1.48,5
Boston,MA,Multifamily,"5 units, 1,200 sq. ft. each",5,1200,"Dense city neighborhood (10,000/sq. mi.)",3.53,3.3,3.76,3.3–3.76,1.76,1.58,1.93,1.58–1.93,6
Houston,TX,Multifamily,"5 units, 1,200 sq. ft. each",5,1200,"Dense city neighborhood (10,000/sq. mi.)",2.91,2.79,3.03,2.79–3.03,0.83,0.75,0.91,0.75–0.91,7
Seattle,WA,Multifamily,"5 units, 1,200 sq. ft. each",5,1200,"Dense city neighborhood (10,000/sq. mi.)",2.88,2.77,3,2.77–3,0.95,0.9,1,0.9–1,8
Durham,NC,Multifamily,"5 units, 1,200 sq. ft. each",5,1200,"Dense city neighborhood (10,000/sq. mi.)",2.77,2.28,3.27,2.28–3.27,0.21,0.14,0.28,0.14–0.28,9
Jersey City,NJ,Multifamily,"5 units, 1,200 sq. ft. each",5,1200,"Dense city neighborhood (10,000/sq. mi.)",2.75,2.24,3.26,2.24–3.26,0.32,0.11,0.53,0.11–0.53,10
Washington,DC,Multifamily,"5 units, 1,200 sq. ft. each",5,1200,"Dense city neighborhood (10,000/sq. mi.)",2.72,2.43,3.01,2.43–3.01,0.74,0.6,0.87,0.6–0.87,11
Philadelphia,PA,Multifamily,"5 units, 1,200 sq. ft. each",5,1200,"Dense city neighborhood (10,000/sq. mi.)",2.59,2.38,2.81,2.38–2.81,0.27,0.23,0.31,0.23–0.31,12
Sacramento,CA,Multifamily,"5 units, 1,200 sq. ft. each",5,1200,"Dense city neighborhood (10,000/sq. mi.)",2.47,2.12,2.83,2.12–2.83,0.91,0.68,1.14,0.68–1.14,13
San Diego,CA,Multifamily,"5 units, 1,200 sq. ft. each",5,1200,"Dense city neighborhood (10,000/sq. mi.)",2.39,2.17,2.61,2.17–2.61,0.74,0.66,0.83,0.66–0.83,14
Boulder,CO,Multifamily,"5 units, 1,200 sq. ft. each",5,1200,"Dense city neighborhood (10,000/sq. mi.)",2.36,2.01,2.72,2.01–2.72,0.6,0.43,0.78,0.43–0.78,15
Austin,TX,Multifamily,"5 units, 1,200 sq. ft. each",5,1200,"Dense city neighborhood (10,000/sq. mi.)",2.35,2.22,2.47,2.22–2.47,0.64,0.58,0.71,0.58–0.71,16
Phoenix,AZ,Multifamily,"5 units, 1,200 sq. ft. each",5,1200,"Dense city neighborhood (10,000/sq. mi.)",2.33,2.1,2.56,2.1–2.56,0.91,0.76,1.06,0.76–1.06,17
Spokane,WA,Multifamily,"5 units, 1,200 sq. ft. each",5,1200,"Dense city neighborhood (10,000/sq. mi.)",2.28,1.77,2.79,1.77–2.79,0.24,0.15,0.33,0.15–0.33,18
Portland,OR,Multifamily,"5 units, 1,200 sq. ft. each",5,1200,"Dense city neighborhood (10,000/sq. mi.)",2.24,2.1,2.39,2.1–2.39,0.83,0.75,0.92,0.75–0.92,19
Denver,CO,Multifamily,"5 units, 1,200 sq. ft. each",5,1200,"Dense city neighborhood (10,000/sq. mi.)",2.14,1.97,2.31,1.97–2.31,0.53,0.44,0.61,0.44–0.61,20
Nashville,TN,Multifamily,"5 units, 1,200 sq. ft. each",5,1200,"Dense city neighborhood (10,000/sq. mi.)",2.04,1.7,2.38,1.7–2.38,0.35,0.21,0.48,0.21–0.48,21
Boise,ID,Multifamily,"5 units, 1,200 sq. ft. each",5,1200,"Dense city neighborhood (10,000/sq. mi.)",2.04,1.67,2.41,1.67–2.41,0.75,0.46,1.03,0.46–1.03,22
Honolulu,HI,Multifamily,"5 units, 1,200 sq. ft. each",5,1200,"Dense city neighborhood (10,000/sq. mi.)",2.02,1.73,2.31,1.73–2.31,0.89,0.74,1.04,0.74–1.04,23
Colorado Springs,CO,Multifamily,"5 units, 1,200 sq. ft. each",5,1200,"Dense city neighborhood (10,000/sq. mi.)",2.01,1.81,2.21,1.81–2.21,0.61,0.51,0.72,0.51–0.72,24
Cleveland,OH,Multifamily,"5 units, 1,200 sq. ft. each",5,1200,"Dense city neighborhood (10,000/sq. mi.)",1.91,1.6,2.23,1.6–2.23,0.52,0.38,0.66,0.38–0.66,25
Atlanta,GA,Multifamily,"5 units, 1,200 sq. ft. each",5,1200,"Dense city neighborhood (10,000/sq. mi.)",1.89,1.68,2.1,1.68–2.1,1.36,1.02,1.7,1.02–1.7,26
Kansas City,MO,Multifamily,"5 units, 1,200 sq. ft. each",5,1200,"Dense city neighborhood (10,000/sq. mi.)",1.87,1.63,2.12,1.63–2.12,0.18,0.11,0.24,0.11–0.24,27
Jacksonville,FL,Multifamily,"5 units, 1,200 sq. ft. each",5,1200,"Dense city neighborhood (10,000/sq. mi.)",1.8,1.59,2.01,1.59–2.01,0.4,0.31,0.49,0.31–0.49,28
Sioux Falls,SD,Multifamily,"5 units, 1,200 sq. ft. each",5,1200,"Dense city neighborhood (10,000/sq. mi.)",1.72,1.49,1.96,1.49–1.96,0.24,0.18,0.31,0.18–0.31,29
Fort Worth,TX,Multifamily,"5 units, 1,200 sq. ft. each",5,1200,"Dense city neighborhood (10,000/sq. mi.)",1.66,1.55,1.77,1.55–1.77,0.25,0.2,0.3,0.2–0.3,30
Louisville,KY,Multifamily,"5 units, 1,200 sq. ft. each",5,1200,"Dense city neighborhood (10,000/sq. mi.)",1.65,1.39,1.91,1.39–1.91,0.35,0.27,0.42,0.27–0.42,31
Anaheim,CA,Multifamily,"5 units, 1,200 sq. ft. each",5,1200,"Dense city neighborhood (10,000/sq. mi.)",1.62,1.48,1.75,1.48–1.75,1,0.84,1.16,0.84–1.16,32
Tampa,FL,Multifamily,"5 units, 1,200 sq. ft. each",5,1200,"Dense city neighborhood (10,000/sq. mi.)",1.61,1.18,2.05,1.18–2.05,0.52,0.32,0.72,0.32–0.72,33
Columbus,OH,Multifamily,"5 units, 1,200 sq. ft. each",5,1200,"Dense city neighborhood (10,000/sq. mi.)",1.55,1.44,1.65,1.44–1.65,0.25,0.22,0.27,0.22–0.27,34
Orlando,FL,Multifamily,"5 units, 1,200 sq. ft. each",5,1200,"Dense city neighborhood (10,000/sq. mi.)",1.51,1.35,1.67,1.35–1.67,0.39,0.32,0.46,0.32–0.46,35
Indianapolis,IN,Multifamily,"5 units, 1,200 sq. ft. each",5,1200,"Dense city neighborhood (10,000/sq. mi.)",1.5,1.27,1.73,1.27–1.73,0.46,0.33,0.6,0.33–0.6,36
Reno,NV,Multifamily,"5 units, 1,200 sq. ft. each",5,1200,"Dense city neighborhood (10,000/sq. mi.)",1.31,1.23,1.39,1.23–1.39,0.07,0.05,0.09,0.05–0.09,37
Raleigh,NC,Multifamily,"5 units, 1,200 sq. ft. each",5,1200,"Dense city neighborhood (10,000/sq. mi.)",1.29,1.13,1.44,1.13–1.44,0.25,0.18,0.31,0.18–0.31,38
Grand Rapids,MI,Multifamily,"5 units, 1,200 sq. ft. each",5,1200,"Dense city neighborhood (10,000/sq. mi.)",1.26,1.03,1.49,1.03–1.49,0.28,0.16,0.39,0.16–0.39,39
Miami,FL,Multifamily,"5 units, 1,200 sq. ft. each",5,1200,"Urban core (25,000/sq. mi.)",6.7,5.61,7.79,5.61–7.79,2.15,1.61,2.69,1.61–2.69,1
San Francisco,CA,Multifamily,"5 units, 1,200 sq. ft. each",5,1200,"Urban core (25,000/sq. mi.)",4.31,3.89,4.74,3.89–4.74,1.9,1.58,2.23,1.58–2.23,2
Los Angeles,CA,Multifamily,"5 units, 1,200 sq. ft. each",5,1200,"Urban core (25,000/sq. mi.)",4.1,3.94,4.25,3.94–4.25,1.34,1.27,1.42,1.27–1.42,3
New York,NY,Multifamily,"5 units, 1,200 sq. ft. each",5,1200,"Urban core (25,000/sq. mi.)",4.04,3.93,4.14,3.93–4.14,1.22,1.16,1.28,1.16–1.28,4
Boston,MA,Multifamily,"5 units, 1,200 sq. ft. each",5,1200,"Urban core (25,000/sq. mi.)",3.75,3.49,4.01,3.49–4.01,1.92,1.73,2.11,1.73–2.11,5
Oakland,CA,Multifamily,"5 units, 1,200 sq. ft. each",5,1200,"Urban core (25,000/sq. mi.)",3.63,2.91,4.34,2.91–4.34,0.63,0.43,0.82,0.43–0.82,6
Houston,TX,Multifamily,"5 units, 1,200 sq. ft. each",5,1200,"Urban core (25,000/sq. mi.)",3.03,2.88,3.18,2.88–3.18,0.95,0.84,1.07,0.84–1.07,7
Jersey City,NJ,Multifamily,"5 units, 1,200 sq. ft. each",5,1200,"Urban core (25,000/sq. mi.)",2.86,2.49,3.22,2.49–3.22,0.35,0.19,0.51,0.19–0.51,8
Seattle,WA,Multifamily,"5 units, 1,200 sq. ft. each",5,1200,"Urban core (25,000/sq. mi.)",2.84,2.69,2.99,2.69–2.99,0.95,0.89,1.02,0.89–1.02,9
Durham,NC,Multifamily,"5 units, 1,200 sq. ft. each",5,1200,"Urban core (25,000/sq. mi.)",2.79,2.13,3.45,2.13–3.45,0.17,0.1,0.25,0.1–0.25,10
Washington,DC,Multifamily,"5 units, 1,200 sq. ft. each",5,1200,"Urban core (25,000/sq. mi.)",2.75,2.47,3.03,2.47–3.03,0.74,0.63,0.85,0.63–0.85,11
Philadelphia,PA,Multifamily,"5 units, 1,200 sq. ft. each",5,1200,"Urban core (25,000/sq. mi.)",2.6,2.39,2.8,2.39–2.8,0.26,0.23,0.3,0.23–0.3,12
San Diego,CA,Multifamily,"5 units, 1,200 sq. ft. each",5,1200,"Urban core (25,000/sq. mi.)",2.46,2.21,2.71,2.21–2.71,0.81,0.7,0.93,0.7–0.93,13
Sacramento,CA,Multifamily,"5 units, 1,200 sq. ft. each",5,1200,"Urban core (25,000/sq. mi.)",2.44,2.06,2.82,2.06–2.82,0.88,0.64,1.12,0.64–1.12,14
Boulder,CO,Multifamily,"5 units, 1,200 sq. ft. each",5,1200,"Urban core (25,000/sq. mi.)",2.43,1.98,2.88,1.98–2.88,0.59,0.39,0.79,0.39–0.79,15
Austin,TX,Multifamily,"5 units, 1,200 sq. ft. each",5,1200,"Urban core (25,000/sq. mi.)",2.41,2.25,2.57,2.25–2.57,0.64,0.56,0.72,0.56–0.72,16
Spokane,WA,Multifamily,"5 units, 1,200 sq. ft. each",5,1200,"Urban core (25,000/sq. mi.)",2.4,1.71,3.09,1.71–3.09,0.18,0.1,0.26,0.1–0.26,17
Phoenix,AZ,Multifamily,"5 units, 1,200 sq. ft. each",5,1200,"Urban core (25,000/sq. mi.)",2.25,1.99,2.51,1.99–2.51,0.85,0.68,1.01,0.68–1.01,18
Portland,OR,Multifamily,"5 units, 1,200 sq. ft. each",5,1200,"Urban core (25,000/sq. mi.)",2.18,2.02,2.35,2.02–2.35,0.82,0.73,0.91,0.73–0.91,19
Denver,CO,Multifamily,"5 units, 1,200 sq. ft. each",5,1200,"Urban core (25,000/sq. mi.)",2.14,1.96,2.31,1.96–2.31,0.54,0.45,0.63,0.45–0.63,20
Colorado Springs,CO,Multifamily,"5 units, 1,200 sq. ft. each",5,1200,"Urban core (25,000/sq. mi.)",2.03,1.8,2.26,1.8–2.26,0.62,0.5,0.74,0.5–0.74,21
Nashville,TN,Multifamily,"5 units, 1,200 sq. ft. each",5,1200,"Urban core (25,000/sq. mi.)",2.02,1.6,2.44,1.6–2.44,0.31,0.16,0.45,0.16–0.45,22
Jacksonville,FL,Multifamily,"5 units, 1,200 sq. ft. each",5,1200,"Urban core (25,000/sq. mi.)",1.97,1.71,2.23,1.71–2.23,0.45,0.33,0.57,0.33–0.57,23
Boise,ID,Multifamily,"5 units, 1,200 sq. ft. each",5,1200,"Urban core (25,000/sq. mi.)",1.94,1.56,2.33,1.56–2.33,0.77,0.44,1.09,0.44–1.09,24
Honolulu,HI,Multifamily,"5 units, 1,200 sq. ft. each",5,1200,"Urban core (25,000/sq. mi.)",1.94,1.61,2.26,1.61–2.26,0.95,0.77,1.13,0.77–1.13,25
Cleveland,OH,Multifamily,"5 units, 1,200 sq. ft. each",5,1200,"Urban core (25,000/sq. mi.)",1.92,1.47,2.38,1.47–2.38,0.55,0.34,0.75,0.34–0.75,26
Kansas City,MO,Multifamily,"5 units, 1,200 sq. ft. each",5,1200,"Urban core (25,000/sq. mi.)",1.87,1.55,2.18,1.55–2.18,0.15,0.08,0.22,0.08–0.22,27
Atlanta,GA,Multifamily,"5 units, 1,200 sq. ft. each",5,1200,"Urban core (25,000/sq. mi.)",1.83,1.59,2.07,1.59–2.07,1.37,0.96,1.78,0.96–1.78,28
Louisville,KY,Multifamily,"5 units, 1,200 sq. ft. each",5,1200,"Urban core (25,000/sq. mi.)",1.83,1.45,2.21,1.45–2.21,0.37,0.26,0.47,0.26–0.47,29
Sioux Falls,SD,Multifamily,"5 units, 1,200 sq. ft. each",5,1200,"Urban core (25,000/sq. mi.)",1.69,1.4,1.98,1.4–1.98,0.22,0.15,0.29,0.15–0.29,30
Fort Worth,TX,Multifamily,"5 units, 1,200 sq. ft. each",5,1200,"Urban core (25,000/sq. mi.)",1.66,1.53,1.8,1.53–1.8,0.25,0.2,0.31,0.2–0.31,31
Anaheim,CA,Multifamily,"5 units, 1,200 sq. ft. each",5,1200,"Urban core (25,000/sq. mi.)",1.55,1.34,1.77,1.34–1.77,0.79,0.58,0.99,0.58–0.99,32
Columbus,OH,Multifamily,"5 units, 1,200 sq. ft. each",5,1200,"Urban core (25,000/sq. mi.)",1.48,1.35,1.61,1.35–1.61,0.22,0.19,0.25,0.19–0.25,33
Indianapolis,IN,Multifamily,"5 units, 1,200 sq. ft. each",5,1200,"Urban core (25,000/sq. mi.)",1.45,1.14,1.76,1.14–1.76,0.4,0.24,0.56,0.24–0.56,34
Orlando,FL,Multifamily,"5 units, 1,200 sq. ft. each",5,1200,"Urban core (25,000/sq. mi.)",1.34,1.18,1.5,1.18–1.5,0.31,0.24,0.38,0.24–0.38,35
Raleigh,NC,Multifamily,"5 units, 1,200 sq. ft. each",5,1200,"Urban core (25,000/sq. mi.)",1.3,1.11,1.49,1.11–1.49,0.26,0.18,0.33,0.18–0.33,36
Reno,NV,Multifamily,"5 units, 1,200 sq. ft. each",5,1200,"Urban core (25,000/sq. mi.)",1.27,1.18,1.36,1.18–1.36,0.06,0.04,0.08,0.04–0.08,37
Grand Rapids,MI,Multifamily,"5 units, 1,200 sq. ft. each",5,1200,"Urban core (25,000/sq. mi.)",1.17,0.87,1.47,0.87–1.47,0.28,0.1,0.45,0.1–0.45,38
Oakland,CA,Multifamily,"5 units, 1,500 sq. ft. each",5,1500,"Low-density suburb (1,000/sq. mi.)",5.58,4.68,6.48,4.68–6.48,1.11,0.81,1.42,0.81–1.42,1
San Francisco,CA,Multifamily,"5 units, 1,500 sq. ft. each",5,1500,"Low-density suburb (1,000/sq. mi.)",4.94,4.34,5.54,4.34–5.54,1.74,1.29,2.19,1.29–2.19,2
New York,NY,Multifamily,"5 units, 1,500 sq. ft. each",5,1500,"Low-density suburb (1,000/sq. mi.)",4.27,4.01,4.53,4.01–4.53,1.44,1.25,1.62,1.25–1.62,3
Los Angeles,CA,Multifamily,"5 units, 1,500 sq. ft. each",5,1500,"Low-density suburb (1,000/sq. mi.)",3.96,3.71,4.2,3.71–4.2,1.57,1.42,1.72,1.42–1.72,4
Tulsa,OK,Multifamily,"5 units, 1,500 sq. ft. each",5,1500,"Low-density suburb (1,000/sq. mi.)",3.36,2.58,4.13,2.58–4.13,0.78,0.47,1.1,0.47–1.1,5
Seattle,WA,Multifamily,"5 units, 1,500 sq. ft. each",5,1500,"Low-density suburb (1,000/sq. mi.)",3.02,2.69,3.35,2.69–3.35,0.94,0.8,1.08,0.8–1.08,6
Boston,MA,Multifamily,"5 units, 1,500 sq. ft. each",5,1500,"Low-density suburb (1,000/sq. mi.)",3.01,2.61,3.41,2.61–3.41,1.39,1.09,1.68,1.09–1.68,7
Durham,NC,Multifamily,"5 units, 1,500 sq. ft. each",5,1500,"Low-density suburb (1,000/sq. mi.)",2.75,2.49,3.02,2.49–3.02,0.36,0.31,0.41,0.31–0.41,8
Houston,TX,Multifamily,"5 units, 1,500 sq. ft. each",5,1500,"Low-density suburb (1,000/sq. mi.)",2.65,2.52,2.78,2.52–2.78,0.59,0.52,0.66,0.52–0.66,9
Washington,DC,Multifamily,"5 units, 1,500 sq. ft. each",5,1500,"Low-density suburb (1,000/sq. mi.)",2.63,2.04,3.22,2.04–3.22,0.73,0.44,1.01,0.44–1.01,10
Phoenix,AZ,Multifamily,"5 units, 1,500 sq. ft. each",5,1500,"Low-density suburb (1,000/sq. mi.)",2.6,2.43,2.77,2.43–2.77,1.08,0.95,1.2,0.95–1.2,11
Philadelphia,PA,Multifamily,"5 units, 1,500 sq. ft. each",5,1500,"Low-density suburb (1,000/sq. mi.)",2.58,2.13,3.02,2.13–3.02,0.28,0.19,0.38,0.19–0.38,12
Portland,OR,Multifamily,"5 units, 1,500 sq. ft. each",5,1500,"Low-density suburb (1,000/sq. mi.)",2.52,2.32,2.73,2.32–2.73,0.89,0.78,0.99,0.78–0.99,13
Sacramento,CA,Multifamily,"5 units, 1,500 sq. ft. each",5,1500,"Low-density suburb (1,000/sq. mi.)",2.51,2.21,2.82,2.21–2.82,0.98,0.78,1.19,0.78–1.19,14
Boise,ID,Multifamily,"5 units, 1,500 sq. ft. each",5,1500,"Low-density suburb (1,000/sq. mi.)",2.32,1.96,2.69,1.96–2.69,0.69,0.48,0.91,0.48–0.91,15
Boulder,CO,Multifamily,"5 units, 1,500 sq. ft. each",5,1500,"Low-density suburb (1,000/sq. mi.)",2.31,2.07,2.54,2.07–2.54,0.68,0.54,0.81,0.54–0.81,16
Honolulu,HI,Multifamily,"5 units, 1,500 sq. ft. each",5,1500,"Low-density suburb (1,000/sq. mi.)",2.31,2.03,2.58,2.03–2.58,0.79,0.7,0.88,0.7–0.88,17
Austin,TX,Multifamily,"5 units, 1,500 sq. ft. each",5,1500,"Low-density suburb (1,000/sq. mi.)",2.24,2.15,2.33,2.15–2.33,0.65,0.6,0.7,0.6–0.7,18
Nashville,TN,Multifamily,"5 units, 1,500 sq. ft. each",5,1500,"Low-density suburb (1,000/sq. mi.)",2.24,1.98,2.5,1.98–2.5,0.5,0.38,0.62,0.38–0.62,19
Colorado Springs,CO,Multifamily,"5 units, 1,500 sq. ft. each",5,1500,"Low-density suburb (1,000/sq. mi.)",2.22,2,2.43,2–2.43,0.7,0.56,0.84,0.56–0.84,20
San Diego,CA,Multifamily,"5 units, 1,500 sq. ft. each",5,1500,"Low-density suburb (1,000/sq. mi.)",2.22,1.97,2.46,1.97–2.46,0.6,0.5,0.7,0.5–0.7,21
Denver,CO,Multifamily,"5 units, 1,500 sq. ft. each",5,1500,"Low-density suburb (1,000/sq. mi.)",2.14,1.97,2.31,1.97–2.31,0.48,0.4,0.57,0.4–0.57,22
Orlando,FL,Multifamily,"5 units, 1,500 sq. ft. each",5,1500,"Low-density suburb (1,000/sq. mi.)",2.14,1.95,2.32,1.95–2.32,0.76,0.63,0.88,0.63–0.88,23
Spokane,WA,Multifamily,"5 units, 1,500 sq. ft. each",5,1500,"Low-density suburb (1,000/sq. mi.)",2.12,1.1,3.14,1.1–3.14,0.49,0.31,0.67,0.31–0.67,24
Atlanta,GA,Multifamily,"5 units, 1,500 sq. ft. each",5,1500,"Low-density suburb (1,000/sq. mi.)",2.1,1.76,2.44,1.76–2.44,1.41,0.9,1.92,0.9–1.92,25
Cleveland,OH,Multifamily,"5 units, 1,500 sq. ft. each",5,1500,"Low-density suburb (1,000/sq. mi.)",1.99,1.49,2.49,1.49–2.49,0.48,0.24,0.72,0.24–0.72,26
Kansas City,MO,Multifamily,"5 units, 1,500 sq. ft. each",5,1500,"Low-density suburb (1,000/sq. mi.)",1.94,1.79,2.08,1.79–2.08,0.27,0.21,0.32,0.21–0.32,27
Cincinnati,OH,Multifamily,"5 units, 1,500 sq. ft. each",5,1500,"Low-density suburb (1,000/sq. mi.)",1.89,1.4,2.38,1.4–2.38,0.31,0.14,0.48,0.14–0.48,28
Tampa,FL,Multifamily,"5 units, 1,500 sq. ft. each",5,1500,"Low-density suburb (1,000/sq. mi.)",1.88,1.27,2.5,1.27–2.5,0.47,0.27,0.66,0.27–0.66,29
Columbus,OH,Multifamily,"5 units, 1,500 sq. ft. each",5,1500,"Low-density suburb (1,000/sq. mi.)",1.78,1.68,1.88,1.68–1.88,0.32,0.29,0.35,0.29–0.35,30
Sioux Falls,SD,Multifamily,"5 units, 1,500 sq. ft. each",5,1500,"Low-density suburb (1,000/sq. mi.)",1.77,1.58,1.96,1.58–1.96,0.31,0.25,0.38,0.25–0.38,31
Fort Worth,TX,Multifamily,"5 units, 1,500 sq. ft. each",5,1500,"Low-density suburb (1,000/sq. mi.)",1.68,1.61,1.76,1.61–1.76,0.27,0.23,0.31,0.23–0.31,32
Indianapolis,IN,Multifamily,"5 units, 1,500 sq. ft. each",5,1500,"Low-density suburb (1,000/sq. mi.)",1.68,1.49,1.87,1.49–1.87,0.7,0.56,0.84,0.56–0.84,33
Grand Rapids,MI,Multifamily,"5 units, 1,500 sq. ft. each",5,1500,"Low-density suburb (1,000/sq. mi.)",1.51,1.31,1.72,1.31–1.72,0.28,0.18,0.38,0.18–0.38,34
Jacksonville,FL,Multifamily,"5 units, 1,500 sq. ft. each",5,1500,"Low-density suburb (1,000/sq. mi.)",1.47,1.33,1.61,1.33–1.61,0.3,0.25,0.35,0.25–0.35,35
Reno,NV,Multifamily,"5 units, 1,500 sq. ft. each",5,1500,"Low-density suburb (1,000/sq. mi.)",1.46,1.37,1.55,1.37–1.55,0.12,0.09,0.14,0.09–0.14,36
Louisville,KY,Multifamily,"5 units, 1,500 sq. ft. each",5,1500,"Low-density suburb (1,000/sq. mi.)",1.31,1.18,1.45,1.18–1.45,0.31,0.26,0.35,0.26–0.35,37
Raleigh,NC,Multifamily,"5 units, 1,500 sq. ft. each",5,1500,"Low-density suburb (1,000/sq. mi.)",1.29,1.16,1.41,1.16–1.41,0.24,0.18,0.3,0.18–0.3,38
Miami,FL,Multifamily,"5 units, 1,500 sq. ft. each",5,1500,"City neighborhood (4,000/sq. mi.)",5.73,4.68,6.78,4.68–6.78,2,1.39,2.6,1.39–2.6,1
San Francisco,CA,Multifamily,"5 units, 1,500 sq. ft. each",5,1500,"City neighborhood (4,000/sq. mi.)",4.68,4.21,5.14,4.21–5.14,1.82,1.46,2.18,1.46–2.18,2
Oakland,CA,Multifamily,"5 units, 1,500 sq. ft. each",5,1500,"City neighborhood (4,000/sq. mi.)",4.57,4.01,5.13,4.01–5.13,0.83,0.7,0.96,0.7–0.96,3
New York,NY,Multifamily,"5 units, 1,500 sq. ft. each",5,1500,"City neighborhood (4,000/sq. mi.)",4.21,4.03,4.39,4.03–4.39,1.35,1.22,1.47,1.22–1.47,4
Los Angeles,CA,Multifamily,"5 units, 1,500 sq. ft. each",5,1500,"City neighborhood (4,000/sq. mi.)",4.06,3.89,4.22,3.89–4.22,1.46,1.37,1.55,1.37–1.55,5
Boston,MA,Multifamily,"5 units, 1,500 sq. ft. each",5,1500,"City neighborhood (4,000/sq. mi.)",3.3,3.01,3.59,3.01–3.59,1.58,1.36,1.8,1.36–1.8,6
Baton Rouge,LA,Multifamily,"5 units, 1,500 sq. ft. each",5,1500,"City neighborhood (4,000/sq. mi.)",2.96,2.05,3.88,2.05–3.88,0.72,0.48,0.96,0.48–0.96,7
Seattle,WA,Multifamily,"5 units, 1,500 sq. ft. each",5,1500,"City neighborhood (4,000/sq. mi.)",2.95,2.77,3.13,2.77–3.13,0.95,0.87,1.03,0.87–1.03,8
Houston,TX,Multifamily,"5 units, 1,500 sq. ft. each",5,1500,"City neighborhood (4,000/sq. mi.)",2.82,2.71,2.92,2.71–2.92,0.73,0.67,0.79,0.67–0.79,9
Durham,NC,Multifamily,"5 units, 1,500 sq. ft. each",5,1500,"City neighborhood (4,000/sq. mi.)",2.78,2.43,3.13,2.43–3.13,0.26,0.2,0.32,0.2–0.32,10
Washington,DC,Multifamily,"5 units, 1,500 sq. ft. each",5,1500,"City neighborhood (4,000/sq. mi.)",2.67,2.28,3.05,2.28–3.05,0.73,0.54,0.92,0.54–0.92,11
Philadelphia,PA,Multifamily,"5 units, 1,500 sq. ft. each",5,1500,"City neighborhood (4,000/sq. mi.)",2.58,2.3,2.87,2.3–2.87,0.28,0.22,0.34,0.22–0.34,12
Phoenix,AZ,Multifamily,"5 units, 1,500 sq. ft. each",5,1500,"City neighborhood (4,000/sq. mi.)",2.46,2.27,2.65,2.27–2.65,0.96,0.83,1.09,0.83–1.09,13
Sacramento,CA,Multifamily,"5 units, 1,500 sq. ft. each",5,1500,"City neighborhood (4,000/sq. mi.)",2.46,2.14,2.77,2.14–2.77,0.93,0.73,1.14,0.73–1.14,14
Portland,OR,Multifamily,"5 units, 1,500 sq. ft. each",5,1500,"City neighborhood (4,000/sq. mi.)",2.42,2.24,2.6,2.24–2.6,0.87,0.77,0.97,0.77–0.97,15
Tulsa,OK,Multifamily,"5 units, 1,500 sq. ft. each",5,1500,"City neighborhood (4,000/sq. mi.)",2.41,1.96,2.86,1.96–2.86,0.93,0.66,1.19,0.66–1.19,16
Boulder,CO,Multifamily,"5 units, 1,500 sq. ft. each",5,1500,"City neighborhood (4,000/sq. mi.)",2.41,2.13,2.68,2.13–2.68,0.65,0.5,0.81,0.5–0.81,17
Austin,TX,Multifamily,"5 units, 1,500 sq. ft. each",5,1500,"City neighborhood (4,000/sq. mi.)",2.34,2.22,2.45,2.22–2.45,0.65,0.59,0.7,0.59–0.7,18
San Diego,CA,Multifamily,"5 units, 1,500 sq. ft. each",5,1500,"City neighborhood (4,000/sq. mi.)",2.32,2.11,2.53,2.11–2.53,0.69,0.6,0.77,0.6–0.77,19
Spokane,WA,Multifamily,"5 units, 1,500 sq. ft. each",5,1500,"City neighborhood (4,000/sq. mi.)",2.29,1.64,2.94,1.64–2.94,0.32,0.21,0.43,0.21–0.43,20
Colorado Springs,CO,Multifamily,"5 units, 1,500 sq. ft. each",5,1500,"City neighborhood (4,000/sq. mi.)",2.24,2.04,2.44,2.04–2.44,0.71,0.59,0.84,0.59–0.84,21
Nashville,TN,Multifamily,"5 units, 1,500 sq. ft. each",5,1500,"City neighborhood (4,000/sq. mi.)",2.2,1.9,2.51,1.9–2.51,0.42,0.29,0.54,0.29–0.54,22
Honolulu,HI,Multifamily,"5 units, 1,500 sq. ft. each",5,1500,"City neighborhood (4,000/sq. mi.)",2.16,1.88,2.44,1.88–2.44,0.87,0.75,0.99,0.75–0.99,23
Boise,ID,Multifamily,"5 units, 1,500 sq. ft. each",5,1500,"City neighborhood (4,000/sq. mi.)",2.16,1.79,2.52,1.79–2.52,0.72,0.48,0.96,0.48–0.96,24
Cincinnati,OH,Multifamily,"5 units, 1,500 sq. ft. each",5,1500,"City neighborhood (4,000/sq. mi.)",2.16,1.7,2.62,1.7–2.62,0.43,0.23,0.63,0.23–0.63,25
Denver,CO,Multifamily,"5 units, 1,500 sq. ft. each",5,1500,"City neighborhood (4,000/sq. mi.)",2.13,1.97,2.3,1.97–2.3,0.51,0.43,0.58,0.43–0.58,26
Atlanta,GA,Multifamily,"5 units, 1,500 sq. ft. each",5,1500,"City neighborhood (4,000/sq. mi.)",2,1.76,2.25,1.76–2.25,1.42,1.05,1.79,1.05–1.79,27
Cleveland,OH,Multifamily,"5 units, 1,500 sq. ft. each",5,1500,"City neighborhood (4,000/sq. mi.)",2,1.7,2.31,1.7–2.31,0.53,0.37,0.68,0.37–0.68,28
Kansas City,MO,Multifamily,"5 units, 1,500 sq. ft. each",5,1500,"City neighborhood (4,000/sq. mi.)",1.92,1.75,2.1,1.75–2.1,0.21,0.15,0.27,0.15–0.27,29
Orlando,FL,Multifamily,"5 units, 1,500 sq. ft. each",5,1500,"City neighborhood (4,000/sq. mi.)",1.78,1.61,1.95,1.61–1.95,0.54,0.45,0.63,0.45–0.63,30
Anaheim,CA,Multifamily,"5 units, 1,500 sq. ft. each",5,1500,"City neighborhood (4,000/sq. mi.)",1.72,1.53,1.91,1.53–1.91,1.28,1.02,1.53,1.02–1.53,31
Sioux Falls,SD,Multifamily,"5 units, 1,500 sq. ft. each",5,1500,"City neighborhood (4,000/sq. mi.)",1.72,1.52,1.91,1.52–1.91,0.27,0.21,0.34,0.21–0.34,32
Tampa,FL,Multifamily,"5 units, 1,500 sq. ft. each",5,1500,"City neighborhood (4,000/sq. mi.)",1.72,1.45,1.98,1.45–1.98,0.49,0.39,0.6,0.39–0.6,33
Fort Worth,TX,Multifamily,"5 units, 1,500 sq. ft. each",5,1500,"City neighborhood (4,000/sq. mi.)",1.69,1.61,1.78,1.61–1.78,0.27,0.23,0.32,0.23–0.32,34
Jacksonville,FL,Multifamily,"5 units, 1,500 sq. ft. each",5,1500,"City neighborhood (4,000/sq. mi.)",1.69,1.5,1.87,1.5–1.87,0.36,0.29,0.43,0.29–0.43,35
Columbus,OH,Multifamily,"5 units, 1,500 sq. ft. each",5,1500,"City neighborhood (4,000/sq. mi.)",1.66,1.58,1.74,1.58–1.74,0.27,0.25,0.3,0.25–0.3,36
Indianapolis,IN,Multifamily,"5 units, 1,500 sq. ft. each",5,1500,"City neighborhood (4,000/sq. mi.)",1.6,1.43,1.77,1.43–1.77,0.56,0.44,0.67,0.44–0.67,37
Louisville,KY,Multifamily,"5 units, 1,500 sq. ft. each",5,1500,"City neighborhood (4,000/sq. mi.)",1.53,1.35,1.72,1.35–1.72,0.34,0.28,0.39,0.28–0.39,38
Reno,NV,Multifamily,"5 units, 1,500 sq. ft. each",5,1500,"City neighborhood (4,000/sq. mi.)",1.39,1.32,1.47,1.32–1.47,0.09,0.06,0.11,0.06–0.11,39
Grand Rapids,MI,Multifamily,"5 units, 1,500 sq. ft. each",5,1500,"City neighborhood (4,000/sq. mi.)",1.36,1.18,1.53,1.18–1.53,0.28,0.2,0.36,0.2–0.36,40
Raleigh,NC,Multifamily,"5 units, 1,500 sq. ft. each",5,1500,"City neighborhood (4,000/sq. mi.)",1.31,1.18,1.44,1.18–1.44,0.25,0.19,0.31,0.19–0.31,41
Miami,FL,Multifamily,"5 units, 1,500 sq. ft. each",5,1500,"Dense city neighborhood (10,000/sq. mi.)",6.2,5.31,7.08,5.31–7.08,2.09,1.64,2.54,1.64–2.54,1
San Francisco,CA,Multifamily,"5 units, 1,500 sq. ft. each",5,1500,"Dense city neighborhood (10,000/sq. mi.)",4.51,4.08,4.93,4.08–4.93,1.87,1.55,2.2,1.55–2.2,2
New York,NY,Multifamily,"5 units, 1,500 sq. ft. each",5,1500,"Dense city neighborhood (10,000/sq. mi.)",4.17,4.03,4.31,4.03–4.31,1.29,1.2,1.38,1.2–1.38,3
Los Angeles,CA,Multifamily,"5 units, 1,500 sq. ft. each",5,1500,"Dense city neighborhood (10,000/sq. mi.)",4.13,3.99,4.27,3.99–4.27,1.39,1.32,1.47,1.32–1.47,4
Oakland,CA,Multifamily,"5 units, 1,500 sq. ft. each",5,1500,"Dense city neighborhood (10,000/sq. mi.)",4.01,3.44,4.57,3.44–4.57,0.69,0.54,0.84,0.54–0.84,5
Boston,MA,Multifamily,"5 units, 1,500 sq. ft. each",5,1500,"Dense city neighborhood (10,000/sq. mi.)",3.51,3.27,3.75,3.27–3.75,1.73,1.54,1.91,1.54–1.91,6
Houston,TX,Multifamily,"5 units, 1,500 sq. ft. each",5,1500,"Dense city neighborhood (10,000/sq. mi.)",2.93,2.82,3.05,2.82–3.05,0.84,0.76,0.92,0.76–0.92,7
Seattle,WA,Multifamily,"5 units, 1,500 sq. ft. each",5,1500,"Dense city neighborhood (10,000/sq. mi.)",2.9,2.77,3.03,2.77–3.03,0.95,0.9,1.01,0.9–1.01,8
Durham,NC,Multifamily,"5 units, 1,500 sq. ft. each",5,1500,"Dense city neighborhood (10,000/sq. mi.)",2.79,2.29,3.3,2.29–3.3,0.21,0.14,0.28,0.14–0.28,9
Jersey City,NJ,Multifamily,"5 units, 1,500 sq. ft. each",5,1500,"Dense city neighborhood (10,000/sq. mi.)",2.74,2.23,3.24,2.23–3.24,0.32,0.11,0.53,0.11–0.53,10
Washington,DC,Multifamily,"5 units, 1,500 sq. ft. each",5,1500,"Dense city neighborhood (10,000/sq. mi.)",2.69,2.4,2.99,2.4–2.99,0.73,0.6,0.87,0.6–0.87,11
Philadelphia,PA,Multifamily,"5 units, 1,500 sq. ft. each",5,1500,"Dense city neighborhood (10,000/sq. mi.)",2.59,2.37,2.81,2.37–2.81,0.27,0.23,0.31,0.23–0.31,12
Boulder,CO,Multifamily,"5 units, 1,500 sq. ft. each",5,1500,"Dense city neighborhood (10,000/sq. mi.)",2.48,2.13,2.82,2.13–2.82,0.64,0.47,0.81,0.47–0.81,13
Sacramento,CA,Multifamily,"5 units, 1,500 sq. ft. each",5,1500,"Dense city neighborhood (10,000/sq. mi.)",2.42,2.09,2.75,2.09–2.75,0.9,0.69,1.12,0.69–1.12,14
Spokane,WA,Multifamily,"5 units, 1,500 sq. ft. each",5,1500,"Dense city neighborhood (10,000/sq. mi.)",2.41,1.86,2.96,1.86–2.96,0.24,0.15,0.33,0.15–0.33,15
Austin,TX,Multifamily,"5 units, 1,500 sq. ft. each",5,1500,"Dense city neighborhood (10,000/sq. mi.)",2.4,2.26,2.54,2.26–2.54,0.65,0.58,0.72,0.58–0.72,16
San Diego,CA,Multifamily,"5 units, 1,500 sq. ft. each",5,1500,"Dense city neighborhood (10,000/sq. mi.)",2.39,2.17,2.61,2.17–2.61,0.75,0.66,0.84,0.66–0.84,17
Phoenix,AZ,Multifamily,"5 units, 1,500 sq. ft. each",5,1500,"Dense city neighborhood (10,000/sq. mi.)",2.38,2.15,2.6,2.15–2.6,0.89,0.75,1.04,0.75–1.04,18
Portland,OR,Multifamily,"5 units, 1,500 sq. ft. each",5,1500,"Dense city neighborhood (10,000/sq. mi.)",2.36,2.17,2.54,2.17–2.54,0.85,0.75,0.95,0.75–0.95,19
Cincinnati,OH,Multifamily,"5 units, 1,500 sq. ft. each",5,1500,"Dense city neighborhood (10,000/sq. mi.)",2.35,1.84,2.86,1.84–2.86,0.53,0.28,0.78,0.28–0.78,20
Colorado Springs,CO,Multifamily,"5 units, 1,500 sq. ft. each",5,1500,"Dense city neighborhood (10,000/sq. mi.)",2.26,2.04,2.48,2.04–2.48,0.72,0.59,0.85,0.59–0.85,21
Nashville,TN,Multifamily,"5 units, 1,500 sq. ft. each",5,1500,"Dense city neighborhood (10,000/sq. mi.)",2.18,1.81,2.55,1.81–2.55,0.37,0.23,0.51,0.23–0.51,22
Denver,CO,Multifamily,"5 units, 1,500 sq. ft. each",5,1500,"Dense city neighborhood (10,000/sq. mi.)",2.13,1.96,2.3,1.96–2.3,0.52,0.44,0.6,0.44–0.6,23
Honolulu,HI,Multifamily,"5 units, 1,500 sq. ft. each",5,1500,"Dense city neighborhood (10,000/sq. mi.)",2.07,1.76,2.37,1.76–2.37,0.92,0.77,1.07,0.77–1.07,24
Boise,ID,Multifamily,"5 units, 1,500 sq. ft. each",5,1500,"Dense city neighborhood (10,000/sq. mi.)",2.05,1.68,2.43,1.68–2.43,0.74,0.46,1.01,0.46–1.01,25
Cleveland,OH,Multifamily,"5 units, 1,500 sq. ft. each",5,1500,"Dense city neighborhood (10,000/sq. mi.)",2.01,1.67,2.35,1.67–2.35,0.56,0.4,0.72,0.4–0.72,26
Atlanta,GA,Multifamily,"5 units, 1,500 sq. ft. each",5,1500,"Dense city neighborhood (10,000/sq. mi.)",1.94,1.72,2.17,1.72–2.17,1.43,1.06,1.79,1.06–1.79,27
Kansas City,MO,Multifamily,"5 units, 1,500 sq. ft. each",5,1500,"Dense city neighborhood (10,000/sq. mi.)",1.92,1.68,2.15,1.68–2.15,0.18,0.11,0.25,0.11–0.25,28
Jacksonville,FL,Multifamily,"5 units, 1,500 sq. ft. each",5,1500,"Dense city neighborhood (10,000/sq. mi.)",1.84,1.62,2.06,1.62–2.06,0.4,0.31,0.49,0.31–0.49,29
Louisville,KY,Multifamily,"5 units, 1,500 sq. ft. each",5,1500,"Dense city neighborhood (10,000/sq. mi.)",1.7,1.43,1.97,1.43–1.97,0.36,0.28,0.44,0.28–0.44,30
Fort Worth,TX,Multifamily,"5 units, 1,500 sq. ft. each",5,1500,"Dense city neighborhood (10,000/sq. mi.)",1.7,1.59,1.81,1.59–1.81,0.27,0.22,0.32,0.22–0.32,31
Sioux Falls,SD,Multifamily,"5 units, 1,500 sq. ft. each",5,1500,"Dense city neighborhood (10,000/sq. mi.)",1.68,1.45,1.92,1.45–1.92,0.25,0.18,0.32,0.18–0.32,32
Anaheim,CA,Multifamily,"5 units, 1,500 sq. ft. each",5,1500,"Dense city neighborhood (10,000/sq. mi.)",1.65,1.52,1.78,1.52–1.78,1,0.85,1.15,0.85–1.15,33
Tampa,FL,Multifamily,"5 units, 1,500 sq. ft. each",5,1500,"Dense city neighborhood (10,000/sq. mi.)",1.61,1.18,2.05,1.18–2.05,0.51,0.31,0.71,0.31–0.71,34
Columbus,OH,Multifamily,"5 units, 1,500 sq. ft. each",5,1500,"Dense city neighborhood (10,000/sq. mi.)",1.59,1.49,1.69,1.49–1.69,0.25,0.22,0.27,0.22–0.27,35
Orlando,FL,Multifamily,"5 units, 1,500 sq. ft. each",5,1500,"Dense city neighborhood (10,000/sq. mi.)",1.58,1.41,1.74,1.41–1.74,0.43,0.35,0.51,0.35–0.51,36
Indianapolis,IN,Multifamily,"5 units, 1,500 sq. ft. each",5,1500,"Dense city neighborhood (10,000/sq. mi.)",1.55,1.31,1.78,1.31–1.78,0.48,0.34,0.61,0.34–0.61,37
Reno,NV,Multifamily,"5 units, 1,500 sq. ft. each",5,1500,"Dense city neighborhood (10,000/sq. mi.)",1.35,1.26,1.43,1.26–1.43,0.07,0.05,0.09,0.05–0.09,38
Raleigh,NC,Multifamily,"5 units, 1,500 sq. ft. each",5,1500,"Dense city neighborhood (10,000/sq. mi.)",1.32,1.17,1.48,1.17–1.48,0.26,0.19,0.33,0.19–0.33,39
Grand Rapids,MI,Multifamily,"5 units, 1,500 sq. ft. each",5,1500,"Dense city neighborhood (10,000/sq. mi.)",1.26,1.03,1.49,1.03–1.49,0.28,0.16,0.4,0.16–0.4,40
Miami,FL,Multifamily,"5 units, 1,500 sq. ft. each",5,1500,"Urban core (25,000/sq. mi.)",6.7,5.6,7.8,5.6–7.8,2.19,1.65,2.74,1.65–2.74,1
San Francisco,CA,Multifamily,"5 units, 1,500 sq. ft. each",5,1500,"Urban core (25,000/sq. mi.)",4.35,3.93,4.77,3.93–4.77,1.93,1.61,2.25,1.61–2.25,2
Los Angeles,CA,Multifamily,"5 units, 1,500 sq. ft. each",5,1500,"Urban core (25,000/sq. mi.)",4.2,4.04,4.35,4.04–4.35,1.33,1.26,1.4,1.26–1.4,3
New York,NY,Multifamily,"5 units, 1,500 sq. ft. each",5,1500,"Urban core (25,000/sq. mi.)",4.13,4.02,4.25,4.02–4.25,1.23,1.17,1.3,1.17–1.3,4
Boston,MA,Multifamily,"5 units, 1,500 sq. ft. each",5,1500,"Urban core (25,000/sq. mi.)",3.73,3.46,3.99,3.46–3.99,1.88,1.68,2.08,1.68–2.08,5
Oakland,CA,Multifamily,"5 units, 1,500 sq. ft. each",5,1500,"Urban core (25,000/sq. mi.)",3.51,2.86,4.17,2.86–4.17,0.57,0.38,0.76,0.38–0.76,6
Houston,TX,Multifamily,"5 units, 1,500 sq. ft. each",5,1500,"Urban core (25,000/sq. mi.)",3.06,2.91,3.21,2.91–3.21,0.96,0.85,1.08,0.85–1.08,7
Seattle,WA,Multifamily,"5 units, 1,500 sq. ft. each",5,1500,"Urban core (25,000/sq. mi.)",2.86,2.7,3.01,2.7–3.01,0.96,0.89,1.03,0.89–1.03,8
Jersey City,NJ,Multifamily,"5 units, 1,500 sq. ft. each",5,1500,"Urban core (25,000/sq. mi.)",2.85,2.48,3.21,2.48–3.21,0.35,0.19,0.51,0.19–0.51,9
Durham,NC,Multifamily,"5 units, 1,500 sq. ft. each",5,1500,"Urban core (25,000/sq. mi.)",2.81,2.14,3.48,2.14–3.48,0.17,0.09,0.25,0.09–0.25,10
Washington,DC,Multifamily,"5 units, 1,500 sq. ft. each",5,1500,"Urban core (25,000/sq. mi.)",2.72,2.44,3.01,2.44–3.01,0.73,0.62,0.85,0.62–0.85,11
Philadelphia,PA,Multifamily,"5 units, 1,500 sq. ft. each",5,1500,"Urban core (25,000/sq. mi.)",2.6,2.38,2.81,2.38–2.81,0.26,0.23,0.3,0.23–0.3,12
Boulder,CO,Multifamily,"5 units, 1,500 sq. ft. each",5,1500,"Urban core (25,000/sq. mi.)",2.55,2.11,2.99,2.11–2.99,0.63,0.43,0.82,0.43–0.82,13
Spokane,WA,Multifamily,"5 units, 1,500 sq. ft. each",5,1500,"Urban core (25,000/sq. mi.)",2.54,1.82,3.26,1.82–3.26,0.18,0.1,0.26,0.1–0.26,14
Austin,TX,Multifamily,"5 units, 1,500 sq. ft. each",5,1500,"Urban core (25,000/sq. mi.)",2.47,2.29,2.64,2.29–2.64,0.65,0.56,0.73,0.56–0.73,15
San Diego,CA,Multifamily,"5 units, 1,500 sq. ft. each",5,1500,"Urban core (25,000/sq. mi.)",2.46,2.21,2.71,2.21–2.71,0.82,0.71,0.94,0.71–0.94,16
Sacramento,CA,Multifamily,"5 units, 1,500 sq. ft. each",5,1500,"Urban core (25,000/sq. mi.)",2.39,2.03,2.74,2.03–2.74,0.87,0.64,1.1,0.64–1.1,17
Phoenix,AZ,Multifamily,"5 units, 1,500 sq. ft. each",5,1500,"Urban core (25,000/sq. mi.)",2.3,2.04,2.56,2.04–2.56,0.83,0.67,0.99,0.67–0.99,18
Portland,OR,Multifamily,"5 units, 1,500 sq. ft. each",5,1500,"Urban core (25,000/sq. mi.)",2.29,2.09,2.49,2.09–2.49,0.84,0.73,0.94,0.73–0.94,19
Colorado Springs,CO,Multifamily,"5 units, 1,500 sq. ft. each",5,1500,"Urban core (25,000/sq. mi.)",2.28,2.03,2.53,2.03–2.53,0.73,0.58,0.88,0.58–0.88,20
Nashville,TN,Multifamily,"5 units, 1,500 sq. ft. each",5,1500,"Urban core (25,000/sq. mi.)",2.16,1.7,2.61,1.7–2.61,0.33,0.17,0.49,0.17–0.49,21
Denver,CO,Multifamily,"5 units, 1,500 sq. ft. each",5,1500,"Urban core (25,000/sq. mi.)",2.13,1.95,2.3,1.95–2.3,0.54,0.44,0.63,0.44–0.63,22
Cleveland,OH,Multifamily,"5 units, 1,500 sq. ft. each",5,1500,"Urban core (25,000/sq. mi.)",2.02,1.53,2.5,1.53–2.5,0.6,0.37,0.82,0.37–0.82,23
Jacksonville,FL,Multifamily,"5 units, 1,500 sq. ft. each",5,1500,"Urban core (25,000/sq. mi.)",2.02,1.74,2.29,1.74–2.29,0.45,0.33,0.56,0.33–0.56,24
Honolulu,HI,Multifamily,"5 units, 1,500 sq. ft. each",5,1500,"Urban core (25,000/sq. mi.)",1.98,1.64,2.32,1.64–2.32,0.98,0.8,1.17,0.8–1.17,25
Boise,ID,Multifamily,"5 units, 1,500 sq. ft. each",5,1500,"Urban core (25,000/sq. mi.)",1.96,1.57,2.34,1.57–2.34,0.75,0.43,1.07,0.43–1.07,26
Kansas City,MO,Multifamily,"5 units, 1,500 sq. ft. each",5,1500,"Urban core (25,000/sq. mi.)",1.91,1.6,2.22,1.6–2.22,0.16,0.08,0.23,0.08–0.23,27
Atlanta,GA,Multifamily,"5 units, 1,500 sq. ft. each",5,1500,"Urban core (25,000/sq. mi.)",1.88,1.64,2.13,1.64–2.13,1.43,0.99,1.87,0.99–1.87,28
Louisville,KY,Multifamily,"5 units, 1,500 sq. ft. each",5,1500,"Urban core (25,000/sq. mi.)",1.88,1.49,2.27,1.49–2.27,0.38,0.27,0.49,0.27–0.49,29
Fort Worth,TX,Multifamily,"5 units, 1,500 sq. ft. each",5,1500,"Urban core (25,000/sq. mi.)",1.7,1.56,1.84,1.56–1.84,0.27,0.21,0.33,0.21–0.33,30
Sioux Falls,SD,Multifamily,"5 units, 1,500 sq. ft. each",5,1500,"Urban core (25,000/sq. mi.)",1.65,1.36,1.93,1.36–1.93,0.23,0.15,0.3,0.15–0.3,31
Anaheim,CA,Multifamily,"5 units, 1,500 sq. ft. each",5,1500,"Urban core (25,000/sq. mi.)",1.59,1.37,1.8,1.37–1.8,0.78,0.58,0.98,0.58–0.98,32
Columbus,OH,Multifamily,"5 units, 1,500 sq. ft. each",5,1500,"Urban core (25,000/sq. mi.)",1.52,1.39,1.66,1.39–1.66,0.22,0.19,0.25,0.19–0.25,33
Indianapolis,IN,Multifamily,"5 units, 1,500 sq. ft. each",5,1500,"Urban core (25,000/sq. mi.)",1.5,1.18,1.82,1.18–1.82,0.41,0.25,0.57,0.25–0.57,34
Orlando,FL,Multifamily,"5 units, 1,500 sq. ft. each",5,1500,"Urban core (25,000/sq. mi.)",1.4,1.23,1.57,1.23–1.57,0.34,0.27,0.41,0.27–0.41,35
Raleigh,NC,Multifamily,"5 units, 1,500 sq. ft. each",5,1500,"Urban core (25,000/sq. mi.)",1.34,1.15,1.53,1.15–1.53,0.27,0.19,0.35,0.19–0.35,36
Reno,NV,Multifamily,"5 units, 1,500 sq. ft. each",5,1500,"Urban core (25,000/sq. mi.)",1.3,1.21,1.4,1.21–1.4,0.06,0.04,0.08,0.04–0.08,37
Grand Rapids,MI,Multifamily,"5 units, 1,500 sq. ft. each",5,1500,"Urban core (25,000/sq. mi.)",1.17,0.87,1.47,0.87–1.47,0.28,0.1,0.46,0.1–0.46,38
Oakland,CA,Multifamily,"10 units, 700 sq. ft. each",10,700,"Low-density suburb (1,000/sq. mi.)",6.07,4.74,7.4,4.74–7.4,1.55,0.87,2.24,0.87–2.24,1
San Francisco,CA,Multifamily,"10 units, 700 sq. ft. each",10,700,"Low-density suburb (1,000/sq. mi.)",4.93,4.26,5.6,4.26–5.6,1.49,1.09,1.9,1.09–1.9,2
New York,NY,Multifamily,"10 units, 700 sq. ft. each",10,700,"Low-density suburb (1,000/sq. mi.)",4.25,4,4.5,4–4.5,1.42,1.24,1.6,1.24–1.6,3
Los Angeles,CA,Multifamily,"10 units, 700 sq. ft. each",10,700,"Low-density suburb (1,000/sq. mi.)",3.78,3.52,4.03,3.52–4.03,1.65,1.48,1.82,1.48–1.82,4
Tulsa,OK,Multifamily,"10 units, 700 sq. ft. each",10,700,"Low-density suburb (1,000/sq. mi.)",3.39,2.75,4.04,2.75–4.04,0.68,0.44,0.91,0.44–0.91,5
Boston,MA,Multifamily,"10 units, 700 sq. ft. each",10,700,"Low-density suburb (1,000/sq. mi.)",3.27,2.83,3.71,2.83–3.71,1.51,1.18,1.83,1.18–1.83,6
Seattle,WA,Multifamily,"10 units, 700 sq. ft. each",10,700,"Low-density suburb (1,000/sq. mi.)",3.15,2.8,3.49,2.8–3.49,0.97,0.82,1.11,0.82–1.11,7
Baton Rouge,LA,Multifamily,"10 units, 700 sq. ft. each",10,700,"Low-density suburb (1,000/sq. mi.)",2.86,1.89,3.84,1.89–3.84,0.48,0.26,0.7,0.26–0.7,8
Sacramento,CA,Multifamily,"10 units, 700 sq. ft. each",10,700,"Low-density suburb (1,000/sq. mi.)",2.86,2.54,3.18,2.54–3.18,1.01,0.82,1.2,0.82–1.2,9
Philadelphia,PA,Multifamily,"10 units, 700 sq. ft. each",10,700,"Low-density suburb (1,000/sq. mi.)",2.78,2.29,3.27,2.29–3.27,0.29,0.19,0.39,0.19–0.39,10
Washington,DC,Multifamily,"10 units, 700 sq. ft. each",10,700,"Low-density suburb (1,000/sq. mi.)",2.74,2.16,3.33,2.16–3.33,0.76,0.48,1.03,0.48–1.03,11
Durham,NC,Multifamily,"10 units, 700 sq. ft. each",10,700,"Low-density suburb (1,000/sq. mi.)",2.73,2.42,3.04,2.42–3.04,0.42,0.34,0.49,0.34–0.49,12
Honolulu,HI,Multifamily,"10 units, 700 sq. ft. each",10,700,"Low-density suburb (1,000/sq. mi.)",2.58,2.33,2.84,2.33–2.84,0.87,0.77,0.96,0.77–0.96,13
Houston,TX,Multifamily,"10 units, 700 sq. ft. each",10,700,"Low-density suburb (1,000/sq. mi.)",2.55,2.43,2.66,2.43–2.66,0.55,0.49,0.6,0.49–0.6,14
Phoenix,AZ,Multifamily,"10 units, 700 sq. ft. each",10,700,"Low-density suburb (1,000/sq. mi.)",2.4,2.21,2.59,2.21–2.59,0.96,0.83,1.09,0.83–1.09,15
San Diego,CA,Multifamily,"10 units, 700 sq. ft. each",10,700,"Low-density suburb (1,000/sq. mi.)",2.35,2.14,2.57,2.14–2.57,0.61,0.52,0.7,0.52–0.7,16
Denver,CO,Multifamily,"10 units, 700 sq. ft. each",10,700,"Low-density suburb (1,000/sq. mi.)",2.32,2.16,2.48,2.16–2.48,0.53,0.45,0.61,0.45–0.61,17
Portland,OR,Multifamily,"10 units, 700 sq. ft. each",10,700,"Low-density suburb (1,000/sq. mi.)",2.26,2.14,2.39,2.14–2.39,0.85,0.78,0.92,0.78–0.92,18
Austin,TX,Multifamily,"10 units, 700 sq. ft. each",10,700,"Low-density suburb (1,000/sq. mi.)",2.23,2.14,2.31,2.14–2.31,0.69,0.64,0.74,0.64–0.74,19
Boise,ID,Multifamily,"10 units, 700 sq. ft. each",10,700,"Low-density suburb (1,000/sq. mi.)",2.22,1.93,2.51,1.93–2.51,0.63,0.47,0.8,0.47–0.8,20
Orlando,FL,Multifamily,"10 units, 700 sq. ft. each",10,700,"Low-density suburb (1,000/sq. mi.)",2.11,1.94,2.29,1.94–2.29,0.63,0.52,0.73,0.52–0.73,21
Boulder,CO,Multifamily,"10 units, 700 sq. ft. each",10,700,"Low-density suburb (1,000/sq. mi.)",2.06,1.83,2.29,1.83–2.29,0.59,0.47,0.7,0.47–0.7,22
Tampa,FL,Multifamily,"10 units, 700 sq. ft. each",10,700,"Low-density suburb (1,000/sq. mi.)",2.04,1.32,2.77,1.32–2.77,0.5,0.27,0.72,0.27–0.72,23
Sioux Falls,SD,Multifamily,"10 units, 700 sq. ft. each",10,700,"Low-density suburb (1,000/sq. mi.)",1.99,1.79,2.18,1.79–2.18,0.28,0.24,0.32,0.24–0.32,24
Nashville,TN,Multifamily,"10 units, 700 sq. ft. each",10,700,"Low-density suburb (1,000/sq. mi.)",1.97,1.8,2.13,1.8–2.13,0.48,0.4,0.56,0.4–0.56,25
Atlanta,GA,Multifamily,"10 units, 700 sq. ft. each",10,700,"Low-density suburb (1,000/sq. mi.)",1.95,1.66,2.24,1.66–2.24,0.82,0.57,1.08,0.57–1.08,26
Spokane,WA,Multifamily,"10 units, 700 sq. ft. each",10,700,"Low-density suburb (1,000/sq. mi.)",1.94,1.08,2.79,1.08–2.79,0.44,0.29,0.58,0.29–0.58,27
Anaheim,CA,Multifamily,"10 units, 700 sq. ft. each",10,700,"Low-density suburb (1,000/sq. mi.)",1.87,1.45,2.29,1.45–2.29,1.62,1,2.25,1–2.25,28
Kansas City,MO,Multifamily,"10 units, 700 sq. ft. each",10,700,"Low-density suburb (1,000/sq. mi.)",1.87,1.73,2.01,1.73–2.01,0.24,0.2,0.28,0.2–0.28,29
Charleston,SC,Multifamily,"10 units, 700 sq. ft. each",10,700,"Low-density suburb (1,000/sq. mi.)",1.83,1.59,2.08,1.59–2.08,0.21,0.13,0.28,0.13–0.28,30
Cleveland,OH,Multifamily,"10 units, 700 sq. ft. each",10,700,"Low-density suburb (1,000/sq. mi.)",1.79,1.37,2.22,1.37–2.22,0.39,0.2,0.58,0.2–0.58,31
Columbus,OH,Multifamily,"10 units, 700 sq. ft. each",10,700,"Low-density suburb (1,000/sq. mi.)",1.73,1.63,1.82,1.63–1.82,0.36,0.32,0.39,0.32–0.39,32
Grand Rapids,MI,Multifamily,"10 units, 700 sq. ft. each",10,700,"Low-density suburb (1,000/sq. mi.)",1.67,1.43,1.91,1.43–1.91,0.27,0.17,0.38,0.17–0.38,33
Fort Worth,TX,Multifamily,"10 units, 700 sq. ft. each",10,700,"Low-density suburb (1,000/sq. mi.)",1.67,1.6,1.74,1.6–1.74,0.23,0.2,0.26,0.2–0.26,34
Indianapolis,IN,Multifamily,"10 units, 700 sq. ft. each",10,700,"Low-density suburb (1,000/sq. mi.)",1.64,1.46,1.82,1.46–1.82,0.64,0.52,0.76,0.52–0.76,35
Colorado Springs,CO,Multifamily,"10 units, 700 sq. ft. each",10,700,"Low-density suburb (1,000/sq. mi.)",1.6,1.36,1.83,1.36–1.83,0.39,0.28,0.5,0.28–0.5,36
Reno,NV,Multifamily,"10 units, 700 sq. ft. each",10,700,"Low-density suburb (1,000/sq. mi.)",1.48,1.41,1.54,1.41–1.54,0.14,0.12,0.17,0.12–0.17,37
Jacksonville,FL,Multifamily,"10 units, 700 sq. ft. each",10,700,"Low-density suburb (1,000/sq. mi.)",1.45,1.34,1.56,1.34–1.56,0.32,0.28,0.36,0.28–0.36,38
Louisville,KY,Multifamily,"10 units, 700 sq. ft. each",10,700,"Low-density suburb (1,000/sq. mi.)",1.35,1.25,1.46,1.25–1.46,0.32,0.28,0.36,0.28–0.36,39
Raleigh,NC,Multifamily,"10 units, 700 sq. ft. each",10,700,"Low-density suburb (1,000/sq. mi.)",1.29,1.14,1.43,1.14–1.43,0.21,0.16,0.26,0.16–0.26,40
Miami,FL,Multifamily,"10 units, 700 sq. ft. each",10,700,"City neighborhood (4,000/sq. mi.)",5.36,4.36,6.36,4.36–6.36,1.83,1.28,2.37,1.28–2.37,1
Oakland,CA,Multifamily,"10 units, 700 sq. ft. each",10,700,"City neighborhood (4,000/sq. mi.)",4.98,4.1,5.86,4.1–5.86,1.17,0.83,1.5,0.83–1.5,2
San Francisco,CA,Multifamily,"10 units, 700 sq. ft. each",10,700,"City neighborhood (4,000/sq. mi.)",4.67,4.14,5.19,4.14–5.19,1.56,1.24,1.89,1.24–1.89,3
New York,NY,Multifamily,"10 units, 700 sq. ft. each",10,700,"City neighborhood (4,000/sq. mi.)",4.19,4.01,4.37,4.01–4.37,1.33,1.21,1.45,1.21–1.45,4
Los Angeles,CA,Multifamily,"10 units, 700 sq. ft. each",10,700,"City neighborhood (4,000/sq. mi.)",3.87,3.69,4.06,3.69–4.06,1.54,1.42,1.65,1.42–1.65,5
Boston,MA,Multifamily,"10 units, 700 sq. ft. each",10,700,"City neighborhood (4,000/sq. mi.)",3.59,3.25,3.92,3.25–3.92,1.72,1.47,1.97,1.47–1.97,6
Baton Rouge,LA,Multifamily,"10 units, 700 sq. ft. each",10,700,"City neighborhood (4,000/sq. mi.)",3.11,2.22,3.99,2.22–3.99,0.68,0.45,0.9,0.45–0.9,7
Seattle,WA,Multifamily,"10 units, 700 sq. ft. each",10,700,"City neighborhood (4,000/sq. mi.)",3.07,2.89,3.25,2.89–3.25,0.98,0.9,1.05,0.9–1.05,8
Sacramento,CA,Multifamily,"10 units, 700 sq. ft. each",10,700,"City neighborhood (4,000/sq. mi.)",2.8,2.47,3.12,2.47–3.12,0.96,0.77,1.15,0.77–1.15,9
Philadelphia,PA,Multifamily,"10 units, 700 sq. ft. each",10,700,"City neighborhood (4,000/sq. mi.)",2.79,2.48,3.1,2.48–3.1,0.28,0.22,0.34,0.22–0.34,10
Washington,DC,Multifamily,"10 units, 700 sq. ft. each",10,700,"City neighborhood (4,000/sq. mi.)",2.79,2.43,3.15,2.43–3.15,0.76,0.59,0.93,0.59–0.93,11
Durham,NC,Multifamily,"10 units, 700 sq. ft. each",10,700,"City neighborhood (4,000/sq. mi.)",2.75,2.39,3.11,2.39–3.11,0.3,0.24,0.36,0.24–0.36,12
Jersey City,NJ,Multifamily,"10 units, 700 sq. ft. each",10,700,"City neighborhood (4,000/sq. mi.)",2.74,2.06,3.41,2.06–3.41,0.3,0.05,0.54,0.05–0.54,13
Houston,TX,Multifamily,"10 units, 700 sq. ft. each",10,700,"City neighborhood (4,000/sq. mi.)",2.71,2.62,2.79,2.62–2.79,0.67,0.63,0.72,0.63–0.72,14
San Diego,CA,Multifamily,"10 units, 700 sq. ft. each",10,700,"City neighborhood (4,000/sq. mi.)",2.46,2.28,2.64,2.28–2.64,0.7,0.63,0.77,0.63–0.77,15
Tulsa,OK,Multifamily,"10 units, 700 sq. ft. each",10,700,"City neighborhood (4,000/sq. mi.)",2.44,2.06,2.81,2.06–2.81,0.8,0.57,1.03,0.57–1.03,16
Honolulu,HI,Multifamily,"10 units, 700 sq. ft. each",10,700,"City neighborhood (4,000/sq. mi.)",2.42,2.15,2.68,2.15–2.68,0.95,0.82,1.08,0.82–1.08,17
Austin,TX,Multifamily,"10 units, 700 sq. ft. each",10,700,"City neighborhood (4,000/sq. mi.)",2.32,2.23,2.41,2.23–2.41,0.69,0.64,0.74,0.64–0.74,18
Denver,CO,Multifamily,"10 units, 700 sq. ft. each",10,700,"City neighborhood (4,000/sq. mi.)",2.32,2.17,2.47,2.17–2.47,0.55,0.48,0.62,0.48–0.62,19
Phoenix,AZ,Multifamily,"10 units, 700 sq. ft. each",10,700,"City neighborhood (4,000/sq. mi.)",2.28,2.08,2.48,2.08–2.48,0.86,0.73,0.98,0.73–0.98,20
Portland,OR,Multifamily,"10 units, 700 sq. ft. each",10,700,"City neighborhood (4,000/sq. mi.)",2.17,2.08,2.26,2.08–2.26,0.83,0.77,0.89,0.77–0.89,21
Charleston,SC,Multifamily,"10 units, 700 sq. ft. each",10,700,"City neighborhood (4,000/sq. mi.)",2.16,1.8,2.52,1.8–2.52,0.39,0.16,0.61,0.16–0.61,22
Boulder,CO,Multifamily,"10 units, 700 sq. ft. each",10,700,"City neighborhood (4,000/sq. mi.)",2.15,1.84,2.45,1.84–2.45,0.57,0.43,0.71,0.43–0.71,23
Spokane,WA,Multifamily,"10 units, 700 sq. ft. each",10,700,"City neighborhood (4,000/sq. mi.)",2.09,1.59,2.6,1.59–2.6,0.28,0.2,0.36,0.2–0.36,24
Boise,ID,Multifamily,"10 units, 700 sq. ft. each",10,700,"City neighborhood (4,000/sq. mi.)",2.06,1.76,2.37,1.76–2.37,0.66,0.46,0.85,0.46–0.85,25
Nashville,TN,Multifamily,"10 units, 700 sq. ft. each",10,700,"City neighborhood (4,000/sq. mi.)",1.93,1.73,2.14,1.73–2.14,0.4,0.3,0.5,0.3–0.5,26
Sioux Falls,SD,Multifamily,"10 units, 700 sq. ft. each",10,700,"City neighborhood (4,000/sq. mi.)",1.93,1.73,2.13,1.73–2.13,0.24,0.2,0.29,0.2–0.29,27
St. Paul,MN,Multifamily,"10 units, 700 sq. ft. each",10,700,"City neighborhood (4,000/sq. mi.)",1.86,1.07,2.66,1.07–2.66,0.28,0.13,0.42,0.13–0.42,28
Tampa,FL,Multifamily,"10 units, 700 sq. ft. each",10,700,"City neighborhood (4,000/sq. mi.)",1.86,1.53,2.2,1.53–2.2,0.52,0.42,0.63,0.42–0.63,29
Atlanta,GA,Multifamily,"10 units, 700 sq. ft. each",10,700,"City neighborhood (4,000/sq. mi.)",1.86,1.67,2.05,1.67–2.05,0.83,0.66,1,0.66–1,30
Kansas City,MO,Multifamily,"10 units, 700 sq. ft. each",10,700,"City neighborhood (4,000/sq. mi.)",1.86,1.67,2.04,1.67–2.04,0.19,0.14,0.24,0.14–0.24,31
Cleveland,OH,Multifamily,"10 units, 700 sq. ft. each",10,700,"City neighborhood (4,000/sq. mi.)",1.8,1.56,2.05,1.56–2.05,0.43,0.31,0.55,0.31–0.55,32
Orlando,FL,Multifamily,"10 units, 700 sq. ft. each",10,700,"City neighborhood (4,000/sq. mi.)",1.76,1.6,1.92,1.6–1.92,0.44,0.36,0.52,0.36–0.52,33
Anaheim,CA,Multifamily,"10 units, 700 sq. ft. each",10,700,"City neighborhood (4,000/sq. mi.)",1.76,1.57,1.95,1.57–1.95,1.12,0.91,1.33,0.91–1.33,34
Fort Worth,TX,Multifamily,"10 units, 700 sq. ft. each",10,700,"City neighborhood (4,000/sq. mi.)",1.68,1.6,1.75,1.6–1.75,0.23,0.2,0.26,0.2–0.26,35
Jacksonville,FL,Multifamily,"10 units, 700 sq. ft. each",10,700,"City neighborhood (4,000/sq. mi.)",1.66,1.53,1.8,1.53–1.8,0.38,0.32,0.43,0.32–0.43,36
Colorado Springs,CO,Multifamily,"10 units, 700 sq. ft. each",10,700,"City neighborhood (4,000/sq. mi.)",1.62,1.37,1.86,1.37–1.86,0.4,0.29,0.5,0.29–0.5,37
Columbus,OH,Multifamily,"10 units, 700 sq. ft. each",10,700,"City neighborhood (4,000/sq. mi.)",1.61,1.53,1.7,1.53–1.7,0.3,0.28,0.33,0.28–0.33,38
Louisville,KY,Multifamily,"10 units, 700 sq. ft. each",10,700,"City neighborhood (4,000/sq. mi.)",1.58,1.42,1.75,1.42–1.75,0.36,0.3,0.41,0.3–0.41,39
Indianapolis,IN,Multifamily,"10 units, 700 sq. ft. each",10,700,"City neighborhood (4,000/sq. mi.)",1.56,1.41,1.71,1.41–1.71,0.51,0.41,0.61,0.41–0.61,40
Grand Rapids,MI,Multifamily,"10 units, 700 sq. ft. each",10,700,"City neighborhood (4,000/sq. mi.)",1.49,1.32,1.67,1.32–1.67,0.27,0.2,0.35,0.2–0.35,41
Reno,NV,Multifamily,"10 units, 700 sq. ft. each",10,700,"City neighborhood (4,000/sq. mi.)",1.4,1.35,1.46,1.35–1.46,0.11,0.09,0.13,0.09–0.13,42
Raleigh,NC,Multifamily,"10 units, 700 sq. ft. each",10,700,"City neighborhood (4,000/sq. mi.)",1.31,1.16,1.46,1.16–1.46,0.22,0.17,0.27,0.17–0.27,43
Miami,FL,Multifamily,"10 units, 700 sq. ft. each",10,700,"Dense city neighborhood (10,000/sq. mi.)",5.8,4.99,6.61,4.99–6.61,1.92,1.48,2.36,1.48–2.36,1
San Francisco,CA,Multifamily,"10 units, 700 sq. ft. each",10,700,"Dense city neighborhood (10,000/sq. mi.)",4.5,4.03,4.97,4.03–4.97,1.61,1.32,1.9,1.32–1.9,2
Oakland,CA,Multifamily,"10 units, 700 sq. ft. each",10,700,"Dense city neighborhood (10,000/sq. mi.)",4.36,3.57,5.15,3.57–5.15,0.97,0.72,1.21,0.72–1.21,3
New York,NY,Multifamily,"10 units, 700 sq. ft. each",10,700,"Dense city neighborhood (10,000/sq. mi.)",4.15,4.01,4.29,4.01–4.29,1.27,1.19,1.36,1.19–1.36,4
Los Angeles,CA,Multifamily,"10 units, 700 sq. ft. each",10,700,"Dense city neighborhood (10,000/sq. mi.)",3.94,3.78,4.1,3.78–4.1,1.47,1.37,1.56,1.37–1.56,5
Boston,MA,Multifamily,"10 units, 700 sq. ft. each",10,700,"Dense city neighborhood (10,000/sq. mi.)",3.81,3.51,4.12,3.51–4.12,1.88,1.66,2.1,1.66–2.1,6
Seattle,WA,Multifamily,"10 units, 700 sq. ft. each",10,700,"Dense city neighborhood (10,000/sq. mi.)",3.02,2.91,3.14,2.91–3.14,0.98,0.93,1.03,0.93–1.03,7
Jersey City,NJ,Multifamily,"10 units, 700 sq. ft. each",10,700,"Dense city neighborhood (10,000/sq. mi.)",2.84,2.39,3.29,2.39–3.29,0.32,0.15,0.5,0.15–0.5,8
Houston,TX,Multifamily,"10 units, 700 sq. ft. each",10,700,"Dense city neighborhood (10,000/sq. mi.)",2.82,2.72,2.92,2.72–2.92,0.77,0.71,0.84,0.71–0.84,9
Washington,DC,Multifamily,"10 units, 700 sq. ft. each",10,700,"Dense city neighborhood (10,000/sq. mi.)",2.81,2.56,3.07,2.56–3.07,0.76,0.65,0.88,0.65–0.88,10
Philadelphia,PA,Multifamily,"10 units, 700 sq. ft. each",10,700,"Dense city neighborhood (10,000/sq. mi.)",2.8,2.58,3.02,2.58–3.02,0.28,0.24,0.32,0.24–0.32,11
Durham,NC,Multifamily,"10 units, 700 sq. ft. each",10,700,"Dense city neighborhood (10,000/sq. mi.)",2.77,2.27,3.26,2.27–3.26,0.24,0.17,0.31,0.17–0.31,12
Sacramento,CA,Multifamily,"10 units, 700 sq. ft. each",10,700,"Dense city neighborhood (10,000/sq. mi.)",2.76,2.41,3.1,2.41–3.1,0.93,0.73,1.13,0.73–1.13,13
San Diego,CA,Multifamily,"10 units, 700 sq. ft. each",10,700,"Dense city neighborhood (10,000/sq. mi.)",2.54,2.35,2.73,2.35–2.73,0.77,0.69,0.84,0.69–0.84,14
Austin,TX,Multifamily,"10 units, 700 sq. ft. each",10,700,"Dense city neighborhood (10,000/sq. mi.)",2.38,2.27,2.49,2.27–2.49,0.69,0.63,0.75,0.63–0.75,15
Honolulu,HI,Multifamily,"10 units, 700 sq. ft. each",10,700,"Dense city neighborhood (10,000/sq. mi.)",2.31,2.01,2.61,2.01–2.61,1.01,0.85,1.18,0.85–1.18,16
Denver,CO,Multifamily,"10 units, 700 sq. ft. each",10,700,"Dense city neighborhood (10,000/sq. mi.)",2.31,2.16,2.47,2.16–2.47,0.57,0.49,0.64,0.49–0.64,17
Boulder,CO,Multifamily,"10 units, 700 sq. ft. each",10,700,"Dense city neighborhood (10,000/sq. mi.)",2.21,1.83,2.59,1.83–2.59,0.56,0.4,0.71,0.4–0.71,18
Spokane,WA,Multifamily,"10 units, 700 sq. ft. each",10,700,"Dense city neighborhood (10,000/sq. mi.)",2.2,1.77,2.64,1.77–2.64,0.21,0.14,0.28,0.14–0.28,19
Phoenix,AZ,Multifamily,"10 units, 700 sq. ft. each",10,700,"Dense city neighborhood (10,000/sq. mi.)",2.2,1.98,2.43,1.98–2.43,0.79,0.65,0.93,0.65–0.93,20
Portland,OR,Multifamily,"10 units, 700 sq. ft. each",10,700,"Dense city neighborhood (10,000/sq. mi.)",2.11,2.02,2.2,2.02–2.2,0.82,0.76,0.88,0.76–0.88,21
Boise,ID,Multifamily,"10 units, 700 sq. ft. each",10,700,"Dense city neighborhood (10,000/sq. mi.)",1.97,1.65,2.29,1.65–2.29,0.67,0.44,0.9,0.44–0.9,22
St. Paul,MN,Multifamily,"10 units, 700 sq. ft. each",10,700,"Dense city neighborhood (10,000/sq. mi.)",1.92,1.07,2.77,1.07–2.77,0.21,0.1,0.32,0.1–0.32,23
Nashville,TN,Multifamily,"10 units, 700 sq. ft. each",10,700,"Dense city neighborhood (10,000/sq. mi.)",1.91,1.64,2.19,1.64–2.19,0.36,0.23,0.48,0.23–0.48,24
Sioux Falls,SD,Multifamily,"10 units, 700 sq. ft. each",10,700,"Dense city neighborhood (10,000/sq. mi.)",1.89,1.65,2.14,1.65–2.14,0.22,0.17,0.27,0.17–0.27,25
Kansas City,MO,Multifamily,"10 units, 700 sq. ft. each",10,700,"Dense city neighborhood (10,000/sq. mi.)",1.85,1.6,2.1,1.6–2.1,0.16,0.1,0.22,0.1–0.22,26
Jacksonville,FL,Multifamily,"10 units, 700 sq. ft. each",10,700,"Dense city neighborhood (10,000/sq. mi.)",1.82,1.65,1.99,1.65–1.99,0.42,0.35,0.5,0.35–0.5,27
Cleveland,OH,Multifamily,"10 units, 700 sq. ft. each",10,700,"Dense city neighborhood (10,000/sq. mi.)",1.81,1.52,2.09,1.52–2.09,0.46,0.34,0.58,0.34–0.58,28
Atlanta,GA,Multifamily,"10 units, 700 sq. ft. each",10,700,"Dense city neighborhood (10,000/sq. mi.)",1.8,1.63,1.98,1.63–1.98,0.83,0.66,1.01,0.66–1.01,29
Louisville,KY,Multifamily,"10 units, 700 sq. ft. each",10,700,"Dense city neighborhood (10,000/sq. mi.)",1.76,1.5,2.01,1.5–2.01,0.38,0.3,0.46,0.3–0.46,30
Tampa,FL,Multifamily,"10 units, 700 sq. ft. each",10,700,"Dense city neighborhood (10,000/sq. mi.)",1.75,1.28,2.23,1.28–2.23,0.54,0.35,0.73,0.35–0.73,31
Anaheim,CA,Multifamily,"10 units, 700 sq. ft. each",10,700,"Dense city neighborhood (10,000/sq. mi.)",1.69,1.51,1.86,1.51–1.86,0.88,0.72,1.04,0.72–1.04,32
Fort Worth,TX,Multifamily,"10 units, 700 sq. ft. each",10,700,"Dense city neighborhood (10,000/sq. mi.)",1.68,1.59,1.78,1.59–1.78,0.23,0.19,0.27,0.19–0.27,33
Colorado Springs,CO,Multifamily,"10 units, 700 sq. ft. each",10,700,"Dense city neighborhood (10,000/sq. mi.)",1.63,1.37,1.88,1.37–1.88,0.4,0.3,0.51,0.3–0.51,34
Orlando,FL,Multifamily,"10 units, 700 sq. ft. each",10,700,"Dense city neighborhood (10,000/sq. mi.)",1.56,1.4,1.72,1.4–1.72,0.35,0.28,0.43,0.28–0.43,35
Columbus,OH,Multifamily,"10 units, 700 sq. ft. each",10,700,"Dense city neighborhood (10,000/sq. mi.)",1.54,1.44,1.65,1.44–1.65,0.27,0.24,0.3,0.24–0.3,36
Indianapolis,IN,Multifamily,"10 units, 700 sq. ft. each",10,700,"Dense city neighborhood (10,000/sq. mi.)",1.51,1.29,1.73,1.29–1.73,0.44,0.31,0.56,0.31–0.56,37
Grand Rapids,MI,Multifamily,"10 units, 700 sq. ft. each",10,700,"Dense city neighborhood (10,000/sq. mi.)",1.39,1.16,1.62,1.16–1.62,0.27,0.16,0.38,0.16–0.38,38
Reno,NV,Multifamily,"10 units, 700 sq. ft. each",10,700,"Dense city neighborhood (10,000/sq. mi.)",1.36,1.29,1.42,1.29–1.42,0.09,0.07,0.11,0.07–0.11,39
Raleigh,NC,Multifamily,"10 units, 700 sq. ft. each",10,700,"Dense city neighborhood (10,000/sq. mi.)",1.32,1.15,1.5,1.15–1.5,0.23,0.17,0.29,0.17–0.29,40
Miami,FL,Multifamily,"10 units, 700 sq. ft. each",10,700,"Urban core (25,000/sq. mi.)",6.27,5.31,7.24,5.31–7.24,2.01,1.45,2.57,1.45–2.57,1
San Francisco,CA,Multifamily,"10 units, 700 sq. ft. each",10,700,"Urban core (25,000/sq. mi.)",4.34,3.9,4.78,3.9–4.78,1.66,1.38,1.94,1.38–1.94,2
New York,NY,Multifamily,"10 units, 700 sq. ft. each",10,700,"Urban core (25,000/sq. mi.)",4.12,4,4.23,4–4.23,1.22,1.16,1.28,1.16–1.28,3
Boston,MA,Multifamily,"10 units, 700 sq. ft. each",10,700,"Urban core (25,000/sq. mi.)",4.05,3.71,4.39,3.71–4.39,2.05,1.8,2.29,1.8–2.29,4
Los Angeles,CA,Multifamily,"10 units, 700 sq. ft. each",10,700,"Urban core (25,000/sq. mi.)",4.01,3.84,4.18,3.84–4.18,1.4,1.31,1.49,1.31–1.49,5
Oakland,CA,Multifamily,"10 units, 700 sq. ft. each",10,700,"Urban core (25,000/sq. mi.)",3.83,3.02,4.63,3.02–4.63,0.8,0.55,1.04,0.55–1.04,6
Seattle,WA,Multifamily,"10 units, 700 sq. ft. each",10,700,"Urban core (25,000/sq. mi.)",2.97,2.83,3.12,2.83–3.12,0.99,0.92,1.05,0.92–1.05,7
Jersey City,NJ,Multifamily,"10 units, 700 sq. ft. each",10,700,"Urban core (25,000/sq. mi.)",2.95,2.67,3.24,2.67–3.24,0.35,0.23,0.48,0.23–0.48,8
Houston,TX,Multifamily,"10 units, 700 sq. ft. each",10,700,"Urban core (25,000/sq. mi.)",2.94,2.8,3.07,2.8–3.07,0.89,0.79,0.99,0.79–0.99,9
Washington,DC,Multifamily,"10 units, 700 sq. ft. each",10,700,"Urban core (25,000/sq. mi.)",2.84,2.6,3.09,2.6–3.09,0.76,0.67,0.86,0.67–0.86,10
Philadelphia,PA,Multifamily,"10 units, 700 sq. ft. each",10,700,"Urban core (25,000/sq. mi.)",2.8,2.6,3,2.6–3,0.27,0.24,0.3,0.24–0.3,11
Durham,NC,Multifamily,"10 units, 700 sq. ft. each",10,700,"Urban core (25,000/sq. mi.)",2.78,2.13,3.44,2.13–3.44,0.2,0.12,0.27,0.12–0.27,12
Sacramento,CA,Multifamily,"10 units, 700 sq. ft. each",10,700,"Urban core (25,000/sq. mi.)",2.72,2.34,3.09,2.34–3.09,0.89,0.68,1.11,0.68–1.11,13
San Diego,CA,Multifamily,"10 units, 700 sq. ft. each",10,700,"Urban core (25,000/sq. mi.)",2.61,2.38,2.85,2.38–2.85,0.84,0.73,0.94,0.73–0.94,14
Austin,TX,Multifamily,"10 units, 700 sq. ft. each",10,700,"Urban core (25,000/sq. mi.)",2.45,2.31,2.59,2.31–2.59,0.69,0.61,0.76,0.61–0.76,15
Spokane,WA,Multifamily,"10 units, 700 sq. ft. each",10,700,"Urban core (25,000/sq. mi.)",2.32,1.68,2.96,1.68–2.96,0.16,0.09,0.22,0.09–0.22,16
Denver,CO,Multifamily,"10 units, 700 sq. ft. each",10,700,"Urban core (25,000/sq. mi.)",2.31,2.15,2.47,2.15–2.47,0.58,0.5,0.66,0.5–0.66,17
Boulder,CO,Multifamily,"10 units, 700 sq. ft. each",10,700,"Urban core (25,000/sq. mi.)",2.27,1.8,2.75,1.8–2.75,0.54,0.36,0.73,0.36–0.73,18
Honolulu,HI,Multifamily,"10 units, 700 sq. ft. each",10,700,"Urban core (25,000/sq. mi.)",2.21,1.87,2.56,1.87–2.56,1.08,0.87,1.28,0.87–1.28,19
Phoenix,AZ,Multifamily,"10 units, 700 sq. ft. each",10,700,"Urban core (25,000/sq. mi.)",2.13,1.87,2.38,1.87–2.38,0.74,0.58,0.89,0.58–0.89,20
Portland,OR,Multifamily,"10 units, 700 sq. ft. each",10,700,"Urban core (25,000/sq. mi.)",2.05,1.94,2.17,1.94–2.17,0.8,0.74,0.87,0.74–0.87,21
Jacksonville,FL,Multifamily,"10 units, 700 sq. ft. each",10,700,"Urban core (25,000/sq. mi.)",1.99,1.77,2.21,1.77–2.21,0.47,0.37,0.58,0.37–0.58,22
Louisville,KY,Multifamily,"10 units, 700 sq. ft. each",10,700,"Urban core (25,000/sq. mi.)",1.95,1.56,2.33,1.56–2.33,0.4,0.29,0.52,0.29–0.52,23
Nashville,TN,Multifamily,"10 units, 700 sq. ft. each",10,700,"Urban core (25,000/sq. mi.)",1.89,1.54,2.25,1.54–2.25,0.32,0.18,0.46,0.18–0.46,24
Boise,ID,Multifamily,"10 units, 700 sq. ft. each",10,700,"Urban core (25,000/sq. mi.)",1.87,1.53,2.21,1.53–2.21,0.69,0.41,0.96,0.41–0.96,25
Sioux Falls,SD,Multifamily,"10 units, 700 sq. ft. each",10,700,"Urban core (25,000/sq. mi.)",1.85,1.55,2.16,1.55–2.16,0.2,0.14,0.26,0.14–0.26,26
Kansas City,MO,Multifamily,"10 units, 700 sq. ft. each",10,700,"Urban core (25,000/sq. mi.)",1.84,1.51,2.17,1.51–2.17,0.14,0.07,0.2,0.07–0.2,27
Cleveland,OH,Multifamily,"10 units, 700 sq. ft. each",10,700,"Urban core (25,000/sq. mi.)",1.81,1.39,2.24,1.39–2.24,0.49,0.31,0.67,0.31–0.67,28
Atlanta,GA,Multifamily,"10 units, 700 sq. ft. each",10,700,"Urban core (25,000/sq. mi.)",1.75,1.54,1.96,1.54–1.96,0.84,0.61,1.06,0.61–1.06,29
Fort Worth,TX,Multifamily,"10 units, 700 sq. ft. each",10,700,"Urban core (25,000/sq. mi.)",1.69,1.56,1.82,1.56–1.82,0.23,0.18,0.28,0.18–0.28,30
Colorado Springs,CO,Multifamily,"10 units, 700 sq. ft. each",10,700,"Urban core (25,000/sq. mi.)",1.64,1.36,1.92,1.36–1.92,0.41,0.29,0.52,0.29–0.52,31
Anaheim,CA,Multifamily,"10 units, 700 sq. ft. each",10,700,"Urban core (25,000/sq. mi.)",1.62,1.35,1.9,1.35–1.9,0.69,0.48,0.89,0.48–0.89,32
Columbus,OH,Multifamily,"10 units, 700 sq. ft. each",10,700,"Urban core (25,000/sq. mi.)",1.48,1.34,1.62,1.34–1.62,0.24,0.21,0.28,0.21–0.28,33
Indianapolis,IN,Multifamily,"10 units, 700 sq. ft. each",10,700,"Urban core (25,000/sq. mi.)",1.46,1.16,1.76,1.16–1.76,0.37,0.23,0.52,0.23–0.52,34
Orlando,FL,Multifamily,"10 units, 700 sq. ft. each",10,700,"Urban core (25,000/sq. mi.)",1.38,1.22,1.55,1.22–1.55,0.28,0.22,0.35,0.22–0.35,35
Raleigh,NC,Multifamily,"10 units, 700 sq. ft. each",10,700,"Urban core (25,000/sq. mi.)",1.34,1.13,1.54,1.13–1.54,0.24,0.17,0.31,0.17–0.31,36
Reno,NV,Multifamily,"10 units, 700 sq. ft. each",10,700,"Urban core (25,000/sq. mi.)",1.31,1.22,1.4,1.22–1.4,0.08,0.06,0.1,0.06–0.1,37
Grand Rapids,MI,Multifamily,"10 units, 700 sq. ft. each",10,700,"Urban core (25,000/sq. mi.)",1.29,0.98,1.6,0.98–1.6,0.27,0.11,0.44,0.11–0.44,38
Oakland,CA,Multifamily,"10 units, 900 sq. ft. each",10,900,"Low-density suburb (1,000/sq. mi.)",5.86,4.78,6.94,4.78–6.94,1.4,0.88,1.92,0.88–1.92,1
San Francisco,CA,Multifamily,"10 units, 900 sq. ft. each",10,900,"Low-density suburb (1,000/sq. mi.)",4.97,4.36,5.59,4.36–5.59,1.52,1.13,1.91,1.13–1.91,2
New York,NY,Multifamily,"10 units, 900 sq. ft. each",10,900,"Low-density suburb (1,000/sq. mi.)",4.36,4.11,4.62,4.11–4.62,1.44,1.25,1.62,1.25–1.62,3
Los Angeles,CA,Multifamily,"10 units, 900 sq. ft. each",10,900,"Low-density suburb (1,000/sq. mi.)",3.88,3.64,4.12,3.64–4.12,1.63,1.48,1.79,1.48–1.79,4
Tulsa,OK,Multifamily,"10 units, 900 sq. ft. each",10,900,"Low-density suburb (1,000/sq. mi.)",3.43,2.77,4.09,2.77–4.09,0.7,0.46,0.94,0.46–0.94,5
Boston,MA,Multifamily,"10 units, 900 sq. ft. each",10,900,"Low-density suburb (1,000/sq. mi.)",3.25,2.83,3.67,2.83–3.67,1.47,1.17,1.78,1.17–1.78,6
Seattle,WA,Multifamily,"10 units, 900 sq. ft. each",10,900,"Low-density suburb (1,000/sq. mi.)",3.17,2.82,3.52,2.82–3.52,0.97,0.83,1.12,0.83–1.12,7
Baton Rouge,LA,Multifamily,"10 units, 900 sq. ft. each",10,900,"Low-density suburb (1,000/sq. mi.)",2.98,1.97,3.99,1.97–3.99,0.53,0.28,0.77,0.28–0.77,8
Sacramento,CA,Multifamily,"10 units, 900 sq. ft. each",10,900,"Low-density suburb (1,000/sq. mi.)",2.79,2.5,3.08,2.5–3.08,1,0.82,1.18,0.82–1.18,9
Philadelphia,PA,Multifamily,"10 units, 900 sq. ft. each",10,900,"Low-density suburb (1,000/sq. mi.)",2.78,2.3,3.26,2.3–3.26,0.29,0.2,0.39,0.2–0.39,10
Durham,NC,Multifamily,"10 units, 900 sq. ft. each",10,900,"Low-density suburb (1,000/sq. mi.)",2.75,2.5,3,2.5–3,0.41,0.36,0.47,0.36–0.47,11
Washington,DC,Multifamily,"10 units, 900 sq. ft. each",10,900,"Low-density suburb (1,000/sq. mi.)",2.71,2.13,3.29,2.13–3.29,0.75,0.48,1.03,0.48–1.03,12
Honolulu,HI,Multifamily,"10 units, 900 sq. ft. each",10,900,"Low-density suburb (1,000/sq. mi.)",2.65,2.4,2.89,2.4–2.89,0.9,0.81,1,0.81–1,13
Houston,TX,Multifamily,"10 units, 900 sq. ft. each",10,900,"Low-density suburb (1,000/sq. mi.)",2.57,2.46,2.68,2.46–2.68,0.55,0.5,0.61,0.5–0.61,14
Phoenix,AZ,Multifamily,"10 units, 900 sq. ft. each",10,900,"Low-density suburb (1,000/sq. mi.)",2.46,2.3,2.62,2.3–2.62,0.94,0.83,1.04,0.83–1.04,15
Portland,OR,Multifamily,"10 units, 900 sq. ft. each",10,900,"Low-density suburb (1,000/sq. mi.)",2.39,2.26,2.52,2.26–2.52,0.87,0.8,0.94,0.8–0.94,16
San Diego,CA,Multifamily,"10 units, 900 sq. ft. each",10,900,"Low-density suburb (1,000/sq. mi.)",2.35,2.13,2.57,2.13–2.57,0.62,0.53,0.71,0.53–0.71,17
Denver,CO,Multifamily,"10 units, 900 sq. ft. each",10,900,"Low-density suburb (1,000/sq. mi.)",2.31,2.15,2.46,2.15–2.46,0.52,0.44,0.6,0.44–0.6,18
Austin,TX,Multifamily,"10 units, 900 sq. ft. each",10,900,"Low-density suburb (1,000/sq. mi.)",2.28,2.21,2.36,2.21–2.36,0.7,0.66,0.74,0.66–0.74,19
Boise,ID,Multifamily,"10 units, 900 sq. ft. each",10,900,"Low-density suburb (1,000/sq. mi.)",2.24,1.94,2.53,1.94–2.53,0.62,0.46,0.78,0.46–0.78,20
Orlando,FL,Multifamily,"10 units, 900 sq. ft. each",10,900,"Low-density suburb (1,000/sq. mi.)",2.22,2.04,2.39,2.04–2.39,0.7,0.59,0.8,0.59–0.8,21
Boulder,CO,Multifamily,"10 units, 900 sq. ft. each",10,900,"Low-density suburb (1,000/sq. mi.)",2.17,1.97,2.37,1.97–2.37,0.63,0.53,0.73,0.53–0.73,22
Nashville,TN,Multifamily,"10 units, 900 sq. ft. each",10,900,"Low-density suburb (1,000/sq. mi.)",2.12,1.94,2.29,1.94–2.29,0.52,0.43,0.6,0.43–0.6,23
Charleston,SC,Multifamily,"10 units, 900 sq. ft. each",10,900,"Low-density suburb (1,000/sq. mi.)",2.1,1.74,2.46,1.74–2.46,0.37,0.21,0.53,0.21–0.53,24
Spokane,WA,Multifamily,"10 units, 900 sq. ft. each",10,900,"Low-density suburb (1,000/sq. mi.)",2.06,1.12,3,1.12–3,0.44,0.29,0.59,0.29–0.59,25
Tampa,FL,Multifamily,"10 units, 900 sq. ft. each",10,900,"Low-density suburb (1,000/sq. mi.)",2.04,1.34,2.74,1.34–2.74,0.49,0.27,0.7,0.27–0.7,26
Atlanta,GA,Multifamily,"10 units, 900 sq. ft. each",10,900,"Low-density suburb (1,000/sq. mi.)",2.01,1.71,2.32,1.71–2.32,0.87,0.59,1.15,0.59–1.15,27
Sioux Falls,SD,Multifamily,"10 units, 900 sq. ft. each",10,900,"Low-density suburb (1,000/sq. mi.)",1.93,1.74,2.13,1.74–2.13,0.29,0.24,0.34,0.24–0.34,28
Anaheim,CA,Multifamily,"10 units, 900 sq. ft. each",10,900,"Low-density suburb (1,000/sq. mi.)",1.91,1.5,2.33,1.5–2.33,1.62,1.01,2.22,1.01–2.22,29
Kansas City,MO,Multifamily,"10 units, 900 sq. ft. each",10,900,"Low-density suburb (1,000/sq. mi.)",1.91,1.79,2.03,1.79–2.03,0.25,0.21,0.29,0.21–0.29,30
Cleveland,OH,Multifamily,"10 units, 900 sq. ft. each",10,900,"Low-density suburb (1,000/sq. mi.)",1.89,1.44,2.34,1.44–2.34,0.43,0.22,0.63,0.22–0.63,31
Cincinnati,OH,Multifamily,"10 units, 900 sq. ft. each",10,900,"Low-density suburb (1,000/sq. mi.)",1.85,1.3,2.39,1.3–2.39,0.36,0.14,0.59,0.14–0.59,32
Colorado Springs,CO,Multifamily,"10 units, 900 sq. ft. each",10,900,"Low-density suburb (1,000/sq. mi.)",1.82,1.63,2.02,1.63–2.02,0.47,0.37,0.57,0.37–0.57,33
Columbus,OH,Multifamily,"10 units, 900 sq. ft. each",10,900,"Low-density suburb (1,000/sq. mi.)",1.78,1.7,1.87,1.7–1.87,0.35,0.32,0.39,0.32–0.39,34
Fort Worth,TX,Multifamily,"10 units, 900 sq. ft. each",10,900,"Low-density suburb (1,000/sq. mi.)",1.71,1.65,1.78,1.65–1.78,0.25,0.22,0.29,0.22–0.29,35
Indianapolis,IN,Multifamily,"10 units, 900 sq. ft. each",10,900,"Low-density suburb (1,000/sq. mi.)",1.7,1.52,1.88,1.52–1.88,0.66,0.54,0.78,0.54–0.78,36
Grand Rapids,MI,Multifamily,"10 units, 900 sq. ft. each",10,900,"Low-density suburb (1,000/sq. mi.)",1.67,1.45,1.89,1.45–1.89,0.28,0.18,0.38,0.18–0.38,37
Reno,NV,Multifamily,"10 units, 900 sq. ft. each",10,900,"Low-density suburb (1,000/sq. mi.)",1.52,1.46,1.58,1.46–1.58,0.15,0.12,0.17,0.12–0.17,38
Jacksonville,FL,Multifamily,"10 units, 900 sq. ft. each",10,900,"Low-density suburb (1,000/sq. mi.)",1.49,1.39,1.6,1.39–1.6,0.32,0.28,0.35,0.28–0.35,39
Louisville,KY,Multifamily,"10 units, 900 sq. ft. each",10,900,"Low-density suburb (1,000/sq. mi.)",1.4,1.3,1.51,1.3–1.51,0.34,0.3,0.38,0.3–0.38,40
Raleigh,NC,Multifamily,"10 units, 900 sq. ft. each",10,900,"Low-density suburb (1,000/sq. mi.)",1.33,1.21,1.45,1.21–1.45,0.22,0.17,0.27,0.17–0.27,41
Miami,FL,Multifamily,"10 units, 900 sq. ft. each",10,900,"City neighborhood (4,000/sq. mi.)",5.36,4.42,6.31,4.42–6.31,1.87,1.34,2.41,1.34–2.41,1
Oakland,CA,Multifamily,"10 units, 900 sq. ft. each",10,900,"City neighborhood (4,000/sq. mi.)",4.8,4.13,5.47,4.13–5.47,1.05,0.83,1.28,0.83–1.28,2
San Francisco,CA,Multifamily,"10 units, 900 sq. ft. each",10,900,"City neighborhood (4,000/sq. mi.)",4.71,4.24,5.17,4.24–5.17,1.59,1.29,1.89,1.29–1.89,3
New York,NY,Multifamily,"10 units, 900 sq. ft. each",10,900,"City neighborhood (4,000/sq. mi.)",4.31,4.13,4.48,4.13–4.48,1.34,1.23,1.46,1.23–1.46,4
Los Angeles,CA,Multifamily,"10 units, 900 sq. ft. each",10,900,"City neighborhood (4,000/sq. mi.)",3.98,3.82,4.14,3.82–4.14,1.52,1.42,1.62,1.42–1.62,5
Boston,MA,Multifamily,"10 units, 900 sq. ft. each",10,900,"City neighborhood (4,000/sq. mi.)",3.56,3.26,3.85,3.26–3.85,1.68,1.46,1.9,1.46–1.9,6
Baton Rouge,LA,Multifamily,"10 units, 900 sq. ft. each",10,900,"City neighborhood (4,000/sq. mi.)",3.23,2.33,4.14,2.33–4.14,0.74,0.5,0.98,0.5–0.98,7
Seattle,WA,Multifamily,"10 units, 900 sq. ft. each",10,900,"City neighborhood (4,000/sq. mi.)",3.09,2.92,3.27,2.92–3.27,0.98,0.9,1.06,0.9–1.06,8
Philadelphia,PA,Multifamily,"10 units, 900 sq. ft. each",10,900,"City neighborhood (4,000/sq. mi.)",2.79,2.49,3.08,2.49–3.08,0.29,0.23,0.34,0.23–0.34,9
Durham,NC,Multifamily,"10 units, 900 sq. ft. each",10,900,"City neighborhood (4,000/sq. mi.)",2.77,2.45,3.1,2.45–3.1,0.3,0.25,0.35,0.25–0.35,10
Washington,DC,Multifamily,"10 units, 900 sq. ft. each",10,900,"City neighborhood (4,000/sq. mi.)",2.75,2.4,3.1,2.4–3.1,0.75,0.59,0.92,0.59–0.92,11
Houston,TX,Multifamily,"10 units, 900 sq. ft. each",10,900,"City neighborhood (4,000/sq. mi.)",2.73,2.65,2.81,2.65–2.81,0.68,0.63,0.73,0.63–0.73,12
Sacramento,CA,Multifamily,"10 units, 900 sq. ft. each",10,900,"City neighborhood (4,000/sq. mi.)",2.73,2.44,3.02,2.44–3.02,0.95,0.78,1.12,0.78–1.12,13
Jersey City,NJ,Multifamily,"10 units, 900 sq. ft. each",10,900,"City neighborhood (4,000/sq. mi.)",2.72,2.05,3.39,2.05–3.39,0.3,0.06,0.55,0.06–0.55,14
Honolulu,HI,Multifamily,"10 units, 900 sq. ft. each",10,900,"City neighborhood (4,000/sq. mi.)",2.48,2.22,2.73,2.22–2.73,0.99,0.86,1.12,0.86–1.12,15
Tulsa,OK,Multifamily,"10 units, 900 sq. ft. each",10,900,"City neighborhood (4,000/sq. mi.)",2.46,2.08,2.84,2.08–2.84,0.83,0.59,1.07,0.59–1.07,16
San Diego,CA,Multifamily,"10 units, 900 sq. ft. each",10,900,"City neighborhood (4,000/sq. mi.)",2.46,2.28,2.64,2.28–2.64,0.71,0.64,0.78,0.64–0.78,17
Austin,TX,Multifamily,"10 units, 900 sq. ft. each",10,900,"City neighborhood (4,000/sq. mi.)",2.38,2.3,2.46,2.3–2.46,0.7,0.65,0.74,0.65–0.74,18
Phoenix,AZ,Multifamily,"10 units, 900 sq. ft. each",10,900,"City neighborhood (4,000/sq. mi.)",2.33,2.15,2.51,2.15–2.51,0.84,0.72,0.95,0.72–0.95,19
Denver,CO,Multifamily,"10 units, 900 sq. ft. each",10,900,"City neighborhood (4,000/sq. mi.)",2.3,2.16,2.45,2.16–2.45,0.54,0.48,0.61,0.48–0.61,20
Portland,OR,Multifamily,"10 units, 900 sq. ft. each",10,900,"City neighborhood (4,000/sq. mi.)",2.29,2.19,2.39,2.19–2.39,0.85,0.79,0.91,0.79–0.91,21
Boulder,CO,Multifamily,"10 units, 900 sq. ft. each",10,900,"City neighborhood (4,000/sq. mi.)",2.27,1.99,2.54,1.99–2.54,0.61,0.48,0.73,0.48–0.73,22
Spokane,WA,Multifamily,"10 units, 900 sq. ft. each",10,900,"City neighborhood (4,000/sq. mi.)",2.23,1.66,2.79,1.66–2.79,0.28,0.2,0.37,0.2–0.37,23
Nashville,TN,Multifamily,"10 units, 900 sq. ft. each",10,900,"City neighborhood (4,000/sq. mi.)",2.08,1.86,2.31,1.86–2.31,0.43,0.32,0.54,0.32–0.54,24
Boise,ID,Multifamily,"10 units, 900 sq. ft. each",10,900,"City neighborhood (4,000/sq. mi.)",2.08,1.78,2.38,1.78–2.38,0.64,0.46,0.83,0.46–0.83,25
Atlanta,GA,Multifamily,"10 units, 900 sq. ft. each",10,900,"City neighborhood (4,000/sq. mi.)",1.92,1.72,2.12,1.72–2.12,0.87,0.69,1.06,0.69–1.06,26
St. Paul,MN,Multifamily,"10 units, 900 sq. ft. each",10,900,"City neighborhood (4,000/sq. mi.)",1.92,1.1,2.75,1.1–2.75,0.29,0.14,0.44,0.14–0.44,27
Kansas City,MO,Multifamily,"10 units, 900 sq. ft. each",10,900,"City neighborhood (4,000/sq. mi.)",1.9,1.74,2.07,1.74–2.07,0.2,0.15,0.25,0.15–0.25,28
Cleveland,OH,Multifamily,"10 units, 900 sq. ft. each",10,900,"City neighborhood (4,000/sq. mi.)",1.9,1.64,2.16,1.64–2.16,0.47,0.35,0.6,0.35–0.6,29
Sioux Falls,SD,Multifamily,"10 units, 900 sq. ft. each",10,900,"City neighborhood (4,000/sq. mi.)",1.88,1.68,2.07,1.68–2.07,0.25,0.2,0.3,0.2–0.3,30
Tampa,FL,Multifamily,"10 units, 900 sq. ft. each",10,900,"City neighborhood (4,000/sq. mi.)",1.86,1.56,2.17,1.56–2.17,0.51,0.41,0.61,0.41–0.61,31
Orlando,FL,Multifamily,"10 units, 900 sq. ft. each",10,900,"City neighborhood (4,000/sq. mi.)",1.85,1.68,2.01,1.68–2.01,0.49,0.42,0.57,0.42–0.57,32
Colorado Springs,CO,Multifamily,"10 units, 900 sq. ft. each",10,900,"City neighborhood (4,000/sq. mi.)",1.84,1.65,2.04,1.65–2.04,0.48,0.39,0.57,0.39–0.57,33
Anaheim,CA,Multifamily,"10 units, 900 sq. ft. each",10,900,"City neighborhood (4,000/sq. mi.)",1.8,1.62,1.98,1.62–1.98,1.11,0.92,1.31,0.92–1.31,34
Fort Worth,TX,Multifamily,"10 units, 900 sq. ft. each",10,900,"City neighborhood (4,000/sq. mi.)",1.72,1.65,1.79,1.65–1.79,0.25,0.22,0.29,0.22–0.29,35
Jacksonville,FL,Multifamily,"10 units, 900 sq. ft. each",10,900,"City neighborhood (4,000/sq. mi.)",1.71,1.57,1.85,1.57–1.85,0.38,0.32,0.43,0.32–0.43,36
Columbus,OH,Multifamily,"10 units, 900 sq. ft. each",10,900,"City neighborhood (4,000/sq. mi.)",1.67,1.59,1.74,1.59–1.74,0.3,0.28,0.32,0.28–0.32,37
Louisville,KY,Multifamily,"10 units, 900 sq. ft. each",10,900,"City neighborhood (4,000/sq. mi.)",1.64,1.48,1.8,1.48–1.8,0.37,0.32,0.43,0.32–0.43,38
Indianapolis,IN,Multifamily,"10 units, 900 sq. ft. each",10,900,"City neighborhood (4,000/sq. mi.)",1.62,1.47,1.76,1.47–1.76,0.52,0.43,0.62,0.43–0.62,39
Grand Rapids,MI,Multifamily,"10 units, 900 sq. ft. each",10,900,"City neighborhood (4,000/sq. mi.)",1.49,1.34,1.65,1.34–1.65,0.28,0.21,0.35,0.21–0.35,40
Reno,NV,Multifamily,"10 units, 900 sq. ft. each",10,900,"City neighborhood (4,000/sq. mi.)",1.45,1.39,1.5,1.39–1.5,0.11,0.09,0.13,0.09–0.13,41
Raleigh,NC,Multifamily,"10 units, 900 sq. ft. each",10,900,"City neighborhood (4,000/sq. mi.)",1.35,1.22,1.48,1.22–1.48,0.24,0.18,0.29,0.18–0.29,42
Miami,FL,Multifamily,"10 units, 900 sq. ft. each",10,900,"Dense city neighborhood (10,000/sq. mi.)",5.8,5.05,6.55,5.05–6.55,1.96,1.55,2.38,1.55–2.38,1
San Francisco,CA,Multifamily,"10 units, 900 sq. ft. each",10,900,"Dense city neighborhood (10,000/sq. mi.)",4.54,4.13,4.95,4.13–4.95,1.64,1.38,1.9,1.38–1.9,2
New York,NY,Multifamily,"10 units, 900 sq. ft. each",10,900,"Dense city neighborhood (10,000/sq. mi.)",4.27,4.14,4.4,4.14–4.4,1.29,1.21,1.37,1.21–1.37,3
Oakland,CA,Multifamily,"10 units, 900 sq. ft. each",10,900,"Dense city neighborhood (10,000/sq. mi.)",4.21,3.58,4.83,3.58–4.83,0.87,0.7,1.05,0.7–1.05,4
Los Angeles,CA,Multifamily,"10 units, 900 sq. ft. each",10,900,"Dense city neighborhood (10,000/sq. mi.)",4.05,3.91,4.18,3.91–4.18,1.45,1.37,1.53,1.37–1.53,5
Boston,MA,Multifamily,"10 units, 900 sq. ft. each",10,900,"Dense city neighborhood (10,000/sq. mi.)",3.78,3.54,4.03,3.54–4.03,1.84,1.66,2.01,1.66–2.01,6
Seattle,WA,Multifamily,"10 units, 900 sq. ft. each",10,900,"Dense city neighborhood (10,000/sq. mi.)",3.04,2.94,3.15,2.94–3.15,0.99,0.94,1.03,0.94–1.03,7
Houston,TX,Multifamily,"10 units, 900 sq. ft. each",10,900,"Dense city neighborhood (10,000/sq. mi.)",2.85,2.75,2.94,2.75–2.94,0.78,0.72,0.84,0.72–0.84,8
Jersey City,NJ,Multifamily,"10 units, 900 sq. ft. each",10,900,"Dense city neighborhood (10,000/sq. mi.)",2.83,2.38,3.27,2.38–3.27,0.33,0.15,0.5,0.15–0.5,9
Philadelphia,PA,Multifamily,"10 units, 900 sq. ft. each",10,900,"Dense city neighborhood (10,000/sq. mi.)",2.79,2.58,3,2.58–3,0.28,0.24,0.32,0.24–0.32,10
Durham,NC,Multifamily,"10 units, 900 sq. ft. each",10,900,"Dense city neighborhood (10,000/sq. mi.)",2.79,2.32,3.26,2.32–3.26,0.24,0.18,0.31,0.18–0.31,11
Washington,DC,Multifamily,"10 units, 900 sq. ft. each",10,900,"Dense city neighborhood (10,000/sq. mi.)",2.78,2.54,3.02,2.54–3.02,0.76,0.64,0.87,0.64–0.87,12
Sacramento,CA,Multifamily,"10 units, 900 sq. ft. each",10,900,"Dense city neighborhood (10,000/sq. mi.)",2.69,2.38,3,2.38–3,0.92,0.73,1.1,0.73–1.1,13
San Diego,CA,Multifamily,"10 units, 900 sq. ft. each",10,900,"Dense city neighborhood (10,000/sq. mi.)",2.54,2.34,2.73,2.34–2.73,0.77,0.7,0.85,0.7–0.85,14
Austin,TX,Multifamily,"10 units, 900 sq. ft. each",10,900,"Dense city neighborhood (10,000/sq. mi.)",2.45,2.34,2.55,2.34–2.55,0.7,0.64,0.75,0.64–0.75,15
Honolulu,HI,Multifamily,"10 units, 900 sq. ft. each",10,900,"Dense city neighborhood (10,000/sq. mi.)",2.37,2.08,2.67,2.08–2.67,1.05,0.89,1.22,0.89–1.22,16
Spokane,WA,Multifamily,"10 units, 900 sq. ft. each",10,900,"Dense city neighborhood (10,000/sq. mi.)",2.35,1.88,2.81,1.88–2.81,0.21,0.14,0.28,0.14–0.28,17
Boulder,CO,Multifamily,"10 units, 900 sq. ft. each",10,900,"Dense city neighborhood (10,000/sq. mi.)",2.33,1.97,2.69,1.97–2.69,0.59,0.45,0.74,0.45–0.74,18
Denver,CO,Multifamily,"10 units, 900 sq. ft. each",10,900,"Dense city neighborhood (10,000/sq. mi.)",2.3,2.15,2.45,2.15–2.45,0.56,0.49,0.63,0.49–0.63,19
Phoenix,AZ,Multifamily,"10 units, 900 sq. ft. each",10,900,"Dense city neighborhood (10,000/sq. mi.)",2.25,2.04,2.46,2.04–2.46,0.78,0.65,0.9,0.65–0.9,20
Portland,OR,Multifamily,"10 units, 900 sq. ft. each",10,900,"Dense city neighborhood (10,000/sq. mi.)",2.23,2.12,2.33,2.12–2.33,0.84,0.77,0.9,0.77–0.9,21
Nashville,TN,Multifamily,"10 units, 900 sq. ft. each",10,900,"Dense city neighborhood (10,000/sq. mi.)",2.06,1.76,2.36,1.76–2.36,0.39,0.25,0.52,0.25–0.52,22
St. Paul,MN,Multifamily,"10 units, 900 sq. ft. each",10,900,"Dense city neighborhood (10,000/sq. mi.)",1.98,1.11,2.85,1.11–2.85,0.22,0.1,0.34,0.1–0.34,23
Boise,ID,Multifamily,"10 units, 900 sq. ft. each",10,900,"Dense city neighborhood (10,000/sq. mi.)",1.98,1.66,2.3,1.66–2.3,0.66,0.44,0.88,0.44–0.88,24
Cleveland,OH,Multifamily,"10 units, 900 sq. ft. each",10,900,"Dense city neighborhood (10,000/sq. mi.)",1.91,1.61,2.21,1.61–2.21,0.5,0.37,0.63,0.37–0.63,25
Kansas City,MO,Multifamily,"10 units, 900 sq. ft. each",10,900,"Dense city neighborhood (10,000/sq. mi.)",1.9,1.66,2.13,1.66–2.13,0.17,0.11,0.23,0.11–0.23,26
Jacksonville,FL,Multifamily,"10 units, 900 sq. ft. each",10,900,"Dense city neighborhood (10,000/sq. mi.)",1.87,1.7,2.04,1.7–2.04,0.42,0.35,0.49,0.35–0.49,27
Atlanta,GA,Multifamily,"10 units, 900 sq. ft. each",10,900,"Dense city neighborhood (10,000/sq. mi.)",1.86,1.68,2.05,1.68–2.05,0.88,0.69,1.06,0.69–1.06,28
Colorado Springs,CO,Multifamily,"10 units, 900 sq. ft. each",10,900,"Dense city neighborhood (10,000/sq. mi.)",1.86,1.64,2.07,1.64–2.07,0.48,0.39,0.57,0.39–0.57,29
Sioux Falls,SD,Multifamily,"10 units, 900 sq. ft. each",10,900,"Dense city neighborhood (10,000/sq. mi.)",1.84,1.6,2.08,1.6–2.08,0.23,0.17,0.28,0.17–0.28,30
Louisville,KY,Multifamily,"10 units, 900 sq. ft. each",10,900,"Dense city neighborhood (10,000/sq. mi.)",1.82,1.55,2.08,1.55–2.08,0.4,0.31,0.48,0.31–0.48,31
Tampa,FL,Multifamily,"10 units, 900 sq. ft. each",10,900,"Dense city neighborhood (10,000/sq. mi.)",1.75,1.29,2.21,1.29–2.21,0.53,0.34,0.72,0.34–0.72,32
Anaheim,CA,Multifamily,"10 units, 900 sq. ft. each",10,900,"Dense city neighborhood (10,000/sq. mi.)",1.73,1.57,1.89,1.57–1.89,0.87,0.72,1.03,0.72–1.03,33
Fort Worth,TX,Multifamily,"10 units, 900 sq. ft. each",10,900,"Dense city neighborhood (10,000/sq. mi.)",1.73,1.63,1.82,1.63–1.82,0.25,0.21,0.29,0.21–0.29,34
Orlando,FL,Multifamily,"10 units, 900 sq. ft. each",10,900,"Dense city neighborhood (10,000/sq. mi.)",1.64,1.47,1.8,1.47–1.8,0.39,0.32,0.47,0.32–0.47,35
Columbus,OH,Multifamily,"10 units, 900 sq. ft. each",10,900,"Dense city neighborhood (10,000/sq. mi.)",1.6,1.5,1.7,1.5–1.7,0.27,0.24,0.29,0.24–0.29,36
Indianapolis,IN,Multifamily,"10 units, 900 sq. ft. each",10,900,"Dense city neighborhood (10,000/sq. mi.)",1.56,1.34,1.78,1.34–1.78,0.45,0.33,0.57,0.33–0.57,37
Reno,NV,Multifamily,"10 units, 900 sq. ft. each",10,900,"Dense city neighborhood (10,000/sq. mi.)",1.4,1.33,1.47,1.33–1.47,0.09,0.07,0.11,0.07–0.11,38
Grand Rapids,MI,Multifamily,"10 units, 900 sq. ft. each",10,900,"Dense city neighborhood (10,000/sq. mi.)",1.39,1.17,1.61,1.17–1.61,0.28,0.17,0.39,0.17–0.39,39
Raleigh,NC,Multifamily,"10 units, 900 sq. ft. each",10,900,"Dense city neighborhood (10,000/sq. mi.)",1.37,1.21,1.52,1.21–1.52,0.25,0.19,0.3,0.19–0.3,40
Miami,FL,Multifamily,"10 units, 900 sq. ft. each",10,900,"Urban core (25,000/sq. mi.)",6.27,5.33,7.21,5.33–7.21,2.06,1.52,2.6,1.52–2.6,1
San Francisco,CA,Multifamily,"10 units, 900 sq. ft. each",10,900,"Urban core (25,000/sq. mi.)",4.38,3.99,4.77,3.99–4.77,1.69,1.44,1.94,1.44–1.94,2
New York,NY,Multifamily,"10 units, 900 sq. ft. each",10,900,"Urban core (25,000/sq. mi.)",4.23,4.13,4.33,4.13–4.33,1.23,1.18,1.29,1.18–1.29,3
Los Angeles,CA,Multifamily,"10 units, 900 sq. ft. each",10,900,"Urban core (25,000/sq. mi.)",4.12,3.97,4.26,3.97–4.26,1.38,1.31,1.46,1.31–1.46,4
Boston,MA,Multifamily,"10 units, 900 sq. ft. each",10,900,"Urban core (25,000/sq. mi.)",4.02,3.74,4.3,3.74–4.3,2,1.81,2.2,1.81–2.2,5
Oakland,CA,Multifamily,"10 units, 900 sq. ft. each",10,900,"Urban core (25,000/sq. mi.)",3.69,3.01,4.37,3.01–4.37,0.72,0.52,0.93,0.52–0.93,6
Seattle,WA,Multifamily,"10 units, 900 sq. ft. each",10,900,"Urban core (25,000/sq. mi.)",3,2.86,3.13,2.86–3.13,0.99,0.93,1.05,0.93–1.05,7
Houston,TX,Multifamily,"10 units, 900 sq. ft. each",10,900,"Urban core (25,000/sq. mi.)",2.96,2.83,3.1,2.83–3.1,0.9,0.8,1,0.8–1,8
Jersey City,NJ,Multifamily,"10 units, 900 sq. ft. each",10,900,"Urban core (25,000/sq. mi.)",2.94,2.66,3.22,2.66–3.22,0.35,0.23,0.48,0.23–0.48,9
Washington,DC,Multifamily,"10 units, 900 sq. ft. each",10,900,"Urban core (25,000/sq. mi.)",2.81,2.57,3.04,2.57–3.04,0.76,0.67,0.85,0.67–0.85,10
Durham,NC,Multifamily,"10 units, 900 sq. ft. each",10,900,"Urban core (25,000/sq. mi.)",2.81,2.16,3.45,2.16–3.45,0.2,0.12,0.27,0.12–0.27,11
Philadelphia,PA,Multifamily,"10 units, 900 sq. ft. each",10,900,"Urban core (25,000/sq. mi.)",2.8,2.6,2.99,2.6–2.99,0.27,0.24,0.31,0.24–0.31,12
Sacramento,CA,Multifamily,"10 units, 900 sq. ft. each",10,900,"Urban core (25,000/sq. mi.)",2.65,2.32,2.99,2.32–2.99,0.89,0.69,1.09,0.69–1.09,13
San Diego,CA,Multifamily,"10 units, 900 sq. ft. each",10,900,"Urban core (25,000/sq. mi.)",2.61,2.38,2.84,2.38–2.84,0.85,0.74,0.95,0.74–0.95,14
Austin,TX,Multifamily,"10 units, 900 sq. ft. each",10,900,"Urban core (25,000/sq. mi.)",2.51,2.37,2.66,2.37–2.66,0.69,0.62,0.77,0.62–0.77,15
Spokane,WA,Multifamily,"10 units, 900 sq. ft. each",10,900,"Urban core (25,000/sq. mi.)",2.47,1.81,3.13,1.81–3.13,0.16,0.09,0.22,0.09–0.22,16
Boulder,CO,Multifamily,"10 units, 900 sq. ft. each",10,900,"Urban core (25,000/sq. mi.)",2.4,1.94,2.86,1.94–2.86,0.58,0.41,0.76,0.41–0.76,17
Denver,CO,Multifamily,"10 units, 900 sq. ft. each",10,900,"Urban core (25,000/sq. mi.)",2.3,2.14,2.45,2.14–2.45,0.58,0.5,0.66,0.5–0.66,18
Honolulu,HI,Multifamily,"10 units, 900 sq. ft. each",10,900,"Urban core (25,000/sq. mi.)",2.27,1.93,2.61,1.93–2.61,1.12,0.92,1.33,0.92–1.33,19
Phoenix,AZ,Multifamily,"10 units, 900 sq. ft. each",10,900,"Urban core (25,000/sq. mi.)",2.18,1.93,2.42,1.93–2.42,0.72,0.58,0.86,0.58–0.86,20
Portland,OR,Multifamily,"10 units, 900 sq. ft. each",10,900,"Urban core (25,000/sq. mi.)",2.17,2.04,2.3,2.04–2.3,0.83,0.75,0.9,0.75–0.9,21
Jacksonville,FL,Multifamily,"10 units, 900 sq. ft. each",10,900,"Urban core (25,000/sq. mi.)",2.05,1.83,2.27,1.83–2.27,0.47,0.37,0.57,0.37–0.57,22
Nashville,TN,Multifamily,"10 units, 900 sq. ft. each",10,900,"Urban core (25,000/sq. mi.)",2.04,1.65,2.43,1.65–2.43,0.34,0.19,0.5,0.19–0.5,23
Louisville,KY,Multifamily,"10 units, 900 sq. ft. each",10,900,"Urban core (25,000/sq. mi.)",2.01,1.62,2.41,1.62–2.41,0.42,0.3,0.54,0.3–0.54,24
Cleveland,OH,Multifamily,"10 units, 900 sq. ft. each",10,900,"Urban core (25,000/sq. mi.)",1.92,1.46,2.37,1.46–2.37,0.53,0.34,0.73,0.34–0.73,25
Kansas City,MO,Multifamily,"10 units, 900 sq. ft. each",10,900,"Urban core (25,000/sq. mi.)",1.89,1.57,2.21,1.57–2.21,0.14,0.08,0.21,0.08–0.21,26
Boise,ID,Multifamily,"10 units, 900 sq. ft. each",10,900,"Urban core (25,000/sq. mi.)",1.89,1.55,2.22,1.55–2.22,0.68,0.41,0.94,0.41–0.94,27
Colorado Springs,CO,Multifamily,"10 units, 900 sq. ft. each",10,900,"Urban core (25,000/sq. mi.)",1.87,1.63,2.12,1.63–2.12,0.49,0.39,0.59,0.39–0.59,28
Atlanta,GA,Multifamily,"10 units, 900 sq. ft. each",10,900,"Urban core (25,000/sq. mi.)",1.81,1.59,2.02,1.59–2.02,0.88,0.64,1.12,0.64–1.12,29
Sioux Falls,SD,Multifamily,"10 units, 900 sq. ft. each",10,900,"Urban core (25,000/sq. mi.)",1.8,1.51,2.1,1.51–2.1,0.21,0.14,0.27,0.14–0.27,30
Fort Worth,TX,Multifamily,"10 units, 900 sq. ft. each",10,900,"Urban core (25,000/sq. mi.)",1.73,1.6,1.86,1.6–1.86,0.25,0.2,0.31,0.2–0.31,31
Anaheim,CA,Multifamily,"10 units, 900 sq. ft. each",10,900,"Urban core (25,000/sq. mi.)",1.66,1.39,1.94,1.39–1.94,0.68,0.47,0.89,0.47–0.89,32
Columbus,OH,Multifamily,"10 units, 900 sq. ft. each",10,900,"Urban core (25,000/sq. mi.)",1.53,1.39,1.66,1.39–1.66,0.24,0.21,0.27,0.21–0.27,33
Indianapolis,IN,Multifamily,"10 units, 900 sq. ft. each",10,900,"Urban core (25,000/sq. mi.)",1.51,1.2,1.82,1.2–1.82,0.38,0.24,0.53,0.24–0.53,34
Orlando,FL,Multifamily,"10 units, 900 sq. ft. each",10,900,"Urban core (25,000/sq. mi.)",1.45,1.28,1.62,1.28–1.62,0.31,0.25,0.38,0.25–0.38,35
Raleigh,NC,Multifamily,"10 units, 900 sq. ft. each",10,900,"Urban core (25,000/sq. mi.)",1.38,1.19,1.58,1.19–1.58,0.25,0.18,0.33,0.18–0.33,36
Reno,NV,Multifamily,"10 units, 900 sq. ft. each",10,900,"Urban core (25,000/sq. mi.)",1.35,1.26,1.44,1.26–1.44,0.08,0.06,0.1,0.06–0.1,37
Grand Rapids,MI,Multifamily,"10 units, 900 sq. ft. each",10,900,"Urban core (25,000/sq. mi.)",1.29,0.99,1.59,0.99–1.59,0.28,0.11,0.45,0.11–0.45,38
Oakland,CA,Multifamily,"10 units, 1,200 sq. ft. each",10,1200,"Low-density suburb (1,000/sq. mi.)",5.62,4.78,6.46,4.78–6.46,1.25,0.87,1.63,0.87–1.63,1
San Francisco,CA,Multifamily,"10 units, 1,200 sq. ft. each",10,1200,"Low-density suburb (1,000/sq. mi.)",5.03,4.45,5.6,4.45–5.6,1.55,1.17,1.93,1.17–1.93,2
New York,NY,Multifamily,"10 units, 1,200 sq. ft. each",10,1200,"Low-density suburb (1,000/sq. mi.)",4.5,4.24,4.76,4.24–4.76,1.45,1.27,1.64,1.27–1.64,3
Los Angeles,CA,Multifamily,"10 units, 1,200 sq. ft. each",10,1200,"Low-density suburb (1,000/sq. mi.)",4,3.76,4.24,3.76–4.24,1.61,1.47,1.76,1.47–1.76,4
Tulsa,OK,Multifamily,"10 units, 1,200 sq. ft. each",10,1200,"Low-density suburb (1,000/sq. mi.)",3.48,2.8,4.15,2.8–4.15,0.73,0.49,0.98,0.49–0.98,5
Boston,MA,Multifamily,"10 units, 1,200 sq. ft. each",10,1200,"Low-density suburb (1,000/sq. mi.)",3.22,2.8,3.63,2.8–3.63,1.44,1.14,1.73,1.14–1.73,6
Seattle,WA,Multifamily,"10 units, 1,200 sq. ft. each",10,1200,"Low-density suburb (1,000/sq. mi.)",3.2,2.84,3.55,2.84–3.55,0.98,0.83,1.13,0.83–1.13,7
Baton Rouge,LA,Multifamily,"10 units, 1,200 sq. ft. each",10,1200,"Low-density suburb (1,000/sq. mi.)",3.11,2.06,4.17,2.06–4.17,0.58,0.31,0.86,0.31–0.86,8
Durham,NC,Multifamily,"10 units, 1,200 sq. ft. each",10,1200,"Low-density suburb (1,000/sq. mi.)",2.78,2.57,2.99,2.57–2.99,0.41,0.37,0.46,0.37–0.46,9
Philadelphia,PA,Multifamily,"10 units, 1,200 sq. ft. each",10,1200,"Low-density suburb (1,000/sq. mi.)",2.77,2.31,3.24,2.31–3.24,0.3,0.2,0.4,0.2–0.4,10
Honolulu,HI,Multifamily,"10 units, 1,200 sq. ft. each",10,1200,"Low-density suburb (1,000/sq. mi.)",2.72,2.47,2.97,2.47–2.97,0.94,0.85,1.04,0.85–1.04,11
Sacramento,CA,Multifamily,"10 units, 1,200 sq. ft. each",10,1200,"Low-density suburb (1,000/sq. mi.)",2.71,2.45,2.98,2.45–2.98,0.99,0.83,1.16,0.83–1.16,12
Washington,DC,Multifamily,"10 units, 1,200 sq. ft. each",10,1200,"Low-density suburb (1,000/sq. mi.)",2.67,2.1,3.24,2.1–3.24,0.75,0.47,1.02,0.47–1.02,13
Houston,TX,Multifamily,"10 units, 1,200 sq. ft. each",10,1200,"Low-density suburb (1,000/sq. mi.)",2.6,2.49,2.71,2.49–2.71,0.56,0.5,0.61,0.5–0.61,14
Portland,OR,Multifamily,"10 units, 1,200 sq. ft. each",10,1200,"Low-density suburb (1,000/sq. mi.)",2.54,2.38,2.7,2.38–2.7,0.9,0.81,0.98,0.81–0.98,15
Phoenix,AZ,Multifamily,"10 units, 1,200 sq. ft. each",10,1200,"Low-density suburb (1,000/sq. mi.)",2.53,2.39,2.67,2.39–2.67,0.91,0.82,1,0.82–1,16
Austin,TX,Multifamily,"10 units, 1,200 sq. ft. each",10,1200,"Low-density suburb (1,000/sq. mi.)",2.35,2.28,2.42,2.28–2.42,0.71,0.67,0.75,0.67–0.75,17
San Diego,CA,Multifamily,"10 units, 1,200 sq. ft. each",10,1200,"Low-density suburb (1,000/sq. mi.)",2.35,2.13,2.58,2.13–2.58,0.63,0.53,0.72,0.53–0.72,18
Orlando,FL,Multifamily,"10 units, 1,200 sq. ft. each",10,1200,"Low-density suburb (1,000/sq. mi.)",2.34,2.16,2.52,2.16–2.52,0.78,0.68,0.89,0.68–0.89,19
Boulder,CO,Multifamily,"10 units, 1,200 sq. ft. each",10,1200,"Low-density suburb (1,000/sq. mi.)",2.31,2.13,2.48,2.13–2.48,0.68,0.59,0.77,0.59–0.77,20
Nashville,TN,Multifamily,"10 units, 1,200 sq. ft. each",10,1200,"Low-density suburb (1,000/sq. mi.)",2.3,2.11,2.5,2.11–2.5,0.57,0.47,0.66,0.47–0.66,21
Denver,CO,Multifamily,"10 units, 1,200 sq. ft. each",10,1200,"Low-density suburb (1,000/sq. mi.)",2.29,2.14,2.44,2.14–2.44,0.52,0.44,0.59,0.44–0.59,22
Boise,ID,Multifamily,"10 units, 1,200 sq. ft. each",10,1200,"Low-density suburb (1,000/sq. mi.)",2.25,1.96,2.55,1.96–2.55,0.61,0.45,0.77,0.45–0.77,23
Spokane,WA,Multifamily,"10 units, 1,200 sq. ft. each",10,1200,"Low-density suburb (1,000/sq. mi.)",2.21,1.16,3.27,1.16–3.27,0.44,0.28,0.59,0.28–0.59,24
Colorado Springs,CO,Multifamily,"10 units, 1,200 sq. ft. each",10,1200,"Low-density suburb (1,000/sq. mi.)",2.12,1.95,2.29,1.95–2.29,0.57,0.48,0.67,0.48–0.67,25
Atlanta,GA,Multifamily,"10 units, 1,200 sq. ft. each",10,1200,"Low-density suburb (1,000/sq. mi.)",2.09,1.78,2.41,1.78–2.41,0.92,0.62,1.22,0.62–1.22,26
Tampa,FL,Multifamily,"10 units, 1,200 sq. ft. each",10,1200,"Low-density suburb (1,000/sq. mi.)",2.04,1.37,2.72,1.37–2.72,0.47,0.27,0.67,0.27–0.67,27
Cleveland,OH,Multifamily,"10 units, 1,200 sq. ft. each",10,1200,"Low-density suburb (1,000/sq. mi.)",2.01,1.53,2.49,1.53–2.49,0.48,0.25,0.7,0.25–0.7,28
Kansas City,MO,Multifamily,"10 units, 1,200 sq. ft. each",10,1200,"Low-density suburb (1,000/sq. mi.)",1.97,1.86,2.08,1.86–2.08,0.26,0.22,0.3,0.22–0.3,29
Anaheim,CA,Multifamily,"10 units, 1,200 sq. ft. each",10,1200,"Low-density suburb (1,000/sq. mi.)",1.97,1.55,2.39,1.55–2.39,1.61,1.01,2.2,1.01–2.2,30
Cincinnati,OH,Multifamily,"10 units, 1,200 sq. ft. each",10,1200,"Low-density suburb (1,000/sq. mi.)",1.91,1.45,2.36,1.45–2.36,0.34,0.16,0.51,0.16–0.51,31
Sioux Falls,SD,Multifamily,"10 units, 1,200 sq. ft. each",10,1200,"Low-density suburb (1,000/sq. mi.)",1.87,1.67,2.08,1.67–2.08,0.3,0.24,0.35,0.24–0.35,32
Columbus,OH,Multifamily,"10 units, 1,200 sq. ft. each",10,1200,"Low-density suburb (1,000/sq. mi.)",1.85,1.77,1.94,1.77–1.94,0.35,0.32,0.38,0.32–0.38,33
Indianapolis,IN,Multifamily,"10 units, 1,200 sq. ft. each",10,1200,"Low-density suburb (1,000/sq. mi.)",1.77,1.58,1.95,1.58–1.95,0.68,0.56,0.8,0.56–0.8,34
Fort Worth,TX,Multifamily,"10 units, 1,200 sq. ft. each",10,1200,"Low-density suburb (1,000/sq. mi.)",1.76,1.7,1.83,1.7–1.83,0.28,0.24,0.31,0.24–0.31,35
Grand Rapids,MI,Multifamily,"10 units, 1,200 sq. ft. each",10,1200,"Low-density suburb (1,000/sq. mi.)",1.67,1.46,1.88,1.46–1.88,0.29,0.2,0.38,0.2–0.38,36
Reno,NV,Multifamily,"10 units, 1,200 sq. ft. each",10,1200,"Low-density suburb (1,000/sq. mi.)",1.57,1.51,1.64,1.51–1.64,0.15,0.12,0.18,0.12–0.18,37
Jacksonville,FL,Multifamily,"10 units, 1,200 sq. ft. each",10,1200,"Low-density suburb (1,000/sq. mi.)",1.54,1.44,1.65,1.44–1.65,0.31,0.28,0.35,0.28–0.35,38
Louisville,KY,Multifamily,"10 units, 1,200 sq. ft. each",10,1200,"Low-density suburb (1,000/sq. mi.)",1.46,1.35,1.57,1.35–1.57,0.36,0.32,0.4,0.32–0.4,39
Raleigh,NC,Multifamily,"10 units, 1,200 sq. ft. each",10,1200,"Low-density suburb (1,000/sq. mi.)",1.38,1.27,1.49,1.27–1.49,0.24,0.19,0.3,0.19–0.3,40
Miami,FL,Multifamily,"10 units, 1,200 sq. ft. each",10,1200,"City neighborhood (4,000/sq. mi.)",5.36,4.47,6.26,4.47–6.26,1.93,1.39,2.46,1.39–2.46,1
San Francisco,CA,Multifamily,"10 units, 1,200 sq. ft. each",10,1200,"City neighborhood (4,000/sq. mi.)",4.76,4.34,5.18,4.34–5.18,1.62,1.33,1.91,1.33–1.91,2
Oakland,CA,Multifamily,"10 units, 1,200 sq. ft. each",10,1200,"City neighborhood (4,000/sq. mi.)",4.61,4.14,5.07,4.14–5.07,0.94,0.8,1.07,0.8–1.07,3
New York,NY,Multifamily,"10 units, 1,200 sq. ft. each",10,1200,"City neighborhood (4,000/sq. mi.)",4.44,4.26,4.62,4.26–4.62,1.36,1.24,1.48,1.24–1.48,4
Los Angeles,CA,Multifamily,"10 units, 1,200 sq. ft. each",10,1200,"City neighborhood (4,000/sq. mi.)",4.1,3.95,4.25,3.95–4.25,1.5,1.41,1.59,1.41–1.59,5
Boston,MA,Multifamily,"10 units, 1,200 sq. ft. each",10,1200,"City neighborhood (4,000/sq. mi.)",3.53,3.25,3.81,3.25–3.81,1.64,1.43,1.85,1.43–1.85,6
Baton Rouge,LA,Multifamily,"10 units, 1,200 sq. ft. each",10,1200,"City neighborhood (4,000/sq. mi.)",3.38,2.45,4.32,2.45–4.32,0.82,0.56,1.08,0.56–1.08,7
Seattle,WA,Multifamily,"10 units, 1,200 sq. ft. each",10,1200,"City neighborhood (4,000/sq. mi.)",3.12,2.93,3.3,2.93–3.3,0.99,0.91,1.07,0.91–1.07,8
Durham,NC,Multifamily,"10 units, 1,200 sq. ft. each",10,1200,"City neighborhood (4,000/sq. mi.)",2.8,2.5,3.1,2.5–3.1,0.3,0.25,0.35,0.25–0.35,9
Philadelphia,PA,Multifamily,"10 units, 1,200 sq. ft. each",10,1200,"City neighborhood (4,000/sq. mi.)",2.78,2.49,3.07,2.49–3.07,0.29,0.23,0.35,0.23–0.35,10
Houston,TX,Multifamily,"10 units, 1,200 sq. ft. each",10,1200,"City neighborhood (4,000/sq. mi.)",2.76,2.68,2.84,2.68–2.84,0.69,0.64,0.73,0.64–0.73,11
Washington,DC,Multifamily,"10 units, 1,200 sq. ft. each",10,1200,"City neighborhood (4,000/sq. mi.)",2.71,2.36,3.06,2.36–3.06,0.75,0.58,0.92,0.58–0.92,12
Jersey City,NJ,Multifamily,"10 units, 1,200 sq. ft. each",10,1200,"City neighborhood (4,000/sq. mi.)",2.71,2.04,3.37,2.04–3.37,0.3,0.06,0.55,0.06–0.55,13
Sacramento,CA,Multifamily,"10 units, 1,200 sq. ft. each",10,1200,"City neighborhood (4,000/sq. mi.)",2.65,2.4,2.91,2.4–2.91,0.94,0.78,1.1,0.78–1.1,14
Honolulu,HI,Multifamily,"10 units, 1,200 sq. ft. each",10,1200,"City neighborhood (4,000/sq. mi.)",2.55,2.28,2.81,2.28–2.81,1.04,0.91,1.16,0.91–1.16,15
Tulsa,OK,Multifamily,"10 units, 1,200 sq. ft. each",10,1200,"City neighborhood (4,000/sq. mi.)",2.5,2.11,2.88,2.11–2.88,0.87,0.61,1.12,0.61–1.12,16
San Diego,CA,Multifamily,"10 units, 1,200 sq. ft. each",10,1200,"City neighborhood (4,000/sq. mi.)",2.46,2.27,2.65,2.27–2.65,0.72,0.64,0.79,0.64–0.79,17
Austin,TX,Multifamily,"10 units, 1,200 sq. ft. each",10,1200,"City neighborhood (4,000/sq. mi.)",2.45,2.37,2.53,2.37–2.53,0.7,0.66,0.75,0.66–0.75,18
Portland,OR,Multifamily,"10 units, 1,200 sq. ft. each",10,1200,"City neighborhood (4,000/sq. mi.)",2.44,2.3,2.57,2.3–2.57,0.88,0.8,0.95,0.8–0.95,19
Boulder,CO,Multifamily,"10 units, 1,200 sq. ft. each",10,1200,"City neighborhood (4,000/sq. mi.)",2.41,2.16,2.65,2.16–2.65,0.65,0.54,0.77,0.54–0.77,20
Phoenix,AZ,Multifamily,"10 units, 1,200 sq. ft. each",10,1200,"City neighborhood (4,000/sq. mi.)",2.4,2.23,2.57,2.23–2.57,0.81,0.72,0.91,0.72–0.91,21
Spokane,WA,Multifamily,"10 units, 1,200 sq. ft. each",10,1200,"City neighborhood (4,000/sq. mi.)",2.39,1.75,3.04,1.75–3.04,0.28,0.19,0.37,0.19–0.37,22
Denver,CO,Multifamily,"10 units, 1,200 sq. ft. each",10,1200,"City neighborhood (4,000/sq. mi.)",2.29,2.15,2.42,2.15–2.42,0.54,0.47,0.6,0.47–0.6,23
Nashville,TN,Multifamily,"10 units, 1,200 sq. ft. each",10,1200,"City neighborhood (4,000/sq. mi.)",2.27,2.01,2.52,2.01–2.52,0.47,0.35,0.6,0.35–0.6,24
Cincinnati,OH,Multifamily,"10 units, 1,200 sq. ft. each",10,1200,"City neighborhood (4,000/sq. mi.)",2.17,1.72,2.63,1.72–2.63,0.46,0.26,0.67,0.26–0.67,25
Colorado Springs,CO,Multifamily,"10 units, 1,200 sq. ft. each",10,1200,"City neighborhood (4,000/sq. mi.)",2.14,1.99,2.3,1.99–2.3,0.58,0.51,0.66,0.51–0.66,26
Boise,ID,Multifamily,"10 units, 1,200 sq. ft. each",10,1200,"City neighborhood (4,000/sq. mi.)",2.1,1.79,2.4,1.79–2.4,0.63,0.45,0.81,0.45–0.81,27
Cleveland,OH,Multifamily,"10 units, 1,200 sq. ft. each",10,1200,"City neighborhood (4,000/sq. mi.)",2.02,1.73,2.31,1.73–2.31,0.52,0.38,0.66,0.38–0.66,28
Atlanta,GA,Multifamily,"10 units, 1,200 sq. ft. each",10,1200,"City neighborhood (4,000/sq. mi.)",2,1.79,2.21,1.79–2.21,0.93,0.73,1.13,0.73–1.13,29
St. Paul,MN,Multifamily,"10 units, 1,200 sq. ft. each",10,1200,"City neighborhood (4,000/sq. mi.)",1.99,1.09,2.89,1.09–2.89,0.3,0.14,0.45,0.14–0.45,30
Kansas City,MO,Multifamily,"10 units, 1,200 sq. ft. each",10,1200,"City neighborhood (4,000/sq. mi.)",1.96,1.8,2.11,1.8–2.11,0.2,0.15,0.26,0.15–0.26,31
Orlando,FL,Multifamily,"10 units, 1,200 sq. ft. each",10,1200,"City neighborhood (4,000/sq. mi.)",1.95,1.78,2.11,1.78–2.11,0.56,0.48,0.64,0.48–0.64,32
Tampa,FL,Multifamily,"10 units, 1,200 sq. ft. each",10,1200,"City neighborhood (4,000/sq. mi.)",1.86,1.59,2.13,1.59–2.13,0.5,0.41,0.59,0.41–0.59,33
Anaheim,CA,Multifamily,"10 units, 1,200 sq. ft. each",10,1200,"City neighborhood (4,000/sq. mi.)",1.85,1.68,2.03,1.68–2.03,1.11,0.92,1.29,0.92–1.29,34
Sioux Falls,SD,Multifamily,"10 units, 1,200 sq. ft. each",10,1200,"City neighborhood (4,000/sq. mi.)",1.82,1.62,2.02,1.62–2.02,0.26,0.2,0.31,0.2–0.31,35
Fort Worth,TX,Multifamily,"10 units, 1,200 sq. ft. each",10,1200,"City neighborhood (4,000/sq. mi.)",1.77,1.7,1.84,1.7–1.84,0.28,0.24,0.32,0.24–0.32,36
Jacksonville,FL,Multifamily,"10 units, 1,200 sq. ft. each",10,1200,"City neighborhood (4,000/sq. mi.)",1.76,1.62,1.91,1.62–1.91,0.37,0.32,0.43,0.32–0.43,37
Columbus,OH,Multifamily,"10 units, 1,200 sq. ft. each",10,1200,"City neighborhood (4,000/sq. mi.)",1.73,1.67,1.8,1.67–1.8,0.3,0.28,0.32,0.28–0.32,38
Louisville,KY,Multifamily,"10 units, 1,200 sq. ft. each",10,1200,"City neighborhood (4,000/sq. mi.)",1.7,1.54,1.87,1.54–1.87,0.39,0.34,0.45,0.34–0.45,39
Indianapolis,IN,Multifamily,"10 units, 1,200 sq. ft. each",10,1200,"City neighborhood (4,000/sq. mi.)",1.68,1.53,1.83,1.53–1.83,0.54,0.44,0.64,0.44–0.64,40
Grand Rapids,MI,Multifamily,"10 units, 1,200 sq. ft. each",10,1200,"City neighborhood (4,000/sq. mi.)",1.5,1.35,1.65,1.35–1.65,0.29,0.22,0.35,0.22–0.35,41
Reno,NV,Multifamily,"10 units, 1,200 sq. ft. each",10,1200,"City neighborhood (4,000/sq. mi.)",1.5,1.44,1.55,1.44–1.55,0.12,0.09,0.14,0.09–0.14,42
Raleigh,NC,Multifamily,"10 units, 1,200 sq. ft. each",10,1200,"City neighborhood (4,000/sq. mi.)",1.41,1.29,1.52,1.29–1.52,0.26,0.2,0.31,0.2–0.31,43
Miami,FL,Multifamily,"10 units, 1,200 sq. ft. each",10,1200,"Dense city neighborhood (10,000/sq. mi.)",5.8,5.08,6.52,5.08–6.52,2.02,1.62,2.41,1.62–2.41,1
San Francisco,CA,Multifamily,"10 units, 1,200 sq. ft. each",10,1200,"Dense city neighborhood (10,000/sq. mi.)",4.59,4.22,4.95,4.22–4.95,1.67,1.43,1.91,1.43–1.91,2
New York,NY,Multifamily,"10 units, 1,200 sq. ft. each",10,1200,"Dense city neighborhood (10,000/sq. mi.)",4.4,4.27,4.53,4.27–4.53,1.31,1.22,1.39,1.22–1.39,3
Los Angeles,CA,Multifamily,"10 units, 1,200 sq. ft. each",10,1200,"Dense city neighborhood (10,000/sq. mi.)",4.17,4.05,4.29,4.05–4.29,1.43,1.37,1.5,1.37–1.5,4
Oakland,CA,Multifamily,"10 units, 1,200 sq. ft. each",10,1200,"Dense city neighborhood (10,000/sq. mi.)",4.04,3.55,4.52,3.55–4.52,0.78,0.64,0.91,0.64–0.91,5
Boston,MA,Multifamily,"10 units, 1,200 sq. ft. each",10,1200,"Dense city neighborhood (10,000/sq. mi.)",3.75,3.54,3.97,3.54–3.97,1.79,1.63,1.95,1.63–1.95,6
Seattle,WA,Multifamily,"10 units, 1,200 sq. ft. each",10,1200,"Dense city neighborhood (10,000/sq. mi.)",3.07,2.95,3.18,2.95–3.18,0.99,0.94,1.04,0.94–1.04,7
Houston,TX,Multifamily,"10 units, 1,200 sq. ft. each",10,1200,"Dense city neighborhood (10,000/sq. mi.)",2.87,2.79,2.96,2.79–2.96,0.79,0.73,0.85,0.73–0.85,8
Durham,NC,Multifamily,"10 units, 1,200 sq. ft. each",10,1200,"Dense city neighborhood (10,000/sq. mi.)",2.82,2.35,3.28,2.35–3.28,0.24,0.17,0.31,0.17–0.31,9
Jersey City,NJ,Multifamily,"10 units, 1,200 sq. ft. each",10,1200,"Dense city neighborhood (10,000/sq. mi.)",2.81,2.37,3.25,2.37–3.25,0.33,0.15,0.51,0.15–0.51,10
Philadelphia,PA,Multifamily,"10 units, 1,200 sq. ft. each",10,1200,"Dense city neighborhood (10,000/sq. mi.)",2.79,2.58,3,2.58–3,0.28,0.24,0.32,0.24–0.32,11
Washington,DC,Multifamily,"10 units, 1,200 sq. ft. each",10,1200,"Dense city neighborhood (10,000/sq. mi.)",2.74,2.49,2.98,2.49–2.98,0.75,0.64,0.86,0.64–0.86,12
Sacramento,CA,Multifamily,"10 units, 1,200 sq. ft. each",10,1200,"Dense city neighborhood (10,000/sq. mi.)",2.61,2.34,2.89,2.34–2.89,0.91,0.74,1.08,0.74–1.08,13
San Diego,CA,Multifamily,"10 units, 1,200 sq. ft. each",10,1200,"Dense city neighborhood (10,000/sq. mi.)",2.53,2.34,2.73,2.34–2.73,0.78,0.71,0.86,0.71–0.86,14
Austin,TX,Multifamily,"10 units, 1,200 sq. ft. each",10,1200,"Dense city neighborhood (10,000/sq. mi.)",2.52,2.41,2.63,2.41–2.63,0.7,0.64,0.76,0.64–0.76,15
Spokane,WA,Multifamily,"10 units, 1,200 sq. ft. each",10,1200,"Dense city neighborhood (10,000/sq. mi.)",2.52,1.99,3.05,1.99–3.05,0.21,0.14,0.29,0.14–0.29,16
Boulder,CO,Multifamily,"10 units, 1,200 sq. ft. each",10,1200,"Dense city neighborhood (10,000/sq. mi.)",2.48,2.14,2.81,2.14–2.81,0.64,0.5,0.78,0.5–0.78,17
Honolulu,HI,Multifamily,"10 units, 1,200 sq. ft. each",10,1200,"Dense city neighborhood (10,000/sq. mi.)",2.44,2.14,2.74,2.14–2.74,1.1,0.94,1.26,0.94–1.26,18
Portland,OR,Multifamily,"10 units, 1,200 sq. ft. each",10,1200,"Dense city neighborhood (10,000/sq. mi.)",2.37,2.23,2.51,2.23–2.51,0.86,0.78,0.94,0.78–0.94,19
Cincinnati,OH,Multifamily,"10 units, 1,200 sq. ft. each",10,1200,"Dense city neighborhood (10,000/sq. mi.)",2.36,1.83,2.9,1.83–2.9,0.57,0.32,0.83,0.32–0.83,20
Phoenix,AZ,Multifamily,"10 units, 1,200 sq. ft. each",10,1200,"Dense city neighborhood (10,000/sq. mi.)",2.32,2.12,2.52,2.12–2.52,0.76,0.64,0.87,0.64–0.87,21
Denver,CO,Multifamily,"10 units, 1,200 sq. ft. each",10,1200,"Dense city neighborhood (10,000/sq. mi.)",2.28,2.14,2.42,2.14–2.42,0.56,0.49,0.62,0.49–0.62,22
Nashville,TN,Multifamily,"10 units, 1,200 sq. ft. each",10,1200,"Dense city neighborhood (10,000/sq. mi.)",2.24,1.91,2.58,1.91–2.58,0.42,0.27,0.57,0.27–0.57,23
Colorado Springs,CO,Multifamily,"10 units, 1,200 sq. ft. each",10,1200,"Dense city neighborhood (10,000/sq. mi.)",2.16,1.98,2.34,1.98–2.34,0.59,0.51,0.67,0.51–0.67,24
St. Paul,MN,Multifamily,"10 units, 1,200 sq. ft. each",10,1200,"Dense city neighborhood (10,000/sq. mi.)",2.05,1.12,2.99,1.12–2.99,0.23,0.1,0.36,0.1–0.36,25
Cleveland,OH,Multifamily,"10 units, 1,200 sq. ft. each",10,1200,"Dense city neighborhood (10,000/sq. mi.)",2.03,1.7,2.36,1.7–2.36,0.56,0.41,0.7,0.41–0.7,26
Boise,ID,Multifamily,"10 units, 1,200 sq. ft. each",10,1200,"Dense city neighborhood (10,000/sq. mi.)",2,1.68,2.32,1.68–2.32,0.65,0.44,0.86,0.44–0.86,27
Kansas City,MO,Multifamily,"10 units, 1,200 sq. ft. each",10,1200,"Dense city neighborhood (10,000/sq. mi.)",1.95,1.72,2.18,1.72–2.18,0.17,0.11,0.24,0.11–0.24,28
Atlanta,GA,Multifamily,"10 units, 1,200 sq. ft. each",10,1200,"Dense city neighborhood (10,000/sq. mi.)",1.94,1.74,2.13,1.74–2.13,0.93,0.73,1.14,0.73–1.14,29
Jacksonville,FL,Multifamily,"10 units, 1,200 sq. ft. each",10,1200,"Dense city neighborhood (10,000/sq. mi.)",1.93,1.75,2.11,1.75–2.11,0.42,0.34,0.49,0.34–0.49,30
Louisville,KY,Multifamily,"10 units, 1,200 sq. ft. each",10,1200,"Dense city neighborhood (10,000/sq. mi.)",1.89,1.62,2.16,1.62–2.16,0.42,0.33,0.51,0.33–0.51,31
Sioux Falls,SD,Multifamily,"10 units, 1,200 sq. ft. each",10,1200,"Dense city neighborhood (10,000/sq. mi.)",1.78,1.55,2.02,1.55–2.02,0.24,0.18,0.3,0.18–0.3,32
Anaheim,CA,Multifamily,"10 units, 1,200 sq. ft. each",10,1200,"Dense city neighborhood (10,000/sq. mi.)",1.78,1.62,1.94,1.62–1.94,0.87,0.71,1.02,0.71–1.02,33
Fort Worth,TX,Multifamily,"10 units, 1,200 sq. ft. each",10,1200,"Dense city neighborhood (10,000/sq. mi.)",1.78,1.68,1.88,1.68–1.88,0.28,0.23,0.33,0.23–0.33,34
Tampa,FL,Multifamily,"10 units, 1,200 sq. ft. each",10,1200,"Dense city neighborhood (10,000/sq. mi.)",1.75,1.3,2.2,1.3–2.2,0.51,0.33,0.7,0.33–0.7,35
Orlando,FL,Multifamily,"10 units, 1,200 sq. ft. each",10,1200,"Dense city neighborhood (10,000/sq. mi.)",1.73,1.56,1.89,1.56–1.89,0.44,0.37,0.52,0.37–0.52,36
Columbus,OH,Multifamily,"10 units, 1,200 sq. ft. each",10,1200,"Dense city neighborhood (10,000/sq. mi.)",1.66,1.56,1.76,1.56–1.76,0.27,0.24,0.29,0.24–0.29,37
Indianapolis,IN,Multifamily,"10 units, 1,200 sq. ft. each",10,1200,"Dense city neighborhood (10,000/sq. mi.)",1.63,1.4,1.86,1.4–1.86,0.46,0.34,0.59,0.34–0.59,38
Reno,NV,Multifamily,"10 units, 1,200 sq. ft. each",10,1200,"Dense city neighborhood (10,000/sq. mi.)",1.45,1.37,1.52,1.37–1.52,0.1,0.08,0.12,0.08–0.12,39
Raleigh,NC,Multifamily,"10 units, 1,200 sq. ft. each",10,1200,"Dense city neighborhood (10,000/sq. mi.)",1.42,1.27,1.57,1.27–1.57,0.27,0.2,0.33,0.2–0.33,40
Grand Rapids,MI,Multifamily,"10 units, 1,200 sq. ft. each",10,1200,"Dense city neighborhood (10,000/sq. mi.)",1.39,1.17,1.61,1.17–1.61,0.29,0.17,0.4,0.17–0.4,41
Miami,FL,Multifamily,"10 units, 1,200 sq. ft. each",10,1200,"Urban core (25,000/sq. mi.)",6.27,5.34,7.2,5.34–7.2,2.12,1.6,2.64,1.6–2.64,1
San Francisco,CA,Multifamily,"10 units, 1,200 sq. ft. each",10,1200,"Urban core (25,000/sq. mi.)",4.43,4.07,4.78,4.07–4.78,1.72,1.49,1.96,1.49–1.96,2
New York,NY,Multifamily,"10 units, 1,200 sq. ft. each",10,1200,"Urban core (25,000/sq. mi.)",4.36,4.26,4.46,4.26–4.46,1.25,1.19,1.31,1.19–1.31,3
Los Angeles,CA,Multifamily,"10 units, 1,200 sq. ft. each",10,1200,"Urban core (25,000/sq. mi.)",4.24,4.11,4.38,4.11–4.38,1.36,1.3,1.43,1.3–1.43,4
Boston,MA,Multifamily,"10 units, 1,200 sq. ft. each",10,1200,"Urban core (25,000/sq. mi.)",3.99,3.75,4.22,3.75–4.22,1.95,1.79,2.12,1.79–2.12,5
Oakland,CA,Multifamily,"10 units, 1,200 sq. ft. each",10,1200,"Urban core (25,000/sq. mi.)",3.54,2.94,4.14,2.94–4.14,0.64,0.46,0.82,0.46–0.82,6
Seattle,WA,Multifamily,"10 units, 1,200 sq. ft. each",10,1200,"Urban core (25,000/sq. mi.)",3.02,2.88,3.16,2.88–3.16,1,0.93,1.06,0.93–1.06,7
Houston,TX,Multifamily,"10 units, 1,200 sq. ft. each",10,1200,"Urban core (25,000/sq. mi.)",2.99,2.87,3.12,2.87–3.12,0.91,0.81,1,0.81–1,8
Jersey City,NJ,Multifamily,"10 units, 1,200 sq. ft. each",10,1200,"Urban core (25,000/sq. mi.)",2.92,2.64,3.2,2.64–3.2,0.36,0.23,0.48,0.23–0.48,9
Durham,NC,Multifamily,"10 units, 1,200 sq. ft. each",10,1200,"Urban core (25,000/sq. mi.)",2.83,2.19,3.48,2.19–3.48,0.2,0.12,0.27,0.12–0.27,10
Philadelphia,PA,Multifamily,"10 units, 1,200 sq. ft. each",10,1200,"Urban core (25,000/sq. mi.)",2.8,2.6,2.99,2.6–2.99,0.28,0.25,0.31,0.25–0.31,11
Washington,DC,Multifamily,"10 units, 1,200 sq. ft. each",10,1200,"Urban core (25,000/sq. mi.)",2.77,2.53,3,2.53–3,0.75,0.66,0.85,0.66–0.85,12
Spokane,WA,Multifamily,"10 units, 1,200 sq. ft. each",10,1200,"Urban core (25,000/sq. mi.)",2.65,1.95,3.36,1.95–3.36,0.16,0.09,0.23,0.09–0.23,13
San Diego,CA,Multifamily,"10 units, 1,200 sq. ft. each",10,1200,"Urban core (25,000/sq. mi.)",2.61,2.38,2.84,2.38–2.84,0.86,0.75,0.96,0.75–0.96,14
Austin,TX,Multifamily,"10 units, 1,200 sq. ft. each",10,1200,"Urban core (25,000/sq. mi.)",2.59,2.44,2.74,2.44–2.74,0.7,0.62,0.78,0.62–0.78,15
Sacramento,CA,Multifamily,"10 units, 1,200 sq. ft. each",10,1200,"Urban core (25,000/sq. mi.)",2.58,2.28,2.88,2.28–2.88,0.88,0.69,1.06,0.69–1.06,16
Boulder,CO,Multifamily,"10 units, 1,200 sq. ft. each",10,1200,"Urban core (25,000/sq. mi.)",2.55,2.1,2.99,2.1–2.99,0.63,0.46,0.8,0.46–0.8,17
Honolulu,HI,Multifamily,"10 units, 1,200 sq. ft. each",10,1200,"Urban core (25,000/sq. mi.)",2.33,1.99,2.68,1.99–2.68,1.17,0.97,1.38,0.97–1.38,18
Portland,OR,Multifamily,"10 units, 1,200 sq. ft. each",10,1200,"Urban core (25,000/sq. mi.)",2.31,2.14,2.47,2.14–2.47,0.85,0.76,0.93,0.76–0.93,19
Denver,CO,Multifamily,"10 units, 1,200 sq. ft. each",10,1200,"Urban core (25,000/sq. mi.)",2.28,2.13,2.43,2.13–2.43,0.57,0.49,0.65,0.49–0.65,20
Phoenix,AZ,Multifamily,"10 units, 1,200 sq. ft. each",10,1200,"Urban core (25,000/sq. mi.)",2.24,2,2.48,2–2.48,0.7,0.57,0.83,0.57–0.83,21
Nashville,TN,Multifamily,"10 units, 1,200 sq. ft. each",10,1200,"Urban core (25,000/sq. mi.)",2.22,1.79,2.65,1.79–2.65,0.37,0.2,0.55,0.2–0.55,22
Colorado Springs,CO,Multifamily,"10 units, 1,200 sq. ft. each",10,1200,"Urban core (25,000/sq. mi.)",2.18,1.96,2.4,1.96–2.4,0.6,0.5,0.7,0.5–0.7,23
Jacksonville,FL,Multifamily,"10 units, 1,200 sq. ft. each",10,1200,"Urban core (25,000/sq. mi.)",2.11,1.88,2.34,1.88–2.34,0.47,0.36,0.57,0.36–0.57,24
Louisville,KY,Multifamily,"10 units, 1,200 sq. ft. each",10,1200,"Urban core (25,000/sq. mi.)",2.09,1.69,2.5,1.69–2.5,0.45,0.32,0.57,0.32–0.57,25
Cleveland,OH,Multifamily,"10 units, 1,200 sq. ft. each",10,1200,"Urban core (25,000/sq. mi.)",2.04,1.55,2.52,1.55–2.52,0.59,0.37,0.81,0.37–0.81,26
Kansas City,MO,Multifamily,"10 units, 1,200 sq. ft. each",10,1200,"Urban core (25,000/sq. mi.)",1.94,1.63,2.26,1.63–2.26,0.15,0.08,0.22,0.08–0.22,27
Boise,ID,Multifamily,"10 units, 1,200 sq. ft. each",10,1200,"Urban core (25,000/sq. mi.)",1.9,1.56,2.24,1.56–2.24,0.66,0.41,0.92,0.41–0.92,28
Atlanta,GA,Multifamily,"10 units, 1,200 sq. ft. each",10,1200,"Urban core (25,000/sq. mi.)",1.88,1.65,2.1,1.65–2.1,0.94,0.68,1.19,0.68–1.19,29
Fort Worth,TX,Multifamily,"10 units, 1,200 sq. ft. each",10,1200,"Urban core (25,000/sq. mi.)",1.78,1.65,1.92,1.65–1.92,0.28,0.22,0.34,0.22–0.34,30
Sioux Falls,SD,Multifamily,"10 units, 1,200 sq. ft. each",10,1200,"Urban core (25,000/sq. mi.)",1.75,1.46,2.03,1.46–2.03,0.22,0.15,0.29,0.15–0.29,31
Anaheim,CA,Multifamily,"10 units, 1,200 sq. ft. each",10,1200,"Urban core (25,000/sq. mi.)",1.71,1.43,1.99,1.43–1.99,0.68,0.47,0.89,0.47–0.89,32
Columbus,OH,Multifamily,"10 units, 1,200 sq. ft. each",10,1200,"Urban core (25,000/sq. mi.)",1.59,1.45,1.72,1.45–1.72,0.24,0.21,0.27,0.21–0.27,33
Indianapolis,IN,Multifamily,"10 units, 1,200 sq. ft. each",10,1200,"Urban core (25,000/sq. mi.)",1.57,1.25,1.9,1.25–1.9,0.4,0.25,0.55,0.25–0.55,34
Orlando,FL,Multifamily,"10 units, 1,200 sq. ft. each",10,1200,"Urban core (25,000/sq. mi.)",1.53,1.36,1.7,1.36–1.7,0.35,0.28,0.42,0.28–0.42,35
Raleigh,NC,Multifamily,"10 units, 1,200 sq. ft. each",10,1200,"Urban core (25,000/sq. mi.)",1.44,1.25,1.63,1.25–1.63,0.28,0.2,0.35,0.2–0.35,36
Reno,NV,Multifamily,"10 units, 1,200 sq. ft. each",10,1200,"Urban core (25,000/sq. mi.)",1.4,1.3,1.5,1.3–1.5,0.08,0.06,0.1,0.06–0.1,37
Grand Rapids,MI,Multifamily,"10 units, 1,200 sq. ft. each",10,1200,"Urban core (25,000/sq. mi.)",1.29,0.99,1.6,0.99–1.6,0.29,0.11,0.46,0.11–0.46,38
Oakland,CA,Multifamily,"10 units, 1,500 sq. ft. each",10,1500,"Low-density suburb (1,000/sq. mi.)",5.44,4.73,6.15,4.73–6.15,1.14,0.84,1.44,0.84–1.44,1
San Francisco,CA,Multifamily,"10 units, 1,500 sq. ft. each",10,1500,"Low-density suburb (1,000/sq. mi.)",5.07,4.5,5.63,4.5–5.63,1.57,1.19,1.95,1.19–1.95,2
New York,NY,Multifamily,"10 units, 1,500 sq. ft. each",10,1500,"Low-density suburb (1,000/sq. mi.)",4.61,4.33,4.88,4.33–4.88,1.47,1.28,1.66,1.28–1.66,3
Los Angeles,CA,Multifamily,"10 units, 1,500 sq. ft. each",10,1500,"Low-density suburb (1,000/sq. mi.)",4.1,3.85,4.34,3.85–4.34,1.6,1.45,1.74,1.45–1.74,4
Tulsa,OK,Multifamily,"10 units, 1,500 sq. ft. each",10,1500,"Low-density suburb (1,000/sq. mi.)",3.51,2.81,4.21,2.81–4.21,0.76,0.51,1.01,0.51–1.01,5
Baton Rouge,LA,Multifamily,"10 units, 1,500 sq. ft. each",10,1500,"Low-density suburb (1,000/sq. mi.)",3.23,2.13,4.32,2.13–4.32,0.63,0.33,0.93,0.33–0.93,6
Seattle,WA,Multifamily,"10 units, 1,500 sq. ft. each",10,1500,"Low-density suburb (1,000/sq. mi.)",3.22,2.85,3.58,2.85–3.58,0.98,0.83,1.14,0.83–1.14,7
Boston,MA,Multifamily,"10 units, 1,500 sq. ft. each",10,1500,"Low-density suburb (1,000/sq. mi.)",3.2,2.78,3.62,2.78–3.62,1.41,1.11,1.71,1.11–1.71,8
Durham,NC,Multifamily,"10 units, 1,500 sq. ft. each",10,1500,"Low-density suburb (1,000/sq. mi.)",2.8,2.59,3,2.59–3,0.41,0.37,0.45,0.37–0.45,9
Honolulu,HI,Multifamily,"10 units, 1,500 sq. ft. each",10,1500,"Low-density suburb (1,000/sq. mi.)",2.78,2.51,3.05,2.51–3.05,0.98,0.88,1.08,0.88–1.08,10
Philadelphia,PA,Multifamily,"10 units, 1,500 sq. ft. each",10,1500,"Low-density suburb (1,000/sq. mi.)",2.77,2.31,3.23,2.31–3.23,0.3,0.2,0.4,0.2–0.4,11
Portland,OR,Multifamily,"10 units, 1,500 sq. ft. each",10,1500,"Low-density suburb (1,000/sq. mi.)",2.67,2.47,2.87,2.47–2.87,0.92,0.81,1.02,0.81–1.02,12
Sacramento,CA,Multifamily,"10 units, 1,500 sq. ft. each",10,1500,"Low-density suburb (1,000/sq. mi.)",2.65,2.4,2.91,2.4–2.91,0.98,0.82,1.14,0.82–1.14,13
Washington,DC,Multifamily,"10 units, 1,500 sq. ft. each",10,1500,"Low-density suburb (1,000/sq. mi.)",2.64,2.07,3.21,2.07–3.21,0.74,0.47,1.01,0.47–1.01,14
Houston,TX,Multifamily,"10 units, 1,500 sq. ft. each",10,1500,"Low-density suburb (1,000/sq. mi.)",2.62,2.51,2.73,2.51–2.73,0.56,0.51,0.62,0.51–0.62,15
Phoenix,AZ,Multifamily,"10 units, 1,500 sq. ft. each",10,1500,"Low-density suburb (1,000/sq. mi.)",2.58,2.45,2.72,2.45–2.72,0.89,0.8,0.98,0.8–0.98,16
Nashville,TN,Multifamily,"10 units, 1,500 sq. ft. each",10,1500,"Low-density suburb (1,000/sq. mi.)",2.46,2.24,2.68,2.24–2.68,0.61,0.5,0.71,0.5–0.71,17
Orlando,FL,Multifamily,"10 units, 1,500 sq. ft. each",10,1500,"Low-density suburb (1,000/sq. mi.)",2.44,2.25,2.63,2.25–2.63,0.86,0.74,0.98,0.74–0.98,18
Boulder,CO,Multifamily,"10 units, 1,500 sq. ft. each",10,1500,"Low-density suburb (1,000/sq. mi.)",2.42,2.24,2.59,2.24–2.59,0.72,0.63,0.8,0.63–0.8,19
Austin,TX,Multifamily,"10 units, 1,500 sq. ft. each",10,1500,"Low-density suburb (1,000/sq. mi.)",2.41,2.33,2.49,2.33–2.49,0.71,0.67,0.75,0.67–0.75,20
Colorado Springs,CO,Multifamily,"10 units, 1,500 sq. ft. each",10,1500,"Low-density suburb (1,000/sq. mi.)",2.38,2.18,2.58,2.18–2.58,0.67,0.56,0.78,0.56–0.78,21
San Diego,CA,Multifamily,"10 units, 1,500 sq. ft. each",10,1500,"Low-density suburb (1,000/sq. mi.)",2.35,2.12,2.58,2.12–2.58,0.63,0.53,0.73,0.53–0.73,22
Spokane,WA,Multifamily,"10 units, 1,500 sq. ft. each",10,1500,"Low-density suburb (1,000/sq. mi.)",2.34,1.19,3.49,1.19–3.49,0.44,0.28,0.6,0.28–0.6,23
Denver,CO,Multifamily,"10 units, 1,500 sq. ft. each",10,1500,"Low-density suburb (1,000/sq. mi.)",2.28,2.14,2.42,2.14–2.42,0.51,0.44,0.58,0.44–0.58,24
Boise,ID,Multifamily,"10 units, 1,500 sq. ft. each",10,1500,"Low-density suburb (1,000/sq. mi.)",2.27,1.97,2.57,1.97–2.57,0.6,0.44,0.76,0.44–0.76,25
Atlanta,GA,Multifamily,"10 units, 1,500 sq. ft. each",10,1500,"Low-density suburb (1,000/sq. mi.)",2.15,1.83,2.48,1.83–2.48,0.97,0.65,1.29,0.65–1.29,26
Cleveland,OH,Multifamily,"10 units, 1,500 sq. ft. each",10,1500,"Low-density suburb (1,000/sq. mi.)",2.11,1.6,2.62,1.6–2.62,0.52,0.27,0.76,0.27–0.76,27
Tampa,FL,Multifamily,"10 units, 1,500 sq. ft. each",10,1500,"Low-density suburb (1,000/sq. mi.)",2.04,1.38,2.7,1.38–2.7,0.46,0.27,0.65,0.27–0.65,28
Kansas City,MO,Multifamily,"10 units, 1,500 sq. ft. each",10,1500,"Low-density suburb (1,000/sq. mi.)",2.01,1.9,2.12,1.9–2.12,0.27,0.22,0.31,0.22–0.31,29
Anaheim,CA,Multifamily,"10 units, 1,500 sq. ft. each",10,1500,"Low-density suburb (1,000/sq. mi.)",2.01,1.59,2.44,1.59–2.44,1.6,1.01,2.18,1.01–2.18,30
Cincinnati,OH,Multifamily,"10 units, 1,500 sq. ft. each",10,1500,"Low-density suburb (1,000/sq. mi.)",1.96,1.55,2.36,1.55–2.36,0.31,0.17,0.46,0.17–0.46,31
Columbus,OH,Multifamily,"10 units, 1,500 sq. ft. each",10,1500,"Low-density suburb (1,000/sq. mi.)",1.91,1.81,2,1.81–2,0.35,0.32,0.38,0.32–0.38,32
Sioux Falls,SD,Multifamily,"10 units, 1,500 sq. ft. each",10,1500,"Low-density suburb (1,000/sq. mi.)",1.83,1.61,2.04,1.61–2.04,0.31,0.25,0.37,0.25–0.37,33
Indianapolis,IN,Multifamily,"10 units, 1,500 sq. ft. each",10,1500,"Low-density suburb (1,000/sq. mi.)",1.82,1.63,2.01,1.63–2.01,0.7,0.58,0.82,0.58–0.82,34
Fort Worth,TX,Multifamily,"10 units, 1,500 sq. ft. each",10,1500,"Low-density suburb (1,000/sq. mi.)",1.8,1.74,1.87,1.74–1.87,0.3,0.27,0.34,0.27–0.34,35
Grand Rapids,MI,Multifamily,"10 units, 1,500 sq. ft. each",10,1500,"Low-density suburb (1,000/sq. mi.)",1.67,1.47,1.88,1.47–1.88,0.29,0.2,0.38,0.2–0.38,36
Reno,NV,Multifamily,"10 units, 1,500 sq. ft. each",10,1500,"Low-density suburb (1,000/sq. mi.)",1.62,1.55,1.68,1.55–1.68,0.16,0.13,0.19,0.13–0.19,37
Jacksonville,FL,Multifamily,"10 units, 1,500 sq. ft. each",10,1500,"Low-density suburb (1,000/sq. mi.)",1.58,1.47,1.69,1.47–1.69,0.31,0.28,0.35,0.28–0.35,38
Louisville,KY,Multifamily,"10 units, 1,500 sq. ft. each",10,1500,"Low-density suburb (1,000/sq. mi.)",1.5,1.39,1.62,1.39–1.62,0.37,0.33,0.42,0.33–0.42,39
Raleigh,NC,Multifamily,"10 units, 1,500 sq. ft. each",10,1500,"Low-density suburb (1,000/sq. mi.)",1.42,1.31,1.54,1.31–1.54,0.26,0.2,0.32,0.2–0.32,40
Miami,FL,Multifamily,"10 units, 1,500 sq. ft. each",10,1500,"City neighborhood (4,000/sq. mi.)",5.36,4.49,6.23,4.49–6.23,1.97,1.43,2.51,1.43–2.51,1
San Francisco,CA,Multifamily,"10 units, 1,500 sq. ft. each",10,1500,"City neighborhood (4,000/sq. mi.)",4.8,4.39,5.21,4.39–5.21,1.64,1.36,1.93,1.36–1.93,2
New York,NY,Multifamily,"10 units, 1,500 sq. ft. each",10,1500,"City neighborhood (4,000/sq. mi.)",4.55,4.35,4.74,4.35–4.74,1.38,1.26,1.5,1.26–1.5,3
Oakland,CA,Multifamily,"10 units, 1,500 sq. ft. each",10,1500,"City neighborhood (4,000/sq. mi.)",4.46,4.1,4.82,4.1–4.82,0.86,0.76,0.95,0.76–0.95,4
Los Angeles,CA,Multifamily,"10 units, 1,500 sq. ft. each",10,1500,"City neighborhood (4,000/sq. mi.)",4.2,4.05,4.35,4.05–4.35,1.49,1.4,1.57,1.4–1.57,5
Boston,MA,Multifamily,"10 units, 1,500 sq. ft. each",10,1500,"City neighborhood (4,000/sq. mi.)",3.51,3.22,3.79,3.22–3.79,1.61,1.4,1.82,1.4–1.82,6
Baton Rouge,LA,Multifamily,"10 units, 1,500 sq. ft. each",10,1500,"City neighborhood (4,000/sq. mi.)",3.5,2.54,4.46,2.54–4.46,0.89,0.6,1.17,0.6–1.17,7
Seattle,WA,Multifamily,"10 units, 1,500 sq. ft. each",10,1500,"City neighborhood (4,000/sq. mi.)",3.14,2.94,3.34,2.94–3.34,0.99,0.91,1.07,0.91–1.07,8
Durham,NC,Multifamily,"10 units, 1,500 sq. ft. each",10,1500,"City neighborhood (4,000/sq. mi.)",2.82,2.51,3.13,2.51–3.13,0.3,0.24,0.35,0.24–0.35,9
Houston,TX,Multifamily,"10 units, 1,500 sq. ft. each",10,1500,"City neighborhood (4,000/sq. mi.)",2.78,2.71,2.86,2.71–2.86,0.69,0.65,0.74,0.65–0.74,10
Philadelphia,PA,Multifamily,"10 units, 1,500 sq. ft. each",10,1500,"City neighborhood (4,000/sq. mi.)",2.78,2.49,3.07,2.49–3.07,0.29,0.23,0.35,0.23–0.35,11
Jersey City,NJ,Multifamily,"10 units, 1,500 sq. ft. each",10,1500,"City neighborhood (4,000/sq. mi.)",2.69,2.04,3.35,2.04–3.35,0.3,0.06,0.55,0.06–0.55,12
Washington,DC,Multifamily,"10 units, 1,500 sq. ft. each",10,1500,"City neighborhood (4,000/sq. mi.)",2.68,2.32,3.04,2.32–3.04,0.74,0.57,0.92,0.57–0.92,13
Honolulu,HI,Multifamily,"10 units, 1,500 sq. ft. each",10,1500,"City neighborhood (4,000/sq. mi.)",2.6,2.32,2.88,2.32–2.88,1.07,0.94,1.2,0.94–1.2,14
Sacramento,CA,Multifamily,"10 units, 1,500 sq. ft. each",10,1500,"City neighborhood (4,000/sq. mi.)",2.6,2.35,2.84,2.35–2.84,0.93,0.78,1.08,0.78–1.08,15
Portland,OR,Multifamily,"10 units, 1,500 sq. ft. each",10,1500,"City neighborhood (4,000/sq. mi.)",2.56,2.38,2.74,2.38–2.74,0.89,0.8,0.99,0.8–0.99,16
Spokane,WA,Multifamily,"10 units, 1,500 sq. ft. each",10,1500,"City neighborhood (4,000/sq. mi.)",2.53,1.8,3.26,1.8–3.26,0.29,0.19,0.38,0.19–0.38,17
Boulder,CO,Multifamily,"10 units, 1,500 sq. ft. each",10,1500,"City neighborhood (4,000/sq. mi.)",2.52,2.29,2.76,2.29–2.76,0.69,0.59,0.8,0.59–0.8,18
Tulsa,OK,Multifamily,"10 units, 1,500 sq. ft. each",10,1500,"City neighborhood (4,000/sq. mi.)",2.52,2.13,2.92,2.13–2.92,0.9,0.63,1.17,0.63–1.17,19
Austin,TX,Multifamily,"10 units, 1,500 sq. ft. each",10,1500,"City neighborhood (4,000/sq. mi.)",2.51,2.42,2.6,2.42–2.6,0.71,0.66,0.76,0.66–0.76,20
San Diego,CA,Multifamily,"10 units, 1,500 sq. ft. each",10,1500,"City neighborhood (4,000/sq. mi.)",2.46,2.27,2.65,2.27–2.65,0.72,0.65,0.8,0.65–0.8,21
Phoenix,AZ,Multifamily,"10 units, 1,500 sq. ft. each",10,1500,"City neighborhood (4,000/sq. mi.)",2.45,2.29,2.61,2.29–2.61,0.8,0.7,0.9,0.7–0.9,22
Nashville,TN,Multifamily,"10 units, 1,500 sq. ft. each",10,1500,"City neighborhood (4,000/sq. mi.)",2.42,2.14,2.7,2.14–2.7,0.51,0.37,0.65,0.37–0.65,23
Colorado Springs,CO,Multifamily,"10 units, 1,500 sq. ft. each",10,1500,"City neighborhood (4,000/sq. mi.)",2.41,2.23,2.59,2.23–2.59,0.69,0.59,0.78,0.59–0.78,24
Denver,CO,Multifamily,"10 units, 1,500 sq. ft. each",10,1500,"City neighborhood (4,000/sq. mi.)",2.27,2.14,2.41,2.14–2.41,0.54,0.47,0.6,0.47–0.6,25
Cincinnati,OH,Multifamily,"10 units, 1,500 sq. ft. each",10,1500,"City neighborhood (4,000/sq. mi.)",2.23,1.87,2.58,1.87–2.58,0.44,0.27,0.6,0.27–0.6,26
Cleveland,OH,Multifamily,"10 units, 1,500 sq. ft. each",10,1500,"City neighborhood (4,000/sq. mi.)",2.12,1.81,2.43,1.81–2.43,0.57,0.41,0.72,0.41–0.72,27
Boise,ID,Multifamily,"10 units, 1,500 sq. ft. each",10,1500,"City neighborhood (4,000/sq. mi.)",2.11,1.8,2.42,1.8–2.42,0.62,0.45,0.8,0.45–0.8,28
Atlanta,GA,Multifamily,"10 units, 1,500 sq. ft. each",10,1500,"City neighborhood (4,000/sq. mi.)",2.06,1.84,2.27,1.84–2.27,0.97,0.75,1.19,0.75–1.19,29
St. Paul,MN,Multifamily,"10 units, 1,500 sq. ft. each",10,1500,"City neighborhood (4,000/sq. mi.)",2.04,1.06,3.03,1.06–3.03,0.31,0.14,0.47,0.14–0.47,30
Orlando,FL,Multifamily,"10 units, 1,500 sq. ft. each",10,1500,"City neighborhood (4,000/sq. mi.)",2.03,1.86,2.2,1.86–2.2,0.61,0.52,0.7,0.52–0.7,31
Kansas City,MO,Multifamily,"10 units, 1,500 sq. ft. each",10,1500,"City neighborhood (4,000/sq. mi.)",2,1.85,2.15,1.85–2.15,0.21,0.15,0.27,0.15–0.27,32
Anaheim,CA,Multifamily,"10 units, 1,500 sq. ft. each",10,1500,"City neighborhood (4,000/sq. mi.)",1.89,1.72,2.07,1.72–2.07,1.1,0.92,1.28,0.92–1.28,33
Tampa,FL,Multifamily,"10 units, 1,500 sq. ft. each",10,1500,"City neighborhood (4,000/sq. mi.)",1.86,1.61,2.12,1.61–2.12,0.49,0.39,0.58,0.39–0.58,34
Fort Worth,TX,Multifamily,"10 units, 1,500 sq. ft. each",10,1500,"City neighborhood (4,000/sq. mi.)",1.81,1.74,1.89,1.74–1.89,0.3,0.26,0.34,0.26–0.34,35
Jacksonville,FL,Multifamily,"10 units, 1,500 sq. ft. each",10,1500,"City neighborhood (4,000/sq. mi.)",1.81,1.66,1.96,1.66–1.96,0.37,0.31,0.42,0.31–0.42,36
Columbus,OH,Multifamily,"10 units, 1,500 sq. ft. each",10,1500,"City neighborhood (4,000/sq. mi.)",1.79,1.71,1.86,1.71–1.86,0.3,0.28,0.31,0.28–0.31,37
Sioux Falls,SD,Multifamily,"10 units, 1,500 sq. ft. each",10,1500,"City neighborhood (4,000/sq. mi.)",1.77,1.57,1.98,1.57–1.98,0.27,0.21,0.33,0.21–0.33,38
Louisville,KY,Multifamily,"10 units, 1,500 sq. ft. each",10,1500,"City neighborhood (4,000/sq. mi.)",1.76,1.59,1.93,1.59–1.93,0.41,0.35,0.47,0.35–0.47,39
Indianapolis,IN,Multifamily,"10 units, 1,500 sq. ft. each",10,1500,"City neighborhood (4,000/sq. mi.)",1.73,1.57,1.89,1.57–1.89,0.55,0.46,0.65,0.46–0.65,40
Reno,NV,Multifamily,"10 units, 1,500 sq. ft. each",10,1500,"City neighborhood (4,000/sq. mi.)",1.54,1.47,1.6,1.47–1.6,0.12,0.09,0.14,0.09–0.14,41
Grand Rapids,MI,Multifamily,"10 units, 1,500 sq. ft. each",10,1500,"City neighborhood (4,000/sq. mi.)",1.5,1.35,1.64,1.35–1.64,0.29,0.23,0.36,0.23–0.36,42
Raleigh,NC,Multifamily,"10 units, 1,500 sq. ft. each",10,1500,"City neighborhood (4,000/sq. mi.)",1.45,1.33,1.57,1.33–1.57,0.27,0.21,0.34,0.21–0.34,43
Miami,FL,Multifamily,"10 units, 1,500 sq. ft. each",10,1500,"Dense city neighborhood (10,000/sq. mi.)",5.8,5.09,6.5,5.09–6.5,2.06,1.67,2.46,1.67–2.46,1
San Francisco,CA,Multifamily,"10 units, 1,500 sq. ft. each",10,1500,"Dense city neighborhood (10,000/sq. mi.)",4.63,4.26,4.99,4.26–4.99,1.69,1.45,1.94,1.45–1.94,2
New York,NY,Multifamily,"10 units, 1,500 sq. ft. each",10,1500,"Dense city neighborhood (10,000/sq. mi.)",4.51,4.36,4.65,4.36–4.65,1.32,1.23,1.4,1.23–1.4,3
Los Angeles,CA,Multifamily,"10 units, 1,500 sq. ft. each",10,1500,"Dense city neighborhood (10,000/sq. mi.)",4.27,4.15,4.39,4.15–4.39,1.42,1.35,1.48,1.35–1.48,4
Oakland,CA,Multifamily,"10 units, 1,500 sq. ft. each",10,1500,"Dense city neighborhood (10,000/sq. mi.)",3.91,3.48,4.34,3.48–4.34,0.71,0.58,0.83,0.58–0.83,5
Boston,MA,Multifamily,"10 units, 1,500 sq. ft. each",10,1500,"Dense city neighborhood (10,000/sq. mi.)",3.73,3.5,3.95,3.5–3.95,1.75,1.59,1.92,1.59–1.92,6
Seattle,WA,Multifamily,"10 units, 1,500 sq. ft. each",10,1500,"Dense city neighborhood (10,000/sq. mi.)",3.09,2.96,3.22,2.96–3.22,1,0.94,1.05,0.94–1.05,7
Houston,TX,Multifamily,"10 units, 1,500 sq. ft. each",10,1500,"Dense city neighborhood (10,000/sq. mi.)",2.9,2.81,2.98,2.81–2.98,0.8,0.74,0.86,0.74–0.86,8
Durham,NC,Multifamily,"10 units, 1,500 sq. ft. each",10,1500,"Dense city neighborhood (10,000/sq. mi.)",2.84,2.36,3.31,2.36–3.31,0.24,0.17,0.31,0.17–0.31,9
Jersey City,NJ,Multifamily,"10 units, 1,500 sq. ft. each",10,1500,"Dense city neighborhood (10,000/sq. mi.)",2.8,2.36,3.23,2.36–3.23,0.33,0.15,0.51,0.15–0.51,10
Philadelphia,PA,Multifamily,"10 units, 1,500 sq. ft. each",10,1500,"Dense city neighborhood (10,000/sq. mi.)",2.79,2.58,3,2.58–3,0.29,0.25,0.33,0.25–0.33,11
Washington,DC,Multifamily,"10 units, 1,500 sq. ft. each",10,1500,"Dense city neighborhood (10,000/sq. mi.)",2.71,2.46,2.96,2.46–2.96,0.75,0.63,0.86,0.63–0.86,12
Spokane,WA,Multifamily,"10 units, 1,500 sq. ft. each",10,1500,"Dense city neighborhood (10,000/sq. mi.)",2.66,2.08,3.25,2.08–3.25,0.21,0.14,0.29,0.14–0.29,13
Boulder,CO,Multifamily,"10 units, 1,500 sq. ft. each",10,1500,"Dense city neighborhood (10,000/sq. mi.)",2.6,2.27,2.92,2.27–2.92,0.68,0.54,0.82,0.54–0.82,14
Austin,TX,Multifamily,"10 units, 1,500 sq. ft. each",10,1500,"Dense city neighborhood (10,000/sq. mi.)",2.58,2.46,2.7,2.46–2.7,0.71,0.65,0.77,0.65–0.77,15
Sacramento,CA,Multifamily,"10 units, 1,500 sq. ft. each",10,1500,"Dense city neighborhood (10,000/sq. mi.)",2.56,2.3,2.81,2.3–2.81,0.9,0.74,1.06,0.74–1.06,16
San Diego,CA,Multifamily,"10 units, 1,500 sq. ft. each",10,1500,"Dense city neighborhood (10,000/sq. mi.)",2.53,2.34,2.73,2.34–2.73,0.79,0.71,0.87,0.71–0.87,17
Honolulu,HI,Multifamily,"10 units, 1,500 sq. ft. each",10,1500,"Dense city neighborhood (10,000/sq. mi.)",2.49,2.18,2.81,2.18–2.81,1.14,0.98,1.31,0.98–1.31,18
Portland,OR,Multifamily,"10 units, 1,500 sq. ft. each",10,1500,"Dense city neighborhood (10,000/sq. mi.)",2.49,2.31,2.67,2.31–2.67,0.88,0.79,0.98,0.79–0.98,19
Colorado Springs,CO,Multifamily,"10 units, 1,500 sq. ft. each",10,1500,"Dense city neighborhood (10,000/sq. mi.)",2.43,2.23,2.62,2.23–2.62,0.69,0.59,0.8,0.59–0.8,20
Cincinnati,OH,Multifamily,"10 units, 1,500 sq. ft. each",10,1500,"Dense city neighborhood (10,000/sq. mi.)",2.42,2.01,2.84,2.01–2.84,0.54,0.34,0.74,0.34–0.74,21
Nashville,TN,Multifamily,"10 units, 1,500 sq. ft. each",10,1500,"Dense city neighborhood (10,000/sq. mi.)",2.4,2.03,2.76,2.03–2.76,0.45,0.29,0.62,0.29–0.62,22
Phoenix,AZ,Multifamily,"10 units, 1,500 sq. ft. each",10,1500,"Dense city neighborhood (10,000/sq. mi.)",2.37,2.17,2.57,2.17–2.57,0.74,0.63,0.85,0.63–0.85,23
Denver,CO,Multifamily,"10 units, 1,500 sq. ft. each",10,1500,"Dense city neighborhood (10,000/sq. mi.)",2.27,2.13,2.41,2.13–2.41,0.55,0.49,0.62,0.49–0.62,24
Cleveland,OH,Multifamily,"10 units, 1,500 sq. ft. each",10,1500,"Dense city neighborhood (10,000/sq. mi.)",2.13,1.77,2.49,1.77–2.49,0.6,0.45,0.76,0.45–0.76,25
St. Paul,MN,Multifamily,"10 units, 1,500 sq. ft. each",10,1500,"Dense city neighborhood (10,000/sq. mi.)",2.11,1.09,3.13,1.09–3.13,0.23,0.09,0.37,0.09–0.37,26
Boise,ID,Multifamily,"10 units, 1,500 sq. ft. each",10,1500,"Dense city neighborhood (10,000/sq. mi.)",2.01,1.68,2.33,1.68–2.33,0.64,0.43,0.84,0.43–0.84,27
Kansas City,MO,Multifamily,"10 units, 1,500 sq. ft. each",10,1500,"Dense city neighborhood (10,000/sq. mi.)",1.99,1.76,2.23,1.76–2.23,0.18,0.11,0.25,0.11–0.25,28
Atlanta,GA,Multifamily,"10 units, 1,500 sq. ft. each",10,1500,"Dense city neighborhood (10,000/sq. mi.)",1.99,1.79,2.2,1.79–2.2,0.98,0.76,1.2,0.76–1.2,29
Jacksonville,FL,Multifamily,"10 units, 1,500 sq. ft. each",10,1500,"Dense city neighborhood (10,000/sq. mi.)",1.98,1.78,2.17,1.78–2.17,0.41,0.34,0.49,0.34–0.49,30
Louisville,KY,Multifamily,"10 units, 1,500 sq. ft. each",10,1500,"Dense city neighborhood (10,000/sq. mi.)",1.95,1.67,2.22,1.67–2.22,0.44,0.35,0.53,0.35–0.53,31
Anaheim,CA,Multifamily,"10 units, 1,500 sq. ft. each",10,1500,"Dense city neighborhood (10,000/sq. mi.)",1.82,1.66,1.99,1.66–1.99,0.86,0.71,1.02,0.71–1.02,32
Fort Worth,TX,Multifamily,"10 units, 1,500 sq. ft. each",10,1500,"Dense city neighborhood (10,000/sq. mi.)",1.82,1.72,1.92,1.72–1.92,0.3,0.25,0.35,0.25–0.35,33
Orlando,FL,Multifamily,"10 units, 1,500 sq. ft. each",10,1500,"Dense city neighborhood (10,000/sq. mi.)",1.8,1.63,1.97,1.63–1.97,0.49,0.41,0.57,0.41–0.57,34
Tampa,FL,Multifamily,"10 units, 1,500 sq. ft. each",10,1500,"Dense city neighborhood (10,000/sq. mi.)",1.75,1.31,2.2,1.31–2.2,0.5,0.32,0.69,0.32–0.69,35
Sioux Falls,SD,Multifamily,"10 units, 1,500 sq. ft. each",10,1500,"Dense city neighborhood (10,000/sq. mi.)",1.74,1.5,1.97,1.5–1.97,0.24,0.18,0.31,0.18–0.31,36
Columbus,OH,Multifamily,"10 units, 1,500 sq. ft. each",10,1500,"Dense city neighborhood (10,000/sq. mi.)",1.71,1.61,1.81,1.61–1.81,0.27,0.24,0.29,0.24–0.29,37
Indianapolis,IN,Multifamily,"10 units, 1,500 sq. ft. each",10,1500,"Dense city neighborhood (10,000/sq. mi.)",1.68,1.44,1.91,1.44–1.91,0.48,0.35,0.6,0.35–0.6,38
Reno,NV,Multifamily,"10 units, 1,500 sq. ft. each",10,1500,"Dense city neighborhood (10,000/sq. mi.)",1.49,1.4,1.57,1.4–1.57,0.1,0.08,0.12,0.08–0.12,39
Raleigh,NC,Multifamily,"10 units, 1,500 sq. ft. each",10,1500,"Dense city neighborhood (10,000/sq. mi.)",1.46,1.31,1.62,1.31–1.62,0.28,0.21,0.35,0.21–0.35,40
Grand Rapids,MI,Multifamily,"10 units, 1,500 sq. ft. each",10,1500,"Dense city neighborhood (10,000/sq. mi.)",1.39,1.17,1.61,1.17–1.61,0.29,0.17,0.41,0.17–0.41,41
Miami,FL,Multifamily,"10 units, 1,500 sq. ft. each",10,1500,"Urban core (25,000/sq. mi.)",6.27,5.33,7.22,5.33–7.22,2.16,1.65,2.68,1.65–2.68,1
New York,NY,Multifamily,"10 units, 1,500 sq. ft. each",10,1500,"Urban core (25,000/sq. mi.)",4.46,4.35,4.58,4.35–4.58,1.26,1.2,1.32,1.2–1.32,2
San Francisco,CA,Multifamily,"10 units, 1,500 sq. ft. each",10,1500,"Urban core (25,000/sq. mi.)",4.46,4.1,4.82,4.1–4.82,1.75,1.51,1.98,1.51–1.98,3
Los Angeles,CA,Multifamily,"10 units, 1,500 sq. ft. each",10,1500,"Urban core (25,000/sq. mi.)",4.34,4.21,4.48,4.21–4.48,1.35,1.29,1.42,1.29–1.42,4
Boston,MA,Multifamily,"10 units, 1,500 sq. ft. each",10,1500,"Urban core (25,000/sq. mi.)",3.96,3.72,4.2,3.72–4.2,1.92,1.74,2.09,1.74–2.09,5
Oakland,CA,Multifamily,"10 units, 1,500 sq. ft. each",10,1500,"Urban core (25,000/sq. mi.)",3.43,2.87,3.99,2.87–3.99,0.59,0.41,0.77,0.41–0.77,6
Seattle,WA,Multifamily,"10 units, 1,500 sq. ft. each",10,1500,"Urban core (25,000/sq. mi.)",3.04,2.89,3.19,2.89–3.19,1,0.94,1.07,0.94–1.07,7
Houston,TX,Multifamily,"10 units, 1,500 sq. ft. each",10,1500,"Urban core (25,000/sq. mi.)",3.02,2.89,3.14,2.89–3.14,0.92,0.82,1.01,0.82–1.01,8
Jersey City,NJ,Multifamily,"10 units, 1,500 sq. ft. each",10,1500,"Urban core (25,000/sq. mi.)",2.91,2.63,3.18,2.63–3.18,0.36,0.23,0.48,0.23–0.48,9
Durham,NC,Multifamily,"10 units, 1,500 sq. ft. each",10,1500,"Urban core (25,000/sq. mi.)",2.85,2.2,3.51,2.2–3.51,0.19,0.12,0.27,0.12–0.27,10
Spokane,WA,Multifamily,"10 units, 1,500 sq. ft. each",10,1500,"Urban core (25,000/sq. mi.)",2.81,2.06,3.55,2.06–3.55,0.16,0.09,0.23,0.09–0.23,11
Philadelphia,PA,Multifamily,"10 units, 1,500 sq. ft. each",10,1500,"Urban core (25,000/sq. mi.)",2.79,2.58,3,2.58–3,0.28,0.25,0.32,0.25–0.32,12
Washington,DC,Multifamily,"10 units, 1,500 sq. ft. each",10,1500,"Urban core (25,000/sq. mi.)",2.74,2.49,2.98,2.49–2.98,0.75,0.65,0.84,0.65–0.84,13
Boulder,CO,Multifamily,"10 units, 1,500 sq. ft. each",10,1500,"Urban core (25,000/sq. mi.)",2.67,2.24,3.1,2.24–3.1,0.66,0.5,0.83,0.5–0.83,14
Austin,TX,Multifamily,"10 units, 1,500 sq. ft. each",10,1500,"Urban core (25,000/sq. mi.)",2.65,2.49,2.81,2.49–2.81,0.71,0.63,0.79,0.63–0.79,15
Cincinnati,OH,Multifamily,"10 units, 1,500 sq. ft. each",10,1500,"Urban core (25,000/sq. mi.)",2.64,2.07,3.21,2.07–3.21,0.67,0.37,0.97,0.37–0.97,16
San Diego,CA,Multifamily,"10 units, 1,500 sq. ft. each",10,1500,"Urban core (25,000/sq. mi.)",2.61,2.38,2.84,2.38–2.84,0.87,0.76,0.97,0.76–0.97,17
Sacramento,CA,Multifamily,"10 units, 1,500 sq. ft. each",10,1500,"Urban core (25,000/sq. mi.)",2.52,2.24,2.8,2.24–2.8,0.87,0.69,1.05,0.69–1.05,18
Colorado Springs,CO,Multifamily,"10 units, 1,500 sq. ft. each",10,1500,"Urban core (25,000/sq. mi.)",2.45,2.21,2.68,2.21–2.68,0.7,0.58,0.83,0.58–0.83,19
Portland,OR,Multifamily,"10 units, 1,500 sq. ft. each",10,1500,"Urban core (25,000/sq. mi.)",2.42,2.22,2.62,2.22–2.62,0.87,0.77,0.97,0.77–0.97,20
Honolulu,HI,Multifamily,"10 units, 1,500 sq. ft. each",10,1500,"Urban core (25,000/sq. mi.)",2.39,2.02,2.75,2.02–2.75,1.21,1,1.43,1–1.43,21
Nashville,TN,Multifamily,"10 units, 1,500 sq. ft. each",10,1500,"Urban core (25,000/sq. mi.)",2.37,1.91,2.83,1.91–2.83,0.4,0.22,0.59,0.22–0.59,22
Phoenix,AZ,Multifamily,"10 units, 1,500 sq. ft. each",10,1500,"Urban core (25,000/sq. mi.)",2.29,2.05,2.53,2.05–2.53,0.69,0.56,0.82,0.56–0.82,23
Denver,CO,Multifamily,"10 units, 1,500 sq. ft. each",10,1500,"Urban core (25,000/sq. mi.)",2.27,2.12,2.41,2.12–2.41,0.57,0.49,0.65,0.49–0.65,24
Jacksonville,FL,Multifamily,"10 units, 1,500 sq. ft. each",10,1500,"Urban core (25,000/sq. mi.)",2.16,1.92,2.41,1.92–2.41,0.46,0.36,0.57,0.36–0.57,25
Louisville,KY,Multifamily,"10 units, 1,500 sq. ft. each",10,1500,"Urban core (25,000/sq. mi.)",2.16,1.74,2.58,1.74–2.58,0.47,0.33,0.6,0.33–0.6,26
Cleveland,OH,Multifamily,"10 units, 1,500 sq. ft. each",10,1500,"Urban core (25,000/sq. mi.)",2.14,1.62,2.66,1.62–2.66,0.64,0.4,0.89,0.4–0.89,27
Kansas City,MO,Multifamily,"10 units, 1,500 sq. ft. each",10,1500,"Urban core (25,000/sq. mi.)",1.99,1.67,2.31,1.67–2.31,0.15,0.08,0.23,0.08–0.23,28
Atlanta,GA,Multifamily,"10 units, 1,500 sq. ft. each",10,1500,"Urban core (25,000/sq. mi.)",1.93,1.7,2.17,1.7–2.17,0.98,0.71,1.26,0.71–1.26,29
Boise,ID,Multifamily,"10 units, 1,500 sq. ft. each",10,1500,"Urban core (25,000/sq. mi.)",1.91,1.57,2.26,1.57–2.26,0.65,0.41,0.9,0.41–0.9,30
Fort Worth,TX,Multifamily,"10 units, 1,500 sq. ft. each",10,1500,"Urban core (25,000/sq. mi.)",1.83,1.69,1.96,1.69–1.96,0.3,0.24,0.37,0.24–0.37,31
Anaheim,CA,Multifamily,"10 units, 1,500 sq. ft. each",10,1500,"Urban core (25,000/sq. mi.)",1.75,1.46,2.04,1.46–2.04,0.67,0.46,0.88,0.46–0.88,32
Sioux Falls,SD,Multifamily,"10 units, 1,500 sq. ft. each",10,1500,"Urban core (25,000/sq. mi.)",1.7,1.42,1.99,1.42–1.99,0.22,0.15,0.3,0.15–0.3,33
Columbus,OH,Multifamily,"10 units, 1,500 sq. ft. each",10,1500,"Urban core (25,000/sq. mi.)",1.63,1.5,1.77,1.5–1.77,0.24,0.21,0.27,0.21–0.27,34
Indianapolis,IN,Multifamily,"10 units, 1,500 sq. ft. each",10,1500,"Urban core (25,000/sq. mi.)",1.62,1.29,1.96,1.29–1.96,0.41,0.25,0.56,0.25–0.56,35
Orlando,FL,Multifamily,"10 units, 1,500 sq. ft. each",10,1500,"Urban core (25,000/sq. mi.)",1.6,1.42,1.77,1.42–1.77,0.39,0.31,0.47,0.31–0.47,36
Raleigh,NC,Multifamily,"10 units, 1,500 sq. ft. each",10,1500,"Urban core (25,000/sq. mi.)",1.48,1.29,1.67,1.29–1.67,0.3,0.21,0.38,0.21–0.38,37
Reno,NV,Multifamily,"10 units, 1,500 sq. ft. each",10,1500,"Urban core (25,000/sq. mi.)",1.44,1.33,1.54,1.33–1.54,0.08,0.06,0.11,0.06–0.11,38
Grand Rapids,MI,Multifamily,"10 units, 1,500 sq. ft. each",10,1500,"Urban core (25,000/sq. mi.)",1.29,0.99,1.6,0.99–1.6,0.29,0.11,0.47,0.11–0.47,39
Oakland,CA,Multifamily,"20 units, 700 sq. ft. each",20,700,"Low-density suburb (1,000/sq. mi.)",5.93,4.81,7.05,4.81–7.05,1.59,0.89,2.29,0.89–2.29,1
San Francisco,CA,Multifamily,"20 units, 700 sq. ft. each",20,700,"Low-density suburb (1,000/sq. mi.)",5.06,4.41,5.7,4.41–5.7,1.35,1,1.7,1–1.7,2
New York,NY,Multifamily,"20 units, 700 sq. ft. each",20,700,"Low-density suburb (1,000/sq. mi.)",4.59,4.32,4.86,4.32–4.86,1.45,1.27,1.63,1.27–1.63,3
Miami,FL,Multifamily,"20 units, 700 sq. ft. each",20,700,"Low-density suburb (1,000/sq. mi.)",4.46,3.14,5.78,3.14–5.78,1.68,0.84,2.52,0.84–2.52,4
Los Angeles,CA,Multifamily,"20 units, 700 sq. ft. each",20,700,"Low-density suburb (1,000/sq. mi.)",3.91,3.66,4.16,3.66–4.16,1.68,1.51,1.85,1.51–1.85,5
Tulsa,OK,Multifamily,"20 units, 700 sq. ft. each",20,700,"Low-density suburb (1,000/sq. mi.)",3.55,2.91,4.18,2.91–4.18,0.66,0.47,0.85,0.47–0.85,6
Boston,MA,Multifamily,"20 units, 700 sq. ft. each",20,700,"Low-density suburb (1,000/sq. mi.)",3.47,2.99,3.96,2.99–3.96,1.53,1.19,1.87,1.19–1.87,7
Baton Rouge,LA,Multifamily,"20 units, 700 sq. ft. each",20,700,"Low-density suburb (1,000/sq. mi.)",3.38,2.26,4.51,2.26–4.51,0.59,0.34,0.85,0.34–0.85,8
Seattle,WA,Multifamily,"20 units, 700 sq. ft. each",20,700,"Low-density suburb (1,000/sq. mi.)",3.35,2.97,3.73,2.97–3.73,1.01,0.85,1.17,0.85–1.17,9
Honolulu,HI,Multifamily,"20 units, 700 sq. ft. each",20,700,"Low-density suburb (1,000/sq. mi.)",3.11,2.83,3.4,2.83–3.4,1.07,0.96,1.19,0.96–1.19,10
Sacramento,CA,Multifamily,"20 units, 700 sq. ft. each",20,700,"Low-density suburb (1,000/sq. mi.)",3.02,2.72,3.33,2.72–3.33,1.01,0.84,1.18,0.84–1.18,11
Philadelphia,PA,Multifamily,"20 units, 700 sq. ft. each",20,700,"Low-density suburb (1,000/sq. mi.)",2.99,2.48,3.51,2.48–3.51,0.31,0.21,0.41,0.21–0.41,12
Durham,NC,Multifamily,"20 units, 700 sq. ft. each",20,700,"Low-density suburb (1,000/sq. mi.)",2.77,2.48,3.06,2.48–3.06,0.48,0.38,0.57,0.38–0.57,13
Washington,DC,Multifamily,"20 units, 700 sq. ft. each",20,700,"Low-density suburb (1,000/sq. mi.)",2.76,2.19,3.33,2.19–3.33,0.77,0.5,1.04,0.5–1.04,14
Houston,TX,Multifamily,"20 units, 700 sq. ft. each",20,700,"Low-density suburb (1,000/sq. mi.)",2.52,2.42,2.61,2.42–2.61,0.52,0.47,0.57,0.47–0.57,15
San Diego,CA,Multifamily,"20 units, 700 sq. ft. each",20,700,"Low-density suburb (1,000/sq. mi.)",2.5,2.28,2.71,2.28–2.71,0.64,0.55,0.74,0.55–0.74,16
Denver,CO,Multifamily,"20 units, 700 sq. ft. each",20,700,"Low-density suburb (1,000/sq. mi.)",2.48,2.33,2.62,2.33–2.62,0.56,0.48,0.63,0.48–0.63,17
Orlando,FL,Multifamily,"20 units, 700 sq. ft. each",20,700,"Low-density suburb (1,000/sq. mi.)",2.41,2.22,2.61,2.22–2.61,0.71,0.6,0.83,0.6–0.83,18
Austin,TX,Multifamily,"20 units, 700 sq. ft. each",20,700,"Low-density suburb (1,000/sq. mi.)",2.39,2.31,2.48,2.31–2.48,0.76,0.71,0.8,0.71–0.8,19
Portland,OR,Multifamily,"20 units, 700 sq. ft. each",20,700,"Low-density suburb (1,000/sq. mi.)",2.39,2.27,2.51,2.27–2.51,0.88,0.82,0.94,0.82–0.94,20
Phoenix,AZ,Multifamily,"20 units, 700 sq. ft. each",20,700,"Low-density suburb (1,000/sq. mi.)",2.39,2.23,2.55,2.23–2.55,0.79,0.7,0.89,0.7–0.89,21
Tampa,FL,Multifamily,"20 units, 700 sq. ft. each",20,700,"Low-density suburb (1,000/sq. mi.)",2.22,1.43,3.01,1.43–3.01,0.49,0.27,0.72,0.27–0.72,22
Boise,ID,Multifamily,"20 units, 700 sq. ft. each",20,700,"Low-density suburb (1,000/sq. mi.)",2.17,1.93,2.41,1.93–2.41,0.55,0.43,0.67,0.43–0.67,23
Nashville,TN,Multifamily,"20 units, 700 sq. ft. each",20,700,"Low-density suburb (1,000/sq. mi.)",2.16,2.01,2.31,2.01–2.31,0.58,0.51,0.65,0.51–0.65,24
Boulder,CO,Multifamily,"20 units, 700 sq. ft. each",20,700,"Low-density suburb (1,000/sq. mi.)",2.16,1.94,2.37,1.94–2.37,0.62,0.48,0.77,0.48–0.77,25
Spokane,WA,Multifamily,"20 units, 700 sq. ft. each",20,700,"Low-density suburb (1,000/sq. mi.)",2.14,1.16,3.11,1.16–3.11,0.39,0.26,0.52,0.26–0.52,26
Charleston,SC,Multifamily,"20 units, 700 sq. ft. each",20,700,"Low-density suburb (1,000/sq. mi.)",2.11,1.89,2.32,1.89–2.32,0.23,0.17,0.29,0.17–0.29,27
Anaheim,CA,Multifamily,"20 units, 700 sq. ft. each",20,700,"Low-density suburb (1,000/sq. mi.)",2.06,1.63,2.49,1.63–2.49,1.4,0.88,1.92,0.88–1.92,28
Sioux Falls,SD,Multifamily,"20 units, 700 sq. ft. each",20,700,"Low-density suburb (1,000/sq. mi.)",2.05,1.82,2.29,1.82–2.29,0.27,0.23,0.32,0.23–0.32,29
Atlanta,GA,Multifamily,"20 units, 700 sq. ft. each",20,700,"Low-density suburb (1,000/sq. mi.)",2,1.72,2.28,1.72–2.28,0.57,0.4,0.73,0.4–0.73,30
Kansas City,MO,Multifamily,"20 units, 700 sq. ft. each",20,700,"Low-density suburb (1,000/sq. mi.)",1.94,1.83,2.05,1.83–2.05,0.24,0.2,0.28,0.2–0.28,31
Cleveland,OH,Multifamily,"20 units, 700 sq. ft. each",20,700,"Low-density suburb (1,000/sq. mi.)",1.9,1.46,2.34,1.46–2.34,0.42,0.23,0.62,0.23–0.62,32
Cincinnati,OH,Multifamily,"20 units, 700 sq. ft. each",20,700,"Low-density suburb (1,000/sq. mi.)",1.85,1.29,2.42,1.29–2.42,0.4,0.15,0.64,0.15–0.64,33
Columbus,OH,Multifamily,"20 units, 700 sq. ft. each",20,700,"Low-density suburb (1,000/sq. mi.)",1.85,1.76,1.94,1.76–1.94,0.39,0.35,0.42,0.35–0.42,34
Grand Rapids,MI,Multifamily,"20 units, 700 sq. ft. each",20,700,"Low-density suburb (1,000/sq. mi.)",1.84,1.6,2.09,1.6–2.09,0.29,0.19,0.39,0.19–0.39,35
Fort Worth,TX,Multifamily,"20 units, 700 sq. ft. each",20,700,"Low-density suburb (1,000/sq. mi.)",1.79,1.72,1.85,1.72–1.85,0.26,0.22,0.29,0.22–0.29,36
Indianapolis,IN,Multifamily,"20 units, 700 sq. ft. each",20,700,"Low-density suburb (1,000/sq. mi.)",1.78,1.6,1.95,1.6–1.95,0.64,0.53,0.75,0.53–0.75,37
Colorado Springs,CO,Multifamily,"20 units, 700 sq. ft. each",20,700,"Low-density suburb (1,000/sq. mi.)",1.71,1.47,1.96,1.47–1.96,0.38,0.27,0.48,0.27–0.48,38
Reno,NV,Multifamily,"20 units, 700 sq. ft. each",20,700,"Low-density suburb (1,000/sq. mi.)",1.63,1.56,1.7,1.56–1.7,0.2,0.16,0.23,0.16–0.23,39
Jacksonville,FL,Multifamily,"20 units, 700 sq. ft. each",20,700,"Low-density suburb (1,000/sq. mi.)",1.56,1.47,1.65,1.47–1.65,0.33,0.3,0.36,0.3–0.36,40
Louisville,KY,Multifamily,"20 units, 700 sq. ft. each",20,700,"Low-density suburb (1,000/sq. mi.)",1.55,1.45,1.66,1.45–1.66,0.39,0.35,0.44,0.35–0.44,41
Raleigh,NC,Multifamily,"20 units, 700 sq. ft. each",20,700,"Low-density suburb (1,000/sq. mi.)",1.42,1.28,1.57,1.28–1.57,0.22,0.17,0.28,0.17–0.28,42
Miami,FL,Multifamily,"20 units, 700 sq. ft. each",20,700,"City neighborhood (4,000/sq. mi.)",5.02,4.15,5.89,4.15–5.89,1.8,1.27,2.33,1.27–2.33,1
Oakland,CA,Multifamily,"20 units, 700 sq. ft. each",20,700,"City neighborhood (4,000/sq. mi.)",4.86,4.18,5.54,4.18–5.54,1.2,0.86,1.53,0.86–1.53,2
San Francisco,CA,Multifamily,"20 units, 700 sq. ft. each",20,700,"City neighborhood (4,000/sq. mi.)",4.79,4.3,5.27,4.3–5.27,1.41,1.15,1.68,1.15–1.68,3
New York,NY,Multifamily,"20 units, 700 sq. ft. each",20,700,"City neighborhood (4,000/sq. mi.)",4.53,4.34,4.71,4.34–4.71,1.36,1.24,1.48,1.24–1.48,4
Los Angeles,CA,Multifamily,"20 units, 700 sq. ft. each",20,700,"City neighborhood (4,000/sq. mi.)",4.01,3.83,4.19,3.83–4.19,1.56,1.46,1.67,1.46–1.67,5
Boston,MA,Multifamily,"20 units, 700 sq. ft. each",20,700,"City neighborhood (4,000/sq. mi.)",3.81,3.44,4.18,3.44–4.18,1.75,1.48,2.02,1.48–2.02,6
Baton Rouge,LA,Multifamily,"20 units, 700 sq. ft. each",20,700,"City neighborhood (4,000/sq. mi.)",3.67,2.67,4.68,2.67–4.68,0.83,0.55,1.12,0.55–1.12,7
Seattle,WA,Multifamily,"20 units, 700 sq. ft. each",20,700,"City neighborhood (4,000/sq. mi.)",3.27,3.07,3.47,3.07–3.47,1.02,0.93,1.1,0.93–1.1,8
Philadelphia,PA,Multifamily,"20 units, 700 sq. ft. each",20,700,"City neighborhood (4,000/sq. mi.)",3,2.68,3.32,2.68–3.32,0.3,0.24,0.36,0.24–0.36,9
Sacramento,CA,Multifamily,"20 units, 700 sq. ft. each",20,700,"City neighborhood (4,000/sq. mi.)",2.96,2.67,3.24,2.67–3.24,0.96,0.8,1.11,0.8–1.11,10
Honolulu,HI,Multifamily,"20 units, 700 sq. ft. each",20,700,"City neighborhood (4,000/sq. mi.)",2.91,2.62,3.21,2.62–3.21,1.18,1.03,1.33,1.03–1.33,11
Washington,DC,Multifamily,"20 units, 700 sq. ft. each",20,700,"City neighborhood (4,000/sq. mi.)",2.8,2.46,3.14,2.46–3.14,0.77,0.62,0.93,0.62–0.93,12
Jersey City,NJ,Multifamily,"20 units, 700 sq. ft. each",20,700,"City neighborhood (4,000/sq. mi.)",2.8,2.15,3.44,2.15–3.44,0.31,0.08,0.53,0.08–0.53,13
Durham,NC,Multifamily,"20 units, 700 sq. ft. each",20,700,"City neighborhood (4,000/sq. mi.)",2.79,2.45,3.14,2.45–3.14,0.35,0.28,0.41,0.28–0.41,14
Houston,TX,Multifamily,"20 units, 700 sq. ft. each",20,700,"City neighborhood (4,000/sq. mi.)",2.67,2.61,2.74,2.61–2.74,0.64,0.6,0.68,0.6–0.68,15
San Diego,CA,Multifamily,"20 units, 700 sq. ft. each",20,700,"City neighborhood (4,000/sq. mi.)",2.61,2.45,2.78,2.45–2.78,0.74,0.67,0.8,0.67–0.8,16
Tulsa,OK,Multifamily,"20 units, 700 sq. ft. each",20,700,"City neighborhood (4,000/sq. mi.)",2.55,2.16,2.94,2.16–2.94,0.77,0.52,1.03,0.52–1.03,17
Austin,TX,Multifamily,"20 units, 700 sq. ft. each",20,700,"City neighborhood (4,000/sq. mi.)",2.49,2.42,2.57,2.42–2.57,0.75,0.71,0.8,0.71–0.8,18
Charleston,SC,Multifamily,"20 units, 700 sq. ft. each",20,700,"City neighborhood (4,000/sq. mi.)",2.48,2.13,2.83,2.13–2.83,0.43,0.23,0.63,0.23–0.63,19
Denver,CO,Multifamily,"20 units, 700 sq. ft. each",20,700,"City neighborhood (4,000/sq. mi.)",2.47,2.34,2.6,2.34–2.6,0.58,0.52,0.64,0.52–0.64,20
Spokane,WA,Multifamily,"20 units, 700 sq. ft. each",20,700,"City neighborhood (4,000/sq. mi.)",2.31,1.74,2.88,1.74–2.88,0.25,0.18,0.32,0.18–0.32,21
Portland,OR,Multifamily,"20 units, 700 sq. ft. each",20,700,"City neighborhood (4,000/sq. mi.)",2.29,2.21,2.37,2.21–2.37,0.86,0.81,0.91,0.81–0.91,22
Phoenix,AZ,Multifamily,"20 units, 700 sq. ft. each",20,700,"City neighborhood (4,000/sq. mi.)",2.27,2.09,2.44,2.09–2.44,0.71,0.61,0.81,0.61–0.81,23
Boulder,CO,Multifamily,"20 units, 700 sq. ft. each",20,700,"City neighborhood (4,000/sq. mi.)",2.25,1.95,2.56,1.95–2.56,0.6,0.44,0.76,0.44–0.76,24
Nashville,TN,Multifamily,"20 units, 700 sq. ft. each",20,700,"City neighborhood (4,000/sq. mi.)",2.12,1.92,2.33,1.92–2.33,0.49,0.37,0.6,0.37–0.6,25
Tampa,FL,Multifamily,"20 units, 700 sq. ft. each",20,700,"City neighborhood (4,000/sq. mi.)",2.02,1.67,2.37,1.67–2.37,0.52,0.42,0.62,0.42–0.62,26
Boise,ID,Multifamily,"20 units, 700 sq. ft. each",20,700,"City neighborhood (4,000/sq. mi.)",2.02,1.76,2.28,1.76–2.28,0.57,0.43,0.71,0.43–0.71,27
Orlando,FL,Multifamily,"20 units, 700 sq. ft. each",20,700,"City neighborhood (4,000/sq. mi.)",2.01,1.83,2.19,1.83–2.19,0.51,0.42,0.59,0.42–0.59,28
Sioux Falls,SD,Multifamily,"20 units, 700 sq. ft. each",20,700,"City neighborhood (4,000/sq. mi.)",1.99,1.78,2.21,1.78–2.21,0.24,0.19,0.28,0.19–0.28,29
Anaheim,CA,Multifamily,"20 units, 700 sq. ft. each",20,700,"City neighborhood (4,000/sq. mi.)",1.94,1.71,2.17,1.71–2.17,0.97,0.74,1.19,0.74–1.19,30
Kansas City,MO,Multifamily,"20 units, 700 sq. ft. each",20,700,"City neighborhood (4,000/sq. mi.)",1.93,1.76,2.11,1.76–2.11,0.19,0.14,0.24,0.14–0.24,31
Atlanta,GA,Multifamily,"20 units, 700 sq. ft. each",20,700,"City neighborhood (4,000/sq. mi.)",1.91,1.73,2.09,1.73–2.09,0.57,0.47,0.67,0.47–0.67,32
Cleveland,OH,Multifamily,"20 units, 700 sq. ft. each",20,700,"City neighborhood (4,000/sq. mi.)",1.91,1.65,2.17,1.65–2.17,0.46,0.35,0.58,0.35–0.58,33
Louisville,KY,Multifamily,"20 units, 700 sq. ft. each",20,700,"City neighborhood (4,000/sq. mi.)",1.81,1.65,1.98,1.65–1.98,0.43,0.37,0.49,0.37–0.49,34
St. Paul,MN,Multifamily,"20 units, 700 sq. ft. each",20,700,"City neighborhood (4,000/sq. mi.)",1.81,1.18,2.44,1.18–2.44,0.29,0.16,0.41,0.16–0.41,35
Fort Worth,TX,Multifamily,"20 units, 700 sq. ft. each",20,700,"City neighborhood (4,000/sq. mi.)",1.8,1.73,1.86,1.73–1.86,0.26,0.22,0.29,0.22–0.29,36
Jacksonville,FL,Multifamily,"20 units, 700 sq. ft. each",20,700,"City neighborhood (4,000/sq. mi.)",1.79,1.67,1.9,1.67–1.9,0.39,0.35,0.44,0.35–0.44,37
Colorado Springs,CO,Multifamily,"20 units, 700 sq. ft. each",20,700,"City neighborhood (4,000/sq. mi.)",1.73,1.49,1.98,1.49–1.98,0.38,0.29,0.48,0.29–0.48,38
Columbus,OH,Multifamily,"20 units, 700 sq. ft. each",20,700,"City neighborhood (4,000/sq. mi.)",1.73,1.65,1.81,1.65–1.81,0.33,0.3,0.35,0.3–0.35,39
Indianapolis,IN,Multifamily,"20 units, 700 sq. ft. each",20,700,"City neighborhood (4,000/sq. mi.)",1.69,1.55,1.83,1.55–1.83,0.51,0.42,0.6,0.42–0.6,40
Grand Rapids,MI,Multifamily,"20 units, 700 sq. ft. each",20,700,"City neighborhood (4,000/sq. mi.)",1.65,1.5,1.8,1.5–1.8,0.29,0.22,0.35,0.22–0.35,41
Reno,NV,Multifamily,"20 units, 700 sq. ft. each",20,700,"City neighborhood (4,000/sq. mi.)",1.55,1.48,1.62,1.48–1.62,0.15,0.12,0.18,0.12–0.18,42
Raleigh,NC,Multifamily,"20 units, 700 sq. ft. each",20,700,"City neighborhood (4,000/sq. mi.)",1.45,1.3,1.6,1.3–1.6,0.24,0.19,0.29,0.19–0.29,43
Miami,FL,Multifamily,"20 units, 700 sq. ft. each",20,700,"Dense city neighborhood (10,000/sq. mi.)",5.43,4.74,6.11,4.74–6.11,1.89,1.44,2.34,1.44–2.34,1
San Francisco,CA,Multifamily,"20 units, 700 sq. ft. each",20,700,"Dense city neighborhood (10,000/sq. mi.)",4.62,4.2,5.03,4.2–5.03,1.46,1.23,1.68,1.23–1.68,2
New York,NY,Multifamily,"20 units, 700 sq. ft. each",20,700,"Dense city neighborhood (10,000/sq. mi.)",4.49,4.34,4.63,4.34–4.63,1.3,1.22,1.39,1.22–1.39,3
Oakland,CA,Multifamily,"20 units, 700 sq. ft. each",20,700,"Dense city neighborhood (10,000/sq. mi.)",4.26,3.64,4.88,3.64–4.88,0.99,0.76,1.22,0.76–1.22,4
Los Angeles,CA,Multifamily,"20 units, 700 sq. ft. each",20,700,"Dense city neighborhood (10,000/sq. mi.)",4.08,3.93,4.23,3.93–4.23,1.49,1.4,1.58,1.4–1.58,5
Boston,MA,Multifamily,"20 units, 700 sq. ft. each",20,700,"Dense city neighborhood (10,000/sq. mi.)",4.05,3.71,4.39,3.71–4.39,1.91,1.67,2.15,1.67–2.15,6
Seattle,WA,Multifamily,"20 units, 700 sq. ft. each",20,700,"Dense city neighborhood (10,000/sq. mi.)",3.22,3.1,3.34,3.1–3.34,1.02,0.97,1.07,0.97–1.07,7
Philadelphia,PA,Multifamily,"20 units, 700 sq. ft. each",20,700,"Dense city neighborhood (10,000/sq. mi.)",3.01,2.79,3.23,2.79–3.23,0.29,0.25,0.33,0.25–0.33,8
Sacramento,CA,Multifamily,"20 units, 700 sq. ft. each",20,700,"Dense city neighborhood (10,000/sq. mi.)",2.91,2.62,3.2,2.62–3.2,0.93,0.77,1.08,0.77–1.08,9
Jersey City,NJ,Multifamily,"20 units, 700 sq. ft. each",20,700,"Dense city neighborhood (10,000/sq. mi.)",2.9,2.5,3.31,2.5–3.31,0.33,0.18,0.49,0.18–0.49,10
Washington,DC,Multifamily,"20 units, 700 sq. ft. each",20,700,"Dense city neighborhood (10,000/sq. mi.)",2.83,2.61,3.05,2.61–3.05,0.78,0.68,0.88,0.68–0.88,11
Durham,NC,Multifamily,"20 units, 700 sq. ft. each",20,700,"Dense city neighborhood (10,000/sq. mi.)",2.81,2.33,3.29,2.33–3.29,0.28,0.21,0.35,0.21–0.35,12
Honolulu,HI,Multifamily,"20 units, 700 sq. ft. each",20,700,"Dense city neighborhood (10,000/sq. mi.)",2.79,2.45,3.13,2.45–3.13,1.25,1.06,1.45,1.06–1.45,13
Houston,TX,Multifamily,"20 units, 700 sq. ft. each",20,700,"Dense city neighborhood (10,000/sq. mi.)",2.79,2.7,2.87,2.7–2.87,0.74,0.69,0.79,0.69–0.79,14
San Diego,CA,Multifamily,"20 units, 700 sq. ft. each",20,700,"Dense city neighborhood (10,000/sq. mi.)",2.69,2.51,2.87,2.51–2.87,0.81,0.74,0.88,0.74–0.88,15
Austin,TX,Multifamily,"20 units, 700 sq. ft. each",20,700,"Dense city neighborhood (10,000/sq. mi.)",2.56,2.46,2.66,2.46–2.66,0.75,0.7,0.81,0.7–0.81,16
Denver,CO,Multifamily,"20 units, 700 sq. ft. each",20,700,"Dense city neighborhood (10,000/sq. mi.)",2.47,2.34,2.59,2.34–2.59,0.6,0.54,0.66,0.54–0.66,17
Spokane,WA,Multifamily,"20 units, 700 sq. ft. each",20,700,"Dense city neighborhood (10,000/sq. mi.)",2.43,1.97,2.89,1.97–2.89,0.19,0.13,0.25,0.13–0.25,18
Boulder,CO,Multifamily,"20 units, 700 sq. ft. each",20,700,"Dense city neighborhood (10,000/sq. mi.)",2.32,1.93,2.71,1.93–2.71,0.59,0.41,0.77,0.41–0.77,19
Portland,OR,Multifamily,"20 units, 700 sq. ft. each",20,700,"Dense city neighborhood (10,000/sq. mi.)",2.23,2.14,2.32,2.14–2.32,0.84,0.79,0.9,0.79–0.9,20
Phoenix,AZ,Multifamily,"20 units, 700 sq. ft. each",20,700,"Dense city neighborhood (10,000/sq. mi.)",2.19,1.99,2.39,1.99–2.39,0.66,0.55,0.77,0.55–0.77,21
Nashville,TN,Multifamily,"20 units, 700 sq. ft. each",20,700,"Dense city neighborhood (10,000/sq. mi.)",2.1,1.82,2.39,1.82–2.39,0.43,0.29,0.58,0.29–0.58,22
Louisville,KY,Multifamily,"20 units, 700 sq. ft. each",20,700,"Dense city neighborhood (10,000/sq. mi.)",2.01,1.73,2.29,1.73–2.29,0.46,0.36,0.56,0.36–0.56,23
Sioux Falls,SD,Multifamily,"20 units, 700 sq. ft. each",20,700,"Dense city neighborhood (10,000/sq. mi.)",1.95,1.71,2.2,1.71–2.2,0.22,0.16,0.27,0.16–0.27,24
Jacksonville,FL,Multifamily,"20 units, 700 sq. ft. each",20,700,"Dense city neighborhood (10,000/sq. mi.)",1.95,1.8,2.1,1.8–2.1,0.44,0.37,0.5,0.37–0.5,25
Kansas City,MO,Multifamily,"20 units, 700 sq. ft. each",20,700,"Dense city neighborhood (10,000/sq. mi.)",1.92,1.67,2.18,1.67–2.18,0.16,0.1,0.22,0.1–0.22,26
Boise,ID,Multifamily,"20 units, 700 sq. ft. each",20,700,"Dense city neighborhood (10,000/sq. mi.)",1.92,1.64,2.2,1.64–2.2,0.58,0.41,0.76,0.41–0.76,27
Cleveland,OH,Multifamily,"20 units, 700 sq. ft. each",20,700,"Dense city neighborhood (10,000/sq. mi.)",1.92,1.61,2.22,1.61–2.22,0.49,0.37,0.62,0.37–0.62,28
Tampa,FL,Multifamily,"20 units, 700 sq. ft. each",20,700,"Dense city neighborhood (10,000/sq. mi.)",1.9,1.41,2.4,1.41–2.4,0.54,0.36,0.72,0.36–0.72,29
St. Paul,MN,Multifamily,"20 units, 700 sq. ft. each",20,700,"Dense city neighborhood (10,000/sq. mi.)",1.87,1.17,2.56,1.17–2.56,0.22,0.12,0.31,0.12–0.31,30
Anaheim,CA,Multifamily,"20 units, 700 sq. ft. each",20,700,"Dense city neighborhood (10,000/sq. mi.)",1.86,1.61,2.12,1.61–2.12,0.76,0.55,0.96,0.55–0.96,31
Atlanta,GA,Multifamily,"20 units, 700 sq. ft. each",20,700,"Dense city neighborhood (10,000/sq. mi.)",1.85,1.68,2.02,1.68–2.02,0.57,0.46,0.68,0.46–0.68,32
Fort Worth,TX,Multifamily,"20 units, 700 sq. ft. each",20,700,"Dense city neighborhood (10,000/sq. mi.)",1.8,1.71,1.9,1.71–1.9,0.26,0.22,0.3,0.22–0.3,33
Orlando,FL,Multifamily,"20 units, 700 sq. ft. each",20,700,"Dense city neighborhood (10,000/sq. mi.)",1.78,1.6,1.96,1.6–1.96,0.4,0.33,0.48,0.33–0.48,34
Colorado Springs,CO,Multifamily,"20 units, 700 sq. ft. each",20,700,"Dense city neighborhood (10,000/sq. mi.)",1.75,1.48,2.01,1.48–2.01,0.39,0.29,0.49,0.29–0.49,35
Columbus,OH,Multifamily,"20 units, 700 sq. ft. each",20,700,"Dense city neighborhood (10,000/sq. mi.)",1.66,1.55,1.77,1.55–1.77,0.29,0.27,0.32,0.27–0.32,36
Indianapolis,IN,Multifamily,"20 units, 700 sq. ft. each",20,700,"Dense city neighborhood (10,000/sq. mi.)",1.64,1.41,1.86,1.41–1.86,0.44,0.32,0.55,0.32–0.55,37
Grand Rapids,MI,Multifamily,"20 units, 700 sq. ft. each",20,700,"Dense city neighborhood (10,000/sq. mi.)",1.53,1.31,1.76,1.31–1.76,0.29,0.17,0.4,0.17–0.4,38
Reno,NV,Multifamily,"20 units, 700 sq. ft. each",20,700,"Dense city neighborhood (10,000/sq. mi.)",1.5,1.4,1.59,1.4–1.59,0.12,0.1,0.15,0.1–0.15,39
Raleigh,NC,Multifamily,"20 units, 700 sq. ft. each",20,700,"Dense city neighborhood (10,000/sq. mi.)",1.46,1.29,1.64,1.29–1.64,0.25,0.19,0.31,0.19–0.31,40
Miami,FL,Multifamily,"20 units, 700 sq. ft. each",20,700,"Urban core (25,000/sq. mi.)",5.87,5.01,6.73,5.01–6.73,1.98,1.4,2.57,1.4–2.57,1
San Francisco,CA,Multifamily,"20 units, 700 sq. ft. each",20,700,"Urban core (25,000/sq. mi.)",4.45,4.06,4.84,4.06–4.84,1.5,1.29,1.72,1.29–1.72,2
New York,NY,Multifamily,"20 units, 700 sq. ft. each",20,700,"Urban core (25,000/sq. mi.)",4.44,4.33,4.56,4.33–4.56,1.25,1.19,1.31,1.19–1.31,3
Boston,MA,Multifamily,"20 units, 700 sq. ft. each",20,700,"Urban core (25,000/sq. mi.)",4.3,3.94,4.67,3.94–4.67,2.08,1.82,2.35,1.82–2.35,4
Los Angeles,CA,Multifamily,"20 units, 700 sq. ft. each",20,700,"Urban core (25,000/sq. mi.)",4.15,3.99,4.31,3.99–4.31,1.42,1.34,1.51,1.34–1.51,5
Oakland,CA,Multifamily,"20 units, 700 sq. ft. each",20,700,"Urban core (25,000/sq. mi.)",3.73,3.06,4.41,3.06–4.41,0.82,0.59,1.05,0.59–1.05,6
Seattle,WA,Multifamily,"20 units, 700 sq. ft. each",20,700,"Urban core (25,000/sq. mi.)",3.16,3.02,3.31,3.02–3.31,1.03,0.97,1.09,0.97–1.09,7
Jersey City,NJ,Multifamily,"20 units, 700 sq. ft. each",20,700,"Urban core (25,000/sq. mi.)",3.02,2.77,3.26,2.77–3.26,0.36,0.26,0.46,0.26–0.46,8
Philadelphia,PA,Multifamily,"20 units, 700 sq. ft. each",20,700,"Urban core (25,000/sq. mi.)",3.01,2.81,3.22,2.81–3.22,0.29,0.26,0.32,0.26–0.32,9
Houston,TX,Multifamily,"20 units, 700 sq. ft. each",20,700,"Urban core (25,000/sq. mi.)",2.9,2.78,3.02,2.78–3.02,0.85,0.76,0.93,0.76–0.93,10
Sacramento,CA,Multifamily,"20 units, 700 sq. ft. each",20,700,"Urban core (25,000/sq. mi.)",2.87,2.55,3.19,2.55–3.19,0.89,0.72,1.07,0.72–1.07,11
Washington,DC,Multifamily,"20 units, 700 sq. ft. each",20,700,"Urban core (25,000/sq. mi.)",2.86,2.65,3.07,2.65–3.07,0.78,0.69,0.87,0.69–0.87,12
Durham,NC,Multifamily,"20 units, 700 sq. ft. each",20,700,"Urban core (25,000/sq. mi.)",2.83,2.18,3.47,2.18–3.47,0.23,0.15,0.3,0.15–0.3,13
San Diego,CA,Multifamily,"20 units, 700 sq. ft. each",20,700,"Urban core (25,000/sq. mi.)",2.77,2.55,3,2.55–3,0.88,0.78,0.98,0.78–0.98,14
Honolulu,HI,Multifamily,"20 units, 700 sq. ft. each",20,700,"Urban core (25,000/sq. mi.)",2.67,2.28,3.06,2.28–3.06,1.33,1.09,1.58,1.09–1.58,15
Austin,TX,Multifamily,"20 units, 700 sq. ft. each",20,700,"Urban core (25,000/sq. mi.)",2.63,2.5,2.77,2.5–2.77,0.75,0.68,0.83,0.68–0.83,16
Spokane,WA,Multifamily,"20 units, 700 sq. ft. each",20,700,"Urban core (25,000/sq. mi.)",2.56,1.9,3.23,1.9–3.23,0.14,0.09,0.2,0.09–0.2,17
Denver,CO,Multifamily,"20 units, 700 sq. ft. each",20,700,"Urban core (25,000/sq. mi.)",2.46,2.33,2.6,2.33–2.6,0.62,0.54,0.69,0.54–0.69,18
Boulder,CO,Multifamily,"20 units, 700 sq. ft. each",20,700,"Urban core (25,000/sq. mi.)",2.38,1.89,2.88,1.89–2.88,0.58,0.38,0.78,0.38–0.78,19
Louisville,KY,Multifamily,"20 units, 700 sq. ft. each",20,700,"Urban core (25,000/sq. mi.)",2.23,1.8,2.66,1.8–2.66,0.49,0.35,0.63,0.35–0.63,20
Portland,OR,Multifamily,"20 units, 700 sq. ft. each",20,700,"Urban core (25,000/sq. mi.)",2.17,2.05,2.29,2.05–2.29,0.83,0.77,0.9,0.77–0.9,21
Jacksonville,FL,Multifamily,"20 units, 700 sq. ft. each",20,700,"Urban core (25,000/sq. mi.)",2.14,1.94,2.33,1.94–2.33,0.49,0.4,0.58,0.4–0.58,22
Phoenix,AZ,Multifamily,"20 units, 700 sq. ft. each",20,700,"Urban core (25,000/sq. mi.)",2.12,1.88,2.35,1.88–2.35,0.61,0.49,0.73,0.49–0.73,23
Nashville,TN,Multifamily,"20 units, 700 sq. ft. each",20,700,"Urban core (25,000/sq. mi.)",2.08,1.7,2.46,1.7–2.46,0.39,0.21,0.56,0.21–0.56,24
St. Paul,MN,Multifamily,"20 units, 700 sq. ft. each",20,700,"Urban core (25,000/sq. mi.)",1.93,0.99,2.86,0.99–2.86,0.16,0.05,0.28,0.05–0.28,25
Cleveland,OH,Multifamily,"20 units, 700 sq. ft. each",20,700,"Urban core (25,000/sq. mi.)",1.92,1.46,2.39,1.46–2.39,0.53,0.33,0.72,0.33–0.72,26
Sioux Falls,SD,Multifamily,"20 units, 700 sq. ft. each",20,700,"Urban core (25,000/sq. mi.)",1.92,1.61,2.22,1.61–2.22,0.2,0.14,0.26,0.14–0.26,27
Kansas City,MO,Multifamily,"20 units, 700 sq. ft. each",20,700,"Urban core (25,000/sq. mi.)",1.92,1.58,2.25,1.58–2.25,0.14,0.07,0.2,0.07–0.2,28
Boise,ID,Multifamily,"20 units, 700 sq. ft. each",20,700,"Urban core (25,000/sq. mi.)",1.83,1.53,2.14,1.53–2.14,0.6,0.38,0.81,0.38–0.81,29
Fort Worth,TX,Multifamily,"20 units, 700 sq. ft. each",20,700,"Urban core (25,000/sq. mi.)",1.81,1.68,1.94,1.68–1.94,0.26,0.2,0.31,0.2–0.31,30
Atlanta,GA,Multifamily,"20 units, 700 sq. ft. each",20,700,"Urban core (25,000/sq. mi.)",1.79,1.59,2,1.59–2,0.57,0.43,0.72,0.43–0.72,31
Anaheim,CA,Multifamily,"20 units, 700 sq. ft. each",20,700,"Urban core (25,000/sq. mi.)",1.79,1.42,2.16,1.42–2.16,0.59,0.36,0.82,0.36–0.82,32
Colorado Springs,CO,Multifamily,"20 units, 700 sq. ft. each",20,700,"Urban core (25,000/sq. mi.)",1.76,1.47,2.05,1.47–2.05,0.39,0.29,0.5,0.29–0.5,33
Columbus,OH,Multifamily,"20 units, 700 sq. ft. each",20,700,"Urban core (25,000/sq. mi.)",1.59,1.44,1.73,1.44–1.73,0.26,0.23,0.3,0.23–0.3,34
Indianapolis,IN,Multifamily,"20 units, 700 sq. ft. each",20,700,"Urban core (25,000/sq. mi.)",1.58,1.27,1.9,1.27–1.9,0.37,0.23,0.51,0.23–0.51,35
Orlando,FL,Multifamily,"20 units, 700 sq. ft. each",20,700,"Urban core (25,000/sq. mi.)",1.58,1.4,1.76,1.4–1.76,0.32,0.25,0.39,0.25–0.39,36
Raleigh,NC,Multifamily,"20 units, 700 sq. ft. each",20,700,"Urban core (25,000/sq. mi.)",1.48,1.27,1.69,1.27–1.69,0.26,0.18,0.33,0.18–0.33,37
Reno,NV,Multifamily,"20 units, 700 sq. ft. each",20,700,"Urban core (25,000/sq. mi.)",1.45,1.33,1.57,1.33–1.57,0.1,0.08,0.13,0.08–0.13,38
Grand Rapids,MI,Multifamily,"20 units, 700 sq. ft. each",20,700,"Urban core (25,000/sq. mi.)",1.43,1.11,1.74,1.11–1.74,0.29,0.12,0.46,0.12–0.46,39
Oakland,CA,Multifamily,"20 units, 900 sq. ft. each",20,900,"Low-density suburb (1,000/sq. mi.)",5.72,4.83,6.61,4.83–6.61,1.44,0.9,1.97,0.9–1.97,1
San Francisco,CA,Multifamily,"20 units, 900 sq. ft. each",20,900,"Low-density suburb (1,000/sq. mi.)",5.1,4.51,5.69,4.51–5.69,1.37,1.04,1.71,1.04–1.71,2
New York,NY,Multifamily,"20 units, 900 sq. ft. each",20,900,"Low-density suburb (1,000/sq. mi.)",4.71,4.44,4.98,4.44–4.98,1.47,1.29,1.65,1.29–1.65,3
Miami,FL,Multifamily,"20 units, 900 sq. ft. each",20,900,"Low-density suburb (1,000/sq. mi.)",4.46,3.18,5.74,3.18–5.74,1.72,0.87,2.57,0.87–2.57,4
Los Angeles,CA,Multifamily,"20 units, 900 sq. ft. each",20,900,"Low-density suburb (1,000/sq. mi.)",4.02,3.77,4.26,3.77–4.26,1.66,1.51,1.81,1.51–1.81,5
Tulsa,OK,Multifamily,"20 units, 900 sq. ft. each",20,900,"Low-density suburb (1,000/sq. mi.)",3.59,2.94,4.24,2.94–4.24,0.68,0.49,0.87,0.49–0.87,6
Baton Rouge,LA,Multifamily,"20 units, 900 sq. ft. each",20,900,"Low-density suburb (1,000/sq. mi.)",3.52,2.35,4.69,2.35–4.69,0.65,0.36,0.93,0.36–0.93,7
Boston,MA,Multifamily,"20 units, 900 sq. ft. each",20,900,"Low-density suburb (1,000/sq. mi.)",3.45,2.99,3.91,2.99–3.91,1.5,1.18,1.82,1.18–1.82,8
Seattle,WA,Multifamily,"20 units, 900 sq. ft. each",20,900,"Low-density suburb (1,000/sq. mi.)",3.37,2.99,3.76,2.99–3.76,1.01,0.85,1.18,0.85–1.18,9
Honolulu,HI,Multifamily,"20 units, 900 sq. ft. each",20,900,"Low-density suburb (1,000/sq. mi.)",3.19,2.92,3.46,2.92–3.46,1.12,1.01,1.23,1.01–1.23,10
Philadelphia,PA,Multifamily,"20 units, 900 sq. ft. each",20,900,"Low-density suburb (1,000/sq. mi.)",2.99,2.49,3.49,2.49–3.49,0.31,0.21,0.41,0.21–0.41,11
Sacramento,CA,Multifamily,"20 units, 900 sq. ft. each",20,900,"Low-density suburb (1,000/sq. mi.)",2.95,2.67,3.23,2.67–3.23,1,0.84,1.16,0.84–1.16,12
Durham,NC,Multifamily,"20 units, 900 sq. ft. each",20,900,"Low-density suburb (1,000/sq. mi.)",2.79,2.57,3.02,2.57–3.02,0.47,0.4,0.55,0.4–0.55,13
Washington,DC,Multifamily,"20 units, 900 sq. ft. each",20,900,"Low-density suburb (1,000/sq. mi.)",2.72,2.16,3.29,2.16–3.29,0.77,0.5,1.03,0.5–1.03,14
Houston,TX,Multifamily,"20 units, 900 sq. ft. each",20,900,"Low-density suburb (1,000/sq. mi.)",2.54,2.44,2.64,2.44–2.64,0.53,0.48,0.58,0.48–0.58,15
Orlando,FL,Multifamily,"20 units, 900 sq. ft. each",20,900,"Low-density suburb (1,000/sq. mi.)",2.53,2.34,2.72,2.34–2.72,0.79,0.69,0.9,0.69–0.9,16
Portland,OR,Multifamily,"20 units, 900 sq. ft. each",20,900,"Low-density suburb (1,000/sq. mi.)",2.52,2.4,2.65,2.4–2.65,0.9,0.83,0.97,0.83–0.97,17
San Diego,CA,Multifamily,"20 units, 900 sq. ft. each",20,900,"Low-density suburb (1,000/sq. mi.)",2.5,2.28,2.71,2.28–2.71,0.65,0.56,0.75,0.56–0.75,18
Denver,CO,Multifamily,"20 units, 900 sq. ft. each",20,900,"Low-density suburb (1,000/sq. mi.)",2.46,2.32,2.6,2.32–2.6,0.55,0.48,0.63,0.48–0.63,19
Austin,TX,Multifamily,"20 units, 900 sq. ft. each",20,900,"Low-density suburb (1,000/sq. mi.)",2.46,2.39,2.52,2.39–2.52,0.76,0.72,0.8,0.72–0.8,20
Phoenix,AZ,Multifamily,"20 units, 900 sq. ft. each",20,900,"Low-density suburb (1,000/sq. mi.)",2.45,2.31,2.58,2.31–2.58,0.78,0.7,0.86,0.7–0.86,21
Charleston,SC,Multifamily,"20 units, 900 sq. ft. each",20,900,"Low-density suburb (1,000/sq. mi.)",2.41,2.07,2.74,2.07–2.74,0.42,0.31,0.53,0.31–0.53,22
Nashville,TN,Multifamily,"20 units, 900 sq. ft. each",20,900,"Low-density suburb (1,000/sq. mi.)",2.32,2.16,2.49,2.16–2.49,0.63,0.55,0.71,0.55–0.71,23
Spokane,WA,Multifamily,"20 units, 900 sq. ft. each",20,900,"Low-density suburb (1,000/sq. mi.)",2.28,1.2,3.35,1.2–3.35,0.39,0.26,0.53,0.26–0.53,24
Boulder,CO,Multifamily,"20 units, 900 sq. ft. each",20,900,"Low-density suburb (1,000/sq. mi.)",2.27,2.09,2.46,2.09–2.46,0.67,0.53,0.81,0.53–0.81,25
Tampa,FL,Multifamily,"20 units, 900 sq. ft. each",20,900,"Low-density suburb (1,000/sq. mi.)",2.22,1.45,2.98,1.45–2.98,0.48,0.27,0.7,0.27–0.7,26
Boise,ID,Multifamily,"20 units, 900 sq. ft. each",20,900,"Low-density suburb (1,000/sq. mi.)",2.19,1.94,2.43,1.94–2.43,0.54,0.42,0.66,0.42–0.66,27
Anaheim,CA,Multifamily,"20 units, 900 sq. ft. each",20,900,"Low-density suburb (1,000/sq. mi.)",2.11,1.68,2.54,1.68–2.54,1.39,0.88,1.9,0.88–1.9,28
Atlanta,GA,Multifamily,"20 units, 900 sq. ft. each",20,900,"Low-density suburb (1,000/sq. mi.)",2.07,1.77,2.36,1.77–2.36,0.6,0.42,0.78,0.42–0.78,29
Cleveland,OH,Multifamily,"20 units, 900 sq. ft. each",20,900,"Low-density suburb (1,000/sq. mi.)",2,1.54,2.47,1.54–2.47,0.46,0.25,0.67,0.25–0.67,30
Sioux Falls,SD,Multifamily,"20 units, 900 sq. ft. each",20,900,"Low-density suburb (1,000/sq. mi.)",2,1.76,2.24,1.76–2.24,0.28,0.23,0.33,0.23–0.33,31
Kansas City,MO,Multifamily,"20 units, 900 sq. ft. each",20,900,"Low-density suburb (1,000/sq. mi.)",1.99,1.9,2.08,1.9–2.08,0.25,0.21,0.29,0.21–0.29,32
Colorado Springs,CO,Multifamily,"20 units, 900 sq. ft. each",20,900,"Low-density suburb (1,000/sq. mi.)",1.96,1.76,2.15,1.76–2.15,0.45,0.36,0.54,0.36–0.54,33
Columbus,OH,Multifamily,"20 units, 900 sq. ft. each",20,900,"Low-density suburb (1,000/sq. mi.)",1.91,1.83,2,1.83–2,0.38,0.35,0.41,0.35–0.41,34
Cincinnati,OH,Multifamily,"20 units, 900 sq. ft. each",20,900,"Low-density suburb (1,000/sq. mi.)",1.91,1.44,2.38,1.44–2.38,0.37,0.17,0.56,0.17–0.56,35
Grand Rapids,MI,Multifamily,"20 units, 900 sq. ft. each",20,900,"Low-density suburb (1,000/sq. mi.)",1.85,1.62,2.08,1.62–2.08,0.29,0.2,0.39,0.2–0.39,36
Indianapolis,IN,Multifamily,"20 units, 900 sq. ft. each",20,900,"Low-density suburb (1,000/sq. mi.)",1.84,1.66,2.02,1.66–2.02,0.66,0.55,0.77,0.55–0.77,37
Fort Worth,TX,Multifamily,"20 units, 900 sq. ft. each",20,900,"Low-density suburb (1,000/sq. mi.)",1.83,1.77,1.9,1.77–1.9,0.28,0.25,0.31,0.25–0.31,38
Reno,NV,Multifamily,"20 units, 900 sq. ft. each",20,900,"Low-density suburb (1,000/sq. mi.)",1.68,1.61,1.75,1.61–1.75,0.2,0.17,0.24,0.17–0.24,39
Louisville,KY,Multifamily,"20 units, 900 sq. ft. each",20,900,"Low-density suburb (1,000/sq. mi.)",1.61,1.51,1.7,1.51–1.7,0.41,0.37,0.46,0.37–0.46,40
Jacksonville,FL,Multifamily,"20 units, 900 sq. ft. each",20,900,"Low-density suburb (1,000/sq. mi.)",1.6,1.52,1.69,1.52–1.69,0.33,0.3,0.35,0.3–0.35,41
Raleigh,NC,Multifamily,"20 units, 900 sq. ft. each",20,900,"Low-density suburb (1,000/sq. mi.)",1.47,1.35,1.59,1.35–1.59,0.24,0.19,0.29,0.19–0.29,42
Miami,FL,Multifamily,"20 units, 900 sq. ft. each",20,900,"City neighborhood (4,000/sq. mi.)",5.02,4.21,5.83,4.21–5.83,1.85,1.33,2.36,1.33–2.36,1
San Francisco,CA,Multifamily,"20 units, 900 sq. ft. each",20,900,"City neighborhood (4,000/sq. mi.)",4.83,4.41,5.25,4.41–5.25,1.44,1.19,1.68,1.19–1.68,2
Oakland,CA,Multifamily,"20 units, 900 sq. ft. each",20,900,"City neighborhood (4,000/sq. mi.)",4.69,4.21,5.16,4.21–5.16,1.08,0.86,1.3,0.86–1.3,3
New York,NY,Multifamily,"20 units, 900 sq. ft. each",20,900,"City neighborhood (4,000/sq. mi.)",4.65,4.47,4.83,4.47–4.83,1.38,1.26,1.49,1.26–1.49,4
Los Angeles,CA,Multifamily,"20 units, 900 sq. ft. each",20,900,"City neighborhood (4,000/sq. mi.)",4.12,3.96,4.28,3.96–4.28,1.55,1.45,1.64,1.45–1.64,5
Baton Rouge,LA,Multifamily,"20 units, 900 sq. ft. each",20,900,"City neighborhood (4,000/sq. mi.)",3.82,2.79,4.85,2.79–4.85,0.91,0.6,1.22,0.6–1.22,6
Boston,MA,Multifamily,"20 units, 900 sq. ft. each",20,900,"City neighborhood (4,000/sq. mi.)",3.78,3.45,4.11,3.45–4.11,1.71,1.47,1.95,1.47–1.95,7
Seattle,WA,Multifamily,"20 units, 900 sq. ft. each",20,900,"City neighborhood (4,000/sq. mi.)",3.29,3.09,3.49,3.09–3.49,1.02,0.94,1.11,0.94–1.11,8
Philadelphia,PA,Multifamily,"20 units, 900 sq. ft. each",20,900,"City neighborhood (4,000/sq. mi.)",3,2.69,3.31,2.69–3.31,0.3,0.24,0.36,0.24–0.36,9
Honolulu,HI,Multifamily,"20 units, 900 sq. ft. each",20,900,"City neighborhood (4,000/sq. mi.)",2.99,2.71,3.27,2.71–3.27,1.23,1.08,1.37,1.08–1.37,10
Sacramento,CA,Multifamily,"20 units, 900 sq. ft. each",20,900,"City neighborhood (4,000/sq. mi.)",2.88,2.63,3.14,2.63–3.14,0.95,0.81,1.09,0.81–1.09,11
Charleston,SC,Multifamily,"20 units, 900 sq. ft. each",20,900,"City neighborhood (4,000/sq. mi.)",2.84,2.31,3.37,2.31–3.37,0.78,0.41,1.16,0.41–1.16,12
Durham,NC,Multifamily,"20 units, 900 sq. ft. each",20,900,"City neighborhood (4,000/sq. mi.)",2.82,2.52,3.12,2.52–3.12,0.34,0.29,0.4,0.29–0.4,13
Jersey City,NJ,Multifamily,"20 units, 900 sq. ft. each",20,900,"City neighborhood (4,000/sq. mi.)",2.78,2.15,3.42,2.15–3.42,0.31,0.08,0.53,0.08–0.53,14
Washington,DC,Multifamily,"20 units, 900 sq. ft. each",20,900,"City neighborhood (4,000/sq. mi.)",2.77,2.43,3.1,2.43–3.1,0.77,0.61,0.93,0.61–0.93,15
Houston,TX,Multifamily,"20 units, 900 sq. ft. each",20,900,"City neighborhood (4,000/sq. mi.)",2.7,2.64,2.76,2.64–2.76,0.65,0.61,0.68,0.61–0.68,16
San Diego,CA,Multifamily,"20 units, 900 sq. ft. each",20,900,"City neighborhood (4,000/sq. mi.)",2.61,2.44,2.78,2.44–2.78,0.75,0.68,0.82,0.68–0.82,17
Tulsa,OK,Multifamily,"20 units, 900 sq. ft. each",20,900,"City neighborhood (4,000/sq. mi.)",2.58,2.18,2.97,2.18–2.97,0.8,0.53,1.07,0.53–1.07,18
Austin,TX,Multifamily,"20 units, 900 sq. ft. each",20,900,"City neighborhood (4,000/sq. mi.)",2.56,2.5,2.62,2.5–2.62,0.76,0.72,0.8,0.72–0.8,19
Spokane,WA,Multifamily,"20 units, 900 sq. ft. each",20,900,"City neighborhood (4,000/sq. mi.)",2.46,1.81,3.11,1.81–3.11,0.26,0.18,0.33,0.18–0.33,20
Denver,CO,Multifamily,"20 units, 900 sq. ft. each",20,900,"City neighborhood (4,000/sq. mi.)",2.46,2.33,2.58,2.33–2.58,0.58,0.52,0.64,0.52–0.64,21
Portland,OR,Multifamily,"20 units, 900 sq. ft. each",20,900,"City neighborhood (4,000/sq. mi.)",2.42,2.33,2.51,2.33–2.51,0.88,0.82,0.94,0.82–0.94,22
Boulder,CO,Multifamily,"20 units, 900 sq. ft. each",20,900,"City neighborhood (4,000/sq. mi.)",2.37,2.1,2.65,2.1–2.65,0.64,0.49,0.8,0.49–0.8,23
Phoenix,AZ,Multifamily,"20 units, 900 sq. ft. each",20,900,"City neighborhood (4,000/sq. mi.)",2.32,2.17,2.48,2.17–2.48,0.69,0.61,0.78,0.61–0.78,24
Nashville,TN,Multifamily,"20 units, 900 sq. ft. each",20,900,"City neighborhood (4,000/sq. mi.)",2.29,2.07,2.51,2.07–2.51,0.53,0.4,0.66,0.4–0.66,25
Cincinnati,OH,Multifamily,"20 units, 900 sq. ft. each",20,900,"City neighborhood (4,000/sq. mi.)",2.17,1.65,2.69,1.65–2.69,0.51,0.28,0.75,0.28–0.75,26
Orlando,FL,Multifamily,"20 units, 900 sq. ft. each",20,900,"City neighborhood (4,000/sq. mi.)",2.11,1.93,2.28,1.93–2.28,0.56,0.48,0.65,0.48–0.65,27
Boise,ID,Multifamily,"20 units, 900 sq. ft. each",20,900,"City neighborhood (4,000/sq. mi.)",2.03,1.77,2.3,1.77–2.3,0.56,0.42,0.7,0.42–0.7,28
Tampa,FL,Multifamily,"20 units, 900 sq. ft. each",20,900,"City neighborhood (4,000/sq. mi.)",2.02,1.71,2.34,1.71–2.34,0.51,0.41,0.6,0.41–0.6,29
Cleveland,OH,Multifamily,"20 units, 900 sq. ft. each",20,900,"City neighborhood (4,000/sq. mi.)",2.01,1.74,2.29,1.74–2.29,0.51,0.38,0.64,0.38–0.64,30
Anaheim,CA,Multifamily,"20 units, 900 sq. ft. each",20,900,"City neighborhood (4,000/sq. mi.)",1.99,1.76,2.21,1.76–2.21,0.96,0.74,1.18,0.74–1.18,31
Kansas City,MO,Multifamily,"20 units, 900 sq. ft. each",20,900,"City neighborhood (4,000/sq. mi.)",1.98,1.82,2.14,1.82–2.14,0.19,0.14,0.25,0.14–0.25,32
Colorado Springs,CO,Multifamily,"20 units, 900 sq. ft. each",20,900,"City neighborhood (4,000/sq. mi.)",1.98,1.78,2.17,1.78–2.17,0.46,0.38,0.54,0.38–0.54,33
Atlanta,GA,Multifamily,"20 units, 900 sq. ft. each",20,900,"City neighborhood (4,000/sq. mi.)",1.97,1.79,2.16,1.79–2.16,0.6,0.49,0.71,0.49–0.71,34
Sioux Falls,SD,Multifamily,"20 units, 900 sq. ft. each",20,900,"City neighborhood (4,000/sq. mi.)",1.94,1.72,2.15,1.72–2.15,0.25,0.19,0.3,0.19–0.3,35
Louisville,KY,Multifamily,"20 units, 900 sq. ft. each",20,900,"City neighborhood (4,000/sq. mi.)",1.88,1.71,2.04,1.71–2.04,0.45,0.39,0.52,0.39–0.52,36
St. Paul,MN,Multifamily,"20 units, 900 sq. ft. each",20,900,"City neighborhood (4,000/sq. mi.)",1.87,1.23,2.5,1.23–2.5,0.29,0.17,0.42,0.17–0.42,37
Fort Worth,TX,Multifamily,"20 units, 900 sq. ft. each",20,900,"City neighborhood (4,000/sq. mi.)",1.84,1.78,1.91,1.78–1.91,0.28,0.25,0.32,0.25–0.32,38
Jacksonville,FL,Multifamily,"20 units, 900 sq. ft. each",20,900,"City neighborhood (4,000/sq. mi.)",1.84,1.72,1.95,1.72–1.95,0.39,0.35,0.43,0.35–0.43,39
Columbus,OH,Multifamily,"20 units, 900 sq. ft. each",20,900,"City neighborhood (4,000/sq. mi.)",1.79,1.72,1.86,1.72–1.86,0.32,0.31,0.34,0.31–0.34,40
Indianapolis,IN,Multifamily,"20 units, 900 sq. ft. each",20,900,"City neighborhood (4,000/sq. mi.)",1.75,1.61,1.89,1.61–1.89,0.52,0.43,0.61,0.43–0.61,41
Grand Rapids,MI,Multifamily,"20 units, 900 sq. ft. each",20,900,"City neighborhood (4,000/sq. mi.)",1.65,1.52,1.79,1.52–1.79,0.29,0.23,0.36,0.23–0.36,42
Reno,NV,Multifamily,"20 units, 900 sq. ft. each",20,900,"City neighborhood (4,000/sq. mi.)",1.59,1.52,1.67,1.52–1.67,0.15,0.12,0.18,0.12–0.18,43
Raleigh,NC,Multifamily,"20 units, 900 sq. ft. each",20,900,"City neighborhood (4,000/sq. mi.)",1.5,1.37,1.62,1.37–1.62,0.26,0.2,0.31,0.2–0.31,44
Miami,FL,Multifamily,"20 units, 900 sq. ft. each",20,900,"Dense city neighborhood (10,000/sq. mi.)",5.43,4.8,6.06,4.8–6.06,1.94,1.52,2.35,1.52–2.35,1
San Francisco,CA,Multifamily,"20 units, 900 sq. ft. each",20,900,"Dense city neighborhood (10,000/sq. mi.)",4.66,4.31,5.01,4.31–5.01,1.48,1.28,1.68,1.28–1.68,2
New York,NY,Multifamily,"20 units, 900 sq. ft. each",20,900,"Dense city neighborhood (10,000/sq. mi.)",4.61,4.47,4.74,4.47–4.74,1.32,1.24,1.4,1.24–1.4,3
Los Angeles,CA,Multifamily,"20 units, 900 sq. ft. each",20,900,"Dense city neighborhood (10,000/sq. mi.)",4.19,4.07,4.31,4.07–4.31,1.47,1.4,1.55,1.4–1.55,4
Oakland,CA,Multifamily,"20 units, 900 sq. ft. each",20,900,"Dense city neighborhood (10,000/sq. mi.)",4.11,3.63,4.58,3.63–4.58,0.89,0.73,1.05,0.73–1.05,5
Boston,MA,Multifamily,"20 units, 900 sq. ft. each",20,900,"Dense city neighborhood (10,000/sq. mi.)",4.02,3.75,4.29,3.75–4.29,1.87,1.67,2.07,1.67–2.07,6
Seattle,WA,Multifamily,"20 units, 900 sq. ft. each",20,900,"Dense city neighborhood (10,000/sq. mi.)",3.24,3.12,3.36,3.12–3.36,1.03,0.98,1.08,0.98–1.08,7
Philadelphia,PA,Multifamily,"20 units, 900 sq. ft. each",20,900,"Dense city neighborhood (10,000/sq. mi.)",3.01,2.79,3.22,2.79–3.22,0.3,0.26,0.33,0.26–0.33,8
Jersey City,NJ,Multifamily,"20 units, 900 sq. ft. each",20,900,"Dense city neighborhood (10,000/sq. mi.)",2.89,2.49,3.29,2.49–3.29,0.33,0.18,0.49,0.18–0.49,9
Honolulu,HI,Multifamily,"20 units, 900 sq. ft. each",20,900,"Dense city neighborhood (10,000/sq. mi.)",2.86,2.53,3.19,2.53–3.19,1.3,1.11,1.49,1.11–1.49,10
Sacramento,CA,Multifamily,"20 units, 900 sq. ft. each",20,900,"Dense city neighborhood (10,000/sq. mi.)",2.84,2.58,3.1,2.58–3.1,0.92,0.77,1.06,0.77–1.06,11
Durham,NC,Multifamily,"20 units, 900 sq. ft. each",20,900,"Dense city neighborhood (10,000/sq. mi.)",2.83,2.38,3.29,2.38–3.29,0.28,0.21,0.34,0.21–0.34,12
Houston,TX,Multifamily,"20 units, 900 sq. ft. each",20,900,"Dense city neighborhood (10,000/sq. mi.)",2.81,2.73,2.89,2.73–2.89,0.74,0.7,0.79,0.7–0.79,13
Washington,DC,Multifamily,"20 units, 900 sq. ft. each",20,900,"Dense city neighborhood (10,000/sq. mi.)",2.79,2.58,3,2.58–3,0.77,0.67,0.87,0.67–0.87,14
San Diego,CA,Multifamily,"20 units, 900 sq. ft. each",20,900,"Dense city neighborhood (10,000/sq. mi.)",2.69,2.51,2.87,2.51–2.87,0.82,0.74,0.89,0.74–0.89,15
Austin,TX,Multifamily,"20 units, 900 sq. ft. each",20,900,"Dense city neighborhood (10,000/sq. mi.)",2.63,2.54,2.72,2.54–2.72,0.76,0.7,0.81,0.7–0.81,16
Spokane,WA,Multifamily,"20 units, 900 sq. ft. each",20,900,"Dense city neighborhood (10,000/sq. mi.)",2.59,2.08,3.11,2.08–3.11,0.19,0.13,0.25,0.13–0.25,17
Denver,CO,Multifamily,"20 units, 900 sq. ft. each",20,900,"Dense city neighborhood (10,000/sq. mi.)",2.45,2.33,2.57,2.33–2.57,0.59,0.53,0.65,0.53–0.65,18
Boulder,CO,Multifamily,"20 units, 900 sq. ft. each",20,900,"Dense city neighborhood (10,000/sq. mi.)",2.44,2.08,2.81,2.08–2.81,0.63,0.45,0.81,0.45–0.81,19
Cincinnati,OH,Multifamily,"20 units, 900 sq. ft. each",20,900,"Dense city neighborhood (10,000/sq. mi.)",2.36,1.74,2.99,1.74–2.99,0.63,0.33,0.94,0.33–0.94,20
Portland,OR,Multifamily,"20 units, 900 sq. ft. each",20,900,"Dense city neighborhood (10,000/sq. mi.)",2.35,2.25,2.46,2.25–2.46,0.87,0.81,0.92,0.81–0.92,21
Nashville,TN,Multifamily,"20 units, 900 sq. ft. each",20,900,"Dense city neighborhood (10,000/sq. mi.)",2.26,1.95,2.57,1.95–2.57,0.47,0.31,0.63,0.31–0.63,22
Phoenix,AZ,Multifamily,"20 units, 900 sq. ft. each",20,900,"Dense city neighborhood (10,000/sq. mi.)",2.24,2.05,2.43,2.05–2.43,0.65,0.55,0.74,0.55–0.74,23
Louisville,KY,Multifamily,"20 units, 900 sq. ft. each",20,900,"Dense city neighborhood (10,000/sq. mi.)",2.08,1.8,2.36,1.8–2.36,0.48,0.38,0.59,0.38–0.59,24
Cleveland,OH,Multifamily,"20 units, 900 sq. ft. each",20,900,"Dense city neighborhood (10,000/sq. mi.)",2.02,1.69,2.35,1.69–2.35,0.54,0.4,0.68,0.4–0.68,25
Jacksonville,FL,Multifamily,"20 units, 900 sq. ft. each",20,900,"Dense city neighborhood (10,000/sq. mi.)",2.01,1.86,2.16,1.86–2.16,0.44,0.37,0.5,0.37–0.5,26
Colorado Springs,CO,Multifamily,"20 units, 900 sq. ft. each",20,900,"Dense city neighborhood (10,000/sq. mi.)",1.99,1.78,2.21,1.78–2.21,0.47,0.38,0.55,0.38–0.55,27
Kansas City,MO,Multifamily,"20 units, 900 sq. ft. each",20,900,"Dense city neighborhood (10,000/sq. mi.)",1.97,1.73,2.22,1.73–2.22,0.17,0.1,0.23,0.1–0.23,28
Boise,ID,Multifamily,"20 units, 900 sq. ft. each",20,900,"Dense city neighborhood (10,000/sq. mi.)",1.94,1.65,2.22,1.65–2.22,0.57,0.4,0.74,0.4–0.74,29
St. Paul,MN,Multifamily,"20 units, 900 sq. ft. each",20,900,"Dense city neighborhood (10,000/sq. mi.)",1.93,1.23,2.62,1.23–2.62,0.22,0.12,0.33,0.12–0.33,30
Atlanta,GA,Multifamily,"20 units, 900 sq. ft. each",20,900,"Dense city neighborhood (10,000/sq. mi.)",1.91,1.74,2.09,1.74–2.09,0.6,0.49,0.72,0.49–0.72,31
Anaheim,CA,Multifamily,"20 units, 900 sq. ft. each",20,900,"Dense city neighborhood (10,000/sq. mi.)",1.91,1.65,2.17,1.65–2.17,0.75,0.54,0.96,0.54–0.96,32
Tampa,FL,Multifamily,"20 units, 900 sq. ft. each",20,900,"Dense city neighborhood (10,000/sq. mi.)",1.9,1.42,2.38,1.42–2.38,0.53,0.35,0.7,0.35–0.7,33
Sioux Falls,SD,Multifamily,"20 units, 900 sq. ft. each",20,900,"Dense city neighborhood (10,000/sq. mi.)",1.9,1.66,2.15,1.66–2.15,0.22,0.17,0.28,0.17–0.28,34
Orlando,FL,Multifamily,"20 units, 900 sq. ft. each",20,900,"Dense city neighborhood (10,000/sq. mi.)",1.87,1.69,2.04,1.69–2.04,0.45,0.37,0.53,0.37–0.53,35
Fort Worth,TX,Multifamily,"20 units, 900 sq. ft. each",20,900,"Dense city neighborhood (10,000/sq. mi.)",1.85,1.76,1.94,1.76–1.94,0.28,0.24,0.32,0.24–0.32,36
Columbus,OH,Multifamily,"20 units, 900 sq. ft. each",20,900,"Dense city neighborhood (10,000/sq. mi.)",1.71,1.61,1.82,1.61–1.82,0.29,0.27,0.32,0.27–0.32,37
Indianapolis,IN,Multifamily,"20 units, 900 sq. ft. each",20,900,"Dense city neighborhood (10,000/sq. mi.)",1.69,1.46,1.92,1.46–1.92,0.45,0.33,0.56,0.33–0.56,38
Reno,NV,Multifamily,"20 units, 900 sq. ft. each",20,900,"Dense city neighborhood (10,000/sq. mi.)",1.54,1.44,1.64,1.44–1.64,0.13,0.1,0.16,0.1–0.16,39
Grand Rapids,MI,Multifamily,"20 units, 900 sq. ft. each",20,900,"Dense city neighborhood (10,000/sq. mi.)",1.54,1.32,1.75,1.32–1.75,0.29,0.18,0.4,0.18–0.4,40
Raleigh,NC,Multifamily,"20 units, 900 sq. ft. each",20,900,"Dense city neighborhood (10,000/sq. mi.)",1.51,1.36,1.67,1.36–1.67,0.27,0.2,0.33,0.2–0.33,41
Miami,FL,Multifamily,"20 units, 900 sq. ft. each",20,900,"Urban core (25,000/sq. mi.)",5.87,5.03,6.71,5.03–6.71,2.03,1.47,2.59,1.47–2.59,1
New York,NY,Multifamily,"20 units, 900 sq. ft. each",20,900,"Urban core (25,000/sq. mi.)",4.57,4.46,4.67,4.46–4.67,1.26,1.21,1.32,1.21–1.32,2
San Francisco,CA,Multifamily,"20 units, 900 sq. ft. each",20,900,"Urban core (25,000/sq. mi.)",4.49,4.16,4.82,4.16–4.82,1.53,1.34,1.72,1.34–1.72,3
Boston,MA,Multifamily,"20 units, 900 sq. ft. each",20,900,"Urban core (25,000/sq. mi.)",4.27,3.98,4.57,3.98–4.57,2.04,1.82,2.25,1.82–2.25,4
Los Angeles,CA,Multifamily,"20 units, 900 sq. ft. each",20,900,"Urban core (25,000/sq. mi.)",4.26,4.13,4.39,4.13–4.39,1.41,1.34,1.48,1.34–1.48,5
Oakland,CA,Multifamily,"20 units, 900 sq. ft. each",20,900,"Urban core (25,000/sq. mi.)",3.6,3.02,4.18,3.02–4.18,0.74,0.55,0.93,0.55–0.93,6
Seattle,WA,Multifamily,"20 units, 900 sq. ft. each",20,900,"Urban core (25,000/sq. mi.)",3.19,3.05,3.32,3.05–3.32,1.03,0.97,1.09,0.97–1.09,7
Philadelphia,PA,Multifamily,"20 units, 900 sq. ft. each",20,900,"Urban core (25,000/sq. mi.)",3.01,2.81,3.21,2.81–3.21,0.29,0.26,0.32,0.26–0.32,8
Jersey City,NJ,Multifamily,"20 units, 900 sq. ft. each",20,900,"Urban core (25,000/sq. mi.)",3,2.76,3.24,2.76–3.24,0.36,0.26,0.46,0.26–0.46,9
Houston,TX,Multifamily,"20 units, 900 sq. ft. each",20,900,"Urban core (25,000/sq. mi.)",2.93,2.81,3.04,2.81–3.04,0.86,0.77,0.94,0.77–0.94,10
Durham,NC,Multifamily,"20 units, 900 sq. ft. each",20,900,"Urban core (25,000/sq. mi.)",2.85,2.21,3.49,2.21–3.49,0.22,0.15,0.3,0.15–0.3,11
Washington,DC,Multifamily,"20 units, 900 sq. ft. each",20,900,"Urban core (25,000/sq. mi.)",2.82,2.62,3.02,2.62–3.02,0.77,0.69,0.86,0.69–0.86,12
Sacramento,CA,Multifamily,"20 units, 900 sq. ft. each",20,900,"Urban core (25,000/sq. mi.)",2.8,2.52,3.08,2.52–3.08,0.89,0.72,1.05,0.72–1.05,13
San Diego,CA,Multifamily,"20 units, 900 sq. ft. each",20,900,"Urban core (25,000/sq. mi.)",2.77,2.55,2.99,2.55–2.99,0.89,0.79,0.99,0.79–0.99,14
Honolulu,HI,Multifamily,"20 units, 900 sq. ft. each",20,900,"Urban core (25,000/sq. mi.)",2.74,2.35,3.12,2.35–3.12,1.39,1.15,1.63,1.15–1.63,15
Spokane,WA,Multifamily,"20 units, 900 sq. ft. each",20,900,"Urban core (25,000/sq. mi.)",2.73,2.03,3.43,2.03–3.43,0.14,0.09,0.2,0.09–0.2,16
Austin,TX,Multifamily,"20 units, 900 sq. ft. each",20,900,"Urban core (25,000/sq. mi.)",2.7,2.57,2.83,2.57–2.83,0.76,0.68,0.83,0.68–0.83,17
Boulder,CO,Multifamily,"20 units, 900 sq. ft. each",20,900,"Urban core (25,000/sq. mi.)",2.51,2.04,2.99,2.04–2.99,0.62,0.42,0.82,0.42–0.82,18
Denver,CO,Multifamily,"20 units, 900 sq. ft. each",20,900,"Urban core (25,000/sq. mi.)",2.45,2.32,2.58,2.32–2.58,0.61,0.54,0.68,0.54–0.68,19
Louisville,KY,Multifamily,"20 units, 900 sq. ft. each",20,900,"Urban core (25,000/sq. mi.)",2.31,1.87,2.74,1.87–2.74,0.51,0.36,0.66,0.36–0.66,20
Portland,OR,Multifamily,"20 units, 900 sq. ft. each",20,900,"Urban core (25,000/sq. mi.)",2.29,2.16,2.42,2.16–2.42,0.85,0.78,0.92,0.78–0.92,21
Nashville,TN,Multifamily,"20 units, 900 sq. ft. each",20,900,"Urban core (25,000/sq. mi.)",2.24,1.83,2.65,1.83–2.65,0.42,0.23,0.61,0.23–0.61,22
Jacksonville,FL,Multifamily,"20 units, 900 sq. ft. each",20,900,"Urban core (25,000/sq. mi.)",2.19,1.99,2.4,1.99–2.4,0.49,0.4,0.58,0.4–0.58,23
Phoenix,AZ,Multifamily,"20 units, 900 sq. ft. each",20,900,"Urban core (25,000/sq. mi.)",2.17,1.94,2.39,1.94–2.39,0.6,0.49,0.71,0.49–0.71,24
Cleveland,OH,Multifamily,"20 units, 900 sq. ft. each",20,900,"Urban core (25,000/sq. mi.)",2.03,1.54,2.52,1.54–2.52,0.58,0.36,0.79,0.36–0.79,25
Colorado Springs,CO,Multifamily,"20 units, 900 sq. ft. each",20,900,"Urban core (25,000/sq. mi.)",2.01,1.76,2.26,1.76–2.26,0.47,0.38,0.56,0.38–0.56,26
St. Paul,MN,Multifamily,"20 units, 900 sq. ft. each",20,900,"Urban core (25,000/sq. mi.)",1.99,1.05,2.92,1.05–2.92,0.17,0.05,0.29,0.05–0.29,27
Kansas City,MO,Multifamily,"20 units, 900 sq. ft. each",20,900,"Urban core (25,000/sq. mi.)",1.96,1.63,2.3,1.63–2.3,0.14,0.07,0.21,0.07–0.21,28
Sioux Falls,SD,Multifamily,"20 units, 900 sq. ft. each",20,900,"Urban core (25,000/sq. mi.)",1.86,1.57,2.16,1.57–2.16,0.2,0.14,0.27,0.14–0.27,29
Fort Worth,TX,Multifamily,"20 units, 900 sq. ft. each",20,900,"Urban core (25,000/sq. mi.)",1.86,1.72,1.99,1.72–1.99,0.28,0.23,0.34,0.23–0.34,30
Atlanta,GA,Multifamily,"20 units, 900 sq. ft. each",20,900,"Urban core (25,000/sq. mi.)",1.85,1.64,2.07,1.64–2.07,0.61,0.45,0.76,0.45–0.76,31
Boise,ID,Multifamily,"20 units, 900 sq. ft. each",20,900,"Urban core (25,000/sq. mi.)",1.84,1.54,2.15,1.54–2.15,0.59,0.38,0.79,0.38–0.79,32
Anaheim,CA,Multifamily,"20 units, 900 sq. ft. each",20,900,"Urban core (25,000/sq. mi.)",1.83,1.46,2.21,1.46–2.21,0.59,0.35,0.82,0.35–0.82,33
Orlando,FL,Multifamily,"20 units, 900 sq. ft. each",20,900,"Urban core (25,000/sq. mi.)",1.65,1.47,1.84,1.47–1.84,0.36,0.29,0.43,0.29–0.43,34
Columbus,OH,Multifamily,"20 units, 900 sq. ft. each",20,900,"Urban core (25,000/sq. mi.)",1.64,1.5,1.78,1.5–1.78,0.26,0.23,0.29,0.23–0.29,35
Indianapolis,IN,Multifamily,"20 units, 900 sq. ft. each",20,900,"Urban core (25,000/sq. mi.)",1.64,1.31,1.96,1.31–1.96,0.38,0.24,0.53,0.24–0.53,36
Raleigh,NC,Multifamily,"20 units, 900 sq. ft. each",20,900,"Urban core (25,000/sq. mi.)",1.53,1.33,1.73,1.33–1.73,0.28,0.2,0.35,0.2–0.35,37
Reno,NV,Multifamily,"20 units, 900 sq. ft. each",20,900,"Urban core (25,000/sq. mi.)",1.49,1.37,1.61,1.37–1.61,0.11,0.08,0.14,0.08–0.14,38
Grand Rapids,MI,Multifamily,"20 units, 900 sq. ft. each",20,900,"Urban core (25,000/sq. mi.)",1.43,1.12,1.74,1.12–1.74,0.29,0.12,0.47,0.12–0.47,39
Oakland,CA,Multifamily,"20 units, 1,200 sq. ft. each",20,1200,"Low-density suburb (1,000/sq. mi.)",5.49,4.79,6.19,4.79–6.19,1.28,0.88,1.67,0.88–1.67,1
San Francisco,CA,Multifamily,"20 units, 1,200 sq. ft. each",20,1200,"Low-density suburb (1,000/sq. mi.)",5.16,4.6,5.71,4.6–5.71,1.4,1.07,1.73,1.07–1.73,2
New York,NY,Multifamily,"20 units, 1,200 sq. ft. each",20,1200,"Low-density suburb (1,000/sq. mi.)",4.86,4.58,5.14,4.58–5.14,1.49,1.3,1.67,1.3–1.67,3
Miami,FL,Multifamily,"20 units, 1,200 sq. ft. each",20,1200,"Low-density suburb (1,000/sq. mi.)",4.46,3.22,5.7,3.22–5.7,1.77,0.91,2.63,0.91–2.63,4
Los Angeles,CA,Multifamily,"20 units, 1,200 sq. ft. each",20,1200,"Low-density suburb (1,000/sq. mi.)",4.14,3.9,4.38,3.9–4.38,1.64,1.49,1.79,1.49–1.79,5
Baton Rouge,LA,Multifamily,"20 units, 1,200 sq. ft. each",20,1200,"Low-density suburb (1,000/sq. mi.)",3.68,2.45,4.91,2.45–4.91,0.72,0.4,1.04,0.4–1.04,6
Tulsa,OK,Multifamily,"20 units, 1,200 sq. ft. each",20,1200,"Low-density suburb (1,000/sq. mi.)",3.63,2.96,4.31,2.96–4.31,0.71,0.51,0.91,0.51–0.91,7
Boston,MA,Multifamily,"20 units, 1,200 sq. ft. each",20,1200,"Low-density suburb (1,000/sq. mi.)",3.42,2.96,3.88,2.96–3.88,1.46,1.15,1.77,1.15–1.77,8
Seattle,WA,Multifamily,"20 units, 1,200 sq. ft. each",20,1200,"Low-density suburb (1,000/sq. mi.)",3.4,3,3.8,3–3.8,1.02,0.86,1.18,0.86–1.18,9
Honolulu,HI,Multifamily,"20 units, 1,200 sq. ft. each",20,1200,"Low-density suburb (1,000/sq. mi.)",3.28,3,3.56,3–3.56,1.17,1.06,1.28,1.06–1.28,10
Philadelphia,PA,Multifamily,"20 units, 1,200 sq. ft. each",20,1200,"Low-density suburb (1,000/sq. mi.)",2.99,2.49,3.48,2.49–3.48,0.32,0.22,0.42,0.22–0.42,11
Sacramento,CA,Multifamily,"20 units, 1,200 sq. ft. each",20,1200,"Low-density suburb (1,000/sq. mi.)",2.87,2.59,3.14,2.59–3.14,0.99,0.83,1.15,0.83–1.15,12
Durham,NC,Multifamily,"20 units, 1,200 sq. ft. each",20,1200,"Low-density suburb (1,000/sq. mi.)",2.82,2.64,3,2.64–3,0.47,0.41,0.53,0.41–0.53,13
Charleston,SC,Multifamily,"20 units, 1,200 sq. ft. each",20,1200,"Low-density suburb (1,000/sq. mi.)",2.81,2.25,3.36,2.25–3.36,0.82,0.5,1.14,0.5–1.14,14
Portland,OR,Multifamily,"20 units, 1,200 sq. ft. each",20,1200,"Low-density suburb (1,000/sq. mi.)",2.69,2.53,2.85,2.53–2.85,0.93,0.84,1.01,0.84–1.01,15
Washington,DC,Multifamily,"20 units, 1,200 sq. ft. each",20,1200,"Low-density suburb (1,000/sq. mi.)",2.68,2.12,3.25,2.12–3.25,0.76,0.49,1.03,0.49–1.03,16
Orlando,FL,Multifamily,"20 units, 1,200 sq. ft. each",20,1200,"Low-density suburb (1,000/sq. mi.)",2.67,2.48,2.87,2.48–2.87,0.89,0.79,1,0.79–1,17
Houston,TX,Multifamily,"20 units, 1,200 sq. ft. each",20,1200,"Low-density suburb (1,000/sq. mi.)",2.56,2.46,2.66,2.46–2.66,0.53,0.48,0.58,0.48–0.58,18
Austin,TX,Multifamily,"20 units, 1,200 sq. ft. each",20,1200,"Low-density suburb (1,000/sq. mi.)",2.53,2.47,2.59,2.47–2.59,0.77,0.73,0.81,0.73–0.81,19
Nashville,TN,Multifamily,"20 units, 1,200 sq. ft. each",20,1200,"Low-density suburb (1,000/sq. mi.)",2.53,2.35,2.71,2.35–2.71,0.69,0.6,0.78,0.6–0.78,20
Phoenix,AZ,Multifamily,"20 units, 1,200 sq. ft. each",20,1200,"Low-density suburb (1,000/sq. mi.)",2.52,2.39,2.64,2.39–2.64,0.76,0.69,0.83,0.69–0.83,21
San Diego,CA,Multifamily,"20 units, 1,200 sq. ft. each",20,1200,"Low-density suburb (1,000/sq. mi.)",2.49,2.27,2.72,2.27–2.72,0.66,0.56,0.76,0.56–0.76,22
Spokane,WA,Multifamily,"20 units, 1,200 sq. ft. each",20,1200,"Low-density suburb (1,000/sq. mi.)",2.45,1.23,3.66,1.23–3.66,0.4,0.25,0.54,0.25–0.54,23
Denver,CO,Multifamily,"20 units, 1,200 sq. ft. each",20,1200,"Low-density suburb (1,000/sq. mi.)",2.44,2.31,2.57,2.31–2.57,0.55,0.48,0.62,0.48–0.62,24
Boulder,CO,Multifamily,"20 units, 1,200 sq. ft. each",20,1200,"Low-density suburb (1,000/sq. mi.)",2.42,2.26,2.57,2.26–2.57,0.72,0.57,0.86,0.57–0.86,25
Colorado Springs,CO,Multifamily,"20 units, 1,200 sq. ft. each",20,1200,"Low-density suburb (1,000/sq. mi.)",2.27,2.11,2.44,2.11–2.44,0.55,0.48,0.63,0.48–0.63,26
Tampa,FL,Multifamily,"20 units, 1,200 sq. ft. each",20,1200,"Low-density suburb (1,000/sq. mi.)",2.22,1.48,2.95,1.48–2.95,0.47,0.27,0.67,0.27–0.67,27
Boise,ID,Multifamily,"20 units, 1,200 sq. ft. each",20,1200,"Low-density suburb (1,000/sq. mi.)",2.2,1.94,2.46,1.94–2.46,0.53,0.41,0.65,0.41–0.65,28
Anaheim,CA,Multifamily,"20 units, 1,200 sq. ft. each",20,1200,"Low-density suburb (1,000/sq. mi.)",2.17,1.74,2.61,1.74–2.61,1.38,0.88,1.89,0.88–1.89,29
Atlanta,GA,Multifamily,"20 units, 1,200 sq. ft. each",20,1200,"Low-density suburb (1,000/sq. mi.)",2.15,1.84,2.45,1.84–2.45,0.63,0.44,0.83,0.44–0.83,30
Cleveland,OH,Multifamily,"20 units, 1,200 sq. ft. each",20,1200,"Low-density suburb (1,000/sq. mi.)",2.13,1.63,2.63,1.63–2.63,0.51,0.28,0.75,0.28–0.75,31
Kansas City,MO,Multifamily,"20 units, 1,200 sq. ft. each",20,1200,"Low-density suburb (1,000/sq. mi.)",2.05,1.96,2.14,1.96–2.14,0.26,0.22,0.3,0.22–0.3,32
Columbus,OH,Multifamily,"20 units, 1,200 sq. ft. each",20,1200,"Low-density suburb (1,000/sq. mi.)",1.99,1.9,2.08,1.9–2.08,0.38,0.35,0.41,0.35–0.41,33
Cincinnati,OH,Multifamily,"20 units, 1,200 sq. ft. each",20,1200,"Low-density suburb (1,000/sq. mi.)",1.97,1.59,2.35,1.59–2.35,0.34,0.19,0.49,0.19–0.49,34
Sioux Falls,SD,Multifamily,"20 units, 1,200 sq. ft. each",20,1200,"Low-density suburb (1,000/sq. mi.)",1.93,1.69,2.18,1.69–2.18,0.29,0.23,0.35,0.23–0.35,35
Indianapolis,IN,Multifamily,"20 units, 1,200 sq. ft. each",20,1200,"Low-density suburb (1,000/sq. mi.)",1.91,1.73,2.09,1.73–2.09,0.68,0.57,0.8,0.57–0.8,36
Fort Worth,TX,Multifamily,"20 units, 1,200 sq. ft. each",20,1200,"Low-density suburb (1,000/sq. mi.)",1.89,1.83,1.95,1.83–1.95,0.31,0.28,0.34,0.28–0.34,37
Grand Rapids,MI,Multifamily,"20 units, 1,200 sq. ft. each",20,1200,"Low-density suburb (1,000/sq. mi.)",1.85,1.63,2.07,1.63–2.07,0.3,0.21,0.39,0.21–0.39,38
Reno,NV,Multifamily,"20 units, 1,200 sq. ft. each",20,1200,"Low-density suburb (1,000/sq. mi.)",1.74,1.66,1.81,1.66–1.81,0.21,0.17,0.25,0.17–0.25,39
Louisville,KY,Multifamily,"20 units, 1,200 sq. ft. each",20,1200,"Low-density suburb (1,000/sq. mi.)",1.67,1.57,1.77,1.57–1.77,0.44,0.39,0.48,0.39–0.48,40
Jacksonville,FL,Multifamily,"20 units, 1,200 sq. ft. each",20,1200,"Low-density suburb (1,000/sq. mi.)",1.65,1.57,1.73,1.57–1.73,0.33,0.3,0.35,0.3–0.35,41
Raleigh,NC,Multifamily,"20 units, 1,200 sq. ft. each",20,1200,"Low-density suburb (1,000/sq. mi.)",1.53,1.42,1.64,1.42–1.64,0.26,0.21,0.32,0.21–0.32,42
Miami,FL,Multifamily,"20 units, 1,200 sq. ft. each",20,1200,"City neighborhood (4,000/sq. mi.)",5.02,4.25,5.78,4.25–5.78,1.9,1.39,2.41,1.39–2.41,1
San Francisco,CA,Multifamily,"20 units, 1,200 sq. ft. each",20,1200,"City neighborhood (4,000/sq. mi.)",4.88,4.5,5.26,4.5–5.26,1.46,1.23,1.7,1.23–1.7,2
New York,NY,Multifamily,"20 units, 1,200 sq. ft. each",20,1200,"City neighborhood (4,000/sq. mi.)",4.79,4.6,4.98,4.6–4.98,1.39,1.28,1.51,1.28–1.51,3
Oakland,CA,Multifamily,"20 units, 1,200 sq. ft. each",20,1200,"City neighborhood (4,000/sq. mi.)",4.5,4.19,4.8,4.19–4.8,0.96,0.83,1.09,0.83–1.09,4
Los Angeles,CA,Multifamily,"20 units, 1,200 sq. ft. each",20,1200,"City neighborhood (4,000/sq. mi.)",4.25,4.1,4.4,4.1–4.4,1.53,1.44,1.61,1.44–1.61,5
Baton Rouge,LA,Multifamily,"20 units, 1,200 sq. ft. each",20,1200,"City neighborhood (4,000/sq. mi.)",4,2.92,5.07,2.92–5.07,1.01,0.67,1.35,0.67–1.35,6
Boston,MA,Multifamily,"20 units, 1,200 sq. ft. each",20,1200,"City neighborhood (4,000/sq. mi.)",3.75,3.44,4.06,3.44–4.06,1.67,1.44,1.89,1.44–1.89,7
Seattle,WA,Multifamily,"20 units, 1,200 sq. ft. each",20,1200,"City neighborhood (4,000/sq. mi.)",3.32,3.1,3.53,3.1–3.53,1.03,0.94,1.12,0.94–1.12,8
Honolulu,HI,Multifamily,"20 units, 1,200 sq. ft. each",20,1200,"City neighborhood (4,000/sq. mi.)",3.07,2.79,3.36,2.79–3.36,1.28,1.13,1.43,1.13–1.43,9
Philadelphia,PA,Multifamily,"20 units, 1,200 sq. ft. each",20,1200,"City neighborhood (4,000/sq. mi.)",3,2.7,3.29,2.7–3.29,0.31,0.25,0.37,0.25–0.37,10
Durham,NC,Multifamily,"20 units, 1,200 sq. ft. each",20,1200,"City neighborhood (4,000/sq. mi.)",2.85,2.56,3.13,2.56–3.13,0.34,0.29,0.39,0.29–0.39,11
Sacramento,CA,Multifamily,"20 units, 1,200 sq. ft. each",20,1200,"City neighborhood (4,000/sq. mi.)",2.8,2.57,3.04,2.57–3.04,0.94,0.8,1.08,0.8–1.08,12
Jersey City,NJ,Multifamily,"20 units, 1,200 sq. ft. each",20,1200,"City neighborhood (4,000/sq. mi.)",2.76,2.13,3.39,2.13–3.39,0.31,0.09,0.53,0.09–0.53,13
Houston,TX,Multifamily,"20 units, 1,200 sq. ft. each",20,1200,"City neighborhood (4,000/sq. mi.)",2.73,2.66,2.79,2.66–2.79,0.66,0.62,0.69,0.62–0.69,14
Washington,DC,Multifamily,"20 units, 1,200 sq. ft. each",20,1200,"City neighborhood (4,000/sq. mi.)",2.73,2.39,3.06,2.39–3.06,0.76,0.6,0.92,0.6–0.92,15
Spokane,WA,Multifamily,"20 units, 1,200 sq. ft. each",20,1200,"City neighborhood (4,000/sq. mi.)",2.64,1.88,3.41,1.88–3.41,0.26,0.18,0.34,0.18–0.34,16
Austin,TX,Multifamily,"20 units, 1,200 sq. ft. each",20,1200,"City neighborhood (4,000/sq. mi.)",2.64,2.57,2.7,2.57–2.7,0.77,0.73,0.81,0.73–0.81,17
Tulsa,OK,Multifamily,"20 units, 1,200 sq. ft. each",20,1200,"City neighborhood (4,000/sq. mi.)",2.61,2.21,3.01,2.21–3.01,0.84,0.55,1.13,0.55–1.13,18
San Diego,CA,Multifamily,"20 units, 1,200 sq. ft. each",20,1200,"City neighborhood (4,000/sq. mi.)",2.61,2.43,2.78,2.43–2.78,0.76,0.68,0.83,0.68–0.83,19
Portland,OR,Multifamily,"20 units, 1,200 sq. ft. each",20,1200,"City neighborhood (4,000/sq. mi.)",2.58,2.44,2.71,2.44–2.71,0.9,0.83,0.98,0.83–0.98,20
Boulder,CO,Multifamily,"20 units, 1,200 sq. ft. each",20,1200,"City neighborhood (4,000/sq. mi.)",2.52,2.28,2.77,2.28–2.77,0.69,0.54,0.85,0.54–0.85,21
Nashville,TN,Multifamily,"20 units, 1,200 sq. ft. each",20,1200,"City neighborhood (4,000/sq. mi.)",2.49,2.24,2.74,2.24–2.74,0.58,0.43,0.72,0.43–0.72,22
Denver,CO,Multifamily,"20 units, 1,200 sq. ft. each",20,1200,"City neighborhood (4,000/sq. mi.)",2.44,2.32,2.55,2.32–2.55,0.57,0.52,0.63,0.52–0.63,23
Phoenix,AZ,Multifamily,"20 units, 1,200 sq. ft. each",20,1200,"City neighborhood (4,000/sq. mi.)",2.39,2.24,2.53,2.24–2.53,0.68,0.6,0.76,0.6–0.76,24
Colorado Springs,CO,Multifamily,"20 units, 1,200 sq. ft. each",20,1200,"City neighborhood (4,000/sq. mi.)",2.3,2.15,2.45,2.15–2.45,0.56,0.5,0.62,0.5–0.62,25
Cincinnati,OH,Multifamily,"20 units, 1,200 sq. ft. each",20,1200,"City neighborhood (4,000/sq. mi.)",2.24,1.87,2.61,1.87–2.61,0.47,0.3,0.64,0.3–0.64,26
Orlando,FL,Multifamily,"20 units, 1,200 sq. ft. each",20,1200,"City neighborhood (4,000/sq. mi.)",2.22,2.05,2.4,2.05–2.4,0.64,0.55,0.72,0.55–0.72,27
Cleveland,OH,Multifamily,"20 units, 1,200 sq. ft. each",20,1200,"City neighborhood (4,000/sq. mi.)",2.14,1.84,2.45,1.84–2.45,0.57,0.42,0.71,0.42–0.71,28
Boise,ID,Multifamily,"20 units, 1,200 sq. ft. each",20,1200,"City neighborhood (4,000/sq. mi.)",2.05,1.77,2.32,1.77–2.32,0.55,0.41,0.68,0.41–0.68,29
Atlanta,GA,Multifamily,"20 units, 1,200 sq. ft. each",20,1200,"City neighborhood (4,000/sq. mi.)",2.05,1.85,2.24,1.85–2.24,0.64,0.51,0.76,0.51–0.76,30
Anaheim,CA,Multifamily,"20 units, 1,200 sq. ft. each",20,1200,"City neighborhood (4,000/sq. mi.)",2.04,1.81,2.27,1.81–2.27,0.95,0.73,1.18,0.73–1.18,31
Kansas City,MO,Multifamily,"20 units, 1,200 sq. ft. each",20,1200,"City neighborhood (4,000/sq. mi.)",2.04,1.88,2.2,1.88–2.2,0.2,0.15,0.26,0.15–0.26,32
Tampa,FL,Multifamily,"20 units, 1,200 sq. ft. each",20,1200,"City neighborhood (4,000/sq. mi.)",2.02,1.74,2.31,1.74–2.31,0.49,0.4,0.58,0.4–0.58,33
Louisville,KY,Multifamily,"20 units, 1,200 sq. ft. each",20,1200,"City neighborhood (4,000/sq. mi.)",1.95,1.79,2.12,1.79–2.12,0.48,0.41,0.55,0.41–0.55,34
St. Paul,MN,Multifamily,"20 units, 1,200 sq. ft. each",20,1200,"City neighborhood (4,000/sq. mi.)",1.93,1.24,2.62,1.24–2.62,0.3,0.17,0.44,0.17–0.44,35
Fort Worth,TX,Multifamily,"20 units, 1,200 sq. ft. each",20,1200,"City neighborhood (4,000/sq. mi.)",1.9,1.83,1.96,1.83–1.96,0.31,0.28,0.35,0.28–0.35,36
Jacksonville,FL,Multifamily,"20 units, 1,200 sq. ft. each",20,1200,"City neighborhood (4,000/sq. mi.)",1.89,1.78,2.01,1.78–2.01,0.39,0.34,0.43,0.34–0.43,37
Sioux Falls,SD,Multifamily,"20 units, 1,200 sq. ft. each",20,1200,"City neighborhood (4,000/sq. mi.)",1.88,1.66,2.1,1.66–2.1,0.25,0.2,0.31,0.2–0.31,38
Columbus,OH,Multifamily,"20 units, 1,200 sq. ft. each",20,1200,"City neighborhood (4,000/sq. mi.)",1.86,1.79,1.93,1.79–1.93,0.32,0.3,0.34,0.3–0.34,39
Indianapolis,IN,Multifamily,"20 units, 1,200 sq. ft. each",20,1200,"City neighborhood (4,000/sq. mi.)",1.82,1.67,1.97,1.67–1.97,0.54,0.45,0.63,0.45–0.63,40
Grand Rapids,MI,Multifamily,"20 units, 1,200 sq. ft. each",20,1200,"City neighborhood (4,000/sq. mi.)",1.66,1.53,1.78,1.53–1.78,0.3,0.24,0.36,0.24–0.36,41
Reno,NV,Multifamily,"20 units, 1,200 sq. ft. each",20,1200,"City neighborhood (4,000/sq. mi.)",1.65,1.57,1.73,1.57–1.73,0.16,0.13,0.19,0.13–0.19,42
Raleigh,NC,Multifamily,"20 units, 1,200 sq. ft. each",20,1200,"City neighborhood (4,000/sq. mi.)",1.55,1.44,1.66,1.44–1.66,0.28,0.22,0.34,0.22–0.34,43
Miami,FL,Multifamily,"20 units, 1,200 sq. ft. each",20,1200,"Dense city neighborhood (10,000/sq. mi.)",5.43,4.83,6.02,4.83–6.02,1.99,1.6,2.38,1.6–2.38,1
New York,NY,Multifamily,"20 units, 1,200 sq. ft. each",20,1200,"Dense city neighborhood (10,000/sq. mi.)",4.75,4.61,4.89,4.61–4.89,1.34,1.25,1.42,1.25–1.42,2
San Francisco,CA,Multifamily,"20 units, 1,200 sq. ft. each",20,1200,"Dense city neighborhood (10,000/sq. mi.)",4.71,4.4,5.02,4.4–5.02,1.51,1.32,1.7,1.32–1.7,3
Los Angeles,CA,Multifamily,"20 units, 1,200 sq. ft. each",20,1200,"Dense city neighborhood (10,000/sq. mi.)",4.32,4.21,4.43,4.21–4.43,1.46,1.39,1.52,1.39–1.52,4
Boston,MA,Multifamily,"20 units, 1,200 sq. ft. each",20,1200,"Dense city neighborhood (10,000/sq. mi.)",3.99,3.74,4.23,3.74–4.23,1.82,1.64,2,1.64–2,5
Oakland,CA,Multifamily,"20 units, 1,200 sq. ft. each",20,1200,"Dense city neighborhood (10,000/sq. mi.)",3.94,3.57,4.32,3.57–4.32,0.8,0.68,0.91,0.68–0.91,6
Seattle,WA,Multifamily,"20 units, 1,200 sq. ft. each",20,1200,"Dense city neighborhood (10,000/sq. mi.)",3.26,3.13,3.4,3.13–3.4,1.03,0.98,1.09,0.98–1.09,7
Philadelphia,PA,Multifamily,"20 units, 1,200 sq. ft. each",20,1200,"Dense city neighborhood (10,000/sq. mi.)",3,2.79,3.21,2.79–3.21,0.3,0.26,0.34,0.26–0.34,8
Honolulu,HI,Multifamily,"20 units, 1,200 sq. ft. each",20,1200,"Dense city neighborhood (10,000/sq. mi.)",2.94,2.61,3.27,2.61–3.27,1.36,1.17,1.56,1.17–1.56,9
Jersey City,NJ,Multifamily,"20 units, 1,200 sq. ft. each",20,1200,"Dense city neighborhood (10,000/sq. mi.)",2.87,2.47,3.27,2.47–3.27,0.34,0.19,0.49,0.19–0.49,10
Durham,NC,Multifamily,"20 units, 1,200 sq. ft. each",20,1200,"Dense city neighborhood (10,000/sq. mi.)",2.86,2.41,3.31,2.41–3.31,0.28,0.21,0.34,0.21–0.34,11
Houston,TX,Multifamily,"20 units, 1,200 sq. ft. each",20,1200,"Dense city neighborhood (10,000/sq. mi.)",2.84,2.77,2.91,2.77–2.91,0.75,0.71,0.8,0.71–0.8,12
Spokane,WA,Multifamily,"20 units, 1,200 sq. ft. each",20,1200,"Dense city neighborhood (10,000/sq. mi.)",2.78,2.18,3.39,2.18–3.39,0.19,0.13,0.26,0.13–0.26,13
Sacramento,CA,Multifamily,"20 units, 1,200 sq. ft. each",20,1200,"Dense city neighborhood (10,000/sq. mi.)",2.76,2.53,3,2.53–3,0.91,0.77,1.05,0.77–1.05,14
Washington,DC,Multifamily,"20 units, 1,200 sq. ft. each",20,1200,"Dense city neighborhood (10,000/sq. mi.)",2.75,2.54,2.97,2.54–2.97,0.76,0.66,0.87,0.66–0.87,15
Austin,TX,Multifamily,"20 units, 1,200 sq. ft. each",20,1200,"Dense city neighborhood (10,000/sq. mi.)",2.71,2.61,2.81,2.61–2.81,0.77,0.71,0.82,0.71–0.82,16
San Diego,CA,Multifamily,"20 units, 1,200 sq. ft. each",20,1200,"Dense city neighborhood (10,000/sq. mi.)",2.69,2.51,2.87,2.51–2.87,0.83,0.75,0.9,0.75–0.9,17
Boulder,CO,Multifamily,"20 units, 1,200 sq. ft. each",20,1200,"Dense city neighborhood (10,000/sq. mi.)",2.6,2.25,2.94,2.25–2.94,0.68,0.5,0.86,0.5–0.86,18
Portland,OR,Multifamily,"20 units, 1,200 sq. ft. each",20,1200,"Dense city neighborhood (10,000/sq. mi.)",2.51,2.36,2.65,2.36–2.65,0.89,0.81,0.97,0.81–0.97,19
Nashville,TN,Multifamily,"20 units, 1,200 sq. ft. each",20,1200,"Dense city neighborhood (10,000/sq. mi.)",2.46,2.12,2.81,2.12–2.81,0.51,0.33,0.7,0.33–0.7,20
Cincinnati,OH,Multifamily,"20 units, 1,200 sq. ft. each",20,1200,"Dense city neighborhood (10,000/sq. mi.)",2.44,1.97,2.91,1.97–2.91,0.58,0.36,0.8,0.36–0.8,21
Denver,CO,Multifamily,"20 units, 1,200 sq. ft. each",20,1200,"Dense city neighborhood (10,000/sq. mi.)",2.43,2.32,2.55,2.32–2.55,0.59,0.53,0.64,0.53–0.64,22
Colorado Springs,CO,Multifamily,"20 units, 1,200 sq. ft. each",20,1200,"Dense city neighborhood (10,000/sq. mi.)",2.32,2.15,2.49,2.15–2.49,0.57,0.5,0.64,0.5–0.64,23
Phoenix,AZ,Multifamily,"20 units, 1,200 sq. ft. each",20,1200,"Dense city neighborhood (10,000/sq. mi.)",2.31,2.12,2.49,2.12–2.49,0.63,0.54,0.72,0.54–0.72,24
Louisville,KY,Multifamily,"20 units, 1,200 sq. ft. each",20,1200,"Dense city neighborhood (10,000/sq. mi.)",2.16,1.87,2.45,1.87–2.45,0.51,0.4,0.62,0.4–0.62,25
Cleveland,OH,Multifamily,"20 units, 1,200 sq. ft. each",20,1200,"Dense city neighborhood (10,000/sq. mi.)",2.15,1.79,2.51,1.79–2.51,0.6,0.45,0.76,0.45–0.76,26
Jacksonville,FL,Multifamily,"20 units, 1,200 sq. ft. each",20,1200,"Dense city neighborhood (10,000/sq. mi.)",2.07,1.91,2.23,1.91–2.23,0.43,0.37,0.5,0.37–0.5,27
Kansas City,MO,Multifamily,"20 units, 1,200 sq. ft. each",20,1200,"Dense city neighborhood (10,000/sq. mi.)",2.03,1.79,2.27,1.79–2.27,0.17,0.11,0.24,0.11–0.24,28
St. Paul,MN,Multifamily,"20 units, 1,200 sq. ft. each",20,1200,"Dense city neighborhood (10,000/sq. mi.)",1.99,1.26,2.73,1.26–2.73,0.23,0.12,0.35,0.12–0.35,29
Atlanta,GA,Multifamily,"20 units, 1,200 sq. ft. each",20,1200,"Dense city neighborhood (10,000/sq. mi.)",1.99,1.8,2.17,1.8–2.17,0.64,0.52,0.76,0.52–0.76,30
Orlando,FL,Multifamily,"20 units, 1,200 sq. ft. each",20,1200,"Dense city neighborhood (10,000/sq. mi.)",1.97,1.79,2.15,1.79–2.15,0.51,0.43,0.59,0.43–0.59,31
Anaheim,CA,Multifamily,"20 units, 1,200 sq. ft. each",20,1200,"Dense city neighborhood (10,000/sq. mi.)",1.96,1.7,2.23,1.7–2.23,0.75,0.53,0.96,0.53–0.96,32
Boise,ID,Multifamily,"20 units, 1,200 sq. ft. each",20,1200,"Dense city neighborhood (10,000/sq. mi.)",1.95,1.66,2.24,1.66–2.24,0.56,0.4,0.72,0.4–0.72,33
Fort Worth,TX,Multifamily,"20 units, 1,200 sq. ft. each",20,1200,"Dense city neighborhood (10,000/sq. mi.)",1.91,1.81,2,1.81–2,0.31,0.27,0.36,0.27–0.36,34
Tampa,FL,Multifamily,"20 units, 1,200 sq. ft. each",20,1200,"Dense city neighborhood (10,000/sq. mi.)",1.9,1.43,2.38,1.43–2.38,0.51,0.34,0.69,0.34–0.69,35
Sioux Falls,SD,Multifamily,"20 units, 1,200 sq. ft. each",20,1200,"Dense city neighborhood (10,000/sq. mi.)",1.84,1.6,2.09,1.6–2.09,0.23,0.17,0.29,0.17–0.29,36
Columbus,OH,Multifamily,"20 units, 1,200 sq. ft. each",20,1200,"Dense city neighborhood (10,000/sq. mi.)",1.78,1.68,1.88,1.68–1.88,0.29,0.27,0.31,0.27–0.31,37
Indianapolis,IN,Multifamily,"20 units, 1,200 sq. ft. each",20,1200,"Dense city neighborhood (10,000/sq. mi.)",1.76,1.52,2,1.52–2,0.46,0.34,0.58,0.34–0.58,38
Reno,NV,Multifamily,"20 units, 1,200 sq. ft. each",20,1200,"Dense city neighborhood (10,000/sq. mi.)",1.6,1.49,1.7,1.49–1.7,0.13,0.1,0.16,0.1–0.16,39
Raleigh,NC,Multifamily,"20 units, 1,200 sq. ft. each",20,1200,"Dense city neighborhood (10,000/sq. mi.)",1.57,1.43,1.72,1.43–1.72,0.29,0.22,0.36,0.22–0.36,40
Grand Rapids,MI,Multifamily,"20 units, 1,200 sq. ft. each",20,1200,"Dense city neighborhood (10,000/sq. mi.)",1.54,1.33,1.75,1.33–1.75,0.3,0.18,0.42,0.18–0.42,41
Miami,FL,Multifamily,"20 units, 1,200 sq. ft. each",20,1200,"Urban core (25,000/sq. mi.)",5.87,5.03,6.7,5.03–6.7,2.09,1.55,2.62,1.55–2.62,1
New York,NY,Multifamily,"20 units, 1,200 sq. ft. each",20,1200,"Urban core (25,000/sq. mi.)",4.71,4.6,4.81,4.6–4.81,1.28,1.22,1.33,1.22–1.33,2
San Francisco,CA,Multifamily,"20 units, 1,200 sq. ft. each",20,1200,"Urban core (25,000/sq. mi.)",4.54,4.24,4.84,4.24–4.84,1.56,1.38,1.73,1.38–1.73,3
Los Angeles,CA,Multifamily,"20 units, 1,200 sq. ft. each",20,1200,"Urban core (25,000/sq. mi.)",4.39,4.27,4.52,4.27–4.52,1.39,1.33,1.45,1.33–1.45,4
Boston,MA,Multifamily,"20 units, 1,200 sq. ft. each",20,1200,"Urban core (25,000/sq. mi.)",4.24,3.98,4.49,3.98–4.49,1.99,1.8,2.17,1.8–2.17,5
Oakland,CA,Multifamily,"20 units, 1,200 sq. ft. each",20,1200,"Urban core (25,000/sq. mi.)",3.46,2.93,3.98,2.93–3.98,0.66,0.48,0.83,0.48–0.83,6
Seattle,WA,Multifamily,"20 units, 1,200 sq. ft. each",20,1200,"Urban core (25,000/sq. mi.)",3.21,3.07,3.36,3.07–3.36,1.04,0.98,1.1,0.98–1.1,7
Philadelphia,PA,Multifamily,"20 units, 1,200 sq. ft. each",20,1200,"Urban core (25,000/sq. mi.)",3.01,2.8,3.21,2.8–3.21,0.3,0.26,0.33,0.26–0.33,8
Jersey City,NJ,Multifamily,"20 units, 1,200 sq. ft. each",20,1200,"Urban core (25,000/sq. mi.)",2.98,2.74,3.22,2.74–3.22,0.37,0.27,0.46,0.27–0.46,9
Houston,TX,Multifamily,"20 units, 1,200 sq. ft. each",20,1200,"Urban core (25,000/sq. mi.)",2.96,2.84,3.07,2.84–3.07,0.87,0.79,0.95,0.79–0.95,10
Spokane,WA,Multifamily,"20 units, 1,200 sq. ft. each",20,1200,"Urban core (25,000/sq. mi.)",2.93,2.17,3.7,2.17–3.7,0.14,0.09,0.2,0.09–0.2,11
Durham,NC,Multifamily,"20 units, 1,200 sq. ft. each",20,1200,"Urban core (25,000/sq. mi.)",2.88,2.24,3.52,2.24–3.52,0.22,0.14,0.3,0.14–0.3,12
Honolulu,HI,Multifamily,"20 units, 1,200 sq. ft. each",20,1200,"Urban core (25,000/sq. mi.)",2.81,2.42,3.21,2.42–3.21,1.45,1.21,1.7,1.21–1.7,13
Austin,TX,Multifamily,"20 units, 1,200 sq. ft. each",20,1200,"Urban core (25,000/sq. mi.)",2.78,2.64,2.93,2.64–2.93,0.77,0.69,0.84,0.69–0.84,14
Washington,DC,Multifamily,"20 units, 1,200 sq. ft. each",20,1200,"Urban core (25,000/sq. mi.)",2.78,2.58,2.98,2.58–2.98,0.77,0.68,0.85,0.68–0.85,15
San Diego,CA,Multifamily,"20 units, 1,200 sq. ft. each",20,1200,"Urban core (25,000/sq. mi.)",2.77,2.55,2.99,2.55–2.99,0.9,0.8,1,0.8–1,16
Sacramento,CA,Multifamily,"20 units, 1,200 sq. ft. each",20,1200,"Urban core (25,000/sq. mi.)",2.72,2.47,2.98,2.47–2.98,0.88,0.72,1.03,0.72–1.03,17
Boulder,CO,Multifamily,"20 units, 1,200 sq. ft. each",20,1200,"Urban core (25,000/sq. mi.)",2.67,2.21,3.13,2.21–3.13,0.66,0.46,0.87,0.46–0.87,18
Cincinnati,OH,Multifamily,"20 units, 1,200 sq. ft. each",20,1200,"Urban core (25,000/sq. mi.)",2.66,2.01,3.31,2.01–3.31,0.72,0.4,1.05,0.4–1.05,19
Portland,OR,Multifamily,"20 units, 1,200 sq. ft. each",20,1200,"Urban core (25,000/sq. mi.)",2.44,2.27,2.61,2.27–2.61,0.88,0.79,0.96,0.79–0.96,20
Nashville,TN,Multifamily,"20 units, 1,200 sq. ft. each",20,1200,"Urban core (25,000/sq. mi.)",2.44,1.98,2.89,1.98–2.89,0.46,0.25,0.67,0.25–0.67,21
Denver,CO,Multifamily,"20 units, 1,200 sq. ft. each",20,1200,"Urban core (25,000/sq. mi.)",2.43,2.31,2.56,2.31–2.56,0.6,0.54,0.67,0.54–0.67,22
Louisville,KY,Multifamily,"20 units, 1,200 sq. ft. each",20,1200,"Urban core (25,000/sq. mi.)",2.4,1.95,2.85,1.95–2.85,0.54,0.38,0.7,0.38–0.7,23
Colorado Springs,CO,Multifamily,"20 units, 1,200 sq. ft. each",20,1200,"Urban core (25,000/sq. mi.)",2.34,2.12,2.55,2.12–2.55,0.58,0.49,0.66,0.49–0.66,24
Jacksonville,FL,Multifamily,"20 units, 1,200 sq. ft. each",20,1200,"Urban core (25,000/sq. mi.)",2.26,2.05,2.48,2.05–2.48,0.48,0.39,0.57,0.39–0.57,25
Phoenix,AZ,Multifamily,"20 units, 1,200 sq. ft. each",20,1200,"Urban core (25,000/sq. mi.)",2.23,2,2.45,2–2.45,0.58,0.48,0.69,0.48–0.69,26
Cleveland,OH,Multifamily,"20 units, 1,200 sq. ft. each",20,1200,"Urban core (25,000/sq. mi.)",2.16,1.63,2.69,1.63–2.69,0.64,0.4,0.89,0.4–0.89,27
St. Paul,MN,Multifamily,"20 units, 1,200 sq. ft. each",20,1200,"Urban core (25,000/sq. mi.)",2.06,1.08,3.03,1.08–3.03,0.18,0.05,0.3,0.05–0.3,28
Kansas City,MO,Multifamily,"20 units, 1,200 sq. ft. each",20,1200,"Urban core (25,000/sq. mi.)",2.02,1.69,2.36,1.69–2.36,0.15,0.08,0.22,0.08–0.22,29
Atlanta,GA,Multifamily,"20 units, 1,200 sq. ft. each",20,1200,"Urban core (25,000/sq. mi.)",1.93,1.7,2.15,1.7–2.15,0.64,0.47,0.81,0.47–0.81,30
Fort Worth,TX,Multifamily,"20 units, 1,200 sq. ft. each",20,1200,"Urban core (25,000/sq. mi.)",1.91,1.78,2.05,1.78–2.05,0.31,0.25,0.37,0.25–0.37,31
Anaheim,CA,Multifamily,"20 units, 1,200 sq. ft. each",20,1200,"Urban core (25,000/sq. mi.)",1.89,1.5,2.28,1.5–2.28,0.58,0.35,0.82,0.35–0.82,32
Boise,ID,Multifamily,"20 units, 1,200 sq. ft. each",20,1200,"Urban core (25,000/sq. mi.)",1.86,1.55,2.17,1.55–2.17,0.57,0.37,0.77,0.37–0.77,33
Sioux Falls,SD,Multifamily,"20 units, 1,200 sq. ft. each",20,1200,"Urban core (25,000/sq. mi.)",1.8,1.51,2.1,1.51–2.1,0.21,0.14,0.28,0.14–0.28,34
Orlando,FL,Multifamily,"20 units, 1,200 sq. ft. each",20,1200,"Urban core (25,000/sq. mi.)",1.75,1.56,1.93,1.56–1.93,0.4,0.33,0.48,0.33–0.48,35
Columbus,OH,Multifamily,"20 units, 1,200 sq. ft. each",20,1200,"Urban core (25,000/sq. mi.)",1.7,1.56,1.84,1.56–1.84,0.26,0.23,0.29,0.23–0.29,36
Indianapolis,IN,Multifamily,"20 units, 1,200 sq. ft. each",20,1200,"Urban core (25,000/sq. mi.)",1.7,1.36,2.04,1.36–2.04,0.4,0.25,0.54,0.25–0.54,37
Raleigh,NC,Multifamily,"20 units, 1,200 sq. ft. each",20,1200,"Urban core (25,000/sq. mi.)",1.59,1.4,1.78,1.4–1.78,0.3,0.22,0.38,0.22–0.38,38
Reno,NV,Multifamily,"20 units, 1,200 sq. ft. each",20,1200,"Urban core (25,000/sq. mi.)",1.54,1.41,1.67,1.41–1.67,0.11,0.08,0.14,0.08–0.14,39
Grand Rapids,MI,Multifamily,"20 units, 1,200 sq. ft. each",20,1200,"Urban core (25,000/sq. mi.)",1.43,1.12,1.74,1.12–1.74,0.3,0.12,0.48,0.12–0.48,40
Oakland,CA,Multifamily,"20 units, 1,500 sq. ft. each",20,1500,"Low-density suburb (1,000/sq. mi.)",5.31,4.69,5.93,4.69–5.93,1.17,0.85,1.48,0.85–1.48,1
San Francisco,CA,Multifamily,"20 units, 1,500 sq. ft. each",20,1500,"Low-density suburb (1,000/sq. mi.)",5.2,4.65,5.74,4.65–5.74,1.42,1.09,1.75,1.09–1.75,2
New York,NY,Multifamily,"20 units, 1,500 sq. ft. each",20,1500,"Low-density suburb (1,000/sq. mi.)",4.98,4.68,5.27,4.68–5.27,1.5,1.31,1.69,1.31–1.69,3
Miami,FL,Multifamily,"20 units, 1,500 sq. ft. each",20,1500,"Low-density suburb (1,000/sq. mi.)",4.46,3.24,5.67,3.24–5.67,1.81,0.93,2.69,0.93–2.69,4
Los Angeles,CA,Multifamily,"20 units, 1,500 sq. ft. each",20,1500,"Low-density suburb (1,000/sq. mi.)",4.24,3.99,4.49,3.99–4.49,1.62,1.48,1.77,1.48–1.77,5
Baton Rouge,LA,Multifamily,"20 units, 1,500 sq. ft. each",20,1500,"Low-density suburb (1,000/sq. mi.)",3.81,2.52,5.1,2.52–5.1,0.78,0.42,1.13,0.42–1.13,6
Tulsa,OK,Multifamily,"20 units, 1,500 sq. ft. each",20,1500,"Low-density suburb (1,000/sq. mi.)",3.67,2.98,4.36,2.98–4.36,0.74,0.53,0.94,0.53–0.94,7
Seattle,WA,Multifamily,"20 units, 1,500 sq. ft. each",20,1500,"Low-density suburb (1,000/sq. mi.)",3.42,3.01,3.83,3.01–3.83,1.03,0.86,1.19,0.86–1.19,8
Boston,MA,Multifamily,"20 units, 1,500 sq. ft. each",20,1500,"Low-density suburb (1,000/sq. mi.)",3.4,2.93,3.86,2.93–3.86,1.43,1.12,1.75,1.12–1.75,9
Honolulu,HI,Multifamily,"20 units, 1,500 sq. ft. each",20,1500,"Low-density suburb (1,000/sq. mi.)",3.35,3.05,3.65,3.05–3.65,1.21,1.09,1.33,1.09–1.33,10
Philadelphia,PA,Multifamily,"20 units, 1,500 sq. ft. each",20,1500,"Low-density suburb (1,000/sq. mi.)",2.98,2.5,3.47,2.5–3.47,0.32,0.22,0.42,0.22–0.42,11
Durham,NC,Multifamily,"20 units, 1,500 sq. ft. each",20,1500,"Low-density suburb (1,000/sq. mi.)",2.84,2.66,3.02,2.66–3.02,0.47,0.41,0.53,0.41–0.53,12
Portland,OR,Multifamily,"20 units, 1,500 sq. ft. each",20,1500,"Low-density suburb (1,000/sq. mi.)",2.82,2.62,3.02,2.62–3.02,0.95,0.84,1.05,0.84–1.05,13
Sacramento,CA,Multifamily,"20 units, 1,500 sq. ft. each",20,1500,"Low-density suburb (1,000/sq. mi.)",2.8,2.53,3.08,2.53–3.08,0.98,0.82,1.15,0.82–1.15,14
Orlando,FL,Multifamily,"20 units, 1,500 sq. ft. each",20,1500,"Low-density suburb (1,000/sq. mi.)",2.79,2.58,2.99,2.58–2.99,0.98,0.86,1.11,0.86–1.11,15
Nashville,TN,Multifamily,"20 units, 1,500 sq. ft. each",20,1500,"Low-density suburb (1,000/sq. mi.)",2.7,2.5,2.91,2.5–2.91,0.74,0.63,0.84,0.63–0.84,16
Washington,DC,Multifamily,"20 units, 1,500 sq. ft. each",20,1500,"Low-density suburb (1,000/sq. mi.)",2.65,2.09,3.22,2.09–3.22,0.75,0.49,1.02,0.49–1.02,17
Austin,TX,Multifamily,"20 units, 1,500 sq. ft. each",20,1500,"Low-density suburb (1,000/sq. mi.)",2.59,2.51,2.66,2.51–2.66,0.78,0.73,0.82,0.73–0.82,18
Houston,TX,Multifamily,"20 units, 1,500 sq. ft. each",20,1500,"Low-density suburb (1,000/sq. mi.)",2.58,2.48,2.69,2.48–2.69,0.54,0.48,0.59,0.48–0.59,19
Phoenix,AZ,Multifamily,"20 units, 1,500 sq. ft. each",20,1500,"Low-density suburb (1,000/sq. mi.)",2.57,2.45,2.69,2.45–2.69,0.74,0.67,0.82,0.67–0.82,20
Colorado Springs,CO,Multifamily,"20 units, 1,500 sq. ft. each",20,1500,"Low-density suburb (1,000/sq. mi.)",2.56,2.35,2.76,2.35–2.76,0.65,0.56,0.74,0.56–0.74,21
Boulder,CO,Multifamily,"20 units, 1,500 sq. ft. each",20,1500,"Low-density suburb (1,000/sq. mi.)",2.53,2.38,2.69,2.38–2.69,0.76,0.6,0.92,0.6–0.92,22
San Diego,CA,Multifamily,"20 units, 1,500 sq. ft. each",20,1500,"Low-density suburb (1,000/sq. mi.)",2.49,2.26,2.72,2.26–2.72,0.67,0.56,0.77,0.56–0.77,23
Denver,CO,Multifamily,"20 units, 1,500 sq. ft. each",20,1500,"Low-density suburb (1,000/sq. mi.)",2.43,2.31,2.55,2.31–2.55,0.54,0.47,0.61,0.47–0.61,24
Cleveland,OH,Multifamily,"20 units, 1,500 sq. ft. each",20,1500,"Low-density suburb (1,000/sq. mi.)",2.23,1.7,2.77,1.7–2.77,0.56,0.3,0.81,0.3–0.81,25
Anaheim,CA,Multifamily,"20 units, 1,500 sq. ft. each",20,1500,"Low-density suburb (1,000/sq. mi.)",2.22,1.77,2.67,1.77–2.67,1.38,0.88,1.88,0.88–1.88,26
Boise,ID,Multifamily,"20 units, 1,500 sq. ft. each",20,1500,"Low-density suburb (1,000/sq. mi.)",2.22,1.95,2.49,1.95–2.49,0.52,0.4,0.64,0.4–0.64,27
Tampa,FL,Multifamily,"20 units, 1,500 sq. ft. each",20,1500,"Low-density suburb (1,000/sq. mi.)",2.22,1.49,2.94,1.49–2.94,0.46,0.26,0.66,0.26–0.66,28
Atlanta,GA,Multifamily,"20 units, 1,500 sq. ft. each",20,1500,"Low-density suburb (1,000/sq. mi.)",2.21,1.89,2.53,1.89–2.53,0.66,0.46,0.87,0.46–0.87,29
Kansas City,MO,Multifamily,"20 units, 1,500 sq. ft. each",20,1500,"Low-density suburb (1,000/sq. mi.)",2.1,1.98,2.21,1.98–2.21,0.27,0.22,0.31,0.22–0.31,30
Columbus,OH,Multifamily,"20 units, 1,500 sq. ft. each",20,1500,"Low-density suburb (1,000/sq. mi.)",2.05,1.94,2.16,1.94–2.16,0.38,0.34,0.41,0.34–0.41,31
Cincinnati,OH,Multifamily,"20 units, 1,500 sq. ft. each",20,1500,"Low-density suburb (1,000/sq. mi.)",2.02,1.68,2.36,1.68–2.36,0.32,0.19,0.45,0.19–0.45,32
Indianapolis,IN,Multifamily,"20 units, 1,500 sq. ft. each",20,1500,"Low-density suburb (1,000/sq. mi.)",1.97,1.78,2.16,1.78–2.16,0.7,0.58,0.82,0.58–0.82,33
Fort Worth,TX,Multifamily,"20 units, 1,500 sq. ft. each",20,1500,"Low-density suburb (1,000/sq. mi.)",1.93,1.87,1.99,1.87–1.99,0.34,0.3,0.37,0.3–0.37,34
Sioux Falls,SD,Multifamily,"20 units, 1,500 sq. ft. each",20,1500,"Low-density suburb (1,000/sq. mi.)",1.89,1.63,2.14,1.63–2.14,0.3,0.23,0.37,0.23–0.37,35
Grand Rapids,MI,Multifamily,"20 units, 1,500 sq. ft. each",20,1500,"Low-density suburb (1,000/sq. mi.)",1.85,1.64,2.07,1.64–2.07,0.31,0.22,0.39,0.22–0.39,36
Reno,NV,Multifamily,"20 units, 1,500 sq. ft. each",20,1500,"Low-density suburb (1,000/sq. mi.)",1.78,1.7,1.87,1.7–1.87,0.21,0.17,0.25,0.17–0.25,37
Louisville,KY,Multifamily,"20 units, 1,500 sq. ft. each",20,1500,"Low-density suburb (1,000/sq. mi.)",1.72,1.61,1.83,1.61–1.83,0.45,0.41,0.5,0.41–0.5,38
Jacksonville,FL,Multifamily,"20 units, 1,500 sq. ft. each",20,1500,"Low-density suburb (1,000/sq. mi.)",1.69,1.61,1.78,1.61–1.78,0.32,0.3,0.35,0.3–0.35,39
Raleigh,NC,Multifamily,"20 units, 1,500 sq. ft. each",20,1500,"Low-density suburb (1,000/sq. mi.)",1.57,1.46,1.69,1.46–1.69,0.28,0.22,0.34,0.22–0.34,40
Miami,FL,Multifamily,"20 units, 1,500 sq. ft. each",20,1500,"City neighborhood (4,000/sq. mi.)",5.02,4.28,5.76,4.28–5.76,1.94,1.43,2.45,1.43–2.45,1
San Francisco,CA,Multifamily,"20 units, 1,500 sq. ft. each",20,1500,"City neighborhood (4,000/sq. mi.)",4.92,4.55,5.29,4.55–5.29,1.49,1.25,1.72,1.25–1.72,2
New York,NY,Multifamily,"20 units, 1,500 sq. ft. each",20,1500,"City neighborhood (4,000/sq. mi.)",4.91,4.7,5.12,4.7–5.12,1.41,1.29,1.53,1.29–1.53,3
Oakland,CA,Multifamily,"20 units, 1,500 sq. ft. each",20,1500,"City neighborhood (4,000/sq. mi.)",4.35,4.09,4.62,4.09–4.62,0.88,0.78,0.97,0.78–0.97,4
Los Angeles,CA,Multifamily,"20 units, 1,500 sq. ft. each",20,1500,"City neighborhood (4,000/sq. mi.)",4.35,4.19,4.51,4.19–4.51,1.51,1.42,1.6,1.42–1.6,5
Baton Rouge,LA,Multifamily,"20 units, 1,500 sq. ft. each",20,1500,"City neighborhood (4,000/sq. mi.)",4.14,3.03,5.25,3.03–5.25,1.09,0.72,1.46,0.72–1.46,6
Boston,MA,Multifamily,"20 units, 1,500 sq. ft. each",20,1500,"City neighborhood (4,000/sq. mi.)",3.73,3.4,4.05,3.4–4.05,1.64,1.41,1.86,1.41–1.86,7
Seattle,WA,Multifamily,"20 units, 1,500 sq. ft. each",20,1500,"City neighborhood (4,000/sq. mi.)",3.34,3.11,3.57,3.11–3.57,1.03,0.94,1.13,0.94–1.13,8
Honolulu,HI,Multifamily,"20 units, 1,500 sq. ft. each",20,1500,"City neighborhood (4,000/sq. mi.)",3.14,2.83,3.45,2.83–3.45,1.33,1.17,1.48,1.17–1.48,9
Philadelphia,PA,Multifamily,"20 units, 1,500 sq. ft. each",20,1500,"City neighborhood (4,000/sq. mi.)",2.99,2.69,3.29,2.69–3.29,0.31,0.25,0.37,0.25–0.37,10
Durham,NC,Multifamily,"20 units, 1,500 sq. ft. each",20,1500,"City neighborhood (4,000/sq. mi.)",2.87,2.58,3.16,2.58–3.16,0.34,0.29,0.39,0.29–0.39,11
Spokane,WA,Multifamily,"20 units, 1,500 sq. ft. each",20,1500,"City neighborhood (4,000/sq. mi.)",2.8,1.93,3.66,1.93–3.66,0.26,0.17,0.34,0.17–0.34,12
Jersey City,NJ,Multifamily,"20 units, 1,500 sq. ft. each",20,1500,"City neighborhood (4,000/sq. mi.)",2.75,2.13,3.37,2.13–3.37,0.31,0.09,0.53,0.09–0.53,13
Houston,TX,Multifamily,"20 units, 1,500 sq. ft. each",20,1500,"City neighborhood (4,000/sq. mi.)",2.75,2.69,2.81,2.69–2.81,0.66,0.62,0.7,0.62–0.7,14
Sacramento,CA,Multifamily,"20 units, 1,500 sq. ft. each",20,1500,"City neighborhood (4,000/sq. mi.)",2.74,2.51,2.98,2.51–2.98,0.93,0.79,1.07,0.79–1.07,15
Portland,OR,Multifamily,"20 units, 1,500 sq. ft. each",20,1500,"City neighborhood (4,000/sq. mi.)",2.7,2.52,2.89,2.52–2.89,0.92,0.83,1.02,0.83–1.02,16
Austin,TX,Multifamily,"20 units, 1,500 sq. ft. each",20,1500,"City neighborhood (4,000/sq. mi.)",2.7,2.62,2.78,2.62–2.78,0.78,0.73,0.82,0.73–0.82,17
Washington,DC,Multifamily,"20 units, 1,500 sq. ft. each",20,1500,"City neighborhood (4,000/sq. mi.)",2.7,2.36,3.03,2.36–3.03,0.76,0.59,0.92,0.59–0.92,18
Nashville,TN,Multifamily,"20 units, 1,500 sq. ft. each",20,1500,"City neighborhood (4,000/sq. mi.)",2.66,2.38,2.93,2.38–2.93,0.62,0.46,0.78,0.46–0.78,19
Boulder,CO,Multifamily,"20 units, 1,500 sq. ft. each",20,1500,"City neighborhood (4,000/sq. mi.)",2.64,2.41,2.87,2.41–2.87,0.74,0.57,0.9,0.57–0.9,20
Tulsa,OK,Multifamily,"20 units, 1,500 sq. ft. each",20,1500,"City neighborhood (4,000/sq. mi.)",2.64,2.22,3.05,2.22–3.05,0.87,0.57,1.17,0.57–1.17,21
San Diego,CA,Multifamily,"20 units, 1,500 sq. ft. each",20,1500,"City neighborhood (4,000/sq. mi.)",2.61,2.43,2.79,2.43–2.79,0.76,0.68,0.84,0.68–0.84,22
Colorado Springs,CO,Multifamily,"20 units, 1,500 sq. ft. each",20,1500,"City neighborhood (4,000/sq. mi.)",2.59,2.41,2.76,2.41–2.76,0.66,0.58,0.74,0.58–0.74,23
Phoenix,AZ,Multifamily,"20 units, 1,500 sq. ft. each",20,1500,"City neighborhood (4,000/sq. mi.)",2.44,2.29,2.59,2.29–2.59,0.66,0.58,0.74,0.58–0.74,24
Denver,CO,Multifamily,"20 units, 1,500 sq. ft. each",20,1500,"City neighborhood (4,000/sq. mi.)",2.42,2.32,2.53,2.32–2.53,0.57,0.51,0.62,0.51–0.62,25
Orlando,FL,Multifamily,"20 units, 1,500 sq. ft. each",20,1500,"City neighborhood (4,000/sq. mi.)",2.32,2.13,2.51,2.13–2.51,0.7,0.6,0.79,0.6–0.79,26
Cincinnati,OH,Multifamily,"20 units, 1,500 sq. ft. each",20,1500,"City neighborhood (4,000/sq. mi.)",2.3,2.02,2.58,2.02–2.58,0.44,0.31,0.57,0.31–0.57,27
Cleveland,OH,Multifamily,"20 units, 1,500 sq. ft. each",20,1500,"City neighborhood (4,000/sq. mi.)",2.25,1.91,2.58,1.91–2.58,0.61,0.46,0.77,0.46–0.77,28
Atlanta,GA,Multifamily,"20 units, 1,500 sq. ft. each",20,1500,"City neighborhood (4,000/sq. mi.)",2.11,1.9,2.31,1.9–2.31,0.67,0.53,0.8,0.53–0.8,29
Anaheim,CA,Multifamily,"20 units, 1,500 sq. ft. each",20,1500,"City neighborhood (4,000/sq. mi.)",2.09,1.85,2.33,1.85–2.33,0.95,0.72,1.18,0.72–1.18,30
Kansas City,MO,Multifamily,"20 units, 1,500 sq. ft. each",20,1500,"City neighborhood (4,000/sq. mi.)",2.08,1.92,2.25,1.92–2.25,0.21,0.15,0.27,0.15–0.27,31
Boise,ID,Multifamily,"20 units, 1,500 sq. ft. each",20,1500,"City neighborhood (4,000/sq. mi.)",2.06,1.78,2.35,1.78–2.35,0.54,0.41,0.67,0.41–0.67,32
Tampa,FL,Multifamily,"20 units, 1,500 sq. ft. each",20,1500,"City neighborhood (4,000/sq. mi.)",2.02,1.75,2.29,1.75–2.29,0.48,0.39,0.58,0.39–0.58,33
Louisville,KY,Multifamily,"20 units, 1,500 sq. ft. each",20,1500,"City neighborhood (4,000/sq. mi.)",2.01,1.84,2.18,1.84–2.18,0.5,0.43,0.57,0.43–0.57,34
St. Paul,MN,Multifamily,"20 units, 1,500 sq. ft. each",20,1500,"City neighborhood (4,000/sq. mi.)",1.99,1.22,2.75,1.22–2.75,0.31,0.17,0.45,0.17–0.45,35
Fort Worth,TX,Multifamily,"20 units, 1,500 sq. ft. each",20,1500,"City neighborhood (4,000/sq. mi.)",1.94,1.88,2.01,1.88–2.01,0.34,0.3,0.38,0.3–0.38,36
Jacksonville,FL,Multifamily,"20 units, 1,500 sq. ft. each",20,1500,"City neighborhood (4,000/sq. mi.)",1.94,1.81,2.07,1.81–2.07,0.38,0.34,0.43,0.34–0.43,37
Columbus,OH,Multifamily,"20 units, 1,500 sq. ft. each",20,1500,"City neighborhood (4,000/sq. mi.)",1.92,1.84,2,1.84–2,0.32,0.3,0.34,0.3–0.34,38
Indianapolis,IN,Multifamily,"20 units, 1,500 sq. ft. each",20,1500,"City neighborhood (4,000/sq. mi.)",1.87,1.72,2.03,1.72–2.03,0.55,0.46,0.65,0.46–0.65,39
Sioux Falls,SD,Multifamily,"20 units, 1,500 sq. ft. each",20,1500,"City neighborhood (4,000/sq. mi.)",1.83,1.6,2.06,1.6–2.06,0.26,0.2,0.33,0.2–0.33,40
Reno,NV,Multifamily,"20 units, 1,500 sq. ft. each",20,1500,"City neighborhood (4,000/sq. mi.)",1.69,1.6,1.79,1.6–1.79,0.16,0.13,0.2,0.13–0.2,41
Grand Rapids,MI,Multifamily,"20 units, 1,500 sq. ft. each",20,1500,"City neighborhood (4,000/sq. mi.)",1.66,1.53,1.78,1.53–1.78,0.31,0.24,0.37,0.24–0.37,42
Raleigh,NC,Multifamily,"20 units, 1,500 sq. ft. each",20,1500,"City neighborhood (4,000/sq. mi.)",1.6,1.48,1.72,1.48–1.72,0.3,0.23,0.36,0.23–0.36,43
Miami,FL,Multifamily,"20 units, 1,500 sq. ft. each",20,1500,"Dense city neighborhood (10,000/sq. mi.)",5.43,4.84,6.01,4.84–6.01,2.04,1.66,2.41,1.66–2.41,1
New York,NY,Multifamily,"20 units, 1,500 sq. ft. each",20,1500,"Dense city neighborhood (10,000/sq. mi.)",4.87,4.71,5.02,4.71–5.02,1.35,1.26,1.43,1.26–1.43,2
San Francisco,CA,Multifamily,"20 units, 1,500 sq. ft. each",20,1500,"Dense city neighborhood (10,000/sq. mi.)",4.74,4.43,5.06,4.43–5.06,1.53,1.34,1.72,1.34–1.72,3
Los Angeles,CA,Multifamily,"20 units, 1,500 sq. ft. each",20,1500,"Dense city neighborhood (10,000/sq. mi.)",4.42,4.3,4.54,4.3–4.54,1.44,1.38,1.5,1.38–1.5,4
Boston,MA,Multifamily,"20 units, 1,500 sq. ft. each",20,1500,"Dense city neighborhood (10,000/sq. mi.)",3.96,3.71,4.21,3.71–4.21,1.78,1.6,1.97,1.6–1.97,5
Oakland,CA,Multifamily,"20 units, 1,500 sq. ft. each",20,1500,"Dense city neighborhood (10,000/sq. mi.)",3.82,3.45,4.19,3.45–4.19,0.73,0.61,0.84,0.61–0.84,6
Seattle,WA,Multifamily,"20 units, 1,500 sq. ft. each",20,1500,"Dense city neighborhood (10,000/sq. mi.)",3.29,3.14,3.43,3.14–3.43,1.04,0.98,1.1,0.98–1.1,7
Honolulu,HI,Multifamily,"20 units, 1,500 sq. ft. each",20,1500,"Dense city neighborhood (10,000/sq. mi.)",3,2.65,3.36,2.65–3.36,1.41,1.22,1.61,1.22–1.61,8
Philadelphia,PA,Multifamily,"20 units, 1,500 sq. ft. each",20,1500,"Dense city neighborhood (10,000/sq. mi.)",3,2.79,3.21,2.79–3.21,0.31,0.27,0.34,0.27–0.34,9
Spokane,WA,Multifamily,"20 units, 1,500 sq. ft. each",20,1500,"Dense city neighborhood (10,000/sq. mi.)",2.94,2.25,3.64,2.25–3.64,0.19,0.13,0.26,0.13–0.26,10
Durham,NC,Multifamily,"20 units, 1,500 sq. ft. each",20,1500,"Dense city neighborhood (10,000/sq. mi.)",2.88,2.42,3.35,2.42–3.35,0.27,0.21,0.34,0.21–0.34,11
Houston,TX,Multifamily,"20 units, 1,500 sq. ft. each",20,1500,"Dense city neighborhood (10,000/sq. mi.)",2.86,2.79,2.93,2.79–2.93,0.76,0.71,0.81,0.71–0.81,12
Jersey City,NJ,Multifamily,"20 units, 1,500 sq. ft. each",20,1500,"Dense city neighborhood (10,000/sq. mi.)",2.86,2.46,3.25,2.46–3.25,0.34,0.19,0.49,0.19–0.49,13
Austin,TX,Multifamily,"20 units, 1,500 sq. ft. each",20,1500,"Dense city neighborhood (10,000/sq. mi.)",2.77,2.66,2.89,2.66–2.89,0.77,0.71,0.84,0.71–0.84,14
Washington,DC,Multifamily,"20 units, 1,500 sq. ft. each",20,1500,"Dense city neighborhood (10,000/sq. mi.)",2.72,2.5,2.95,2.5–2.95,0.76,0.65,0.87,0.65–0.87,15
Boulder,CO,Multifamily,"20 units, 1,500 sq. ft. each",20,1500,"Dense city neighborhood (10,000/sq. mi.)",2.72,2.39,3.05,2.39–3.05,0.72,0.54,0.9,0.54–0.9,16
Sacramento,CA,Multifamily,"20 units, 1,500 sq. ft. each",20,1500,"Dense city neighborhood (10,000/sq. mi.)",2.7,2.47,2.94,2.47–2.94,0.9,0.76,1.04,0.76–1.04,17
San Diego,CA,Multifamily,"20 units, 1,500 sq. ft. each",20,1500,"Dense city neighborhood (10,000/sq. mi.)",2.69,2.5,2.87,2.5–2.87,0.83,0.76,0.91,0.76–0.91,18
Nashville,TN,Multifamily,"20 units, 1,500 sq. ft. each",20,1500,"Dense city neighborhood (10,000/sq. mi.)",2.63,2.25,3.01,2.25–3.01,0.55,0.35,0.75,0.35–0.75,19
Portland,OR,Multifamily,"20 units, 1,500 sq. ft. each",20,1500,"Dense city neighborhood (10,000/sq. mi.)",2.63,2.44,2.82,2.44–2.82,0.91,0.81,1.01,0.81–1.01,20
Colorado Springs,CO,Multifamily,"20 units, 1,500 sq. ft. each",20,1500,"Dense city neighborhood (10,000/sq. mi.)",2.61,2.41,2.8,2.41–2.8,0.67,0.58,0.76,0.58–0.76,21
Cincinnati,OH,Multifamily,"20 units, 1,500 sq. ft. each",20,1500,"Dense city neighborhood (10,000/sq. mi.)",2.5,2.14,2.87,2.14–2.87,0.55,0.37,0.72,0.37–0.72,22
Denver,CO,Multifamily,"20 units, 1,500 sq. ft. each",20,1500,"Dense city neighborhood (10,000/sq. mi.)",2.42,2.31,2.53,2.31–2.53,0.58,0.53,0.64,0.53–0.64,23
Phoenix,AZ,Multifamily,"20 units, 1,500 sq. ft. each",20,1500,"Dense city neighborhood (10,000/sq. mi.)",2.36,2.17,2.54,2.17–2.54,0.62,0.52,0.71,0.52–0.71,24
Cleveland,OH,Multifamily,"20 units, 1,500 sq. ft. each",20,1500,"Dense city neighborhood (10,000/sq. mi.)",2.26,1.87,2.65,1.87–2.65,0.65,0.48,0.83,0.48–0.83,25
Louisville,KY,Multifamily,"20 units, 1,500 sq. ft. each",20,1500,"Dense city neighborhood (10,000/sq. mi.)",2.23,1.93,2.53,1.93–2.53,0.53,0.42,0.65,0.42–0.65,26
Jacksonville,FL,Multifamily,"20 units, 1,500 sq. ft. each",20,1500,"Dense city neighborhood (10,000/sq. mi.)",2.12,1.95,2.29,1.95–2.29,0.43,0.36,0.49,0.36–0.49,27
Kansas City,MO,Multifamily,"20 units, 1,500 sq. ft. each",20,1500,"Dense city neighborhood (10,000/sq. mi.)",2.08,1.83,2.32,1.83–2.32,0.18,0.11,0.25,0.11–0.25,28
Orlando,FL,Multifamily,"20 units, 1,500 sq. ft. each",20,1500,"Dense city neighborhood (10,000/sq. mi.)",2.06,1.87,2.24,1.87–2.24,0.56,0.47,0.65,0.47–0.65,29
St. Paul,MN,Multifamily,"20 units, 1,500 sq. ft. each",20,1500,"Dense city neighborhood (10,000/sq. mi.)",2.05,1.24,2.86,1.24–2.86,0.24,0.11,0.36,0.11–0.36,30
Atlanta,GA,Multifamily,"20 units, 1,500 sq. ft. each",20,1500,"Dense city neighborhood (10,000/sq. mi.)",2.04,1.85,2.24,1.85–2.24,0.67,0.54,0.81,0.54–0.81,31
Anaheim,CA,Multifamily,"20 units, 1,500 sq. ft. each",20,1500,"Dense city neighborhood (10,000/sq. mi.)",2.01,1.73,2.29,1.73–2.29,0.74,0.53,0.96,0.53–0.96,32
Boise,ID,Multifamily,"20 units, 1,500 sq. ft. each",20,1500,"Dense city neighborhood (10,000/sq. mi.)",1.96,1.66,2.26,1.66–2.26,0.55,0.39,0.71,0.39–0.71,33
Fort Worth,TX,Multifamily,"20 units, 1,500 sq. ft. each",20,1500,"Dense city neighborhood (10,000/sq. mi.)",1.95,1.85,2.05,1.85–2.05,0.34,0.29,0.39,0.29–0.39,34
Tampa,FL,Multifamily,"20 units, 1,500 sq. ft. each",20,1500,"Dense city neighborhood (10,000/sq. mi.)",1.9,1.43,2.37,1.43–2.37,0.5,0.32,0.68,0.32–0.68,35
Columbus,OH,Multifamily,"20 units, 1,500 sq. ft. each",20,1500,"Dense city neighborhood (10,000/sq. mi.)",1.83,1.73,1.94,1.73–1.94,0.29,0.26,0.31,0.26–0.31,36
Indianapolis,IN,Multifamily,"20 units, 1,500 sq. ft. each",20,1500,"Dense city neighborhood (10,000/sq. mi.)",1.81,1.56,2.06,1.56–2.06,0.47,0.35,0.6,0.35–0.6,37
Sioux Falls,SD,Multifamily,"20 units, 1,500 sq. ft. each",20,1500,"Dense city neighborhood (10,000/sq. mi.)",1.8,1.55,2.04,1.55–2.04,0.24,0.17,0.31,0.17–0.31,38
Reno,NV,Multifamily,"20 units, 1,500 sq. ft. each",20,1500,"Dense city neighborhood (10,000/sq. mi.)",1.64,1.53,1.75,1.53–1.75,0.13,0.1,0.17,0.1–0.17,39
Raleigh,NC,Multifamily,"20 units, 1,500 sq. ft. each",20,1500,"Dense city neighborhood (10,000/sq. mi.)",1.62,1.47,1.77,1.47–1.77,0.31,0.23,0.38,0.23–0.38,40
Grand Rapids,MI,Multifamily,"20 units, 1,500 sq. ft. each",20,1500,"Dense city neighborhood (10,000/sq. mi.)",1.54,1.32,1.76,1.32–1.76,0.31,0.18,0.43,0.18–0.43,41
Miami,FL,Multifamily,"20 units, 1,500 sq. ft. each",20,1500,"Urban core (25,000/sq. mi.)",5.87,5.02,6.72,5.02–6.72,2.13,1.61,2.66,1.61–2.66,1
New York,NY,Multifamily,"20 units, 1,500 sq. ft. each",20,1500,"Urban core (25,000/sq. mi.)",4.82,4.7,4.95,4.7–4.95,1.29,1.23,1.35,1.23–1.35,2
San Francisco,CA,Multifamily,"20 units, 1,500 sq. ft. each",20,1500,"Urban core (25,000/sq. mi.)",4.58,4.27,4.89,4.27–4.89,1.58,1.4,1.76,1.4–1.76,3
Los Angeles,CA,Multifamily,"20 units, 1,500 sq. ft. each",20,1500,"Urban core (25,000/sq. mi.)",4.5,4.36,4.63,4.36–4.63,1.37,1.31,1.44,1.31–1.44,4
Boston,MA,Multifamily,"20 units, 1,500 sq. ft. each",20,1500,"Urban core (25,000/sq. mi.)",4.21,3.95,4.46,3.95–4.46,1.95,1.76,2.14,1.76–2.14,5
Oakland,CA,Multifamily,"20 units, 1,500 sq. ft. each",20,1500,"Urban core (25,000/sq. mi.)",3.35,2.82,3.87,2.82–3.87,0.6,0.43,0.78,0.43–0.78,6
Seattle,WA,Multifamily,"20 units, 1,500 sq. ft. each",20,1500,"Urban core (25,000/sq. mi.)",3.23,3.08,3.39,3.08–3.39,1.04,0.98,1.11,0.98–1.11,7
Spokane,WA,Multifamily,"20 units, 1,500 sq. ft. each",20,1500,"Urban core (25,000/sq. mi.)",3.1,2.27,3.93,2.27–3.93,0.15,0.09,0.2,0.09–0.2,8
Philadelphia,PA,Multifamily,"20 units, 1,500 sq. ft. each",20,1500,"Urban core (25,000/sq. mi.)",3,2.79,3.22,2.79–3.22,0.3,0.26,0.33,0.26–0.33,9
Houston,TX,Multifamily,"20 units, 1,500 sq. ft. each",20,1500,"Urban core (25,000/sq. mi.)",2.98,2.87,3.09,2.87–3.09,0.87,0.79,0.95,0.79–0.95,10
Jersey City,NJ,Multifamily,"20 units, 1,500 sq. ft. each",20,1500,"Urban core (25,000/sq. mi.)",2.97,2.73,3.2,2.73–3.2,0.37,0.27,0.46,0.27–0.46,11
Durham,NC,Multifamily,"20 units, 1,500 sq. ft. each",20,1500,"Urban core (25,000/sq. mi.)",2.9,2.25,3.55,2.25–3.55,0.22,0.14,0.3,0.14–0.3,12
Honolulu,HI,Multifamily,"20 units, 1,500 sq. ft. each",20,1500,"Urban core (25,000/sq. mi.)",2.88,2.47,3.29,2.47–3.29,1.5,1.25,1.76,1.25–1.76,13
Austin,TX,Multifamily,"20 units, 1,500 sq. ft. each",20,1500,"Urban core (25,000/sq. mi.)",2.85,2.69,3.01,2.69–3.01,0.77,0.69,0.85,0.69–0.85,14
Boulder,CO,Multifamily,"20 units, 1,500 sq. ft. each",20,1500,"Urban core (25,000/sq. mi.)",2.8,2.34,3.25,2.34–3.25,0.7,0.5,0.91,0.5–0.91,15
San Diego,CA,Multifamily,"20 units, 1,500 sq. ft. each",20,1500,"Urban core (25,000/sq. mi.)",2.77,2.54,2.99,2.54–2.99,0.91,0.81,1.02,0.81–1.02,16
Washington,DC,Multifamily,"20 units, 1,500 sq. ft. each",20,1500,"Urban core (25,000/sq. mi.)",2.75,2.54,2.96,2.54–2.96,0.76,0.67,0.85,0.67–0.85,17
Cincinnati,OH,Multifamily,"20 units, 1,500 sq. ft. each",20,1500,"Urban core (25,000/sq. mi.)",2.73,2.18,3.28,2.18–3.28,0.68,0.4,0.95,0.4–0.95,18
Sacramento,CA,Multifamily,"20 units, 1,500 sq. ft. each",20,1500,"Urban core (25,000/sq. mi.)",2.66,2.42,2.91,2.42–2.91,0.87,0.72,1.02,0.72–1.02,19
Colorado Springs,CO,Multifamily,"20 units, 1,500 sq. ft. each",20,1500,"Urban core (25,000/sq. mi.)",2.63,2.39,2.86,2.39–2.86,0.68,0.57,0.79,0.57–0.79,20
Nashville,TN,Multifamily,"20 units, 1,500 sq. ft. each",20,1500,"Urban core (25,000/sq. mi.)",2.6,2.11,3.09,2.11–3.09,0.49,0.26,0.72,0.26–0.72,21
Portland,OR,Multifamily,"20 units, 1,500 sq. ft. each",20,1500,"Urban core (25,000/sq. mi.)",2.56,2.34,2.77,2.34–2.77,0.9,0.79,1,0.79–1,22
Louisville,KY,Multifamily,"20 units, 1,500 sq. ft. each",20,1500,"Urban core (25,000/sq. mi.)",2.47,2.01,2.93,2.01–2.93,0.57,0.4,0.73,0.4–0.73,23
Denver,CO,Multifamily,"20 units, 1,500 sq. ft. each",20,1500,"Urban core (25,000/sq. mi.)",2.42,2.3,2.54,2.3–2.54,0.6,0.53,0.67,0.53–0.67,24
Jacksonville,FL,Multifamily,"20 units, 1,500 sq. ft. each",20,1500,"Urban core (25,000/sq. mi.)",2.32,2.09,2.55,2.09–2.55,0.48,0.39,0.57,0.39–0.57,25
Phoenix,AZ,Multifamily,"20 units, 1,500 sq. ft. each",20,1500,"Urban core (25,000/sq. mi.)",2.28,2.05,2.51,2.05–2.51,0.57,0.47,0.68,0.47–0.68,26
Cleveland,OH,Multifamily,"20 units, 1,500 sq. ft. each",20,1500,"Urban core (25,000/sq. mi.)",2.26,1.7,2.83,1.7–2.83,0.7,0.43,0.96,0.43–0.96,27
St. Paul,MN,Multifamily,"20 units, 1,500 sq. ft. each",20,1500,"Urban core (25,000/sq. mi.)",2.12,1.08,3.15,1.08–3.15,0.18,0.04,0.32,0.04–0.32,28
Kansas City,MO,Multifamily,"20 units, 1,500 sq. ft. each",20,1500,"Urban core (25,000/sq. mi.)",2.07,1.73,2.41,1.73–2.41,0.15,0.08,0.23,0.08–0.23,29
Atlanta,GA,Multifamily,"20 units, 1,500 sq. ft. each",20,1500,"Urban core (25,000/sq. mi.)",1.98,1.75,2.21,1.75–2.21,0.67,0.5,0.85,0.5–0.85,30
Fort Worth,TX,Multifamily,"20 units, 1,500 sq. ft. each",20,1500,"Urban core (25,000/sq. mi.)",1.96,1.82,2.1,1.82–2.1,0.34,0.27,0.41,0.27–0.41,31
Anaheim,CA,Multifamily,"20 units, 1,500 sq. ft. each",20,1500,"Urban core (25,000/sq. mi.)",1.93,1.52,2.34,1.52–2.34,0.58,0.34,0.82,0.34–0.82,32
Boise,ID,Multifamily,"20 units, 1,500 sq. ft. each",20,1500,"Urban core (25,000/sq. mi.)",1.87,1.55,2.19,1.55–2.19,0.57,0.37,0.76,0.37–0.76,33
Orlando,FL,Multifamily,"20 units, 1,500 sq. ft. each",20,1500,"Urban core (25,000/sq. mi.)",1.82,1.63,2.02,1.63–2.02,0.44,0.36,0.53,0.36–0.53,34
Sioux Falls,SD,Multifamily,"20 units, 1,500 sq. ft. each",20,1500,"Urban core (25,000/sq. mi.)",1.76,1.47,2.05,1.47–2.05,0.22,0.14,0.29,0.14–0.29,35
Indianapolis,IN,Multifamily,"20 units, 1,500 sq. ft. each",20,1500,"Urban core (25,000/sq. mi.)",1.76,1.4,2.11,1.4–2.11,0.41,0.26,0.56,0.26–0.56,36
Columbus,OH,Multifamily,"20 units, 1,500 sq. ft. each",20,1500,"Urban core (25,000/sq. mi.)",1.75,1.61,1.9,1.61–1.9,0.26,0.23,0.29,0.23–0.29,37
Raleigh,NC,Multifamily,"20 units, 1,500 sq. ft. each",20,1500,"Urban core (25,000/sq. mi.)",1.64,1.44,1.84,1.44–1.84,0.32,0.23,0.41,0.23–0.41,38
Reno,NV,Multifamily,"20 units, 1,500 sq. ft. each",20,1500,"Urban core (25,000/sq. mi.)",1.58,1.45,1.72,1.45–1.72,0.11,0.08,0.14,0.08–0.14,39
Grand Rapids,MI,Multifamily,"20 units, 1,500 sq. ft. each",20,1500,"Urban core (25,000/sq. mi.)",1.43,1.12,1.75,1.12–1.75,0.31,0.12,0.49,0.12–0.49,40
Oakland,CA,Multifamily,"50 units, 700 sq. ft. each",50,700,"Low-density suburb (1,000/sq. mi.)",5.74,4.79,6.7,4.79–6.7,1.64,0.9,2.39,0.9–2.39,1
San Francisco,CA,Multifamily,"50 units, 700 sq. ft. each",50,700,"Low-density suburb (1,000/sq. mi.)",5.23,4.59,5.87,4.59–5.87,1.18,0.89,1.48,0.89–1.48,2
New York,NY,Multifamily,"50 units, 700 sq. ft. each",50,700,"Low-density suburb (1,000/sq. mi.)",5.08,4.78,5.38,4.78–5.38,1.5,1.31,1.69,1.31–1.69,3
Baton Rouge,LA,Multifamily,"50 units, 700 sq. ft. each",50,700,"Low-density suburb (1,000/sq. mi.)",4.22,2.69,5.74,2.69–5.74,0.78,0.44,1.12,0.44–1.12,4
Los Angeles,CA,Multifamily,"50 units, 700 sq. ft. each",50,700,"Low-density suburb (1,000/sq. mi.)",4.09,3.83,4.36,3.83–4.36,1.72,1.55,1.89,1.55–1.89,5
Miami,FL,Multifamily,"50 units, 700 sq. ft. each",50,700,"Low-density suburb (1,000/sq. mi.)",4.08,2.91,5.26,2.91–5.26,1.65,0.83,2.47,0.83–2.47,6
Honolulu,HI,Multifamily,"50 units, 700 sq. ft. each",50,700,"Low-density suburb (1,000/sq. mi.)",3.99,3.56,4.42,3.56–4.42,1.42,1.26,1.59,1.26–1.59,7
Boston,MA,Multifamily,"50 units, 700 sq. ft. each",50,700,"Low-density suburb (1,000/sq. mi.)",3.77,3.19,4.34,3.19–4.34,1.57,1.18,1.95,1.18–1.95,8
Tulsa,OK,Multifamily,"50 units, 700 sq. ft. each",50,700,"Low-density suburb (1,000/sq. mi.)",3.76,2.99,4.53,2.99–4.53,0.63,0.47,0.79,0.47–0.79,9
Seattle,WA,Multifamily,"50 units, 700 sq. ft. each",50,700,"Low-density suburb (1,000/sq. mi.)",3.64,3.19,4.08,3.19–4.08,1.07,0.89,1.25,0.89–1.25,10
Philadelphia,PA,Multifamily,"50 units, 700 sq. ft. each",50,700,"Low-density suburb (1,000/sq. mi.)",3.3,2.73,3.86,2.73–3.86,0.33,0.23,0.44,0.23–0.44,11
Sacramento,CA,Multifamily,"50 units, 700 sq. ft. each",50,700,"Low-density suburb (1,000/sq. mi.)",3.25,2.84,3.67,2.84–3.67,1.01,0.79,1.22,0.79–1.22,12
Orlando,FL,Multifamily,"50 units, 700 sq. ft. each",50,700,"Low-density suburb (1,000/sq. mi.)",2.88,2.63,3.12,2.63–3.12,0.85,0.71,0.99,0.71–0.99,13
Durham,NC,Multifamily,"50 units, 700 sq. ft. each",50,700,"Low-density suburb (1,000/sq. mi.)",2.83,2.52,3.13,2.52–3.13,0.57,0.42,0.71,0.42–0.71,14
Washington,DC,Multifamily,"50 units, 700 sq. ft. each",50,700,"Low-density suburb (1,000/sq. mi.)",2.78,2.21,3.35,2.21–3.35,0.79,0.53,1.05,0.53–1.05,15
San Diego,CA,Multifamily,"50 units, 700 sq. ft. each",50,700,"Low-density suburb (1,000/sq. mi.)",2.7,2.47,2.93,2.47–2.93,0.69,0.59,0.79,0.59–0.79,16
Denver,CO,Multifamily,"50 units, 700 sq. ft. each",50,700,"Low-density suburb (1,000/sq. mi.)",2.7,2.55,2.84,2.55–2.84,0.6,0.51,0.69,0.51–0.69,17
Austin,TX,Multifamily,"50 units, 700 sq. ft. each",50,700,"Low-density suburb (1,000/sq. mi.)",2.63,2.53,2.73,2.53–2.73,0.85,0.79,0.91,0.79–0.91,18
Portland,OR,Multifamily,"50 units, 700 sq. ft. each",50,700,"Low-density suburb (1,000/sq. mi.)",2.57,2.44,2.7,2.44–2.7,0.92,0.85,0.98,0.85–0.98,19
Charleston,SC,Multifamily,"50 units, 700 sq. ft. each",50,700,"Low-density suburb (1,000/sq. mi.)",2.53,2.31,2.75,2.31–2.75,0.27,0.18,0.35,0.18–0.35,20
Houston,TX,Multifamily,"50 units, 700 sq. ft. each",50,700,"Low-density suburb (1,000/sq. mi.)",2.47,2.37,2.57,2.37–2.57,0.49,0.44,0.54,0.44–0.54,21
Tampa,FL,Multifamily,"50 units, 700 sq. ft. each",50,700,"Low-density suburb (1,000/sq. mi.)",2.47,1.57,3.37,1.57–3.37,0.49,0.25,0.73,0.25–0.73,22
Nashville,TN,Multifamily,"50 units, 700 sq. ft. each",50,700,"Low-density suburb (1,000/sq. mi.)",2.44,2.24,2.65,2.24–2.65,0.76,0.64,0.88,0.64–0.88,23
Spokane,WA,Multifamily,"50 units, 700 sq. ft. each",50,700,"Low-density suburb (1,000/sq. mi.)",2.44,1.25,3.63,1.25–3.63,0.34,0.22,0.46,0.22–0.46,24
Phoenix,AZ,Multifamily,"50 units, 700 sq. ft. each",50,700,"Low-density suburb (1,000/sq. mi.)",2.37,2.23,2.52,2.23–2.52,0.62,0.55,0.69,0.55–0.69,25
Anaheim,CA,Multifamily,"50 units, 700 sq. ft. each",50,700,"Low-density suburb (1,000/sq. mi.)",2.34,1.83,2.85,1.83–2.85,1.15,0.65,1.65,0.65–1.65,26
Boulder,CO,Multifamily,"50 units, 700 sq. ft. each",50,700,"Low-density suburb (1,000/sq. mi.)",2.3,2.05,2.54,2.05–2.54,0.67,0.41,0.94,0.41–0.94,27
Sioux Falls,SD,Multifamily,"50 units, 700 sq. ft. each",50,700,"Low-density suburb (1,000/sq. mi.)",2.14,1.84,2.45,1.84–2.45,0.27,0.21,0.32,0.21–0.32,28
Boise,ID,Multifamily,"50 units, 700 sq. ft. each",50,700,"Low-density suburb (1,000/sq. mi.)",2.11,1.87,2.34,1.87–2.34,0.45,0.37,0.54,0.37–0.54,29
Grand Rapids,MI,Multifamily,"50 units, 700 sq. ft. each",50,700,"Low-density suburb (1,000/sq. mi.)",2.11,1.82,2.4,1.82–2.4,0.3,0.19,0.41,0.19–0.41,30
Atlanta,GA,Multifamily,"50 units, 700 sq. ft. each",50,700,"Low-density suburb (1,000/sq. mi.)",2.07,1.79,2.35,1.79–2.35,0.34,0.24,0.44,0.24–0.44,31
Cleveland,OH,Multifamily,"50 units, 700 sq. ft. each",50,700,"Low-density suburb (1,000/sq. mi.)",2.05,1.57,2.52,1.57–2.52,0.47,0.26,0.67,0.26–0.67,32
Kansas City,MO,Multifamily,"50 units, 700 sq. ft. each",50,700,"Low-density suburb (1,000/sq. mi.)",2.05,1.91,2.18,1.91–2.18,0.24,0.18,0.29,0.18–0.29,33
Columbus,OH,Multifamily,"50 units, 700 sq. ft. each",50,700,"Low-density suburb (1,000/sq. mi.)",2.03,1.92,2.14,1.92–2.14,0.43,0.39,0.47,0.39–0.47,34
Indianapolis,IN,Multifamily,"50 units, 700 sq. ft. each",50,700,"Low-density suburb (1,000/sq. mi.)",1.97,1.78,2.16,1.78–2.16,0.64,0.52,0.76,0.52–0.76,35
Fort Worth,TX,Multifamily,"50 units, 700 sq. ft. each",50,700,"Low-density suburb (1,000/sq. mi.)",1.96,1.88,2.03,1.88–2.03,0.3,0.26,0.33,0.26–0.33,36
Cincinnati,OH,Multifamily,"50 units, 700 sq. ft. each",50,700,"Low-density suburb (1,000/sq. mi.)",1.93,1.45,2.42,1.45–2.42,0.4,0.19,0.61,0.19–0.61,37
Colorado Springs,CO,Multifamily,"50 units, 700 sq. ft. each",50,700,"Low-density suburb (1,000/sq. mi.)",1.88,1.62,2.15,1.62–2.15,0.36,0.26,0.46,0.26–0.46,38
Louisville,KY,Multifamily,"50 units, 700 sq. ft. each",50,700,"Low-density suburb (1,000/sq. mi.)",1.86,1.71,2,1.71–2,0.51,0.45,0.57,0.45–0.57,39
Reno,NV,Multifamily,"50 units, 700 sq. ft. each",50,700,"Low-density suburb (1,000/sq. mi.)",1.85,1.72,1.99,1.72–1.99,0.29,0.21,0.37,0.21–0.37,40
Jacksonville,FL,Multifamily,"50 units, 700 sq. ft. each",50,700,"Low-density suburb (1,000/sq. mi.)",1.71,1.61,1.81,1.61–1.81,0.35,0.31,0.38,0.31–0.38,41
Raleigh,NC,Multifamily,"50 units, 700 sq. ft. each",50,700,"Low-density suburb (1,000/sq. mi.)",1.63,1.47,1.78,1.47–1.78,0.25,0.19,0.31,0.19–0.31,42
New York,NY,Multifamily,"50 units, 700 sq. ft. each",50,700,"City neighborhood (4,000/sq. mi.)",5.01,4.8,5.22,4.8–5.22,1.4,1.28,1.53,1.28–1.53,1
San Francisco,CA,Multifamily,"50 units, 700 sq. ft. each",50,700,"City neighborhood (4,000/sq. mi.)",4.95,4.49,5.41,4.49–5.41,1.24,1.02,1.46,1.02–1.46,2
Oakland,CA,Multifamily,"50 units, 700 sq. ft. each",50,700,"City neighborhood (4,000/sq. mi.)",4.71,4.19,5.22,4.19–5.22,1.24,0.89,1.59,0.89–1.59,3
Miami,FL,Multifamily,"50 units, 700 sq. ft. each",50,700,"City neighborhood (4,000/sq. mi.)",4.6,3.84,5.35,3.84–5.35,1.77,1.22,2.32,1.22–2.32,4
Baton Rouge,LA,Multifamily,"50 units, 700 sq. ft. each",50,700,"City neighborhood (4,000/sq. mi.)",4.58,3.18,5.98,3.18–5.98,1.09,0.65,1.54,0.65–1.54,5
Los Angeles,CA,Multifamily,"50 units, 700 sq. ft. each",50,700,"City neighborhood (4,000/sq. mi.)",4.2,4.01,4.38,4.01–4.38,1.6,1.49,1.71,1.49–1.71,6
Boston,MA,Multifamily,"50 units, 700 sq. ft. each",50,700,"City neighborhood (4,000/sq. mi.)",4.13,3.66,4.6,3.66–4.6,1.79,1.46,2.12,1.46–2.12,7
Honolulu,HI,Multifamily,"50 units, 700 sq. ft. each",50,700,"City neighborhood (4,000/sq. mi.)",3.73,3.31,4.15,3.31–4.15,1.56,1.35,1.77,1.35–1.77,8
Seattle,WA,Multifamily,"50 units, 700 sq. ft. each",50,700,"City neighborhood (4,000/sq. mi.)",3.55,3.3,3.8,3.3–3.8,1.08,0.97,1.18,0.97–1.18,9
Philadelphia,PA,Multifamily,"50 units, 700 sq. ft. each",50,700,"City neighborhood (4,000/sq. mi.)",3.31,2.96,3.66,2.96–3.66,0.32,0.26,0.39,0.26–0.39,10
Sacramento,CA,Multifamily,"50 units, 700 sq. ft. each",50,700,"City neighborhood (4,000/sq. mi.)",3.18,2.82,3.54,2.82–3.54,0.96,0.78,1.14,0.78–1.14,11
Charleston,SC,Multifamily,"50 units, 700 sq. ft. each",50,700,"City neighborhood (4,000/sq. mi.)",2.98,2.59,3.37,2.59–3.37,0.51,0.29,0.72,0.29–0.72,12
Jersey City,NJ,Multifamily,"50 units, 700 sq. ft. each",50,700,"City neighborhood (4,000/sq. mi.)",2.87,2.24,3.51,2.24–3.51,0.32,0.11,0.52,0.11–0.52,13
Durham,NC,Multifamily,"50 units, 700 sq. ft. each",50,700,"City neighborhood (4,000/sq. mi.)",2.85,2.5,3.2,2.5–3.2,0.41,0.33,0.5,0.33–0.5,14
San Diego,CA,Multifamily,"50 units, 700 sq. ft. each",50,700,"City neighborhood (4,000/sq. mi.)",2.82,2.64,3,2.64–3,0.79,0.71,0.87,0.71–0.87,15
Washington,DC,Multifamily,"50 units, 700 sq. ft. each",50,700,"City neighborhood (4,000/sq. mi.)",2.82,2.49,3.15,2.49–3.15,0.79,0.64,0.95,0.64–0.95,16
Austin,TX,Multifamily,"50 units, 700 sq. ft. each",50,700,"City neighborhood (4,000/sq. mi.)",2.74,2.66,2.82,2.66–2.82,0.85,0.8,0.9,0.8–0.9,17
Tulsa,OK,Multifamily,"50 units, 700 sq. ft. each",50,700,"City neighborhood (4,000/sq. mi.)",2.7,2.17,3.23,2.17–3.23,0.74,0.43,1.05,0.43–1.05,18
Denver,CO,Multifamily,"50 units, 700 sq. ft. each",50,700,"City neighborhood (4,000/sq. mi.)",2.69,2.56,2.81,2.56–2.81,0.63,0.56,0.69,0.56–0.69,19
Spokane,WA,Multifamily,"50 units, 700 sq. ft. each",50,700,"City neighborhood (4,000/sq. mi.)",2.64,1.89,3.38,1.89–3.38,0.22,0.16,0.28,0.16–0.28,20
Houston,TX,Multifamily,"50 units, 700 sq. ft. each",50,700,"City neighborhood (4,000/sq. mi.)",2.63,2.56,2.7,2.56–2.7,0.6,0.56,0.64,0.56–0.64,21
Portland,OR,Multifamily,"50 units, 700 sq. ft. each",50,700,"City neighborhood (4,000/sq. mi.)",2.46,2.37,2.56,2.37–2.56,0.9,0.84,0.95,0.84–0.95,22
Nashville,TN,Multifamily,"50 units, 700 sq. ft. each",50,700,"City neighborhood (4,000/sq. mi.)",2.4,2.15,2.65,2.15–2.65,0.63,0.46,0.81,0.46–0.81,23
Boulder,CO,Multifamily,"50 units, 700 sq. ft. each",50,700,"City neighborhood (4,000/sq. mi.)",2.4,2.05,2.74,2.05–2.74,0.65,0.38,0.92,0.38–0.92,24
Orlando,FL,Multifamily,"50 units, 700 sq. ft. each",50,700,"City neighborhood (4,000/sq. mi.)",2.4,2.18,2.61,2.18–2.61,0.6,0.5,0.71,0.5–0.71,25
Tampa,FL,Multifamily,"50 units, 700 sq. ft. each",50,700,"City neighborhood (4,000/sq. mi.)",2.25,1.85,2.66,1.85–2.66,0.52,0.4,0.63,0.4–0.63,26
Phoenix,AZ,Multifamily,"50 units, 700 sq. ft. each",50,700,"City neighborhood (4,000/sq. mi.)",2.25,2.1,2.41,2.1–2.41,0.56,0.48,0.63,0.48–0.63,27
Anaheim,CA,Multifamily,"50 units, 700 sq. ft. each",50,700,"City neighborhood (4,000/sq. mi.)",2.21,1.82,2.59,1.82–2.59,0.79,0.49,1.1,0.49–1.1,28
Cincinnati,OH,Multifamily,"50 units, 700 sq. ft. each",50,700,"City neighborhood (4,000/sq. mi.)",2.2,1.62,2.78,1.62–2.78,0.56,0.3,0.82,0.3–0.82,29
Louisville,KY,Multifamily,"50 units, 700 sq. ft. each",50,700,"City neighborhood (4,000/sq. mi.)",2.17,1.95,2.39,1.95–2.39,0.56,0.46,0.65,0.46–0.65,30
Sioux Falls,SD,Multifamily,"50 units, 700 sq. ft. each",50,700,"City neighborhood (4,000/sq. mi.)",2.08,1.82,2.34,1.82–2.34,0.23,0.18,0.28,0.18–0.28,31
Cleveland,OH,Multifamily,"50 units, 700 sq. ft. each",50,700,"City neighborhood (4,000/sq. mi.)",2.06,1.76,2.36,1.76–2.36,0.51,0.38,0.64,0.38–0.64,32
Kansas City,MO,Multifamily,"50 units, 700 sq. ft. each",50,700,"City neighborhood (4,000/sq. mi.)",2.03,1.83,2.24,1.83–2.24,0.19,0.13,0.25,0.13–0.25,33
Atlanta,GA,Multifamily,"50 units, 700 sq. ft. each",50,700,"City neighborhood (4,000/sq. mi.)",1.97,1.8,2.15,1.8–2.15,0.35,0.28,0.41,0.28–0.41,34
Fort Worth,TX,Multifamily,"50 units, 700 sq. ft. each",50,700,"City neighborhood (4,000/sq. mi.)",1.97,1.9,2.04,1.9–2.04,0.3,0.26,0.34,0.26–0.34,35
Jacksonville,FL,Multifamily,"50 units, 700 sq. ft. each",50,700,"City neighborhood (4,000/sq. mi.)",1.96,1.84,2.08,1.84–2.08,0.41,0.36,0.46,0.36–0.46,36
Boise,ID,Multifamily,"50 units, 700 sq. ft. each",50,700,"City neighborhood (4,000/sq. mi.)",1.96,1.71,2.21,1.71–2.21,0.47,0.37,0.57,0.37–0.57,37
Colorado Springs,CO,Multifamily,"50 units, 700 sq. ft. each",50,700,"City neighborhood (4,000/sq. mi.)",1.91,1.64,2.17,1.64–2.17,0.37,0.27,0.46,0.27–0.46,38
Columbus,OH,Multifamily,"50 units, 700 sq. ft. each",50,700,"City neighborhood (4,000/sq. mi.)",1.9,1.81,2,1.81–2,0.36,0.34,0.39,0.34–0.39,39
Grand Rapids,MI,Multifamily,"50 units, 700 sq. ft. each",50,700,"City neighborhood (4,000/sq. mi.)",1.89,1.74,2.03,1.74–2.03,0.3,0.22,0.38,0.22–0.38,40
Indianapolis,IN,Multifamily,"50 units, 700 sq. ft. each",50,700,"City neighborhood (4,000/sq. mi.)",1.88,1.73,2.02,1.73–2.02,0.51,0.42,0.59,0.42–0.59,41
Reno,NV,Multifamily,"50 units, 700 sq. ft. each",50,700,"City neighborhood (4,000/sq. mi.)",1.76,1.61,1.91,1.61–1.91,0.22,0.16,0.29,0.16–0.29,42
St. Paul,MN,Multifamily,"50 units, 700 sq. ft. each",50,700,"City neighborhood (4,000/sq. mi.)",1.74,1.26,2.22,1.26–2.22,0.29,0.18,0.4,0.18–0.4,43
Raleigh,NC,Multifamily,"50 units, 700 sq. ft. each",50,700,"City neighborhood (4,000/sq. mi.)",1.65,1.49,1.81,1.49–1.81,0.27,0.21,0.33,0.21–0.33,44
Miami,FL,Multifamily,"50 units, 700 sq. ft. each",50,700,"Dense city neighborhood (10,000/sq. mi.)",4.97,4.36,5.58,4.36–5.58,1.86,1.35,2.36,1.35–2.36,1
New York,NY,Multifamily,"50 units, 700 sq. ft. each",50,700,"Dense city neighborhood (10,000/sq. mi.)",4.97,4.8,5.13,4.8–5.13,1.34,1.25,1.43,1.25–1.43,2
San Francisco,CA,Multifamily,"50 units, 700 sq. ft. each",50,700,"Dense city neighborhood (10,000/sq. mi.)",4.77,4.39,5.15,4.39–5.15,1.28,1.09,1.46,1.09–1.46,3
Boston,MA,Multifamily,"50 units, 700 sq. ft. each",50,700,"Dense city neighborhood (10,000/sq. mi.)",4.39,3.96,4.82,3.96–4.82,1.95,1.64,2.27,1.64–2.27,4
Los Angeles,CA,Multifamily,"50 units, 700 sq. ft. each",50,700,"Dense city neighborhood (10,000/sq. mi.)",4.27,4.12,4.42,4.12–4.42,1.53,1.44,1.61,1.44–1.61,5
Oakland,CA,Multifamily,"50 units, 700 sq. ft. each",50,700,"Dense city neighborhood (10,000/sq. mi.)",4.13,3.63,4.62,3.63–4.62,1.02,0.78,1.26,0.78–1.26,6
Honolulu,HI,Multifamily,"50 units, 700 sq. ft. each",50,700,"Dense city neighborhood (10,000/sq. mi.)",3.57,3.11,4.03,3.11–4.03,1.66,1.4,1.92,1.4–1.92,7
Seattle,WA,Multifamily,"50 units, 700 sq. ft. each",50,700,"Dense city neighborhood (10,000/sq. mi.)",3.49,3.33,3.65,3.33–3.65,1.08,1.01,1.15,1.01–1.15,8
Philadelphia,PA,Multifamily,"50 units, 700 sq. ft. each",50,700,"Dense city neighborhood (10,000/sq. mi.)",3.31,3.07,3.56,3.07–3.56,0.32,0.28,0.36,0.28–0.36,9
Sacramento,CA,Multifamily,"50 units, 700 sq. ft. each",50,700,"Dense city neighborhood (10,000/sq. mi.)",3.13,2.79,3.48,2.79–3.48,0.92,0.75,1.09,0.75–1.09,10
Jersey City,NJ,Multifamily,"50 units, 700 sq. ft. each",50,700,"Dense city neighborhood (10,000/sq. mi.)",2.99,2.57,3.4,2.57–3.4,0.34,0.21,0.48,0.21–0.48,11
San Diego,CA,Multifamily,"50 units, 700 sq. ft. each",50,700,"Dense city neighborhood (10,000/sq. mi.)",2.91,2.72,3.1,2.72–3.1,0.86,0.79,0.94,0.79–0.94,12
Durham,NC,Multifamily,"50 units, 700 sq. ft. each",50,700,"Dense city neighborhood (10,000/sq. mi.)",2.87,2.38,3.36,2.38–3.36,0.33,0.25,0.41,0.25–0.41,13
Washington,DC,Multifamily,"50 units, 700 sq. ft. each",50,700,"Dense city neighborhood (10,000/sq. mi.)",2.85,2.64,3.06,2.64–3.06,0.8,0.7,0.89,0.7–0.89,14
Austin,TX,Multifamily,"50 units, 700 sq. ft. each",50,700,"Dense city neighborhood (10,000/sq. mi.)",2.82,2.72,2.92,2.72–2.92,0.85,0.78,0.91,0.78–0.91,15
Spokane,WA,Multifamily,"50 units, 700 sq. ft. each",50,700,"Dense city neighborhood (10,000/sq. mi.)",2.78,2.18,3.37,2.18–3.37,0.17,0.12,0.22,0.12–0.22,16
Houston,TX,Multifamily,"50 units, 700 sq. ft. each",50,700,"Dense city neighborhood (10,000/sq. mi.)",2.74,2.66,2.82,2.66–2.82,0.69,0.64,0.74,0.64–0.74,17
Denver,CO,Multifamily,"50 units, 700 sq. ft. each",50,700,"Dense city neighborhood (10,000/sq. mi.)",2.69,2.56,2.81,2.56–2.81,0.64,0.58,0.71,0.58–0.71,18
Boulder,CO,Multifamily,"50 units, 700 sq. ft. each",50,700,"Dense city neighborhood (10,000/sq. mi.)",2.47,2.03,2.9,2.03–2.9,0.64,0.36,0.91,0.36–0.91,19
Louisville,KY,Multifamily,"50 units, 700 sq. ft. each",50,700,"Dense city neighborhood (10,000/sq. mi.)",2.41,2.06,2.76,2.06–2.76,0.6,0.45,0.74,0.45–0.74,20
Portland,OR,Multifamily,"50 units, 700 sq. ft. each",50,700,"Dense city neighborhood (10,000/sq. mi.)",2.4,2.29,2.51,2.29–2.51,0.88,0.82,0.94,0.82–0.94,21
Cincinnati,OH,Multifamily,"50 units, 700 sq. ft. each",50,700,"Dense city neighborhood (10,000/sq. mi.)",2.4,1.68,3.11,1.68–3.11,0.69,0.35,1.04,0.35–1.04,22
Nashville,TN,Multifamily,"50 units, 700 sq. ft. each",50,700,"Dense city neighborhood (10,000/sq. mi.)",2.38,2.04,2.71,2.04–2.71,0.56,0.36,0.77,0.36–0.77,23
Phoenix,AZ,Multifamily,"50 units, 700 sq. ft. each",50,700,"Dense city neighborhood (10,000/sq. mi.)",2.18,1.99,2.36,1.99–2.36,0.52,0.43,0.6,0.43–0.6,24
Jacksonville,FL,Multifamily,"50 units, 700 sq. ft. each",50,700,"Dense city neighborhood (10,000/sq. mi.)",2.14,1.99,2.29,1.99–2.29,0.46,0.4,0.52,0.4–0.52,25
Orlando,FL,Multifamily,"50 units, 700 sq. ft. each",50,700,"Dense city neighborhood (10,000/sq. mi.)",2.12,1.91,2.34,1.91–2.34,0.48,0.39,0.58,0.39–0.58,26
Tampa,FL,Multifamily,"50 units, 700 sq. ft. each",50,700,"Dense city neighborhood (10,000/sq. mi.)",2.12,1.57,2.67,1.57–2.67,0.53,0.36,0.71,0.36–0.71,27
Anaheim,CA,Multifamily,"50 units, 700 sq. ft. each",50,700,"Dense city neighborhood (10,000/sq. mi.)",2.12,1.67,2.57,1.67–2.57,0.62,0.34,0.9,0.34–0.9,28
Cleveland,OH,Multifamily,"50 units, 700 sq. ft. each",50,700,"Dense city neighborhood (10,000/sq. mi.)",2.07,1.71,2.43,1.71–2.43,0.55,0.4,0.7,0.4–0.7,29
Sioux Falls,SD,Multifamily,"50 units, 700 sq. ft. each",50,700,"Dense city neighborhood (10,000/sq. mi.)",2.04,1.76,2.32,1.76–2.32,0.21,0.15,0.27,0.15–0.27,30
Kansas City,MO,Multifamily,"50 units, 700 sq. ft. each",50,700,"Dense city neighborhood (10,000/sq. mi.)",2.03,1.74,2.31,1.74–2.31,0.16,0.09,0.23,0.09–0.23,31
Fort Worth,TX,Multifamily,"50 units, 700 sq. ft. each",50,700,"Dense city neighborhood (10,000/sq. mi.)",1.98,1.88,2.08,1.88–2.08,0.3,0.25,0.35,0.25–0.35,32
Colorado Springs,CO,Multifamily,"50 units, 700 sq. ft. each",50,700,"Dense city neighborhood (10,000/sq. mi.)",1.92,1.63,2.21,1.63–2.21,0.37,0.28,0.47,0.28–0.47,33
Atlanta,GA,Multifamily,"50 units, 700 sq. ft. each",50,700,"Dense city neighborhood (10,000/sq. mi.)",1.91,1.74,2.09,1.74–2.09,0.35,0.28,0.41,0.28–0.41,34
Boise,ID,Multifamily,"50 units, 700 sq. ft. each",50,700,"Dense city neighborhood (10,000/sq. mi.)",1.87,1.59,2.14,1.59–2.14,0.48,0.35,0.61,0.35–0.61,35
Columbus,OH,Multifamily,"50 units, 700 sq. ft. each",50,700,"Dense city neighborhood (10,000/sq. mi.)",1.82,1.7,1.94,1.7–1.94,0.33,0.3,0.36,0.3–0.36,36
Indianapolis,IN,Multifamily,"50 units, 700 sq. ft. each",50,700,"Dense city neighborhood (10,000/sq. mi.)",1.82,1.58,2.05,1.58–2.05,0.43,0.32,0.55,0.32–0.55,37
St. Paul,MN,Multifamily,"50 units, 700 sq. ft. each",50,700,"Dense city neighborhood (10,000/sq. mi.)",1.8,1.23,2.36,1.23–2.36,0.22,0.13,0.31,0.13–0.31,38
Grand Rapids,MI,Multifamily,"50 units, 700 sq. ft. each",50,700,"Dense city neighborhood (10,000/sq. mi.)",1.75,1.53,1.98,1.53–1.98,0.3,0.18,0.43,0.18–0.43,39
Reno,NV,Multifamily,"50 units, 700 sq. ft. each",50,700,"Dense city neighborhood (10,000/sq. mi.)",1.71,1.54,1.87,1.54–1.87,0.19,0.13,0.24,0.13–0.24,40
Raleigh,NC,Multifamily,"50 units, 700 sq. ft. each",50,700,"Dense city neighborhood (10,000/sq. mi.)",1.67,1.48,1.86,1.48–1.86,0.28,0.21,0.34,0.21–0.34,41
Miami,FL,Multifamily,"50 units, 700 sq. ft. each",50,700,"Urban core (25,000/sq. mi.)",5.37,4.57,6.18,4.57–6.18,1.95,1.29,2.6,1.29–2.6,1
New York,NY,Multifamily,"50 units, 700 sq. ft. each",50,700,"Urban core (25,000/sq. mi.)",4.92,4.78,5.06,4.78–5.06,1.29,1.22,1.35,1.22–1.35,2
Boston,MA,Multifamily,"50 units, 700 sq. ft. each",50,700,"Urban core (25,000/sq. mi.)",4.66,4.2,5.12,4.2–5.12,2.13,1.79,2.47,1.79–2.47,3
San Francisco,CA,Multifamily,"50 units, 700 sq. ft. each",50,700,"Urban core (25,000/sq. mi.)",4.6,4.26,4.95,4.26–4.95,1.32,1.15,1.48,1.15–1.48,4
Los Angeles,CA,Multifamily,"50 units, 700 sq. ft. each",50,700,"Urban core (25,000/sq. mi.)",4.34,4.18,4.5,4.18–4.5,1.45,1.37,1.54,1.37–1.54,5
Oakland,CA,Multifamily,"50 units, 700 sq. ft. each",50,700,"Urban core (25,000/sq. mi.)",3.62,3.03,4.2,3.03–4.2,0.85,0.62,1.08,0.62–1.08,6
Seattle,WA,Multifamily,"50 units, 700 sq. ft. each",50,700,"Urban core (25,000/sq. mi.)",3.44,3.27,3.6,3.27–3.6,1.09,1.01,1.16,1.01–1.16,7
Honolulu,HI,Multifamily,"50 units, 700 sq. ft. each",50,700,"Urban core (25,000/sq. mi.)",3.42,2.9,3.94,2.9–3.94,1.77,1.44,2.09,1.44–2.09,8
Philadelphia,PA,Multifamily,"50 units, 700 sq. ft. each",50,700,"Urban core (25,000/sq. mi.)",3.32,3.09,3.55,3.09–3.55,0.31,0.28,0.35,0.28–0.35,9
Jersey City,NJ,Multifamily,"50 units, 700 sq. ft. each",50,700,"Urban core (25,000/sq. mi.)",3.1,2.79,3.41,2.79–3.41,0.37,0.27,0.47,0.27–0.47,10
Sacramento,CA,Multifamily,"50 units, 700 sq. ft. each",50,700,"Urban core (25,000/sq. mi.)",3.09,2.74,3.44,2.74–3.44,0.89,0.72,1.06,0.72–1.06,11
San Diego,CA,Multifamily,"50 units, 700 sq. ft. each",50,700,"Urban core (25,000/sq. mi.)",3,2.76,3.24,2.76–3.24,0.94,0.84,1.05,0.84–1.05,12
Spokane,WA,Multifamily,"50 units, 700 sq. ft. each",50,700,"Urban core (25,000/sq. mi.)",2.92,2.15,3.69,2.15–3.69,0.13,0.08,0.17,0.08–0.17,13
Austin,TX,Multifamily,"50 units, 700 sq. ft. each",50,700,"Urban core (25,000/sq. mi.)",2.9,2.77,3.03,2.77–3.03,0.84,0.76,0.92,0.76–0.92,14
Durham,NC,Multifamily,"50 units, 700 sq. ft. each",50,700,"Urban core (25,000/sq. mi.)",2.89,2.23,3.54,2.23–3.54,0.27,0.18,0.36,0.18–0.36,15
Washington,DC,Multifamily,"50 units, 700 sq. ft. each",50,700,"Urban core (25,000/sq. mi.)",2.88,2.68,3.08,2.68–3.08,0.8,0.7,0.89,0.7–0.89,16
Houston,TX,Multifamily,"50 units, 700 sq. ft. each",50,700,"Urban core (25,000/sq. mi.)",2.85,2.73,2.97,2.73–2.97,0.79,0.72,0.87,0.72–0.87,17
Denver,CO,Multifamily,"50 units, 700 sq. ft. each",50,700,"Urban core (25,000/sq. mi.)",2.68,2.55,2.81,2.55–2.81,0.66,0.59,0.74,0.59–0.74,18
Louisville,KY,Multifamily,"50 units, 700 sq. ft. each",50,700,"Urban core (25,000/sq. mi.)",2.67,2.14,3.19,2.14–3.19,0.63,0.43,0.83,0.43–0.83,19
Boulder,CO,Multifamily,"50 units, 700 sq. ft. each",50,700,"Urban core (25,000/sq. mi.)",2.54,1.99,3.08,1.99–3.08,0.62,0.33,0.91,0.33–0.91,20
Nashville,TN,Multifamily,"50 units, 700 sq. ft. each",50,700,"Urban core (25,000/sq. mi.)",2.35,1.92,2.79,1.92–2.79,0.5,0.26,0.74,0.26–0.74,21
Jacksonville,FL,Multifamily,"50 units, 700 sq. ft. each",50,700,"Urban core (25,000/sq. mi.)",2.34,2.14,2.54,2.14–2.54,0.51,0.43,0.6,0.43–0.6,22
Portland,OR,Multifamily,"50 units, 700 sq. ft. each",50,700,"Urban core (25,000/sq. mi.)",2.33,2.2,2.47,2.2–2.47,0.87,0.8,0.94,0.8–0.94,23
Phoenix,AZ,Multifamily,"50 units, 700 sq. ft. each",50,700,"Urban core (25,000/sq. mi.)",2.1,1.88,2.32,1.88–2.32,0.48,0.38,0.57,0.38–0.57,24
Cleveland,OH,Multifamily,"50 units, 700 sq. ft. each",50,700,"Urban core (25,000/sq. mi.)",2.08,1.55,2.6,1.55–2.6,0.58,0.35,0.82,0.35–0.82,25
Kansas City,MO,Multifamily,"50 units, 700 sq. ft. each",50,700,"Urban core (25,000/sq. mi.)",2.02,1.65,2.39,1.65–2.39,0.14,0.06,0.21,0.06–0.21,26
Sioux Falls,SD,Multifamily,"50 units, 700 sq. ft. each",50,700,"Urban core (25,000/sq. mi.)",2,1.68,2.32,1.68–2.32,0.19,0.13,0.25,0.13–0.25,27
Fort Worth,TX,Multifamily,"50 units, 700 sq. ft. each",50,700,"Urban core (25,000/sq. mi.)",1.98,1.84,2.12,1.84–2.12,0.3,0.24,0.36,0.24–0.36,28
Colorado Springs,CO,Multifamily,"50 units, 700 sq. ft. each",50,700,"Urban core (25,000/sq. mi.)",1.94,1.62,2.25,1.62–2.25,0.38,0.27,0.48,0.27–0.48,29
Orlando,FL,Multifamily,"50 units, 700 sq. ft. each",50,700,"Urban core (25,000/sq. mi.)",1.88,1.67,2.1,1.67–2.1,0.38,0.3,0.47,0.3–0.47,30
Atlanta,GA,Multifamily,"50 units, 700 sq. ft. each",50,700,"Urban core (25,000/sq. mi.)",1.86,1.64,2.07,1.64–2.07,0.35,0.26,0.44,0.26–0.44,31
St. Paul,MN,Multifamily,"50 units, 700 sq. ft. each",50,700,"Urban core (25,000/sq. mi.)",1.85,1.02,2.69,1.02–2.69,0.17,0.06,0.28,0.06–0.28,32
Boise,ID,Multifamily,"50 units, 700 sq. ft. each",50,700,"Urban core (25,000/sq. mi.)",1.78,1.48,2.07,1.48–2.07,0.49,0.33,0.66,0.33–0.66,33
Indianapolis,IN,Multifamily,"50 units, 700 sq. ft. each",50,700,"Urban core (25,000/sq. mi.)",1.76,1.41,2.1,1.41–2.1,0.37,0.24,0.51,0.24–0.51,34
Columbus,OH,Multifamily,"50 units, 700 sq. ft. each",50,700,"Urban core (25,000/sq. mi.)",1.74,1.58,1.9,1.58–1.9,0.29,0.25,0.33,0.25–0.33,35
Raleigh,NC,Multifamily,"50 units, 700 sq. ft. each",50,700,"Urban core (25,000/sq. mi.)",1.69,1.46,1.92,1.46–1.92,0.29,0.2,0.37,0.2–0.37,36
Reno,NV,Multifamily,"50 units, 700 sq. ft. each",50,700,"Urban core (25,000/sq. mi.)",1.65,1.46,1.84,1.46–1.84,0.16,0.1,0.21,0.1–0.21,37
Grand Rapids,MI,Multifamily,"50 units, 700 sq. ft. each",50,700,"Urban core (25,000/sq. mi.)",1.63,1.29,1.96,1.29–1.96,0.3,0.12,0.49,0.12–0.49,38
Oakland,CA,Multifamily,"50 units, 900 sq. ft. each",50,900,"Low-density suburb (1,000/sq. mi.)",5.54,4.75,6.33,4.75–6.33,1.48,0.9,2.07,0.9–2.07,1
San Francisco,CA,Multifamily,"50 units, 900 sq. ft. each",50,900,"Low-density suburb (1,000/sq. mi.)",5.28,4.68,5.87,4.68–5.87,1.2,0.91,1.49,0.91–1.49,2
New York,NY,Multifamily,"50 units, 900 sq. ft. each",50,900,"Low-density suburb (1,000/sq. mi.)",5.22,4.92,5.52,4.92–5.52,1.51,1.32,1.7,1.32–1.7,3
Baton Rouge,LA,Multifamily,"50 units, 900 sq. ft. each",50,900,"Low-density suburb (1,000/sq. mi.)",4.39,2.79,5.98,2.79–5.98,0.85,0.47,1.23,0.47–1.23,4
Los Angeles,CA,Multifamily,"50 units, 900 sq. ft. each",50,900,"Low-density suburb (1,000/sq. mi.)",4.2,3.94,4.47,3.94–4.47,1.7,1.54,1.86,1.54–1.86,5
Honolulu,HI,Multifamily,"50 units, 900 sq. ft. each",50,900,"Low-density suburb (1,000/sq. mi.)",4.09,3.67,4.51,3.67–4.51,1.48,1.31,1.65,1.31–1.65,6
Miami,FL,Multifamily,"50 units, 900 sq. ft. each",50,900,"Low-density suburb (1,000/sq. mi.)",4.08,2.95,5.22,2.95–5.22,1.69,0.86,2.52,0.86–2.52,7
Tulsa,OK,Multifamily,"50 units, 900 sq. ft. each",50,900,"Low-density suburb (1,000/sq. mi.)",3.81,3.01,4.6,3.01–4.6,0.65,0.49,0.82,0.49–0.82,8
Boston,MA,Multifamily,"50 units, 900 sq. ft. each",50,900,"Low-density suburb (1,000/sq. mi.)",3.74,3.18,4.29,3.18–4.29,1.53,1.17,1.9,1.17–1.9,9
Seattle,WA,Multifamily,"50 units, 900 sq. ft. each",50,900,"Low-density suburb (1,000/sq. mi.)",3.66,3.21,4.11,3.21–4.11,1.07,0.89,1.26,0.89–1.26,10
Philadelphia,PA,Multifamily,"50 units, 900 sq. ft. each",50,900,"Low-density suburb (1,000/sq. mi.)",3.29,2.74,3.84,2.74–3.84,0.34,0.23,0.44,0.23–0.44,11
Sacramento,CA,Multifamily,"50 units, 900 sq. ft. each",50,900,"Low-density suburb (1,000/sq. mi.)",3.17,2.76,3.58,2.76–3.58,1,0.78,1.22,0.78–1.22,12
Orlando,FL,Multifamily,"50 units, 900 sq. ft. each",50,900,"Low-density suburb (1,000/sq. mi.)",3.02,2.77,3.26,2.77–3.26,0.94,0.81,1.08,0.81–1.08,13
Charleston,SC,Multifamily,"50 units, 900 sq. ft. each",50,900,"Low-density suburb (1,000/sq. mi.)",2.89,2.56,3.23,2.56–3.23,0.48,0.38,0.59,0.38–0.59,14
Durham,NC,Multifamily,"50 units, 900 sq. ft. each",50,900,"Low-density suburb (1,000/sq. mi.)",2.85,2.6,3.1,2.6–3.1,0.57,0.44,0.69,0.44–0.69,15
Washington,DC,Multifamily,"50 units, 900 sq. ft. each",50,900,"Low-density suburb (1,000/sq. mi.)",2.74,2.18,3.31,2.18–3.31,0.78,0.52,1.05,0.52–1.05,16
Portland,OR,Multifamily,"50 units, 900 sq. ft. each",50,900,"Low-density suburb (1,000/sq. mi.)",2.71,2.57,2.85,2.57–2.85,0.94,0.87,1.01,0.87–1.01,17
Austin,TX,Multifamily,"50 units, 900 sq. ft. each",50,900,"Low-density suburb (1,000/sq. mi.)",2.7,2.62,2.79,2.62–2.79,0.86,0.8,0.91,0.8–0.91,18
San Diego,CA,Multifamily,"50 units, 900 sq. ft. each",50,900,"Low-density suburb (1,000/sq. mi.)",2.7,2.46,2.94,2.46–2.94,0.7,0.59,0.8,0.59–0.8,19
Denver,CO,Multifamily,"50 units, 900 sq. ft. each",50,900,"Low-density suburb (1,000/sq. mi.)",2.68,2.54,2.82,2.54–2.82,0.59,0.51,0.68,0.51–0.68,20
Nashville,TN,Multifamily,"50 units, 900 sq. ft. each",50,900,"Low-density suburb (1,000/sq. mi.)",2.63,2.41,2.85,2.41–2.85,0.82,0.68,0.95,0.68–0.95,21
Houston,TX,Multifamily,"50 units, 900 sq. ft. each",50,900,"Low-density suburb (1,000/sq. mi.)",2.5,2.39,2.6,2.39–2.6,0.49,0.44,0.54,0.44–0.54,22
Tampa,FL,Multifamily,"50 units, 900 sq. ft. each",50,900,"Low-density suburb (1,000/sq. mi.)",2.47,1.6,3.35,1.6–3.35,0.48,0.25,0.71,0.25–0.71,23
Phoenix,AZ,Multifamily,"50 units, 900 sq. ft. each",50,900,"Low-density suburb (1,000/sq. mi.)",2.43,2.3,2.56,2.3–2.56,0.61,0.54,0.68,0.54–0.68,24
Boulder,CO,Multifamily,"50 units, 900 sq. ft. each",50,900,"Low-density suburb (1,000/sq. mi.)",2.42,2.2,2.64,2.2–2.64,0.72,0.44,1,0.44–1,25
Anaheim,CA,Multifamily,"50 units, 900 sq. ft. each",50,900,"Low-density suburb (1,000/sq. mi.)",2.4,1.88,2.92,1.88–2.92,1.14,0.65,1.64,0.65–1.64,26
Cleveland,OH,Multifamily,"50 units, 900 sq. ft. each",50,900,"Low-density suburb (1,000/sq. mi.)",2.16,1.66,2.67,1.66–2.67,0.51,0.29,0.74,0.29–0.74,27
Colorado Springs,CO,Multifamily,"50 units, 900 sq. ft. each",50,900,"Low-density suburb (1,000/sq. mi.)",2.15,1.93,2.36,1.93–2.36,0.43,0.35,0.52,0.35–0.52,28
Atlanta,GA,Multifamily,"50 units, 900 sq. ft. each",50,900,"Low-density suburb (1,000/sq. mi.)",2.14,1.85,2.43,1.85–2.43,0.36,0.26,0.47,0.26–0.47,29
Boise,ID,Multifamily,"50 units, 900 sq. ft. each",50,900,"Low-density suburb (1,000/sq. mi.)",2.12,1.87,2.37,1.87–2.37,0.45,0.36,0.54,0.36–0.54,30
Grand Rapids,MI,Multifamily,"50 units, 900 sq. ft. each",50,900,"Low-density suburb (1,000/sq. mi.)",2.11,1.83,2.39,1.83–2.39,0.31,0.21,0.41,0.21–0.41,31
Columbus,OH,Multifamily,"50 units, 900 sq. ft. each",50,900,"Low-density suburb (1,000/sq. mi.)",2.1,1.99,2.22,1.99–2.22,0.42,0.38,0.46,0.38–0.46,32
Kansas City,MO,Multifamily,"50 units, 900 sq. ft. each",50,900,"Low-density suburb (1,000/sq. mi.)",2.1,1.96,2.23,1.96–2.23,0.25,0.19,0.3,0.19–0.3,33
Sioux Falls,SD,Multifamily,"50 units, 900 sq. ft. each",50,900,"Low-density suburb (1,000/sq. mi.)",2.09,1.78,2.39,1.78–2.39,0.27,0.21,0.33,0.21–0.33,34
Indianapolis,IN,Multifamily,"50 units, 900 sq. ft. each",50,900,"Low-density suburb (1,000/sq. mi.)",2.04,1.84,2.24,1.84–2.24,0.66,0.54,0.78,0.54–0.78,35
Fort Worth,TX,Multifamily,"50 units, 900 sq. ft. each",50,900,"Low-density suburb (1,000/sq. mi.)",2.01,1.94,2.08,1.94–2.08,0.32,0.29,0.36,0.29–0.36,36
Cincinnati,OH,Multifamily,"50 units, 900 sq. ft. each",50,900,"Low-density suburb (1,000/sq. mi.)",1.99,1.6,2.38,1.6–2.38,0.38,0.21,0.54,0.21–0.54,37
Louisville,KY,Multifamily,"50 units, 900 sq. ft. each",50,900,"Low-density suburb (1,000/sq. mi.)",1.92,1.78,2.07,1.78–2.07,0.53,0.47,0.6,0.47–0.6,38
Reno,NV,Multifamily,"50 units, 900 sq. ft. each",50,900,"Low-density suburb (1,000/sq. mi.)",1.91,1.77,2.06,1.77–2.06,0.3,0.22,0.38,0.22–0.38,39
Jacksonville,FL,Multifamily,"50 units, 900 sq. ft. each",50,900,"Low-density suburb (1,000/sq. mi.)",1.76,1.67,1.85,1.67–1.85,0.34,0.31,0.38,0.31–0.38,40
Raleigh,NC,Multifamily,"50 units, 900 sq. ft. each",50,900,"Low-density suburb (1,000/sq. mi.)",1.68,1.55,1.82,1.55–1.82,0.27,0.21,0.33,0.21–0.33,41
New York,NY,Multifamily,"50 units, 900 sq. ft. each",50,900,"City neighborhood (4,000/sq. mi.)",5.15,4.94,5.35,4.94–5.35,1.42,1.29,1.54,1.29–1.54,1
San Francisco,CA,Multifamily,"50 units, 900 sq. ft. each",50,900,"City neighborhood (4,000/sq. mi.)",5,4.6,5.39,4.6–5.39,1.26,1.05,1.47,1.05–1.47,2
Baton Rouge,LA,Multifamily,"50 units, 900 sq. ft. each",50,900,"City neighborhood (4,000/sq. mi.)",4.76,3.31,6.21,3.31–6.21,1.2,0.71,1.68,0.71–1.68,3
Miami,FL,Multifamily,"50 units, 900 sq. ft. each",50,900,"City neighborhood (4,000/sq. mi.)",4.6,3.89,5.3,3.89–5.3,1.82,1.28,2.35,1.28–2.35,4
Oakland,CA,Multifamily,"50 units, 900 sq. ft. each",50,900,"City neighborhood (4,000/sq. mi.)",4.54,4.16,4.92,4.16–4.92,1.12,0.87,1.36,0.87–1.36,5
Los Angeles,CA,Multifamily,"50 units, 900 sq. ft. each",50,900,"City neighborhood (4,000/sq. mi.)",4.31,4.14,4.48,4.14–4.48,1.58,1.48,1.68,1.48–1.68,6
Boston,MA,Multifamily,"50 units, 900 sq. ft. each",50,900,"City neighborhood (4,000/sq. mi.)",4.1,3.67,4.52,3.67–4.52,1.75,1.45,2.05,1.45–2.05,7
Honolulu,HI,Multifamily,"50 units, 900 sq. ft. each",50,900,"City neighborhood (4,000/sq. mi.)",3.83,3.42,4.23,3.42–4.23,1.63,1.41,1.84,1.41–1.84,8
Seattle,WA,Multifamily,"50 units, 900 sq. ft. each",50,900,"City neighborhood (4,000/sq. mi.)",3.57,3.32,3.83,3.32–3.83,1.08,0.97,1.19,0.97–1.19,9
Charleston,SC,Multifamily,"50 units, 900 sq. ft. each",50,900,"City neighborhood (4,000/sq. mi.)",3.41,2.83,3.99,2.83–3.99,0.91,0.59,1.24,0.59–1.24,10
Philadelphia,PA,Multifamily,"50 units, 900 sq. ft. each",50,900,"City neighborhood (4,000/sq. mi.)",3.3,2.97,3.64,2.97–3.64,0.33,0.27,0.39,0.27–0.39,11
Sacramento,CA,Multifamily,"50 units, 900 sq. ft. each",50,900,"City neighborhood (4,000/sq. mi.)",3.1,2.75,3.45,2.75–3.45,0.95,0.77,1.13,0.77–1.13,12
Durham,NC,Multifamily,"50 units, 900 sq. ft. each",50,900,"City neighborhood (4,000/sq. mi.)",2.88,2.56,3.19,2.56–3.19,0.41,0.34,0.48,0.34–0.48,13
Jersey City,NJ,Multifamily,"50 units, 900 sq. ft. each",50,900,"City neighborhood (4,000/sq. mi.)",2.86,2.23,3.49,2.23–3.49,0.32,0.11,0.52,0.11–0.52,14
San Diego,CA,Multifamily,"50 units, 900 sq. ft. each",50,900,"City neighborhood (4,000/sq. mi.)",2.82,2.64,3.01,2.64–3.01,0.8,0.72,0.88,0.72–0.88,15
Austin,TX,Multifamily,"50 units, 900 sq. ft. each",50,900,"City neighborhood (4,000/sq. mi.)",2.82,2.75,2.88,2.75–2.88,0.86,0.81,0.9,0.81–0.9,16
Spokane,WA,Multifamily,"50 units, 900 sq. ft. each",50,900,"City neighborhood (4,000/sq. mi.)",2.81,1.95,3.66,1.95–3.66,0.22,0.16,0.29,0.16–0.29,17
Washington,DC,Multifamily,"50 units, 900 sq. ft. each",50,900,"City neighborhood (4,000/sq. mi.)",2.79,2.46,3.11,2.46–3.11,0.79,0.64,0.94,0.64–0.94,18
Tulsa,OK,Multifamily,"50 units, 900 sq. ft. each",50,900,"City neighborhood (4,000/sq. mi.)",2.73,2.19,3.27,2.19–3.27,0.77,0.44,1.1,0.44–1.1,19
Denver,CO,Multifamily,"50 units, 900 sq. ft. each",50,900,"City neighborhood (4,000/sq. mi.)",2.67,2.55,2.79,2.55–2.79,0.62,0.56,0.69,0.56–0.69,20
Houston,TX,Multifamily,"50 units, 900 sq. ft. each",50,900,"City neighborhood (4,000/sq. mi.)",2.65,2.58,2.72,2.58–2.72,0.61,0.57,0.65,0.57–0.65,21
Portland,OR,Multifamily,"50 units, 900 sq. ft. each",50,900,"City neighborhood (4,000/sq. mi.)",2.6,2.49,2.71,2.49–2.71,0.92,0.85,0.98,0.85–0.98,22
Nashville,TN,Multifamily,"50 units, 900 sq. ft. each",50,900,"City neighborhood (4,000/sq. mi.)",2.59,2.31,2.86,2.31–2.86,0.69,0.49,0.88,0.49–0.88,23
Boulder,CO,Multifamily,"50 units, 900 sq. ft. each",50,900,"City neighborhood (4,000/sq. mi.)",2.53,2.21,2.85,2.21–2.85,0.7,0.41,0.98,0.41–0.98,24
Orlando,FL,Multifamily,"50 units, 900 sq. ft. each",50,900,"City neighborhood (4,000/sq. mi.)",2.51,2.3,2.73,2.3–2.73,0.67,0.57,0.77,0.57–0.77,25
Phoenix,AZ,Multifamily,"50 units, 900 sq. ft. each",50,900,"City neighborhood (4,000/sq. mi.)",2.31,2.16,2.45,2.16–2.45,0.54,0.47,0.61,0.47–0.61,26
Cincinnati,OH,Multifamily,"50 units, 900 sq. ft. each",50,900,"City neighborhood (4,000/sq. mi.)",2.26,1.81,2.72,1.81–2.72,0.52,0.33,0.72,0.33–0.72,27
Anaheim,CA,Multifamily,"50 units, 900 sq. ft. each",50,900,"City neighborhood (4,000/sq. mi.)",2.26,1.86,2.66,1.86–2.66,0.79,0.48,1.1,0.48–1.1,28
Tampa,FL,Multifamily,"50 units, 900 sq. ft. each",50,900,"City neighborhood (4,000/sq. mi.)",2.25,1.88,2.63,1.88–2.63,0.5,0.39,0.61,0.39–0.61,29
Louisville,KY,Multifamily,"50 units, 900 sq. ft. each",50,900,"City neighborhood (4,000/sq. mi.)",2.25,2.03,2.46,2.03–2.46,0.59,0.49,0.69,0.49–0.69,30
Cleveland,OH,Multifamily,"50 units, 900 sq. ft. each",50,900,"City neighborhood (4,000/sq. mi.)",2.18,1.86,2.49,1.86–2.49,0.56,0.42,0.71,0.42–0.71,31
Colorado Springs,CO,Multifamily,"50 units, 900 sq. ft. each",50,900,"City neighborhood (4,000/sq. mi.)",2.17,1.96,2.39,1.96–2.39,0.44,0.36,0.51,0.36–0.51,32
Kansas City,MO,Multifamily,"50 units, 900 sq. ft. each",50,900,"City neighborhood (4,000/sq. mi.)",2.09,1.88,2.29,1.88–2.29,0.19,0.13,0.26,0.13–0.26,33
Atlanta,GA,Multifamily,"50 units, 900 sq. ft. each",50,900,"City neighborhood (4,000/sq. mi.)",2.04,1.86,2.22,1.86–2.22,0.36,0.3,0.43,0.3–0.43,34
Sioux Falls,SD,Multifamily,"50 units, 900 sq. ft. each",50,900,"City neighborhood (4,000/sq. mi.)",2.02,1.76,2.29,1.76–2.29,0.24,0.18,0.3,0.18–0.3,35
Fort Worth,TX,Multifamily,"50 units, 900 sq. ft. each",50,900,"City neighborhood (4,000/sq. mi.)",2.02,1.95,2.09,1.95–2.09,0.33,0.29,0.36,0.29–0.36,36
Jacksonville,FL,Multifamily,"50 units, 900 sq. ft. each",50,900,"City neighborhood (4,000/sq. mi.)",2.01,1.9,2.12,1.9–2.12,0.41,0.36,0.45,0.36–0.45,37
Boise,ID,Multifamily,"50 units, 900 sq. ft. each",50,900,"City neighborhood (4,000/sq. mi.)",1.97,1.71,2.24,1.71–2.24,0.46,0.36,0.56,0.36–0.56,38
Columbus,OH,Multifamily,"50 units, 900 sq. ft. each",50,900,"City neighborhood (4,000/sq. mi.)",1.97,1.87,2.06,1.87–2.06,0.36,0.33,0.38,0.33–0.38,39
Indianapolis,IN,Multifamily,"50 units, 900 sq. ft. each",50,900,"City neighborhood (4,000/sq. mi.)",1.94,1.79,2.1,1.79–2.1,0.52,0.43,0.61,0.43–0.61,40
Grand Rapids,MI,Multifamily,"50 units, 900 sq. ft. each",50,900,"City neighborhood (4,000/sq. mi.)",1.89,1.75,2.02,1.75–2.02,0.31,0.23,0.39,0.23–0.39,41
Reno,NV,Multifamily,"50 units, 900 sq. ft. each",50,900,"City neighborhood (4,000/sq. mi.)",1.82,1.66,1.97,1.66–1.97,0.23,0.16,0.29,0.16–0.29,42
St. Paul,MN,Multifamily,"50 units, 900 sq. ft. each",50,900,"City neighborhood (4,000/sq. mi.)",1.8,1.35,2.24,1.35–2.24,0.3,0.2,0.41,0.2–0.41,43
Raleigh,NC,Multifamily,"50 units, 900 sq. ft. each",50,900,"City neighborhood (4,000/sq. mi.)",1.71,1.57,1.84,1.57–1.84,0.29,0.22,0.35,0.22–0.35,44
New York,NY,Multifamily,"50 units, 900 sq. ft. each",50,900,"Dense city neighborhood (10,000/sq. mi.)",5.1,4.94,5.26,4.94–5.26,1.36,1.27,1.45,1.27–1.45,1
Miami,FL,Multifamily,"50 units, 900 sq. ft. each",50,900,"Dense city neighborhood (10,000/sq. mi.)",4.97,4.4,5.54,4.4–5.54,1.9,1.43,2.37,1.43–2.37,2
San Francisco,CA,Multifamily,"50 units, 900 sq. ft. each",50,900,"Dense city neighborhood (10,000/sq. mi.)",4.82,4.5,5.13,4.5–5.13,1.3,1.13,1.46,1.13–1.46,3
Los Angeles,CA,Multifamily,"50 units, 900 sq. ft. each",50,900,"Dense city neighborhood (10,000/sq. mi.)",4.39,4.25,4.52,4.25–4.52,1.51,1.43,1.59,1.43–1.59,4
Boston,MA,Multifamily,"50 units, 900 sq. ft. each",50,900,"Dense city neighborhood (10,000/sq. mi.)",4.36,3.98,4.73,3.98–4.73,1.91,1.64,2.18,1.64–2.18,5
Oakland,CA,Multifamily,"50 units, 900 sq. ft. each",50,900,"Dense city neighborhood (10,000/sq. mi.)",3.98,3.57,4.38,3.57–4.38,0.92,0.76,1.09,0.76–1.09,6
Honolulu,HI,Multifamily,"50 units, 900 sq. ft. each",50,900,"Dense city neighborhood (10,000/sq. mi.)",3.66,3.21,4.11,3.21–4.11,1.73,1.47,1.99,1.47–1.99,7
Seattle,WA,Multifamily,"50 units, 900 sq. ft. each",50,900,"Dense city neighborhood (10,000/sq. mi.)",3.52,3.35,3.68,3.35–3.68,1.09,1.01,1.16,1.01–1.16,8
Philadelphia,PA,Multifamily,"50 units, 900 sq. ft. each",50,900,"Dense city neighborhood (10,000/sq. mi.)",3.31,3.07,3.55,3.07–3.55,0.32,0.28,0.36,0.28–0.36,9
Sacramento,CA,Multifamily,"50 units, 900 sq. ft. each",50,900,"Dense city neighborhood (10,000/sq. mi.)",3.06,2.72,3.39,2.72–3.39,0.92,0.75,1.09,0.75–1.09,10
Jersey City,NJ,Multifamily,"50 units, 900 sq. ft. each",50,900,"Dense city neighborhood (10,000/sq. mi.)",2.97,2.56,3.38,2.56–3.38,0.34,0.21,0.48,0.21–0.48,11
Spokane,WA,Multifamily,"50 units, 900 sq. ft. each",50,900,"Dense city neighborhood (10,000/sq. mi.)",2.96,2.27,3.65,2.27–3.65,0.17,0.12,0.22,0.12–0.22,12
San Diego,CA,Multifamily,"50 units, 900 sq. ft. each",50,900,"Dense city neighborhood (10,000/sq. mi.)",2.91,2.72,3.1,2.72–3.1,0.87,0.79,0.95,0.79–0.95,13
Austin,TX,Multifamily,"50 units, 900 sq. ft. each",50,900,"Dense city neighborhood (10,000/sq. mi.)",2.89,2.8,2.98,2.8–2.98,0.85,0.79,0.91,0.79–0.91,14
Durham,NC,Multifamily,"50 units, 900 sq. ft. each",50,900,"Dense city neighborhood (10,000/sq. mi.)",2.89,2.42,3.36,2.42–3.36,0.33,0.25,0.41,0.25–0.41,15
Washington,DC,Multifamily,"50 units, 900 sq. ft. each",50,900,"Dense city neighborhood (10,000/sq. mi.)",2.81,2.61,3.01,2.61–3.01,0.79,0.7,0.88,0.7–0.88,16
Houston,TX,Multifamily,"50 units, 900 sq. ft. each",50,900,"Dense city neighborhood (10,000/sq. mi.)",2.76,2.68,2.84,2.68–2.84,0.7,0.65,0.75,0.65–0.75,17
Denver,CO,Multifamily,"50 units, 900 sq. ft. each",50,900,"Dense city neighborhood (10,000/sq. mi.)",2.67,2.55,2.78,2.55–2.78,0.64,0.58,0.7,0.58–0.7,18
Boulder,CO,Multifamily,"50 units, 900 sq. ft. each",50,900,"Dense city neighborhood (10,000/sq. mi.)",2.6,2.18,3.02,2.18–3.02,0.68,0.39,0.97,0.39–0.97,19
Nashville,TN,Multifamily,"50 units, 900 sq. ft. each",50,900,"Dense city neighborhood (10,000/sq. mi.)",2.56,2.19,2.93,2.19–2.93,0.61,0.38,0.84,0.38–0.84,20
Portland,OR,Multifamily,"50 units, 900 sq. ft. each",50,900,"Dense city neighborhood (10,000/sq. mi.)",2.53,2.41,2.66,2.41–2.66,0.9,0.84,0.97,0.84–0.97,21
Louisville,KY,Multifamily,"50 units, 900 sq. ft. each",50,900,"Dense city neighborhood (10,000/sq. mi.)",2.49,2.14,2.84,2.14–2.84,0.62,0.48,0.77,0.48–0.77,22
Cincinnati,OH,Multifamily,"50 units, 900 sq. ft. each",50,900,"Dense city neighborhood (10,000/sq. mi.)",2.47,1.88,3.05,1.88–3.05,0.65,0.38,0.91,0.38–0.91,23
Phoenix,AZ,Multifamily,"50 units, 900 sq. ft. each",50,900,"Dense city neighborhood (10,000/sq. mi.)",2.23,2.05,2.41,2.05–2.41,0.51,0.43,0.58,0.43–0.58,24
Orlando,FL,Multifamily,"50 units, 900 sq. ft. each",50,900,"Dense city neighborhood (10,000/sq. mi.)",2.23,2.01,2.44,2.01–2.44,0.53,0.44,0.63,0.44–0.63,25
Jacksonville,FL,Multifamily,"50 units, 900 sq. ft. each",50,900,"Dense city neighborhood (10,000/sq. mi.)",2.2,2.05,2.35,2.05–2.35,0.46,0.39,0.52,0.39–0.52,26
Colorado Springs,CO,Multifamily,"50 units, 900 sq. ft. each",50,900,"Dense city neighborhood (10,000/sq. mi.)",2.19,1.96,2.43,1.96–2.43,0.44,0.36,0.52,0.36–0.52,27
Cleveland,OH,Multifamily,"50 units, 900 sq. ft. each",50,900,"Dense city neighborhood (10,000/sq. mi.)",2.18,1.8,2.57,1.8–2.57,0.6,0.44,0.76,0.44–0.76,28
Anaheim,CA,Multifamily,"50 units, 900 sq. ft. each",50,900,"Dense city neighborhood (10,000/sq. mi.)",2.17,1.71,2.63,1.71–2.63,0.62,0.34,0.9,0.34–0.9,29
Tampa,FL,Multifamily,"50 units, 900 sq. ft. each",50,900,"Dense city neighborhood (10,000/sq. mi.)",2.12,1.58,2.66,1.58–2.66,0.52,0.34,0.7,0.34–0.7,30
Kansas City,MO,Multifamily,"50 units, 900 sq. ft. each",50,900,"Dense city neighborhood (10,000/sq. mi.)",2.08,1.79,2.36,1.79–2.36,0.17,0.1,0.24,0.1–0.24,31
Fort Worth,TX,Multifamily,"50 units, 900 sq. ft. each",50,900,"Dense city neighborhood (10,000/sq. mi.)",2.03,1.93,2.13,1.93–2.13,0.33,0.28,0.38,0.28–0.38,32
Sioux Falls,SD,Multifamily,"50 units, 900 sq. ft. each",50,900,"Dense city neighborhood (10,000/sq. mi.)",1.98,1.71,2.26,1.71–2.26,0.22,0.15,0.28,0.15–0.28,33
Atlanta,GA,Multifamily,"50 units, 900 sq. ft. each",50,900,"Dense city neighborhood (10,000/sq. mi.)",1.98,1.8,2.16,1.8–2.16,0.37,0.3,0.44,0.3–0.44,34
Columbus,OH,Multifamily,"50 units, 900 sq. ft. each",50,900,"Dense city neighborhood (10,000/sq. mi.)",1.88,1.76,2,1.76–2,0.32,0.29,0.35,0.29–0.35,35
Indianapolis,IN,Multifamily,"50 units, 900 sq. ft. each",50,900,"Dense city neighborhood (10,000/sq. mi.)",1.88,1.63,2.13,1.63–2.13,0.45,0.33,0.56,0.33–0.56,36
Boise,ID,Multifamily,"50 units, 900 sq. ft. each",50,900,"Dense city neighborhood (10,000/sq. mi.)",1.88,1.6,2.16,1.6–2.16,0.47,0.35,0.6,0.35–0.6,37
St. Paul,MN,Multifamily,"50 units, 900 sq. ft. each",50,900,"Dense city neighborhood (10,000/sq. mi.)",1.85,1.33,2.38,1.33–2.38,0.23,0.14,0.32,0.14–0.32,38
Reno,NV,Multifamily,"50 units, 900 sq. ft. each",50,900,"Dense city neighborhood (10,000/sq. mi.)",1.76,1.58,1.93,1.58–1.93,0.19,0.13,0.25,0.13–0.25,39
Grand Rapids,MI,Multifamily,"50 units, 900 sq. ft. each",50,900,"Dense city neighborhood (10,000/sq. mi.)",1.75,1.53,1.98,1.53–1.98,0.31,0.18,0.44,0.18–0.44,40
Raleigh,NC,Multifamily,"50 units, 900 sq. ft. each",50,900,"Dense city neighborhood (10,000/sq. mi.)",1.73,1.56,1.89,1.56–1.89,0.3,0.23,0.37,0.23–0.37,41
Miami,FL,Multifamily,"50 units, 900 sq. ft. each",50,900,"Urban core (25,000/sq. mi.)",5.37,4.58,6.17,4.58–6.17,1.99,1.37,2.62,1.37–2.62,1
New York,NY,Multifamily,"50 units, 900 sq. ft. each",50,900,"Urban core (25,000/sq. mi.)",5.05,4.93,5.18,4.93–5.18,1.3,1.24,1.36,1.24–1.36,2
San Francisco,CA,Multifamily,"50 units, 900 sq. ft. each",50,900,"Urban core (25,000/sq. mi.)",4.65,4.36,4.93,4.36–4.93,1.34,1.19,1.48,1.19–1.48,3
Boston,MA,Multifamily,"50 units, 900 sq. ft. each",50,900,"Urban core (25,000/sq. mi.)",4.63,4.24,5.02,4.24–5.02,2.08,1.79,2.38,1.79–2.38,4
Los Angeles,CA,Multifamily,"50 units, 900 sq. ft. each",50,900,"Urban core (25,000/sq. mi.)",4.46,4.32,4.6,4.32–4.6,1.44,1.36,1.51,1.36–1.51,5
Honolulu,HI,Multifamily,"50 units, 900 sq. ft. each",50,900,"Urban core (25,000/sq. mi.)",3.51,2.99,4.02,2.99–4.02,1.84,1.51,2.17,1.51–2.17,6
Oakland,CA,Multifamily,"50 units, 900 sq. ft. each",50,900,"Urban core (25,000/sq. mi.)",3.49,2.95,4.02,2.95–4.02,0.76,0.57,0.96,0.57–0.96,7
Seattle,WA,Multifamily,"50 units, 900 sq. ft. each",50,900,"Urban core (25,000/sq. mi.)",3.46,3.3,3.62,3.3–3.62,1.09,1.02,1.17,1.02–1.17,8
Philadelphia,PA,Multifamily,"50 units, 900 sq. ft. each",50,900,"Urban core (25,000/sq. mi.)",3.32,3.09,3.55,3.09–3.55,0.32,0.28,0.35,0.28–0.35,9
Spokane,WA,Multifamily,"50 units, 900 sq. ft. each",50,900,"Urban core (25,000/sq. mi.)",3.11,2.27,3.95,2.27–3.95,0.13,0.08,0.17,0.08–0.17,10
Jersey City,NJ,Multifamily,"50 units, 900 sq. ft. each",50,900,"Urban core (25,000/sq. mi.)",3.08,2.78,3.39,2.78–3.39,0.37,0.28,0.47,0.28–0.47,11
Sacramento,CA,Multifamily,"50 units, 900 sq. ft. each",50,900,"Urban core (25,000/sq. mi.)",3.01,2.68,3.34,2.68–3.34,0.88,0.71,1.05,0.71–1.05,12
San Diego,CA,Multifamily,"50 units, 900 sq. ft. each",50,900,"Urban core (25,000/sq. mi.)",3,2.76,3.23,2.76–3.23,0.96,0.85,1.06,0.85–1.06,13
Austin,TX,Multifamily,"50 units, 900 sq. ft. each",50,900,"Urban core (25,000/sq. mi.)",2.97,2.84,3.1,2.84–3.1,0.85,0.77,0.93,0.77–0.93,14
Durham,NC,Multifamily,"50 units, 900 sq. ft. each",50,900,"Urban core (25,000/sq. mi.)",2.91,2.26,3.56,2.26–3.56,0.27,0.18,0.35,0.18–0.35,15
Houston,TX,Multifamily,"50 units, 900 sq. ft. each",50,900,"Urban core (25,000/sq. mi.)",2.88,2.76,3,2.76–3,0.8,0.73,0.88,0.73–0.88,16
Washington,DC,Multifamily,"50 units, 900 sq. ft. each",50,900,"Urban core (25,000/sq. mi.)",2.84,2.65,3.04,2.65–3.04,0.79,0.7,0.88,0.7–0.88,17
Louisville,KY,Multifamily,"50 units, 900 sq. ft. each",50,900,"Urban core (25,000/sq. mi.)",2.76,2.23,3.29,2.23–3.29,0.66,0.46,0.87,0.46–0.87,18
Cincinnati,OH,Multifamily,"50 units, 900 sq. ft. each",50,900,"Urban core (25,000/sq. mi.)",2.68,1.9,3.47,1.9–3.47,0.8,0.41,1.2,0.41–1.2,19
Boulder,CO,Multifamily,"50 units, 900 sq. ft. each",50,900,"Urban core (25,000/sq. mi.)",2.67,2.14,3.21,2.14–3.21,0.67,0.36,0.97,0.36–0.97,20
Denver,CO,Multifamily,"50 units, 900 sq. ft. each",50,900,"Urban core (25,000/sq. mi.)",2.67,2.54,2.79,2.54–2.79,0.66,0.59,0.73,0.59–0.73,21
Nashville,TN,Multifamily,"50 units, 900 sq. ft. each",50,900,"Urban core (25,000/sq. mi.)",2.53,2.06,3.01,2.06–3.01,0.54,0.28,0.8,0.28–0.8,22
Portland,OR,Multifamily,"50 units, 900 sq. ft. each",50,900,"Urban core (25,000/sq. mi.)",2.46,2.31,2.62,2.31–2.62,0.89,0.82,0.96,0.82–0.96,23
Jacksonville,FL,Multifamily,"50 units, 900 sq. ft. each",50,900,"Urban core (25,000/sq. mi.)",2.41,2.21,2.61,2.21–2.61,0.51,0.42,0.6,0.42–0.6,24
Colorado Springs,CO,Multifamily,"50 units, 900 sq. ft. each",50,900,"Urban core (25,000/sq. mi.)",2.21,1.94,2.48,1.94–2.48,0.45,0.36,0.54,0.36–0.54,25
Cleveland,OH,Multifamily,"50 units, 900 sq. ft. each",50,900,"Urban core (25,000/sq. mi.)",2.19,1.63,2.75,1.63–2.75,0.64,0.38,0.9,0.38–0.9,26
Phoenix,AZ,Multifamily,"50 units, 900 sq. ft. each",50,900,"Urban core (25,000/sq. mi.)",2.15,1.94,2.37,1.94–2.37,0.47,0.38,0.56,0.38–0.56,27
Kansas City,MO,Multifamily,"50 units, 900 sq. ft. each",50,900,"Urban core (25,000/sq. mi.)",2.07,1.69,2.45,1.69–2.45,0.14,0.07,0.22,0.07–0.22,28
Fort Worth,TX,Multifamily,"50 units, 900 sq. ft. each",50,900,"Urban core (25,000/sq. mi.)",2.03,1.89,2.17,1.89–2.17,0.33,0.26,0.39,0.26–0.39,29
Orlando,FL,Multifamily,"50 units, 900 sq. ft. each",50,900,"Urban core (25,000/sq. mi.)",1.97,1.76,2.19,1.76–2.19,0.43,0.34,0.52,0.34–0.52,30
Sioux Falls,SD,Multifamily,"50 units, 900 sq. ft. each",50,900,"Urban core (25,000/sq. mi.)",1.95,1.63,2.26,1.63–2.26,0.2,0.13,0.26,0.13–0.26,31
Atlanta,GA,Multifamily,"50 units, 900 sq. ft. each",50,900,"Urban core (25,000/sq. mi.)",1.92,1.7,2.14,1.7–2.14,0.37,0.27,0.46,0.27–0.46,32
St. Paul,MN,Multifamily,"50 units, 900 sq. ft. each",50,900,"Urban core (25,000/sq. mi.)",1.91,1.1,2.72,1.1–2.72,0.17,0.06,0.29,0.06–0.29,33
Indianapolis,IN,Multifamily,"50 units, 900 sq. ft. each",50,900,"Urban core (25,000/sq. mi.)",1.82,1.46,2.18,1.46–2.18,0.38,0.24,0.52,0.24–0.52,34
Columbus,OH,Multifamily,"50 units, 900 sq. ft. each",50,900,"Urban core (25,000/sq. mi.)",1.8,1.64,1.96,1.64–1.96,0.29,0.25,0.33,0.25–0.33,35
Boise,ID,Multifamily,"50 units, 900 sq. ft. each",50,900,"Urban core (25,000/sq. mi.)",1.79,1.49,2.09,1.49–2.09,0.48,0.32,0.64,0.32–0.64,36
Raleigh,NC,Multifamily,"50 units, 900 sq. ft. each",50,900,"Urban core (25,000/sq. mi.)",1.75,1.53,1.96,1.53–1.96,0.31,0.22,0.39,0.22–0.39,37
Reno,NV,Multifamily,"50 units, 900 sq. ft. each",50,900,"Urban core (25,000/sq. mi.)",1.7,1.5,1.9,1.5–1.9,0.16,0.1,0.22,0.1–0.22,38
Grand Rapids,MI,Multifamily,"50 units, 900 sq. ft. each",50,900,"Urban core (25,000/sq. mi.)",1.63,1.3,1.96,1.3–1.96,0.31,0.12,0.5,0.12–0.5,39
New York,NY,Multifamily,"50 units, 1,200 sq. ft. each",50,1200,"Low-density suburb (1,000/sq. mi.)",5.38,5.06,5.7,5.06–5.7,1.53,1.34,1.73,1.34–1.73,1
San Francisco,CA,Multifamily,"50 units, 1,200 sq. ft. each",50,1200,"Low-density suburb (1,000/sq. mi.)",5.33,4.77,5.89,4.77–5.89,1.23,0.94,1.51,0.94–1.51,2
Oakland,CA,Multifamily,"50 units, 1,200 sq. ft. each",50,1200,"Low-density suburb (1,000/sq. mi.)",5.31,4.62,6.01,4.62–6.01,1.32,0.88,1.76,0.88–1.76,3
Baton Rouge,LA,Multifamily,"50 units, 1,200 sq. ft. each",50,1200,"Low-density suburb (1,000/sq. mi.)",4.59,2.9,6.27,2.9–6.27,0.94,0.51,1.37,0.51–1.37,4
Los Angeles,CA,Multifamily,"50 units, 1,200 sq. ft. each",50,1200,"Low-density suburb (1,000/sq. mi.)",4.33,4.07,4.6,4.07–4.6,1.68,1.52,1.83,1.52–1.83,5
Honolulu,HI,Multifamily,"50 units, 1,200 sq. ft. each",50,1200,"Low-density suburb (1,000/sq. mi.)",4.2,3.77,4.63,3.77–4.63,1.55,1.37,1.73,1.37–1.73,6
Miami,FL,Multifamily,"50 units, 1,200 sq. ft. each",50,1200,"Low-density suburb (1,000/sq. mi.)",4.08,2.98,5.18,2.98–5.18,1.74,0.9,2.58,0.9–2.58,7
Tulsa,OK,Multifamily,"50 units, 1,200 sq. ft. each",50,1200,"Low-density suburb (1,000/sq. mi.)",3.86,3.04,4.67,3.04–4.67,0.68,0.52,0.85,0.52–0.85,8
Boston,MA,Multifamily,"50 units, 1,200 sq. ft. each",50,1200,"Low-density suburb (1,000/sq. mi.)",3.71,3.16,4.25,3.16–4.25,1.49,1.14,1.85,1.14–1.85,9
Seattle,WA,Multifamily,"50 units, 1,200 sq. ft. each",50,1200,"Low-density suburb (1,000/sq. mi.)",3.69,3.23,4.16,3.23–4.16,1.08,0.89,1.27,0.89–1.27,10
Charleston,SC,Multifamily,"50 units, 1,200 sq. ft. each",50,1200,"Low-density suburb (1,000/sq. mi.)",3.37,2.79,3.95,2.79–3.95,0.95,0.73,1.18,0.73–1.18,11
Philadelphia,PA,Multifamily,"50 units, 1,200 sq. ft. each",50,1200,"Low-density suburb (1,000/sq. mi.)",3.29,2.75,3.83,2.75–3.83,0.34,0.24,0.45,0.24–0.45,12
Orlando,FL,Multifamily,"50 units, 1,200 sq. ft. each",50,1200,"Low-density suburb (1,000/sq. mi.)",3.18,2.93,3.43,2.93–3.43,1.06,0.93,1.2,0.93–1.2,13
Sacramento,CA,Multifamily,"50 units, 1,200 sq. ft. each",50,1200,"Low-density suburb (1,000/sq. mi.)",3.08,2.67,3.5,2.67–3.5,0.99,0.76,1.22,0.76–1.22,14
Portland,OR,Multifamily,"50 units, 1,200 sq. ft. each",50,1200,"Low-density suburb (1,000/sq. mi.)",2.89,2.71,3.07,2.71–3.07,0.97,0.87,1.06,0.87–1.06,15
Durham,NC,Multifamily,"50 units, 1,200 sq. ft. each",50,1200,"Low-density suburb (1,000/sq. mi.)",2.88,2.66,3.09,2.66–3.09,0.56,0.45,0.68,0.45–0.68,16
Nashville,TN,Multifamily,"50 units, 1,200 sq. ft. each",50,1200,"Low-density suburb (1,000/sq. mi.)",2.86,2.62,3.11,2.62–3.11,0.89,0.74,1.05,0.74–1.05,17
Austin,TX,Multifamily,"50 units, 1,200 sq. ft. each",50,1200,"Low-density suburb (1,000/sq. mi.)",2.78,2.7,2.87,2.7–2.87,0.87,0.81,0.92,0.81–0.92,18
Washington,DC,Multifamily,"50 units, 1,200 sq. ft. each",50,1200,"Low-density suburb (1,000/sq. mi.)",2.7,2.14,3.26,2.14–3.26,0.78,0.52,1.04,0.52–1.04,19
San Diego,CA,Multifamily,"50 units, 1,200 sq. ft. each",50,1200,"Low-density suburb (1,000/sq. mi.)",2.7,2.45,2.94,2.45–2.94,0.71,0.59,0.82,0.59–0.82,20
Denver,CO,Multifamily,"50 units, 1,200 sq. ft. each",50,1200,"Low-density suburb (1,000/sq. mi.)",2.66,2.53,2.79,2.53–2.79,0.59,0.51,0.67,0.51–0.67,21
Boulder,CO,Multifamily,"50 units, 1,200 sq. ft. each",50,1200,"Low-density suburb (1,000/sq. mi.)",2.57,2.36,2.79,2.36–2.79,0.78,0.47,1.08,0.47–1.08,22
Houston,TX,Multifamily,"50 units, 1,200 sq. ft. each",50,1200,"Low-density suburb (1,000/sq. mi.)",2.52,2.41,2.63,2.41–2.63,0.5,0.45,0.55,0.45–0.55,23
Phoenix,AZ,Multifamily,"50 units, 1,200 sq. ft. each",50,1200,"Low-density suburb (1,000/sq. mi.)",2.5,2.37,2.63,2.37–2.63,0.59,0.52,0.66,0.52–0.66,24
Colorado Springs,CO,Multifamily,"50 units, 1,200 sq. ft. each",50,1200,"Low-density suburb (1,000/sq. mi.)",2.5,2.31,2.68,2.31–2.68,0.53,0.46,0.6,0.46–0.6,25
Anaheim,CA,Multifamily,"50 units, 1,200 sq. ft. each",50,1200,"Low-density suburb (1,000/sq. mi.)",2.47,1.93,3.01,1.93–3.01,1.14,0.64,1.64,0.64–1.64,26
Tampa,FL,Multifamily,"50 units, 1,200 sq. ft. each",50,1200,"Low-density suburb (1,000/sq. mi.)",2.47,1.62,3.32,1.62–3.32,0.46,0.25,0.68,0.25–0.68,27
Cleveland,OH,Multifamily,"50 units, 1,200 sq. ft. each",50,1200,"Low-density suburb (1,000/sq. mi.)",2.3,1.76,2.84,1.76–2.84,0.57,0.32,0.82,0.32–0.82,28
Atlanta,GA,Multifamily,"50 units, 1,200 sq. ft. each",50,1200,"Low-density suburb (1,000/sq. mi.)",2.22,1.91,2.52,1.91–2.52,0.39,0.27,0.5,0.27–0.5,29
Columbus,OH,Multifamily,"50 units, 1,200 sq. ft. each",50,1200,"Low-density suburb (1,000/sq. mi.)",2.18,2.05,2.31,2.05–2.31,0.42,0.38,0.46,0.38–0.46,30
Kansas City,MO,Multifamily,"50 units, 1,200 sq. ft. each",50,1200,"Low-density suburb (1,000/sq. mi.)",2.16,2,2.31,2–2.31,0.26,0.19,0.32,0.19–0.32,31
Boise,ID,Multifamily,"50 units, 1,200 sq. ft. each",50,1200,"Low-density suburb (1,000/sq. mi.)",2.14,1.87,2.41,1.87–2.41,0.44,0.34,0.53,0.34–0.53,32
Indianapolis,IN,Multifamily,"50 units, 1,200 sq. ft. each",50,1200,"Low-density suburb (1,000/sq. mi.)",2.12,1.92,2.33,1.92–2.33,0.68,0.55,0.81,0.55–0.81,33
Grand Rapids,MI,Multifamily,"50 units, 1,200 sq. ft. each",50,1200,"Low-density suburb (1,000/sq. mi.)",2.11,1.84,2.38,1.84–2.38,0.32,0.22,0.42,0.22–0.42,34
Fort Worth,TX,Multifamily,"50 units, 1,200 sq. ft. each",50,1200,"Low-density suburb (1,000/sq. mi.)",2.07,2,2.14,2–2.14,0.36,0.32,0.4,0.32–0.4,35
Cincinnati,OH,Multifamily,"50 units, 1,200 sq. ft. each",50,1200,"Low-density suburb (1,000/sq. mi.)",2.06,1.73,2.38,1.73–2.38,0.35,0.22,0.48,0.22–0.48,36
Sioux Falls,SD,Multifamily,"50 units, 1,200 sq. ft. each",50,1200,"Low-density suburb (1,000/sq. mi.)",2.02,1.7,2.34,1.7–2.34,0.28,0.21,0.35,0.21–0.35,37
Louisville,KY,Multifamily,"50 units, 1,200 sq. ft. each",50,1200,"Low-density suburb (1,000/sq. mi.)",2,1.85,2.14,1.85–2.14,0.56,0.49,0.63,0.49–0.63,38
Reno,NV,Multifamily,"50 units, 1,200 sq. ft. each",50,1200,"Low-density suburb (1,000/sq. mi.)",1.98,1.82,2.13,1.82–2.13,0.31,0.22,0.4,0.22–0.4,39
Jacksonville,FL,Multifamily,"50 units, 1,200 sq. ft. each",50,1200,"Low-density suburb (1,000/sq. mi.)",1.81,1.73,1.9,1.73–1.9,0.34,0.31,0.37,0.31–0.37,40
Raleigh,NC,Multifamily,"50 units, 1,200 sq. ft. each",50,1200,"Low-density suburb (1,000/sq. mi.)",1.75,1.62,1.87,1.62–1.87,0.29,0.23,0.36,0.23–0.36,41
New York,NY,Multifamily,"50 units, 1,200 sq. ft. each",50,1200,"City neighborhood (4,000/sq. mi.)",5.31,5.09,5.53,5.09–5.53,1.44,1.31,1.56,1.31–1.56,1
San Francisco,CA,Multifamily,"50 units, 1,200 sq. ft. each",50,1200,"City neighborhood (4,000/sq. mi.)",5.05,4.68,5.41,4.68–5.41,1.28,1.08,1.49,1.08–1.49,2
Baton Rouge,LA,Multifamily,"50 units, 1,200 sq. ft. each",50,1200,"City neighborhood (4,000/sq. mi.)",4.98,3.47,6.5,3.47–6.5,1.32,0.79,1.86,0.79–1.86,3
Miami,FL,Multifamily,"50 units, 1,200 sq. ft. each",50,1200,"City neighborhood (4,000/sq. mi.)",4.6,3.93,5.26,3.93–5.26,1.87,1.35,2.38,1.35–2.38,4
Los Angeles,CA,Multifamily,"50 units, 1,200 sq. ft. each",50,1200,"City neighborhood (4,000/sq. mi.)",4.45,4.27,4.62,4.27–4.62,1.56,1.47,1.66,1.47–1.66,5
Oakland,CA,Multifamily,"50 units, 1,200 sq. ft. each",50,1200,"City neighborhood (4,000/sq. mi.)",4.36,4.02,4.69,4.02–4.69,0.99,0.83,1.15,0.83–1.15,6
Boston,MA,Multifamily,"50 units, 1,200 sq. ft. each",50,1200,"City neighborhood (4,000/sq. mi.)",4.06,3.66,4.47,3.66–4.47,1.71,1.42,1.99,1.42–1.99,7
Charleston,SC,Multifamily,"50 units, 1,200 sq. ft. each",50,1200,"City neighborhood (4,000/sq. mi.)",3.97,3.06,4.89,3.06–4.89,1.79,1.1,2.49,1.1–2.49,8
Honolulu,HI,Multifamily,"50 units, 1,200 sq. ft. each",50,1200,"City neighborhood (4,000/sq. mi.)",3.93,3.51,4.35,3.51–4.35,1.7,1.48,1.92,1.48–1.92,9
Seattle,WA,Multifamily,"50 units, 1,200 sq. ft. each",50,1200,"City neighborhood (4,000/sq. mi.)",3.6,3.33,3.87,3.33–3.87,1.09,0.98,1.2,0.98–1.2,10
Philadelphia,PA,Multifamily,"50 units, 1,200 sq. ft. each",50,1200,"City neighborhood (4,000/sq. mi.)",3.3,2.97,3.63,2.97–3.63,0.33,0.27,0.4,0.27–0.4,11
Spokane,WA,Multifamily,"50 units, 1,200 sq. ft. each",50,1200,"City neighborhood (4,000/sq. mi.)",3.02,2.01,4.02,2.01–4.02,0.22,0.15,0.3,0.15–0.3,12
Sacramento,CA,Multifamily,"50 units, 1,200 sq. ft. each",50,1200,"City neighborhood (4,000/sq. mi.)",3.02,2.66,3.37,2.66–3.37,0.94,0.75,1.13,0.75–1.13,13
Durham,NC,Multifamily,"50 units, 1,200 sq. ft. each",50,1200,"City neighborhood (4,000/sq. mi.)",2.9,2.6,3.2,2.6–3.2,0.41,0.34,0.48,0.34–0.48,14
Austin,TX,Multifamily,"50 units, 1,200 sq. ft. each",50,1200,"City neighborhood (4,000/sq. mi.)",2.9,2.83,2.97,2.83–2.97,0.86,0.82,0.91,0.82–0.91,15
Jersey City,NJ,Multifamily,"50 units, 1,200 sq. ft. each",50,1200,"City neighborhood (4,000/sq. mi.)",2.84,2.21,3.47,2.21–3.47,0.32,0.11,0.53,0.11–0.53,16
San Diego,CA,Multifamily,"50 units, 1,200 sq. ft. each",50,1200,"City neighborhood (4,000/sq. mi.)",2.82,2.63,3.01,2.63–3.01,0.81,0.72,0.89,0.72–0.89,17
Nashville,TN,Multifamily,"50 units, 1,200 sq. ft. each",50,1200,"City neighborhood (4,000/sq. mi.)",2.82,2.51,3.12,2.51–3.12,0.75,0.53,0.96,0.53–0.96,18
Portland,OR,Multifamily,"50 units, 1,200 sq. ft. each",50,1200,"City neighborhood (4,000/sq. mi.)",2.77,2.61,2.93,2.61–2.93,0.94,0.86,1.03,0.86–1.03,19
Tulsa,OK,Multifamily,"50 units, 1,200 sq. ft. each",50,1200,"City neighborhood (4,000/sq. mi.)",2.77,2.22,3.32,2.22–3.32,0.81,0.46,1.15,0.46–1.15,20
Washington,DC,Multifamily,"50 units, 1,200 sq. ft. each",50,1200,"City neighborhood (4,000/sq. mi.)",2.74,2.42,3.07,2.42–3.07,0.78,0.63,0.93,0.63–0.93,21
Boulder,CO,Multifamily,"50 units, 1,200 sq. ft. each",50,1200,"City neighborhood (4,000/sq. mi.)",2.68,2.38,2.99,2.38–2.99,0.75,0.45,1.05,0.45–1.05,22
Houston,TX,Multifamily,"50 units, 1,200 sq. ft. each",50,1200,"City neighborhood (4,000/sq. mi.)",2.68,2.61,2.75,2.61–2.75,0.61,0.57,0.65,0.57–0.65,23
Denver,CO,Multifamily,"50 units, 1,200 sq. ft. each",50,1200,"City neighborhood (4,000/sq. mi.)",2.65,2.54,2.77,2.54–2.77,0.61,0.55,0.68,0.55–0.68,24
Orlando,FL,Multifamily,"50 units, 1,200 sq. ft. each",50,1200,"City neighborhood (4,000/sq. mi.)",2.65,2.44,2.87,2.44–2.87,0.76,0.65,0.86,0.65–0.86,25
Colorado Springs,CO,Multifamily,"50 units, 1,200 sq. ft. each",50,1200,"City neighborhood (4,000/sq. mi.)",2.53,2.36,2.69,2.36–2.69,0.54,0.48,0.59,0.48–0.59,26
Phoenix,AZ,Multifamily,"50 units, 1,200 sq. ft. each",50,1200,"City neighborhood (4,000/sq. mi.)",2.37,2.23,2.52,2.23–2.52,0.53,0.46,0.6,0.46–0.6,27
Cincinnati,OH,Multifamily,"50 units, 1,200 sq. ft. each",50,1200,"City neighborhood (4,000/sq. mi.)",2.34,2,2.67,2–2.67,0.48,0.34,0.62,0.34–0.62,28
Louisville,KY,Multifamily,"50 units, 1,200 sq. ft. each",50,1200,"City neighborhood (4,000/sq. mi.)",2.33,2.12,2.55,2.12–2.55,0.62,0.51,0.73,0.51–0.73,29
Anaheim,CA,Multifamily,"50 units, 1,200 sq. ft. each",50,1200,"City neighborhood (4,000/sq. mi.)",2.33,1.91,2.75,1.91–2.75,0.78,0.47,1.1,0.47–1.1,30
Cleveland,OH,Multifamily,"50 units, 1,200 sq. ft. each",50,1200,"City neighborhood (4,000/sq. mi.)",2.31,1.96,2.67,1.96–2.67,0.63,0.47,0.79,0.47–0.79,31
Tampa,FL,Multifamily,"50 units, 1,200 sq. ft. each",50,1200,"City neighborhood (4,000/sq. mi.)",2.25,1.91,2.6,1.91–2.6,0.49,0.38,0.6,0.38–0.6,32
Kansas City,MO,Multifamily,"50 units, 1,200 sq. ft. each",50,1200,"City neighborhood (4,000/sq. mi.)",2.15,1.93,2.36,1.93–2.36,0.2,0.13,0.27,0.13–0.27,33
Atlanta,GA,Multifamily,"50 units, 1,200 sq. ft. each",50,1200,"City neighborhood (4,000/sq. mi.)",2.12,1.92,2.31,1.92–2.31,0.39,0.32,0.46,0.32–0.46,34
Fort Worth,TX,Multifamily,"50 units, 1,200 sq. ft. each",50,1200,"City neighborhood (4,000/sq. mi.)",2.08,2.01,2.15,2.01–2.15,0.36,0.32,0.4,0.32–0.4,35
Jacksonville,FL,Multifamily,"50 units, 1,200 sq. ft. each",50,1200,"City neighborhood (4,000/sq. mi.)",2.08,1.96,2.19,1.96–2.19,0.4,0.36,0.45,0.36–0.45,36
Columbus,OH,Multifamily,"50 units, 1,200 sq. ft. each",50,1200,"City neighborhood (4,000/sq. mi.)",2.04,1.94,2.15,1.94–2.15,0.36,0.33,0.38,0.33–0.38,37
Indianapolis,IN,Multifamily,"50 units, 1,200 sq. ft. each",50,1200,"City neighborhood (4,000/sq. mi.)",2.02,1.85,2.19,1.85–2.19,0.54,0.44,0.63,0.44–0.63,38
Boise,ID,Multifamily,"50 units, 1,200 sq. ft. each",50,1200,"City neighborhood (4,000/sq. mi.)",1.99,1.71,2.27,1.71–2.27,0.45,0.35,0.56,0.35–0.56,39
Sioux Falls,SD,Multifamily,"50 units, 1,200 sq. ft. each",50,1200,"City neighborhood (4,000/sq. mi.)",1.96,1.69,2.23,1.69–2.23,0.25,0.18,0.31,0.18–0.31,40
Grand Rapids,MI,Multifamily,"50 units, 1,200 sq. ft. each",50,1200,"City neighborhood (4,000/sq. mi.)",1.89,1.75,2.03,1.75–2.03,0.32,0.24,0.4,0.24–0.4,41
Reno,NV,Multifamily,"50 units, 1,200 sq. ft. each",50,1200,"City neighborhood (4,000/sq. mi.)",1.88,1.71,2.05,1.71–2.05,0.24,0.17,0.3,0.17–0.3,42
St. Paul,MN,Multifamily,"50 units, 1,200 sq. ft. each",50,1200,"City neighborhood (4,000/sq. mi.)",1.86,1.4,2.32,1.4–2.32,0.31,0.2,0.42,0.2–0.42,43
Raleigh,NC,Multifamily,"50 units, 1,200 sq. ft. each",50,1200,"City neighborhood (4,000/sq. mi.)",1.78,1.65,1.9,1.65–1.9,0.31,0.24,0.38,0.24–0.38,44
New York,NY,Multifamily,"50 units, 1,200 sq. ft. each",50,1200,"Dense city neighborhood (10,000/sq. mi.)",5.26,5.09,5.42,5.09–5.42,1.38,1.29,1.47,1.29–1.47,1
Miami,FL,Multifamily,"50 units, 1,200 sq. ft. each",50,1200,"Dense city neighborhood (10,000/sq. mi.)",4.97,4.43,5.51,4.43–5.51,1.96,1.51,2.4,1.51–2.4,2
San Francisco,CA,Multifamily,"50 units, 1,200 sq. ft. each",50,1200,"Dense city neighborhood (10,000/sq. mi.)",4.87,4.58,5.15,4.58–5.15,1.32,1.17,1.48,1.17–1.48,3
Los Angeles,CA,Multifamily,"50 units, 1,200 sq. ft. each",50,1200,"Dense city neighborhood (10,000/sq. mi.)",4.52,4.39,4.66,4.39–4.66,1.49,1.42,1.56,1.42–1.56,4
Boston,MA,Multifamily,"50 units, 1,200 sq. ft. each",50,1200,"Dense city neighborhood (10,000/sq. mi.)",4.32,3.97,4.66,3.97–4.66,1.86,1.61,2.11,1.61–2.11,5
Oakland,CA,Multifamily,"50 units, 1,200 sq. ft. each",50,1200,"Dense city neighborhood (10,000/sq. mi.)",3.82,3.42,4.21,3.42–4.21,0.82,0.69,0.95,0.69–0.95,6
Honolulu,HI,Multifamily,"50 units, 1,200 sq. ft. each",50,1200,"Dense city neighborhood (10,000/sq. mi.)",3.77,3.3,4.23,3.3–4.23,1.81,1.54,2.08,1.54–2.08,7
Seattle,WA,Multifamily,"50 units, 1,200 sq. ft. each",50,1200,"Dense city neighborhood (10,000/sq. mi.)",3.54,3.36,3.73,3.36–3.73,1.09,1.02,1.17,1.02–1.17,8
Philadelphia,PA,Multifamily,"50 units, 1,200 sq. ft. each",50,1200,"Dense city neighborhood (10,000/sq. mi.)",3.31,3.07,3.54,3.07–3.54,0.33,0.29,0.37,0.29–0.37,9
Spokane,WA,Multifamily,"50 units, 1,200 sq. ft. each",50,1200,"Dense city neighborhood (10,000/sq. mi.)",3.18,2.36,4,2.36–4,0.17,0.11,0.22,0.11–0.22,10
Austin,TX,Multifamily,"50 units, 1,200 sq. ft. each",50,1200,"Dense city neighborhood (10,000/sq. mi.)",2.98,2.88,3.08,2.88–3.08,0.86,0.8,0.93,0.8–0.93,11
Sacramento,CA,Multifamily,"50 units, 1,200 sq. ft. each",50,1200,"Dense city neighborhood (10,000/sq. mi.)",2.97,2.64,3.31,2.64–3.31,0.91,0.73,1.08,0.73–1.08,12
Jersey City,NJ,Multifamily,"50 units, 1,200 sq. ft. each",50,1200,"Dense city neighborhood (10,000/sq. mi.)",2.95,2.54,3.36,2.54–3.36,0.35,0.21,0.48,0.21–0.48,13
Durham,NC,Multifamily,"50 units, 1,200 sq. ft. each",50,1200,"Dense city neighborhood (10,000/sq. mi.)",2.92,2.45,3.39,2.45–3.39,0.33,0.25,0.4,0.25–0.4,14
San Diego,CA,Multifamily,"50 units, 1,200 sq. ft. each",50,1200,"Dense city neighborhood (10,000/sq. mi.)",2.91,2.71,3.1,2.71–3.1,0.88,0.8,0.97,0.8–0.97,15
Houston,TX,Multifamily,"50 units, 1,200 sq. ft. each",50,1200,"Dense city neighborhood (10,000/sq. mi.)",2.79,2.71,2.87,2.71–2.87,0.71,0.66,0.75,0.66–0.75,16
Nashville,TN,Multifamily,"50 units, 1,200 sq. ft. each",50,1200,"Dense city neighborhood (10,000/sq. mi.)",2.79,2.38,3.19,2.38–3.19,0.67,0.41,0.92,0.41–0.92,17
Washington,DC,Multifamily,"50 units, 1,200 sq. ft. each",50,1200,"Dense city neighborhood (10,000/sq. mi.)",2.77,2.57,2.98,2.57–2.98,0.78,0.68,0.88,0.68–0.88,18
Boulder,CO,Multifamily,"50 units, 1,200 sq. ft. each",50,1200,"Dense city neighborhood (10,000/sq. mi.)",2.76,2.36,3.17,2.36–3.17,0.73,0.42,1.04,0.42–1.04,19
Portland,OR,Multifamily,"50 units, 1,200 sq. ft. each",50,1200,"Dense city neighborhood (10,000/sq. mi.)",2.69,2.52,2.86,2.52–2.86,0.93,0.84,1.02,0.84–1.02,20
Denver,CO,Multifamily,"50 units, 1,200 sq. ft. each",50,1200,"Dense city neighborhood (10,000/sq. mi.)",2.65,2.54,2.76,2.54–2.76,0.63,0.57,0.69,0.57–0.69,21
Louisville,KY,Multifamily,"50 units, 1,200 sq. ft. each",50,1200,"Dense city neighborhood (10,000/sq. mi.)",2.59,2.23,2.95,2.23–2.95,0.66,0.5,0.82,0.5–0.82,22
Cincinnati,OH,Multifamily,"50 units, 1,200 sq. ft. each",50,1200,"Dense city neighborhood (10,000/sq. mi.)",2.55,2.08,3.01,2.08–3.01,0.6,0.4,0.8,0.4–0.8,23
Colorado Springs,CO,Multifamily,"50 units, 1,200 sq. ft. each",50,1200,"Dense city neighborhood (10,000/sq. mi.)",2.55,2.35,2.74,2.35–2.74,0.54,0.48,0.61,0.48–0.61,24
Orlando,FL,Multifamily,"50 units, 1,200 sq. ft. each",50,1200,"Dense city neighborhood (10,000/sq. mi.)",2.35,2.13,2.57,2.13–2.57,0.6,0.5,0.7,0.5–0.7,25
Cleveland,OH,Multifamily,"50 units, 1,200 sq. ft. each",50,1200,"Dense city neighborhood (10,000/sq. mi.)",2.32,1.9,2.74,1.9–2.74,0.67,0.48,0.85,0.48–0.85,26
Phoenix,AZ,Multifamily,"50 units, 1,200 sq. ft. each",50,1200,"Dense city neighborhood (10,000/sq. mi.)",2.29,2.11,2.47,2.11–2.47,0.49,0.41,0.57,0.41–0.57,27
Jacksonville,FL,Multifamily,"50 units, 1,200 sq. ft. each",50,1200,"Dense city neighborhood (10,000/sq. mi.)",2.27,2.11,2.43,2.11–2.43,0.45,0.39,0.51,0.39–0.51,28
Anaheim,CA,Multifamily,"50 units, 1,200 sq. ft. each",50,1200,"Dense city neighborhood (10,000/sq. mi.)",2.24,1.75,2.72,1.75–2.72,0.61,0.33,0.9,0.33–0.9,29
Kansas City,MO,Multifamily,"50 units, 1,200 sq. ft. each",50,1200,"Dense city neighborhood (10,000/sq. mi.)",2.14,1.84,2.43,1.84–2.43,0.17,0.1,0.25,0.1–0.25,30
Tampa,FL,Multifamily,"50 units, 1,200 sq. ft. each",50,1200,"Dense city neighborhood (10,000/sq. mi.)",2.12,1.59,2.65,1.59–2.65,0.51,0.33,0.68,0.33–0.68,31
Fort Worth,TX,Multifamily,"50 units, 1,200 sq. ft. each",50,1200,"Dense city neighborhood (10,000/sq. mi.)",2.09,1.99,2.19,1.99–2.19,0.36,0.31,0.42,0.31–0.42,32
Atlanta,GA,Multifamily,"50 units, 1,200 sq. ft. each",50,1200,"Dense city neighborhood (10,000/sq. mi.)",2.05,1.87,2.24,1.87–2.24,0.39,0.31,0.46,0.31–0.46,33
Columbus,OH,Multifamily,"50 units, 1,200 sq. ft. each",50,1200,"Dense city neighborhood (10,000/sq. mi.)",1.95,1.83,2.08,1.83–2.08,0.32,0.29,0.35,0.29–0.35,34
Indianapolis,IN,Multifamily,"50 units, 1,200 sq. ft. each",50,1200,"Dense city neighborhood (10,000/sq. mi.)",1.95,1.69,2.22,1.69–2.22,0.46,0.34,0.58,0.34–0.58,35
Sioux Falls,SD,Multifamily,"50 units, 1,200 sq. ft. each",50,1200,"Dense city neighborhood (10,000/sq. mi.)",1.92,1.64,2.2,1.64–2.2,0.22,0.16,0.29,0.16–0.29,36
St. Paul,MN,Multifamily,"50 units, 1,200 sq. ft. each",50,1200,"Dense city neighborhood (10,000/sq. mi.)",1.92,1.39,2.45,1.39–2.45,0.24,0.14,0.34,0.14–0.34,37
Boise,ID,Multifamily,"50 units, 1,200 sq. ft. each",50,1200,"Dense city neighborhood (10,000/sq. mi.)",1.89,1.6,2.19,1.6–2.19,0.46,0.34,0.59,0.34–0.59,38
Reno,NV,Multifamily,"50 units, 1,200 sq. ft. each",50,1200,"Dense city neighborhood (10,000/sq. mi.)",1.82,1.63,2,1.63–2,0.2,0.13,0.26,0.13–0.26,39
Raleigh,NC,Multifamily,"50 units, 1,200 sq. ft. each",50,1200,"Dense city neighborhood (10,000/sq. mi.)",1.8,1.64,1.95,1.64–1.95,0.32,0.25,0.4,0.25–0.4,40
Grand Rapids,MI,Multifamily,"50 units, 1,200 sq. ft. each",50,1200,"Dense city neighborhood (10,000/sq. mi.)",1.76,1.53,1.98,1.53–1.98,0.32,0.18,0.45,0.18–0.45,41
Miami,FL,Multifamily,"50 units, 1,200 sq. ft. each",50,1200,"Urban core (25,000/sq. mi.)",5.37,4.58,6.17,4.58–6.17,2.05,1.45,2.65,1.45–2.65,1
New York,NY,Multifamily,"50 units, 1,200 sq. ft. each",50,1200,"Urban core (25,000/sq. mi.)",5.21,5.08,5.34,5.08–5.34,1.32,1.25,1.38,1.25–1.38,2
San Francisco,CA,Multifamily,"50 units, 1,200 sq. ft. each",50,1200,"Urban core (25,000/sq. mi.)",4.69,4.43,4.96,4.43–4.96,1.36,1.22,1.5,1.22–1.5,3
Los Angeles,CA,Multifamily,"50 units, 1,200 sq. ft. each",50,1200,"Urban core (25,000/sq. mi.)",4.6,4.45,4.74,4.45–4.74,1.42,1.35,1.49,1.35–1.49,4
Boston,MA,Multifamily,"50 units, 1,200 sq. ft. each",50,1200,"Urban core (25,000/sq. mi.)",4.59,4.24,4.94,4.24–4.94,2.03,1.77,2.29,1.77–2.29,5
Honolulu,HI,Multifamily,"50 units, 1,200 sq. ft. each",50,1200,"Urban core (25,000/sq. mi.)",3.61,3.08,4.13,3.08–4.13,1.92,1.59,2.26,1.59–2.26,6
Seattle,WA,Multifamily,"50 units, 1,200 sq. ft. each",50,1200,"Urban core (25,000/sq. mi.)",3.49,3.31,3.66,3.31–3.66,1.1,1.02,1.18,1.02–1.18,7
Oakland,CA,Multifamily,"50 units, 1,200 sq. ft. each",50,1200,"Urban core (25,000/sq. mi.)",3.35,2.81,3.88,2.81–3.88,0.68,0.5,0.86,0.5–0.86,8
Spokane,WA,Multifamily,"50 units, 1,200 sq. ft. each",50,1200,"Urban core (25,000/sq. mi.)",3.35,2.4,4.29,2.4–4.29,0.13,0.08,0.18,0.08–0.18,9
Philadelphia,PA,Multifamily,"50 units, 1,200 sq. ft. each",50,1200,"Urban core (25,000/sq. mi.)",3.31,3.08,3.55,3.08–3.55,0.32,0.28,0.36,0.28–0.36,10
Jersey City,NJ,Multifamily,"50 units, 1,200 sq. ft. each",50,1200,"Urban core (25,000/sq. mi.)",3.07,2.76,3.37,2.76–3.37,0.38,0.28,0.47,0.28–0.47,11
Austin,TX,Multifamily,"50 units, 1,200 sq. ft. each",50,1200,"Urban core (25,000/sq. mi.)",3.06,2.92,3.21,2.92–3.21,0.86,0.78,0.94,0.78–0.94,12
San Diego,CA,Multifamily,"50 units, 1,200 sq. ft. each",50,1200,"Urban core (25,000/sq. mi.)",3,2.76,3.23,2.76–3.23,0.97,0.86,1.08,0.86–1.08,13
Durham,NC,Multifamily,"50 units, 1,200 sq. ft. each",50,1200,"Urban core (25,000/sq. mi.)",2.94,2.28,3.59,2.28–3.59,0.27,0.18,0.35,0.18–0.35,14
Sacramento,CA,Multifamily,"50 units, 1,200 sq. ft. each",50,1200,"Urban core (25,000/sq. mi.)",2.93,2.6,3.26,2.6–3.26,0.88,0.7,1.05,0.7–1.05,15
Houston,TX,Multifamily,"50 units, 1,200 sq. ft. each",50,1200,"Urban core (25,000/sq. mi.)",2.91,2.79,3.03,2.79–3.03,0.81,0.73,0.89,0.73–0.89,16
Louisville,KY,Multifamily,"50 units, 1,200 sq. ft. each",50,1200,"Urban core (25,000/sq. mi.)",2.87,2.32,3.42,2.32–3.42,0.7,0.48,0.92,0.48–0.92,17
Boulder,CO,Multifamily,"50 units, 1,200 sq. ft. each",50,1200,"Urban core (25,000/sq. mi.)",2.84,2.32,3.37,2.32–3.37,0.72,0.4,1.04,0.4–1.04,18
Washington,DC,Multifamily,"50 units, 1,200 sq. ft. each",50,1200,"Urban core (25,000/sq. mi.)",2.8,2.6,3,2.6–3,0.79,0.69,0.88,0.69–0.88,19
Cincinnati,OH,Multifamily,"50 units, 1,200 sq. ft. each",50,1200,"Urban core (25,000/sq. mi.)",2.77,2.1,3.45,2.1–3.45,0.74,0.42,1.06,0.42–1.06,20
Nashville,TN,Multifamily,"50 units, 1,200 sq. ft. each",50,1200,"Urban core (25,000/sq. mi.)",2.76,2.23,3.28,2.23–3.28,0.59,0.3,0.88,0.3–0.88,21
Denver,CO,Multifamily,"50 units, 1,200 sq. ft. each",50,1200,"Urban core (25,000/sq. mi.)",2.65,2.53,2.77,2.53–2.77,0.65,0.58,0.72,0.58–0.72,22
Portland,OR,Multifamily,"50 units, 1,200 sq. ft. each",50,1200,"Urban core (25,000/sq. mi.)",2.62,2.42,2.82,2.42–2.82,0.92,0.82,1.01,0.82–1.01,23
Colorado Springs,CO,Multifamily,"50 units, 1,200 sq. ft. each",50,1200,"Urban core (25,000/sq. mi.)",2.57,2.32,2.81,2.32–2.81,0.55,0.47,0.63,0.47–0.63,24
Jacksonville,FL,Multifamily,"50 units, 1,200 sq. ft. each",50,1200,"Urban core (25,000/sq. mi.)",2.48,2.27,2.7,2.27–2.7,0.51,0.42,0.59,0.42–0.59,25
Cleveland,OH,Multifamily,"50 units, 1,200 sq. ft. each",50,1200,"Urban core (25,000/sq. mi.)",2.33,1.73,2.93,1.73–2.93,0.71,0.42,1,0.42–1,26
Phoenix,AZ,Multifamily,"50 units, 1,200 sq. ft. each",50,1200,"Urban core (25,000/sq. mi.)",2.21,1.99,2.43,1.99–2.43,0.46,0.37,0.55,0.37–0.55,27
Kansas City,MO,Multifamily,"50 units, 1,200 sq. ft. each",50,1200,"Urban core (25,000/sq. mi.)",2.13,1.75,2.52,1.75–2.52,0.15,0.07,0.23,0.07–0.23,28
Fort Worth,TX,Multifamily,"50 units, 1,200 sq. ft. each",50,1200,"Urban core (25,000/sq. mi.)",2.1,1.95,2.24,1.95–2.24,0.36,0.29,0.43,0.29–0.43,29
Orlando,FL,Multifamily,"50 units, 1,200 sq. ft. each",50,1200,"Urban core (25,000/sq. mi.)",2.08,1.86,2.3,1.86–2.3,0.48,0.39,0.58,0.39–0.58,30
Atlanta,GA,Multifamily,"50 units, 1,200 sq. ft. each",50,1200,"Urban core (25,000/sq. mi.)",1.99,1.76,2.22,1.76–2.22,0.39,0.29,0.49,0.29–0.49,31
St. Paul,MN,Multifamily,"50 units, 1,200 sq. ft. each",50,1200,"Urban core (25,000/sq. mi.)",1.98,1.16,2.8,1.16–2.8,0.18,0.05,0.31,0.05–0.31,32
Indianapolis,IN,Multifamily,"50 units, 1,200 sq. ft. each",50,1200,"Urban core (25,000/sq. mi.)",1.89,1.51,2.27,1.51–2.27,0.4,0.25,0.54,0.25–0.54,33
Sioux Falls,SD,Multifamily,"50 units, 1,200 sq. ft. each",50,1200,"Urban core (25,000/sq. mi.)",1.88,1.57,2.2,1.57–2.2,0.2,0.13,0.28,0.13–0.28,34
Columbus,OH,Multifamily,"50 units, 1,200 sq. ft. each",50,1200,"Urban core (25,000/sq. mi.)",1.87,1.71,2.03,1.71–2.03,0.29,0.25,0.32,0.25–0.32,35
Raleigh,NC,Multifamily,"50 units, 1,200 sq. ft. each",50,1200,"Urban core (25,000/sq. mi.)",1.82,1.6,2.03,1.6–2.03,0.33,0.24,0.43,0.24–0.43,36
Boise,ID,Multifamily,"50 units, 1,200 sq. ft. each",50,1200,"Urban core (25,000/sq. mi.)",1.8,1.49,2.12,1.49–2.12,0.47,0.32,0.63,0.32–0.63,37
Reno,NV,Multifamily,"50 units, 1,200 sq. ft. each",50,1200,"Urban core (25,000/sq. mi.)",1.76,1.55,1.97,1.55–1.97,0.16,0.11,0.22,0.11–0.22,38
Grand Rapids,MI,Multifamily,"50 units, 1,200 sq. ft. each",50,1200,"Urban core (25,000/sq. mi.)",1.63,1.29,1.97,1.29–1.97,0.32,0.12,0.52,0.12–0.52,39
New York,NY,Multifamily,"50 units, 1,500 sq. ft. each",50,1500,"Low-density suburb (1,000/sq. mi.)",5.51,5.18,5.84,5.18–5.84,1.55,1.35,1.75,1.35–1.75,1
San Francisco,CA,Multifamily,"50 units, 1,500 sq. ft. each",50,1500,"Low-density suburb (1,000/sq. mi.)",5.38,4.81,5.94,4.81–5.94,1.24,0.95,1.54,0.95–1.54,2
Oakland,CA,Multifamily,"50 units, 1,500 sq. ft. each",50,1500,"Low-density suburb (1,000/sq. mi.)",5.15,4.46,5.83,4.46–5.83,1.21,0.84,1.57,0.84–1.57,3
Baton Rouge,LA,Multifamily,"50 units, 1,500 sq. ft. each",50,1500,"Low-density suburb (1,000/sq. mi.)",4.75,2.99,6.52,2.99–6.52,1.02,0.54,1.49,0.54–1.49,4
Los Angeles,CA,Multifamily,"50 units, 1,500 sq. ft. each",50,1500,"Low-density suburb (1,000/sq. mi.)",4.44,4.16,4.72,4.16–4.72,1.66,1.5,1.82,1.5–1.82,5
Honolulu,HI,Multifamily,"50 units, 1,500 sq. ft. each",50,1500,"Low-density suburb (1,000/sq. mi.)",4.29,3.83,4.76,3.83–4.76,1.6,1.41,1.8,1.41–1.8,6
Miami,FL,Multifamily,"50 units, 1,500 sq. ft. each",50,1500,"Low-density suburb (1,000/sq. mi.)",4.08,3.01,5.16,3.01–5.16,1.78,0.92,2.63,0.92–2.63,7
Tulsa,OK,Multifamily,"50 units, 1,500 sq. ft. each",50,1500,"Low-density suburb (1,000/sq. mi.)",3.89,3.05,4.73,3.05–4.73,0.71,0.54,0.87,0.54–0.87,8
Charleston,SC,Multifamily,"50 units, 1,500 sq. ft. each",50,1500,"Low-density suburb (1,000/sq. mi.)",3.8,2.95,4.64,2.95–4.64,1.61,1.05,2.17,1.05–2.17,9
Seattle,WA,Multifamily,"50 units, 1,500 sq. ft. each",50,1500,"Low-density suburb (1,000/sq. mi.)",3.71,3.23,4.19,3.23–4.19,1.08,0.89,1.28,0.89–1.28,10
Boston,MA,Multifamily,"50 units, 1,500 sq. ft. each",50,1500,"Low-density suburb (1,000/sq. mi.)",3.68,3.13,4.23,3.13–4.23,1.47,1.12,1.82,1.12–1.82,11
Orlando,FL,Multifamily,"50 units, 1,500 sq. ft. each",50,1500,"Low-density suburb (1,000/sq. mi.)",3.32,3.06,3.59,3.06–3.59,1.17,1.02,1.32,1.02–1.32,12
Philadelphia,PA,Multifamily,"50 units, 1,500 sq. ft. each",50,1500,"Low-density suburb (1,000/sq. mi.)",3.29,2.75,3.82,2.75–3.82,0.35,0.24,0.46,0.24–0.46,13
Nashville,TN,Multifamily,"50 units, 1,500 sq. ft. each",50,1500,"Low-density suburb (1,000/sq. mi.)",3.06,2.79,3.33,2.79–3.33,0.96,0.79,1.13,0.79–1.13,14
Portland,OR,Multifamily,"50 units, 1,500 sq. ft. each",50,1500,"Low-density suburb (1,000/sq. mi.)",3.03,2.8,3.26,2.8–3.26,0.99,0.87,1.1,0.87–1.1,15
Sacramento,CA,Multifamily,"50 units, 1,500 sq. ft. each",50,1500,"Low-density suburb (1,000/sq. mi.)",3.02,2.59,3.45,2.59–3.45,0.98,0.74,1.22,0.74–1.22,16
Durham,NC,Multifamily,"50 units, 1,500 sq. ft. each",50,1500,"Low-density suburb (1,000/sq. mi.)",2.9,2.68,3.12,2.68–3.12,0.56,0.44,0.67,0.44–0.67,17
Austin,TX,Multifamily,"50 units, 1,500 sq. ft. each",50,1500,"Low-density suburb (1,000/sq. mi.)",2.85,2.75,2.94,2.75–2.94,0.87,0.82,0.93,0.82–0.93,18
Colorado Springs,CO,Multifamily,"50 units, 1,500 sq. ft. each",50,1500,"Low-density suburb (1,000/sq. mi.)",2.81,2.57,3.04,2.57–3.04,0.62,0.53,0.7,0.53–0.7,19
San Diego,CA,Multifamily,"50 units, 1,500 sq. ft. each",50,1500,"Low-density suburb (1,000/sq. mi.)",2.7,2.44,2.95,2.44–2.95,0.71,0.6,0.83,0.6–0.83,20
Boulder,CO,Multifamily,"50 units, 1,500 sq. ft. each",50,1500,"Low-density suburb (1,000/sq. mi.)",2.7,2.47,2.92,2.47–2.92,0.82,0.49,1.15,0.49–1.15,21
Washington,DC,Multifamily,"50 units, 1,500 sq. ft. each",50,1500,"Low-density suburb (1,000/sq. mi.)",2.67,2.11,3.24,2.11–3.24,0.77,0.51,1.04,0.51–1.04,22
Denver,CO,Multifamily,"50 units, 1,500 sq. ft. each",50,1500,"Low-density suburb (1,000/sq. mi.)",2.65,2.52,2.77,2.52–2.77,0.58,0.51,0.66,0.51–0.66,23
Phoenix,AZ,Multifamily,"50 units, 1,500 sq. ft. each",50,1500,"Low-density suburb (1,000/sq. mi.)",2.55,2.41,2.7,2.41–2.7,0.58,0.51,0.66,0.51–0.66,24
Houston,TX,Multifamily,"50 units, 1,500 sq. ft. each",50,1500,"Low-density suburb (1,000/sq. mi.)",2.54,2.43,2.65,2.43–2.65,0.5,0.45,0.56,0.45–0.56,25
Anaheim,CA,Multifamily,"50 units, 1,500 sq. ft. each",50,1500,"Low-density suburb (1,000/sq. mi.)",2.53,1.97,3.08,1.97–3.08,1.13,0.63,1.64,0.63–1.64,26
Tampa,FL,Multifamily,"50 units, 1,500 sq. ft. each",50,1500,"Low-density suburb (1,000/sq. mi.)",2.47,1.63,3.31,1.63–3.31,0.45,0.24,0.67,0.24–0.67,27
Cleveland,OH,Multifamily,"50 units, 1,500 sq. ft. each",50,1500,"Low-density suburb (1,000/sq. mi.)",2.41,1.83,2.99,1.83–2.99,0.62,0.34,0.89,0.34–0.89,28
Atlanta,GA,Multifamily,"50 units, 1,500 sq. ft. each",50,1500,"Low-density suburb (1,000/sq. mi.)",2.29,1.97,2.6,1.97–2.6,0.4,0.28,0.52,0.28–0.52,29
Columbus,OH,Multifamily,"50 units, 1,500 sq. ft. each",50,1500,"Low-density suburb (1,000/sq. mi.)",2.25,2.1,2.4,2.1–2.4,0.42,0.37,0.46,0.37–0.46,30
Kansas City,MO,Multifamily,"50 units, 1,500 sq. ft. each",50,1500,"Low-density suburb (1,000/sq. mi.)",2.21,2.03,2.39,2.03–2.39,0.26,0.2,0.33,0.2–0.33,31
Indianapolis,IN,Multifamily,"50 units, 1,500 sq. ft. each",50,1500,"Low-density suburb (1,000/sq. mi.)",2.19,1.97,2.41,1.97–2.41,0.7,0.56,0.83,0.56–0.83,32
Boise,ID,Multifamily,"50 units, 1,500 sq. ft. each",50,1500,"Low-density suburb (1,000/sq. mi.)",2.15,1.86,2.44,1.86–2.44,0.43,0.33,0.53,0.33–0.53,33
Fort Worth,TX,Multifamily,"50 units, 1,500 sq. ft. each",50,1500,"Low-density suburb (1,000/sq. mi.)",2.12,2.05,2.19,2.05–2.19,0.39,0.35,0.43,0.35–0.43,34
Grand Rapids,MI,Multifamily,"50 units, 1,500 sq. ft. each",50,1500,"Low-density suburb (1,000/sq. mi.)",2.11,1.84,2.39,1.84–2.39,0.32,0.22,0.42,0.22–0.42,35
Cincinnati,OH,Multifamily,"50 units, 1,500 sq. ft. each",50,1500,"Low-density suburb (1,000/sq. mi.)",2.11,1.79,2.43,1.79–2.43,0.33,0.21,0.45,0.21–0.45,36
Louisville,KY,Multifamily,"50 units, 1,500 sq. ft. each",50,1500,"Low-density suburb (1,000/sq. mi.)",2.06,1.91,2.21,1.91–2.21,0.59,0.51,0.66,0.51–0.66,37
Reno,NV,Multifamily,"50 units, 1,500 sq. ft. each",50,1500,"Low-density suburb (1,000/sq. mi.)",2.03,1.86,2.2,1.86–2.2,0.32,0.22,0.41,0.22–0.41,38
Sioux Falls,SD,Multifamily,"50 units, 1,500 sq. ft. each",50,1500,"Low-density suburb (1,000/sq. mi.)",1.97,1.64,2.3,1.64–2.3,0.29,0.21,0.37,0.21–0.37,39
Jacksonville,FL,Multifamily,"50 units, 1,500 sq. ft. each",50,1500,"Low-density suburb (1,000/sq. mi.)",1.86,1.77,1.95,1.77–1.95,0.34,0.31,0.37,0.31–0.37,40
Raleigh,NC,Multifamily,"50 units, 1,500 sq. ft. each",50,1500,"Low-density suburb (1,000/sq. mi.)",1.8,1.66,1.94,1.66–1.94,0.31,0.24,0.38,0.24–0.38,41
New York,NY,Multifamily,"50 units, 1,500 sq. ft. each",50,1500,"City neighborhood (4,000/sq. mi.)",5.43,5.2,5.67,5.2–5.67,1.45,1.32,1.58,1.32–1.58,1
Baton Rouge,LA,Multifamily,"50 units, 1,500 sq. ft. each",50,1500,"City neighborhood (4,000/sq. mi.)",5.16,3.58,6.74,3.58–6.74,1.43,0.85,2.02,0.85–2.02,2
San Francisco,CA,Multifamily,"50 units, 1,500 sq. ft. each",50,1500,"City neighborhood (4,000/sq. mi.)",5.09,4.71,5.46,4.71–5.46,1.3,1.09,1.51,1.09–1.51,3
Miami,FL,Multifamily,"50 units, 1,500 sq. ft. each",50,1500,"City neighborhood (4,000/sq. mi.)",4.59,3.95,5.24,3.95–5.24,1.91,1.39,2.42,1.39–2.42,4
Los Angeles,CA,Multifamily,"50 units, 1,500 sq. ft. each",50,1500,"City neighborhood (4,000/sq. mi.)",4.55,4.37,4.74,4.37–4.74,1.55,1.45,1.65,1.45–1.65,5
Charleston,SC,Multifamily,"50 units, 1,500 sq. ft. each",50,1500,"City neighborhood (4,000/sq. mi.)",4.48,3.23,5.72,3.23–5.72,3.03,1.61,4.45,1.61–4.45,6
Oakland,CA,Multifamily,"50 units, 1,500 sq. ft. each",50,1500,"City neighborhood (4,000/sq. mi.)",4.22,3.83,4.6,3.83–4.6,0.91,0.77,1.04,0.77–1.04,7
Boston,MA,Multifamily,"50 units, 1,500 sq. ft. each",50,1500,"City neighborhood (4,000/sq. mi.)",4.04,3.62,4.45,3.62–4.45,1.67,1.39,1.95,1.39–1.95,8
Honolulu,HI,Multifamily,"50 units, 1,500 sq. ft. each",50,1500,"City neighborhood (4,000/sq. mi.)",4.02,3.57,4.47,3.57–4.47,1.76,1.53,1.99,1.53–1.99,9
Seattle,WA,Multifamily,"50 units, 1,500 sq. ft. each",50,1500,"City neighborhood (4,000/sq. mi.)",3.62,3.34,3.91,3.34–3.91,1.09,0.98,1.21,0.98–1.21,10
Philadelphia,PA,Multifamily,"50 units, 1,500 sq. ft. each",50,1500,"City neighborhood (4,000/sq. mi.)",3.3,2.97,3.63,2.97–3.63,0.34,0.27,0.4,0.27–0.4,11
Spokane,WA,Multifamily,"50 units, 1,500 sq. ft. each",50,1500,"City neighborhood (4,000/sq. mi.)",3.19,2.05,4.33,2.05–4.33,0.23,0.15,0.3,0.15–0.3,12
Nashville,TN,Multifamily,"50 units, 1,500 sq. ft. each",50,1500,"City neighborhood (4,000/sq. mi.)",3.01,2.67,3.34,2.67–3.34,0.8,0.57,1.04,0.57–1.04,13
Austin,TX,Multifamily,"50 units, 1,500 sq. ft. each",50,1500,"City neighborhood (4,000/sq. mi.)",2.97,2.88,3.06,2.88–3.06,0.87,0.82,0.93,0.82–0.93,14
Sacramento,CA,Multifamily,"50 units, 1,500 sq. ft. each",50,1500,"City neighborhood (4,000/sq. mi.)",2.95,2.58,3.32,2.58–3.32,0.93,0.73,1.13,0.73–1.13,15
Durham,NC,Multifamily,"50 units, 1,500 sq. ft. each",50,1500,"City neighborhood (4,000/sq. mi.)",2.93,2.61,3.24,2.61–3.24,0.41,0.33,0.48,0.33–0.48,16
Portland,OR,Multifamily,"50 units, 1,500 sq. ft. each",50,1500,"City neighborhood (4,000/sq. mi.)",2.91,2.7,3.11,2.7–3.11,0.97,0.86,1.07,0.86–1.07,17
Colorado Springs,CO,Multifamily,"50 units, 1,500 sq. ft. each",50,1500,"City neighborhood (4,000/sq. mi.)",2.84,2.64,3.04,2.64–3.04,0.63,0.56,0.7,0.56–0.7,18
Jersey City,NJ,Multifamily,"50 units, 1,500 sq. ft. each",50,1500,"City neighborhood (4,000/sq. mi.)",2.83,2.2,3.45,2.2–3.45,0.32,0.12,0.53,0.12–0.53,19
San Diego,CA,Multifamily,"50 units, 1,500 sq. ft. each",50,1500,"City neighborhood (4,000/sq. mi.)",2.82,2.62,3.02,2.62–3.02,0.82,0.73,0.9,0.73–0.9,20
Boulder,CO,Multifamily,"50 units, 1,500 sq. ft. each",50,1500,"City neighborhood (4,000/sq. mi.)",2.81,2.51,3.12,2.51–3.12,0.8,0.47,1.12,0.47–1.12,21
Tulsa,OK,Multifamily,"50 units, 1,500 sq. ft. each",50,1500,"City neighborhood (4,000/sq. mi.)",2.8,2.23,3.36,2.23–3.36,0.83,0.47,1.19,0.47–1.19,22
Orlando,FL,Multifamily,"50 units, 1,500 sq. ft. each",50,1500,"City neighborhood (4,000/sq. mi.)",2.77,2.54,2.99,2.54–2.99,0.83,0.71,0.95,0.71–0.95,23
Washington,DC,Multifamily,"50 units, 1,500 sq. ft. each",50,1500,"City neighborhood (4,000/sq. mi.)",2.71,2.38,3.05,2.38–3.05,0.78,0.62,0.93,0.62–0.93,24
Houston,TX,Multifamily,"50 units, 1,500 sq. ft. each",50,1500,"City neighborhood (4,000/sq. mi.)",2.7,2.63,2.78,2.63–2.78,0.62,0.58,0.66,0.58–0.66,25
Denver,CO,Multifamily,"50 units, 1,500 sq. ft. each",50,1500,"City neighborhood (4,000/sq. mi.)",2.64,2.53,2.75,2.53–2.75,0.61,0.55,0.67,0.55–0.67,26
Cleveland,OH,Multifamily,"50 units, 1,500 sq. ft. each",50,1500,"City neighborhood (4,000/sq. mi.)",2.43,2.04,2.81,2.04–2.81,0.68,0.5,0.86,0.5–0.86,27
Phoenix,AZ,Multifamily,"50 units, 1,500 sq. ft. each",50,1500,"City neighborhood (4,000/sq. mi.)",2.42,2.27,2.58,2.27–2.58,0.52,0.44,0.59,0.44–0.59,28
Louisville,KY,Multifamily,"50 units, 1,500 sq. ft. each",50,1500,"City neighborhood (4,000/sq. mi.)",2.41,2.18,2.63,2.18–2.63,0.65,0.53,0.76,0.53–0.76,29
Cincinnati,OH,Multifamily,"50 units, 1,500 sq. ft. each",50,1500,"City neighborhood (4,000/sq. mi.)",2.4,2.1,2.69,2.1–2.69,0.45,0.33,0.58,0.33–0.58,30
Anaheim,CA,Multifamily,"50 units, 1,500 sq. ft. each",50,1500,"City neighborhood (4,000/sq. mi.)",2.38,1.94,2.82,1.94–2.82,0.78,0.46,1.1,0.46–1.1,31
Tampa,FL,Multifamily,"50 units, 1,500 sq. ft. each",50,1500,"City neighborhood (4,000/sq. mi.)",2.25,1.92,2.59,1.92–2.59,0.48,0.37,0.59,0.37–0.59,32
Kansas City,MO,Multifamily,"50 units, 1,500 sq. ft. each",50,1500,"City neighborhood (4,000/sq. mi.)",2.2,1.96,2.43,1.96–2.43,0.21,0.14,0.28,0.14–0.28,33
Atlanta,GA,Multifamily,"50 units, 1,500 sq. ft. each",50,1500,"City neighborhood (4,000/sq. mi.)",2.18,1.98,2.38,1.98–2.38,0.41,0.33,0.48,0.33–0.48,34
Fort Worth,TX,Multifamily,"50 units, 1,500 sq. ft. each",50,1500,"City neighborhood (4,000/sq. mi.)",2.13,2.06,2.2,2.06–2.2,0.39,0.35,0.44,0.35–0.44,35
Jacksonville,FL,Multifamily,"50 units, 1,500 sq. ft. each",50,1500,"City neighborhood (4,000/sq. mi.)",2.13,2,2.26,2–2.26,0.4,0.36,0.44,0.36–0.44,36
Columbus,OH,Multifamily,"50 units, 1,500 sq. ft. each",50,1500,"City neighborhood (4,000/sq. mi.)",2.1,1.99,2.22,1.99–2.22,0.35,0.32,0.38,0.32–0.38,37
Indianapolis,IN,Multifamily,"50 units, 1,500 sq. ft. each",50,1500,"City neighborhood (4,000/sq. mi.)",2.08,1.9,2.26,1.9–2.26,0.55,0.45,0.65,0.45–0.65,38
Boise,ID,Multifamily,"50 units, 1,500 sq. ft. each",50,1500,"City neighborhood (4,000/sq. mi.)",2,1.7,2.3,1.7–2.3,0.45,0.34,0.55,0.34–0.55,39
Reno,NV,Multifamily,"50 units, 1,500 sq. ft. each",50,1500,"City neighborhood (4,000/sq. mi.)",1.93,1.75,2.11,1.75–2.11,0.24,0.17,0.31,0.17–0.31,40
Sioux Falls,SD,Multifamily,"50 units, 1,500 sq. ft. each",50,1500,"City neighborhood (4,000/sq. mi.)",1.91,1.63,2.19,1.63–2.19,0.25,0.18,0.33,0.18–0.33,41
St. Paul,MN,Multifamily,"50 units, 1,500 sq. ft. each",50,1500,"City neighborhood (4,000/sq. mi.)",1.91,1.39,2.43,1.39–2.43,0.32,0.21,0.44,0.21–0.44,42
Grand Rapids,MI,Multifamily,"50 units, 1,500 sq. ft. each",50,1500,"City neighborhood (4,000/sq. mi.)",1.89,1.74,2.04,1.74–2.04,0.32,0.24,0.41,0.24–0.41,43
Raleigh,NC,Multifamily,"50 units, 1,500 sq. ft. each",50,1500,"City neighborhood (4,000/sq. mi.)",1.83,1.7,1.96,1.7–1.96,0.33,0.26,0.4,0.26–0.4,44
New York,NY,Multifamily,"50 units, 1,500 sq. ft. each",50,1500,"Dense city neighborhood (10,000/sq. mi.)",5.39,5.2,5.57,5.2–5.57,1.39,1.3,1.48,1.3–1.48,1
Miami,FL,Multifamily,"50 units, 1,500 sq. ft. each",50,1500,"Dense city neighborhood (10,000/sq. mi.)",4.97,4.44,5.5,4.44–5.5,2,1.57,2.42,1.57–2.42,2
San Francisco,CA,Multifamily,"50 units, 1,500 sq. ft. each",50,1500,"Dense city neighborhood (10,000/sq. mi.)",4.91,4.61,5.21,4.61–5.21,1.34,1.18,1.51,1.18–1.51,3
Los Angeles,CA,Multifamily,"50 units, 1,500 sq. ft. each",50,1500,"Dense city neighborhood (10,000/sq. mi.)",4.63,4.48,4.78,4.48–4.78,1.47,1.39,1.55,1.39–1.55,4
Boston,MA,Multifamily,"50 units, 1,500 sq. ft. each",50,1500,"Dense city neighborhood (10,000/sq. mi.)",4.29,3.94,4.64,3.94–4.64,1.83,1.58,2.08,1.58–2.08,5
Honolulu,HI,Multifamily,"50 units, 1,500 sq. ft. each",50,1500,"Dense city neighborhood (10,000/sq. mi.)",3.85,3.36,4.34,3.36–4.34,1.87,1.59,2.16,1.59–2.16,6
Oakland,CA,Multifamily,"50 units, 1,500 sq. ft. each",50,1500,"Dense city neighborhood (10,000/sq. mi.)",3.7,3.25,4.14,3.25–4.14,0.75,0.62,0.89,0.62–0.89,7
Seattle,WA,Multifamily,"50 units, 1,500 sq. ft. each",50,1500,"Dense city neighborhood (10,000/sq. mi.)",3.57,3.37,3.77,3.37–3.77,1.1,1.02,1.18,1.02–1.18,8
Spokane,WA,Multifamily,"50 units, 1,500 sq. ft. each",50,1500,"Dense city neighborhood (10,000/sq. mi.)",3.36,2.42,4.3,2.42–4.3,0.17,0.11,0.23,0.11–0.23,9
Philadelphia,PA,Multifamily,"50 units, 1,500 sq. ft. each",50,1500,"Dense city neighborhood (10,000/sq. mi.)",3.3,3.06,3.55,3.06–3.55,0.33,0.29,0.37,0.29–0.37,10
Austin,TX,Multifamily,"50 units, 1,500 sq. ft. each",50,1500,"Dense city neighborhood (10,000/sq. mi.)",3.05,2.93,3.17,2.93–3.17,0.87,0.8,0.94,0.8–0.94,11
Nashville,TN,Multifamily,"50 units, 1,500 sq. ft. each",50,1500,"Dense city neighborhood (10,000/sq. mi.)",2.98,2.53,3.42,2.53–3.42,0.71,0.43,0.99,0.43–0.99,12
Durham,NC,Multifamily,"50 units, 1,500 sq. ft. each",50,1500,"Dense city neighborhood (10,000/sq. mi.)",2.94,2.46,3.42,2.46–3.42,0.33,0.25,0.41,0.25–0.41,13
Jersey City,NJ,Multifamily,"50 units, 1,500 sq. ft. each",50,1500,"Dense city neighborhood (10,000/sq. mi.)",2.94,2.53,3.35,2.53–3.35,0.35,0.22,0.48,0.22–0.48,14
Sacramento,CA,Multifamily,"50 units, 1,500 sq. ft. each",50,1500,"Dense city neighborhood (10,000/sq. mi.)",2.91,2.56,3.25,2.56–3.25,0.9,0.72,1.08,0.72–1.08,15
San Diego,CA,Multifamily,"50 units, 1,500 sq. ft. each",50,1500,"Dense city neighborhood (10,000/sq. mi.)",2.91,2.71,3.11,2.71–3.11,0.89,0.8,0.98,0.8–0.98,16
Boulder,CO,Multifamily,"50 units, 1,500 sq. ft. each",50,1500,"Dense city neighborhood (10,000/sq. mi.)",2.89,2.49,3.3,2.49–3.3,0.78,0.45,1.11,0.45–1.11,17
Colorado Springs,CO,Multifamily,"50 units, 1,500 sq. ft. each",50,1500,"Dense city neighborhood (10,000/sq. mi.)",2.86,2.64,3.09,2.64–3.09,0.64,0.55,0.72,0.55–0.72,18
Portland,OR,Multifamily,"50 units, 1,500 sq. ft. each",50,1500,"Dense city neighborhood (10,000/sq. mi.)",2.83,2.61,3.05,2.61–3.05,0.95,0.84,1.06,0.84–1.06,19
Houston,TX,Multifamily,"50 units, 1,500 sq. ft. each",50,1500,"Dense city neighborhood (10,000/sq. mi.)",2.81,2.73,2.9,2.73–2.9,0.71,0.66,0.76,0.66–0.76,20
Washington,DC,Multifamily,"50 units, 1,500 sq. ft. each",50,1500,"Dense city neighborhood (10,000/sq. mi.)",2.74,2.52,2.96,2.52–2.96,0.78,0.67,0.88,0.67–0.88,21
Louisville,KY,Multifamily,"50 units, 1,500 sq. ft. each",50,1500,"Dense city neighborhood (10,000/sq. mi.)",2.67,2.3,3.04,2.3–3.04,0.69,0.52,0.85,0.52–0.85,22
Denver,CO,Multifamily,"50 units, 1,500 sq. ft. each",50,1500,"Dense city neighborhood (10,000/sq. mi.)",2.64,2.53,2.74,2.53–2.74,0.63,0.57,0.69,0.57–0.69,23
Cincinnati,OH,Multifamily,"50 units, 1,500 sq. ft. each",50,1500,"Dense city neighborhood (10,000/sq. mi.)",2.61,2.2,3.03,2.2–3.03,0.56,0.38,0.74,0.38–0.74,24
Orlando,FL,Multifamily,"50 units, 1,500 sq. ft. each",50,1500,"Dense city neighborhood (10,000/sq. mi.)",2.45,2.23,2.68,2.23–2.68,0.66,0.55,0.77,0.55–0.77,25
Cleveland,OH,Multifamily,"50 units, 1,500 sq. ft. each",50,1500,"Dense city neighborhood (10,000/sq. mi.)",2.44,1.98,2.89,1.98–2.89,0.72,0.52,0.93,0.52–0.93,26
Phoenix,AZ,Multifamily,"50 units, 1,500 sq. ft. each",50,1500,"Dense city neighborhood (10,000/sq. mi.)",2.34,2.15,2.53,2.15–2.53,0.48,0.4,0.56,0.4–0.56,27
Jacksonville,FL,Multifamily,"50 units, 1,500 sq. ft. each",50,1500,"Dense city neighborhood (10,000/sq. mi.)",2.33,2.16,2.5,2.16–2.5,0.45,0.39,0.51,0.39–0.51,28
Anaheim,CA,Multifamily,"50 units, 1,500 sq. ft. each",50,1500,"Dense city neighborhood (10,000/sq. mi.)",2.29,1.78,2.79,1.78–2.79,0.61,0.32,0.9,0.32–0.9,29
Kansas City,MO,Multifamily,"50 units, 1,500 sq. ft. each",50,1500,"Dense city neighborhood (10,000/sq. mi.)",2.19,1.88,2.49,1.88–2.49,0.18,0.1,0.26,0.1–0.26,30
Fort Worth,TX,Multifamily,"50 units, 1,500 sq. ft. each",50,1500,"Dense city neighborhood (10,000/sq. mi.)",2.14,2.03,2.24,2.03–2.24,0.39,0.33,0.45,0.33–0.45,31
Tampa,FL,Multifamily,"50 units, 1,500 sq. ft. each",50,1500,"Dense city neighborhood (10,000/sq. mi.)",2.12,1.59,2.65,1.59–2.65,0.49,0.31,0.67,0.31–0.67,32
Atlanta,GA,Multifamily,"50 units, 1,500 sq. ft. each",50,1500,"Dense city neighborhood (10,000/sq. mi.)",2.11,1.92,2.31,1.92–2.31,0.41,0.33,0.49,0.33–0.49,33
Indianapolis,IN,Multifamily,"50 units, 1,500 sq. ft. each",50,1500,"Dense city neighborhood (10,000/sq. mi.)",2.01,1.74,2.29,1.74–2.29,0.47,0.35,0.6,0.35–0.6,34
Columbus,OH,Multifamily,"50 units, 1,500 sq. ft. each",50,1500,"Dense city neighborhood (10,000/sq. mi.)",2.01,1.88,2.15,1.88–2.15,0.32,0.29,0.35,0.29–0.35,35
St. Paul,MN,Multifamily,"50 units, 1,500 sq. ft. each",50,1500,"Dense city neighborhood (10,000/sq. mi.)",1.97,1.39,2.55,1.39–2.55,0.25,0.13,0.36,0.13–0.36,36
Boise,ID,Multifamily,"50 units, 1,500 sq. ft. each",50,1500,"Dense city neighborhood (10,000/sq. mi.)",1.91,1.6,2.22,1.6–2.22,0.46,0.33,0.58,0.33–0.58,37
Sioux Falls,SD,Multifamily,"50 units, 1,500 sq. ft. each",50,1500,"Dense city neighborhood (10,000/sq. mi.)",1.88,1.59,2.16,1.59–2.16,0.23,0.16,0.31,0.16–0.31,38
Reno,NV,Multifamily,"50 units, 1,500 sq. ft. each",50,1500,"Dense city neighborhood (10,000/sq. mi.)",1.87,1.67,2.06,1.67–2.06,0.2,0.14,0.27,0.14–0.27,39
Raleigh,NC,Multifamily,"50 units, 1,500 sq. ft. each",50,1500,"Dense city neighborhood (10,000/sq. mi.)",1.85,1.68,2.02,1.68–2.02,0.34,0.26,0.43,0.26–0.43,40
Grand Rapids,MI,Multifamily,"50 units, 1,500 sq. ft. each",50,1500,"Dense city neighborhood (10,000/sq. mi.)",1.76,1.52,1.99,1.52–1.99,0.32,0.18,0.46,0.18–0.46,41
Miami,FL,Multifamily,"50 units, 1,500 sq. ft. each",50,1500,"Urban core (25,000/sq. mi.)",5.37,4.56,6.18,4.56–6.18,2.09,1.51,2.68,1.51–2.68,1
New York,NY,Multifamily,"50 units, 1,500 sq. ft. each",50,1500,"Urban core (25,000/sq. mi.)",5.34,5.18,5.49,5.18–5.49,1.33,1.26,1.4,1.26–1.4,2
San Francisco,CA,Multifamily,"50 units, 1,500 sq. ft. each",50,1500,"Urban core (25,000/sq. mi.)",4.73,4.44,5.02,4.44–5.02,1.38,1.23,1.53,1.23–1.53,3
Los Angeles,CA,Multifamily,"50 units, 1,500 sq. ft. each",50,1500,"Urban core (25,000/sq. mi.)",4.71,4.55,4.87,4.55–4.87,1.41,1.33,1.48,1.33–1.48,4
Boston,MA,Multifamily,"50 units, 1,500 sq. ft. each",50,1500,"Urban core (25,000/sq. mi.)",4.56,4.21,4.91,4.21–4.91,1.99,1.73,2.25,1.73–2.25,5
Honolulu,HI,Multifamily,"50 units, 1,500 sq. ft. each",50,1500,"Urban core (25,000/sq. mi.)",3.68,3.14,4.23,3.14–4.23,1.99,1.64,2.34,1.64–2.34,6
Spokane,WA,Multifamily,"50 units, 1,500 sq. ft. each",50,1500,"Urban core (25,000/sq. mi.)",3.54,2.49,4.58,2.49–4.58,0.13,0.08,0.18,0.08–0.18,7
Seattle,WA,Multifamily,"50 units, 1,500 sq. ft. each",50,1500,"Urban core (25,000/sq. mi.)",3.51,3.32,3.7,3.32–3.7,1.1,1.02,1.19,1.02–1.19,8
Philadelphia,PA,Multifamily,"50 units, 1,500 sq. ft. each",50,1500,"Urban core (25,000/sq. mi.)",3.31,3.06,3.56,3.06–3.56,0.32,0.28,0.36,0.28–0.36,9
Oakland,CA,Multifamily,"50 units, 1,500 sq. ft. each",50,1500,"Urban core (25,000/sq. mi.)",3.24,2.68,3.81,2.68–3.81,0.62,0.44,0.8,0.44–0.8,10
Austin,TX,Multifamily,"50 units, 1,500 sq. ft. each",50,1500,"Urban core (25,000/sq. mi.)",3.14,2.97,3.3,2.97–3.3,0.87,0.78,0.96,0.78–0.96,11
Jersey City,NJ,Multifamily,"50 units, 1,500 sq. ft. each",50,1500,"Urban core (25,000/sq. mi.)",3.05,2.74,3.36,2.74–3.36,0.38,0.28,0.47,0.28–0.47,12
San Diego,CA,Multifamily,"50 units, 1,500 sq. ft. each",50,1500,"Urban core (25,000/sq. mi.)",2.99,2.75,3.24,2.75–3.24,0.98,0.86,1.09,0.86–1.09,13
Boulder,CO,Multifamily,"50 units, 1,500 sq. ft. each",50,1500,"Urban core (25,000/sq. mi.)",2.98,2.45,3.5,2.45–3.5,0.76,0.42,1.1,0.42–1.1,14
Durham,NC,Multifamily,"50 units, 1,500 sq. ft. each",50,1500,"Urban core (25,000/sq. mi.)",2.96,2.29,3.63,2.29–3.63,0.26,0.18,0.35,0.18–0.35,15
Louisville,KY,Multifamily,"50 units, 1,500 sq. ft. each",50,1500,"Urban core (25,000/sq. mi.)",2.96,2.4,3.52,2.4–3.52,0.73,0.5,0.97,0.5–0.97,16
Nashville,TN,Multifamily,"50 units, 1,500 sq. ft. each",50,1500,"Urban core (25,000/sq. mi.)",2.94,2.38,3.51,2.38–3.51,0.64,0.32,0.95,0.32–0.95,17
Houston,TX,Multifamily,"50 units, 1,500 sq. ft. each",50,1500,"Urban core (25,000/sq. mi.)",2.93,2.81,3.05,2.81–3.05,0.82,0.74,0.89,0.74–0.89,18
Colorado Springs,CO,Multifamily,"50 units, 1,500 sq. ft. each",50,1500,"Urban core (25,000/sq. mi.)",2.88,2.61,3.16,2.61–3.16,0.64,0.54,0.75,0.54–0.75,19
Sacramento,CA,Multifamily,"50 units, 1,500 sq. ft. each",50,1500,"Urban core (25,000/sq. mi.)",2.87,2.53,3.2,2.53–3.2,0.87,0.69,1.05,0.69–1.05,20
Cincinnati,OH,Multifamily,"50 units, 1,500 sq. ft. each",50,1500,"Urban core (25,000/sq. mi.)",2.84,2.22,3.47,2.22–3.47,0.69,0.41,0.98,0.41–0.98,21
Washington,DC,Multifamily,"50 units, 1,500 sq. ft. each",50,1500,"Urban core (25,000/sq. mi.)",2.77,2.56,2.98,2.56–2.98,0.78,0.68,0.88,0.68–0.88,22
Portland,OR,Multifamily,"50 units, 1,500 sq. ft. each",50,1500,"Urban core (25,000/sq. mi.)",2.75,2.51,2.99,2.51–2.99,0.94,0.82,1.05,0.82–1.05,23
Denver,CO,Multifamily,"50 units, 1,500 sq. ft. each",50,1500,"Urban core (25,000/sq. mi.)",2.63,2.51,2.75,2.51–2.75,0.65,0.58,0.72,0.58–0.72,24
Jacksonville,FL,Multifamily,"50 units, 1,500 sq. ft. each",50,1500,"Urban core (25,000/sq. mi.)",2.55,2.31,2.78,2.31–2.78,0.5,0.41,0.59,0.41–0.59,25
Cleveland,OH,Multifamily,"50 units, 1,500 sq. ft. each",50,1500,"Urban core (25,000/sq. mi.)",2.45,1.8,3.09,1.8–3.09,0.77,0.45,1.09,0.45–1.09,26
Phoenix,AZ,Multifamily,"50 units, 1,500 sq. ft. each",50,1500,"Urban core (25,000/sq. mi.)",2.26,2.03,2.49,2.03–2.49,0.45,0.36,0.54,0.36–0.54,27
Kansas City,MO,Multifamily,"50 units, 1,500 sq. ft. each",50,1500,"Urban core (25,000/sq. mi.)",2.18,1.78,2.58,1.78–2.58,0.15,0.07,0.24,0.07–0.24,28
Orlando,FL,Multifamily,"50 units, 1,500 sq. ft. each",50,1500,"Urban core (25,000/sq. mi.)",2.17,1.94,2.4,1.94–2.4,0.53,0.43,0.63,0.43–0.63,29
Fort Worth,TX,Multifamily,"50 units, 1,500 sq. ft. each",50,1500,"Urban core (25,000/sq. mi.)",2.14,1.99,2.29,1.99–2.29,0.39,0.32,0.47,0.32–0.47,30
Atlanta,GA,Multifamily,"50 units, 1,500 sq. ft. each",50,1500,"Urban core (25,000/sq. mi.)",2.05,1.81,2.29,1.81–2.29,0.41,0.3,0.52,0.3–0.52,31
St. Paul,MN,Multifamily,"50 units, 1,500 sq. ft. each",50,1500,"Urban core (25,000/sq. mi.)",2.04,1.18,2.89,1.18–2.89,0.19,0.05,0.32,0.05–0.32,32
Indianapolis,IN,Multifamily,"50 units, 1,500 sq. ft. each",50,1500,"Urban core (25,000/sq. mi.)",1.95,1.55,2.34,1.55–2.34,0.41,0.26,0.55,0.26–0.55,33
Columbus,OH,Multifamily,"50 units, 1,500 sq. ft. each",50,1500,"Urban core (25,000/sq. mi.)",1.93,1.76,2.1,1.76–2.1,0.29,0.25,0.32,0.25–0.32,34
Raleigh,NC,Multifamily,"50 units, 1,500 sq. ft. each",50,1500,"Urban core (25,000/sq. mi.)",1.87,1.65,2.09,1.65–2.09,0.36,0.25,0.46,0.25–0.46,35
Sioux Falls,SD,Multifamily,"50 units, 1,500 sq. ft. each",50,1500,"Urban core (25,000/sq. mi.)",1.84,1.52,2.15,1.52–2.15,0.21,0.13,0.29,0.13–0.29,36
Boise,ID,Multifamily,"50 units, 1,500 sq. ft. each",50,1500,"Urban core (25,000/sq. mi.)",1.82,1.49,2.14,1.49–2.14,0.47,0.31,0.62,0.31–0.62,37
Reno,NV,Multifamily,"50 units, 1,500 sq. ft. each",50,1500,"Urban core (25,000/sq. mi.)",1.8,1.59,2.02,1.59–2.02,0.17,0.11,0.23,0.11–0.23,38
Grand Rapids,MI,Multifamily,"50 units, 1,500 sq. ft. each",50,1500,"Urban core (25,000/sq. mi.)",1.63,1.29,1.98,1.29–1.98,0.32,0.12,0.53,0.12–0.53,39
Oakland,CA,Multifamily,"100 units, 700 sq. ft. each",100,700,"Low-density suburb (1,000/sq. mi.)",5.61,4.67,6.54,4.67–6.54,1.69,0.89,2.48,0.89–2.48,1
New York,NY,Multifamily,"100 units, 700 sq. ft. each",100,700,"Low-density suburb (1,000/sq. mi.)",5.49,5.16,5.82,5.16–5.82,1.53,1.33,1.73,1.33–1.73,2
San Francisco,CA,Multifamily,"100 units, 700 sq. ft. each",100,700,"Low-density suburb (1,000/sq. mi.)",5.36,4.7,6.03,4.7–6.03,1.07,0.8,1.34,0.8–1.34,3
Baton Rouge,LA,Multifamily,"100 units, 700 sq. ft. each",100,700,"Low-density suburb (1,000/sq. mi.)",4.98,2.96,7.01,2.96–7.01,0.96,0.51,1.41,0.51–1.41,4
Honolulu,HI,Multifamily,"100 units, 700 sq. ft. each",100,700,"Low-density suburb (1,000/sq. mi.)",4.81,4.16,5.46,4.16–5.46,1.76,1.51,2.01,1.51–2.01,5
Los Angeles,CA,Multifamily,"100 units, 700 sq. ft. each",100,700,"Low-density suburb (1,000/sq. mi.)",4.24,3.95,4.53,3.95–4.53,1.75,1.57,1.93,1.57–1.93,6
Boston,MA,Multifamily,"100 units, 700 sq. ft. each",100,700,"Low-density suburb (1,000/sq. mi.)",4,3.33,4.67,3.33–4.67,1.59,1.16,2.03,1.16–2.03,7
Tulsa,OK,Multifamily,"100 units, 700 sq. ft. each",100,700,"Low-density suburb (1,000/sq. mi.)",3.93,2.96,4.91,2.96–4.91,0.61,0.44,0.77,0.44–0.77,8
Seattle,WA,Multifamily,"100 units, 700 sq. ft. each",100,700,"Low-density suburb (1,000/sq. mi.)",3.87,3.36,4.37,3.36–4.37,1.11,0.91,1.32,0.91–1.32,9
Philadelphia,PA,Multifamily,"100 units, 700 sq. ft. each",100,700,"Low-density suburb (1,000/sq. mi.)",3.55,2.94,4.16,2.94–4.16,0.36,0.24,0.47,0.24–0.47,10
Sacramento,CA,Multifamily,"100 units, 700 sq. ft. each",100,700,"Low-density suburb (1,000/sq. mi.)",3.43,2.86,4.01,2.86–4.01,1.01,0.72,1.29,0.72–1.29,11
Orlando,FL,Multifamily,"100 units, 700 sq. ft. each",100,700,"Low-density suburb (1,000/sq. mi.)",3.29,2.98,3.6,2.98–3.6,0.97,0.8,1.14,0.8–1.14,12
Charleston,SC,Multifamily,"100 units, 700 sq. ft. each",100,700,"Low-density suburb (1,000/sq. mi.)",2.91,2.6,3.21,2.6–3.21,0.3,0.16,0.44,0.16–0.44,13
Denver,CO,Multifamily,"100 units, 700 sq. ft. each",100,700,"Low-density suburb (1,000/sq. mi.)",2.87,2.69,3.05,2.69–3.05,0.63,0.53,0.74,0.53–0.74,14
Durham,NC,Multifamily,"100 units, 700 sq. ft. each",100,700,"Low-density suburb (1,000/sq. mi.)",2.87,2.52,3.23,2.52–3.23,0.65,0.44,0.86,0.44–0.86,15
San Diego,CA,Multifamily,"100 units, 700 sq. ft. each",100,700,"Low-density suburb (1,000/sq. mi.)",2.86,2.59,3.13,2.59–3.13,0.73,0.61,0.84,0.61–0.84,16
Austin,TX,Multifamily,"100 units, 700 sq. ft. each",100,700,"Low-density suburb (1,000/sq. mi.)",2.83,2.7,2.96,2.7–2.96,0.93,0.85,1.01,0.85–1.01,17
Washington,DC,Multifamily,"100 units, 700 sq. ft. each",100,700,"Low-density suburb (1,000/sq. mi.)",2.79,2.21,3.37,2.21–3.37,0.81,0.54,1.07,0.54–1.07,18
Portland,OR,Multifamily,"100 units, 700 sq. ft. each",100,700,"Low-density suburb (1,000/sq. mi.)",2.72,2.56,2.87,2.56–2.87,0.95,0.87,1.03,0.87–1.03,19
Nashville,TN,Multifamily,"100 units, 700 sq. ft. each",100,700,"Low-density suburb (1,000/sq. mi.)",2.68,2.39,2.98,2.39–2.98,0.92,0.71,1.13,0.71–1.13,20
Houston,TX,Multifamily,"100 units, 700 sq. ft. each",100,700,"Low-density suburb (1,000/sq. mi.)",2.44,2.33,2.56,2.33–2.56,0.46,0.41,0.52,0.41–0.52,21
Phoenix,AZ,Multifamily,"100 units, 700 sq. ft. each",100,700,"Low-density suburb (1,000/sq. mi.)",2.36,2.21,2.51,2.21–2.51,0.52,0.45,0.59,0.45–0.59,22
Grand Rapids,MI,Multifamily,"100 units, 700 sq. ft. each",100,700,"Low-density suburb (1,000/sq. mi.)",2.33,1.97,2.69,1.97–2.69,0.32,0.19,0.44,0.19–0.44,23
Sioux Falls,SD,Multifamily,"100 units, 700 sq. ft. each",100,700,"Low-density suburb (1,000/sq. mi.)",2.22,1.85,2.58,1.85–2.58,0.26,0.2,0.32,0.2–0.32,24
Columbus,OH,Multifamily,"100 units, 700 sq. ft. each",100,700,"Low-density suburb (1,000/sq. mi.)",2.18,2.04,2.33,2.04–2.33,0.46,0.41,0.51,0.41–0.51,25
Cleveland,OH,Multifamily,"100 units, 700 sq. ft. each",100,700,"Low-density suburb (1,000/sq. mi.)",2.17,1.66,2.68,1.66–2.68,0.5,0.28,0.73,0.28–0.73,26
Indianapolis,IN,Multifamily,"100 units, 700 sq. ft. each",100,700,"Low-density suburb (1,000/sq. mi.)",2.13,1.91,2.35,1.91–2.35,0.64,0.5,0.77,0.5–0.77,27
Kansas City,MO,Multifamily,"100 units, 700 sq. ft. each",100,700,"Low-density suburb (1,000/sq. mi.)",2.13,1.94,2.32,1.94–2.32,0.24,0.16,0.31,0.16–0.31,28
Louisville,KY,Multifamily,"100 units, 700 sq. ft. each",100,700,"Low-density suburb (1,000/sq. mi.)",2.13,1.9,2.35,1.9–2.35,0.62,0.52,0.72,0.52–0.72,29
Atlanta,GA,Multifamily,"100 units, 700 sq. ft. each",100,700,"Low-density suburb (1,000/sq. mi.)",2.12,1.83,2.42,1.83–2.42,0.24,0.17,0.31,0.17–0.31,30
Fort Worth,TX,Multifamily,"100 units, 700 sq. ft. each",100,700,"Low-density suburb (1,000/sq. mi.)",2.1,2,2.2,2–2.2,0.33,0.28,0.38,0.28–0.38,31
Boise,ID,Multifamily,"100 units, 700 sq. ft. each",100,700,"Low-density suburb (1,000/sq. mi.)",2.06,1.79,2.33,1.79–2.33,0.39,0.31,0.48,0.31–0.48,32
Reno,NV,Multifamily,"100 units, 700 sq. ft. each",100,700,"Low-density suburb (1,000/sq. mi.)",2.05,1.83,2.26,1.83–2.26,0.4,0.24,0.55,0.24–0.55,33
Colorado Springs,CO,Multifamily,"100 units, 700 sq. ft. each",100,700,"Low-density suburb (1,000/sq. mi.)",2.02,1.73,2.31,1.73–2.31,0.35,0.25,0.45,0.25–0.45,34
Cincinnati,OH,Multifamily,"100 units, 700 sq. ft. each",100,700,"Low-density suburb (1,000/sq. mi.)",2,1.55,2.45,1.55–2.45,0.41,0.22,0.61,0.22–0.61,35
Jacksonville,FL,Multifamily,"100 units, 700 sq. ft. each",100,700,"Low-density suburb (1,000/sq. mi.)",1.84,1.7,1.97,1.7–1.97,0.36,0.31,0.41,0.31–0.41,36
Raleigh,NC,Multifamily,"100 units, 700 sq. ft. each",100,700,"Low-density suburb (1,000/sq. mi.)",1.8,1.61,1.98,1.61–1.98,0.27,0.21,0.34,0.21–0.34,37
Baton Rouge,LA,Multifamily,"100 units, 700 sq. ft. each",100,700,"City neighborhood (4,000/sq. mi.)",5.41,3.49,7.34,3.49–7.34,1.34,0.71,1.98,0.71–1.98,1
New York,NY,Multifamily,"100 units, 700 sq. ft. each",100,700,"City neighborhood (4,000/sq. mi.)",5.41,5.17,5.65,5.17–5.65,1.43,1.3,1.57,1.3–1.57,2
San Francisco,CA,Multifamily,"100 units, 700 sq. ft. each",100,700,"City neighborhood (4,000/sq. mi.)",5.08,4.6,5.55,4.6–5.55,1.12,0.91,1.33,0.91–1.33,3
Oakland,CA,Multifamily,"100 units, 700 sq. ft. each",100,700,"City neighborhood (4,000/sq. mi.)",4.59,4.07,5.12,4.07–5.12,1.27,0.88,1.66,0.88–1.66,4
Honolulu,HI,Multifamily,"100 units, 700 sq. ft. each",100,700,"City neighborhood (4,000/sq. mi.)",4.5,3.89,5.12,3.89–5.12,1.93,1.64,2.23,1.64–2.23,5
Boston,MA,Multifamily,"100 units, 700 sq. ft. each",100,700,"City neighborhood (4,000/sq. mi.)",4.39,3.82,4.96,3.82–4.96,1.82,1.43,2.21,1.43–2.21,6
Los Angeles,CA,Multifamily,"100 units, 700 sq. ft. each",100,700,"City neighborhood (4,000/sq. mi.)",4.35,4.14,4.55,4.14–4.55,1.63,1.51,1.75,1.51–1.75,7
Miami,FL,Multifamily,"100 units, 700 sq. ft. each",100,700,"City neighborhood (4,000/sq. mi.)",4.3,3.58,5.02,3.58–5.02,1.75,1.15,2.34,1.15–2.34,8
Seattle,WA,Multifamily,"100 units, 700 sq. ft. each",100,700,"City neighborhood (4,000/sq. mi.)",3.77,3.47,4.08,3.47–4.08,1.12,1,1.25,1–1.25,9
Philadelphia,PA,Multifamily,"100 units, 700 sq. ft. each",100,700,"City neighborhood (4,000/sq. mi.)",3.56,3.17,3.95,3.17–3.95,0.34,0.28,0.41,0.28–0.41,10
Charleston,SC,Multifamily,"100 units, 700 sq. ft. each",100,700,"City neighborhood (4,000/sq. mi.)",3.43,2.93,3.92,2.93–3.92,0.57,0.29,0.84,0.29–0.84,11
Sacramento,CA,Multifamily,"100 units, 700 sq. ft. each",100,700,"City neighborhood (4,000/sq. mi.)",3.36,2.85,3.87,2.85–3.87,0.96,0.71,1.2,0.71–1.2,12
San Diego,CA,Multifamily,"100 units, 700 sq. ft. each",100,700,"City neighborhood (4,000/sq. mi.)",3,2.78,3.21,2.78–3.21,0.83,0.74,0.92,0.74–0.92,13
Austin,TX,Multifamily,"100 units, 700 sq. ft. each",100,700,"City neighborhood (4,000/sq. mi.)",2.95,2.84,3.05,2.84–3.05,0.93,0.86,0.99,0.86–0.99,14
Jersey City,NJ,Multifamily,"100 units, 700 sq. ft. each",100,700,"City neighborhood (4,000/sq. mi.)",2.94,2.27,3.6,2.27–3.6,0.32,0.12,0.53,0.12–0.53,15
Spokane,WA,Multifamily,"100 units, 700 sq. ft. each",100,700,"City neighborhood (4,000/sq. mi.)",2.91,1.97,3.86,1.97–3.86,0.2,0.14,0.26,0.14–0.26,16
Durham,NC,Multifamily,"100 units, 700 sq. ft. each",100,700,"City neighborhood (4,000/sq. mi.)",2.9,2.51,3.29,2.51–3.29,0.47,0.35,0.59,0.35–0.59,17
Denver,CO,Multifamily,"100 units, 700 sq. ft. each",100,700,"City neighborhood (4,000/sq. mi.)",2.87,2.71,3.02,2.71–3.02,0.66,0.57,0.75,0.57–0.75,18
Washington,DC,Multifamily,"100 units, 700 sq. ft. each",100,700,"City neighborhood (4,000/sq. mi.)",2.84,2.49,3.18,2.49–3.18,0.81,0.65,0.96,0.65–0.96,19
Tulsa,OK,Multifamily,"100 units, 700 sq. ft. each",100,700,"City neighborhood (4,000/sq. mi.)",2.83,2.12,3.53,2.12–3.53,0.72,0.36,1.08,0.36–1.08,20
Orlando,FL,Multifamily,"100 units, 700 sq. ft. each",100,700,"City neighborhood (4,000/sq. mi.)",2.74,2.47,3,2.47–3,0.69,0.56,0.82,0.56–0.82,21
Nashville,TN,Multifamily,"100 units, 700 sq. ft. each",100,700,"City neighborhood (4,000/sq. mi.)",2.64,2.31,2.97,2.31–2.97,0.77,0.52,1.02,0.52–1.02,22
Portland,OR,Multifamily,"100 units, 700 sq. ft. each",100,700,"City neighborhood (4,000/sq. mi.)",2.6,2.48,2.73,2.48–2.73,0.93,0.86,0.99,0.86–0.99,23
Houston,TX,Multifamily,"100 units, 700 sq. ft. each",100,700,"City neighborhood (4,000/sq. mi.)",2.6,2.51,2.69,2.51–2.69,0.57,0.52,0.62,0.52–0.62,24
Louisville,KY,Multifamily,"100 units, 700 sq. ft. each",100,700,"City neighborhood (4,000/sq. mi.)",2.49,2.18,2.79,2.18–2.79,0.68,0.54,0.82,0.54–0.82,25
Tampa,FL,Multifamily,"100 units, 700 sq. ft. each",100,700,"City neighborhood (4,000/sq. mi.)",2.45,1.96,2.93,1.96–2.93,0.51,0.37,0.65,0.37–0.65,26
Cincinnati,OH,Multifamily,"100 units, 700 sq. ft. each",100,700,"City neighborhood (4,000/sq. mi.)",2.27,1.71,2.83,1.71–2.83,0.57,0.32,0.81,0.32–0.81,27
Phoenix,AZ,Multifamily,"100 units, 700 sq. ft. each",100,700,"City neighborhood (4,000/sq. mi.)",2.24,2.08,2.4,2.08–2.4,0.46,0.39,0.53,0.39–0.53,28
Cleveland,OH,Multifamily,"100 units, 700 sq. ft. each",100,700,"City neighborhood (4,000/sq. mi.)",2.18,1.84,2.53,1.84–2.53,0.55,0.4,0.71,0.4–0.71,29
Sioux Falls,SD,Multifamily,"100 units, 700 sq. ft. each",100,700,"City neighborhood (4,000/sq. mi.)",2.15,1.84,2.47,1.84–2.47,0.23,0.17,0.29,0.17–0.29,30
Kansas City,MO,Multifamily,"100 units, 700 sq. ft. each",100,700,"City neighborhood (4,000/sq. mi.)",2.12,1.86,2.38,1.86–2.38,0.19,0.11,0.26,0.11–0.26,31
Fort Worth,TX,Multifamily,"100 units, 700 sq. ft. each",100,700,"City neighborhood (4,000/sq. mi.)",2.11,2.02,2.2,2.02–2.2,0.33,0.28,0.38,0.28–0.38,32
Jacksonville,FL,Multifamily,"100 units, 700 sq. ft. each",100,700,"City neighborhood (4,000/sq. mi.)",2.1,1.95,2.25,1.95–2.25,0.43,0.37,0.49,0.37–0.49,33
Grand Rapids,MI,Multifamily,"100 units, 700 sq. ft. each",100,700,"City neighborhood (4,000/sq. mi.)",2.08,1.89,2.28,1.89–2.28,0.32,0.21,0.42,0.21–0.42,34
Colorado Springs,CO,Multifamily,"100 units, 700 sq. ft. each",100,700,"City neighborhood (4,000/sq. mi.)",2.05,1.75,2.34,1.75–2.34,0.35,0.26,0.45,0.26–0.45,35
Columbus,OH,Multifamily,"100 units, 700 sq. ft. each",100,700,"City neighborhood (4,000/sq. mi.)",2.04,1.91,2.17,1.91–2.17,0.39,0.36,0.43,0.36–0.43,36
Indianapolis,IN,Multifamily,"100 units, 700 sq. ft. each",100,700,"City neighborhood (4,000/sq. mi.)",2.03,1.86,2.2,1.86–2.2,0.51,0.41,0.6,0.41–0.6,37
Atlanta,GA,Multifamily,"100 units, 700 sq. ft. each",100,700,"City neighborhood (4,000/sq. mi.)",2.02,1.83,2.22,1.83–2.22,0.24,0.19,0.28,0.19–0.28,38
Reno,NV,Multifamily,"100 units, 700 sq. ft. each",100,700,"City neighborhood (4,000/sq. mi.)",1.95,1.72,2.17,1.72–2.17,0.3,0.18,0.42,0.18–0.42,39
Boise,ID,Multifamily,"100 units, 700 sq. ft. each",100,700,"City neighborhood (4,000/sq. mi.)",1.91,1.63,2.19,1.63–2.19,0.41,0.31,0.5,0.31–0.5,40
Raleigh,NC,Multifamily,"100 units, 700 sq. ft. each",100,700,"City neighborhood (4,000/sq. mi.)",1.83,1.64,2.01,1.64–2.01,0.29,0.22,0.36,0.22–0.36,41
St. Paul,MN,Multifamily,"100 units, 700 sq. ft. each",100,700,"City neighborhood (4,000/sq. mi.)",1.69,1.25,2.13,1.25–2.13,0.3,0.19,0.42,0.19–0.42,42
New York,NY,Multifamily,"100 units, 700 sq. ft. each",100,700,"Dense city neighborhood (10,000/sq. mi.)",5.36,5.17,5.55,5.17–5.55,1.37,1.27,1.47,1.27–1.47,1
San Francisco,CA,Multifamily,"100 units, 700 sq. ft. each",100,700,"Dense city neighborhood (10,000/sq. mi.)",4.9,4.51,5.28,4.51–5.28,1.15,0.98,1.32,0.98–1.32,2
Boston,MA,Multifamily,"100 units, 700 sq. ft. each",100,700,"Dense city neighborhood (10,000/sq. mi.)",4.66,4.12,5.2,4.12–5.2,1.99,1.6,2.37,1.6–2.37,3
Miami,FL,Multifamily,"100 units, 700 sq. ft. each",100,700,"Dense city neighborhood (10,000/sq. mi.)",4.65,4.04,5.26,4.04–5.26,1.83,1.26,2.4,1.26–2.4,4
Los Angeles,CA,Multifamily,"100 units, 700 sq. ft. each",100,700,"Dense city neighborhood (10,000/sq. mi.)",4.42,4.25,4.6,4.25–4.6,1.55,1.45,1.65,1.45–1.65,5
Honolulu,HI,Multifamily,"100 units, 700 sq. ft. each",100,700,"Dense city neighborhood (10,000/sq. mi.)",4.31,3.67,4.95,3.67–4.95,2.06,1.7,2.41,1.7–2.41,6
Oakland,CA,Multifamily,"100 units, 700 sq. ft. each",100,700,"Dense city neighborhood (10,000/sq. mi.)",4.03,3.53,4.53,3.53–4.53,1.05,0.78,1.32,0.78–1.32,7
Seattle,WA,Multifamily,"100 units, 700 sq. ft. each",100,700,"Dense city neighborhood (10,000/sq. mi.)",3.71,3.5,3.93,3.5–3.93,1.13,1.04,1.22,1.04–1.22,8
Philadelphia,PA,Multifamily,"100 units, 700 sq. ft. each",100,700,"Dense city neighborhood (10,000/sq. mi.)",3.57,3.28,3.85,3.28–3.85,0.34,0.29,0.39,0.29–0.39,9
Sacramento,CA,Multifamily,"100 units, 700 sq. ft. each",100,700,"Dense city neighborhood (10,000/sq. mi.)",3.31,2.83,3.79,2.83–3.79,0.92,0.7,1.15,0.7–1.15,10
San Diego,CA,Multifamily,"100 units, 700 sq. ft. each",100,700,"Dense city neighborhood (10,000/sq. mi.)",3.09,2.86,3.31,2.86–3.31,0.91,0.81,1,0.81–1,11
Spokane,WA,Multifamily,"100 units, 700 sq. ft. each",100,700,"Dense city neighborhood (10,000/sq. mi.)",3.07,2.29,3.85,2.29–3.85,0.15,0.1,0.2,0.1–0.2,12
Jersey City,NJ,Multifamily,"100 units, 700 sq. ft. each",100,700,"Dense city neighborhood (10,000/sq. mi.)",3.05,2.57,3.53,2.57–3.53,0.35,0.21,0.49,0.21–0.49,13
Austin,TX,Multifamily,"100 units, 700 sq. ft. each",100,700,"Dense city neighborhood (10,000/sq. mi.)",3.03,2.92,3.14,2.92–3.14,0.92,0.85,1,0.85–1,14
Durham,NC,Multifamily,"100 units, 700 sq. ft. each",100,700,"Dense city neighborhood (10,000/sq. mi.)",2.91,2.4,3.43,2.4–3.43,0.38,0.28,0.48,0.28–0.48,15
Washington,DC,Multifamily,"100 units, 700 sq. ft. each",100,700,"Dense city neighborhood (10,000/sq. mi.)",2.86,2.63,3.1,2.63–3.1,0.81,0.7,0.92,0.7–0.92,16
Denver,CO,Multifamily,"100 units, 700 sq. ft. each",100,700,"Dense city neighborhood (10,000/sq. mi.)",2.86,2.72,3.01,2.72–3.01,0.68,0.6,0.77,0.6–0.77,17
Louisville,KY,Multifamily,"100 units, 700 sq. ft. each",100,700,"Dense city neighborhood (10,000/sq. mi.)",2.76,2.32,3.2,2.32–3.2,0.72,0.53,0.92,0.53–0.92,18
Houston,TX,Multifamily,"100 units, 700 sq. ft. each",100,700,"Dense city neighborhood (10,000/sq. mi.)",2.71,2.6,2.81,2.6–2.81,0.66,0.6,0.71,0.6–0.71,19
Nashville,TN,Multifamily,"100 units, 700 sq. ft. each",100,700,"Dense city neighborhood (10,000/sq. mi.)",2.61,2.2,3.02,2.2–3.02,0.69,0.4,0.97,0.4–0.97,20
Portland,OR,Multifamily,"100 units, 700 sq. ft. each",100,700,"Dense city neighborhood (10,000/sq. mi.)",2.53,2.4,2.67,2.4–2.67,0.91,0.84,0.98,0.84–0.98,21
Cincinnati,OH,Multifamily,"100 units, 700 sq. ft. each",100,700,"Dense city neighborhood (10,000/sq. mi.)",2.47,1.76,3.19,1.76–3.19,0.71,0.37,1.04,0.37–1.04,22
Orlando,FL,Multifamily,"100 units, 700 sq. ft. each",100,700,"Dense city neighborhood (10,000/sq. mi.)",2.43,2.17,2.68,2.17–2.68,0.55,0.43,0.67,0.43–0.67,23
Tampa,FL,Multifamily,"100 units, 700 sq. ft. each",100,700,"Dense city neighborhood (10,000/sq. mi.)",2.3,1.68,2.92,1.68–2.92,0.53,0.34,0.71,0.34–0.71,24
Jacksonville,FL,Multifamily,"100 units, 700 sq. ft. each",100,700,"Dense city neighborhood (10,000/sq. mi.)",2.3,2.12,2.48,2.12–2.48,0.48,0.4,0.55,0.4–0.55,25
Cleveland,OH,Multifamily,"100 units, 700 sq. ft. each",100,700,"Dense city neighborhood (10,000/sq. mi.)",2.19,1.78,2.6,1.78–2.6,0.59,0.41,0.77,0.41–0.77,26
Phoenix,AZ,Multifamily,"100 units, 700 sq. ft. each",100,700,"Dense city neighborhood (10,000/sq. mi.)",2.17,1.98,2.35,1.98–2.35,0.43,0.35,0.5,0.35–0.5,27
Fort Worth,TX,Multifamily,"100 units, 700 sq. ft. each",100,700,"Dense city neighborhood (10,000/sq. mi.)",2.12,2,2.23,2–2.23,0.33,0.27,0.39,0.27–0.39,28
Kansas City,MO,Multifamily,"100 units, 700 sq. ft. each",100,700,"Dense city neighborhood (10,000/sq. mi.)",2.11,1.78,2.44,1.78–2.44,0.16,0.08,0.24,0.08–0.24,29
Sioux Falls,SD,Multifamily,"100 units, 700 sq. ft. each",100,700,"Dense city neighborhood (10,000/sq. mi.)",2.11,1.79,2.43,1.79–2.43,0.21,0.14,0.27,0.14–0.27,30
Colorado Springs,CO,Multifamily,"100 units, 700 sq. ft. each",100,700,"Dense city neighborhood (10,000/sq. mi.)",2.06,1.75,2.38,1.75–2.38,0.36,0.26,0.45,0.26–0.45,31
Indianapolis,IN,Multifamily,"100 units, 700 sq. ft. each",100,700,"Dense city neighborhood (10,000/sq. mi.)",1.97,1.7,2.23,1.7–2.23,0.43,0.32,0.55,0.32–0.55,32
Atlanta,GA,Multifamily,"100 units, 700 sq. ft. each",100,700,"Dense city neighborhood (10,000/sq. mi.)",1.96,1.77,2.15,1.77–2.15,0.24,0.19,0.29,0.19–0.29,33
Columbus,OH,Multifamily,"100 units, 700 sq. ft. each",100,700,"Dense city neighborhood (10,000/sq. mi.)",1.95,1.8,2.1,1.8–2.1,0.35,0.31,0.39,0.31–0.39,34
Grand Rapids,MI,Multifamily,"100 units, 700 sq. ft. each",100,700,"Dense city neighborhood (10,000/sq. mi.)",1.94,1.68,2.19,1.68–2.19,0.32,0.17,0.46,0.17–0.46,35
Reno,NV,Multifamily,"100 units, 700 sq. ft. each",100,700,"Dense city neighborhood (10,000/sq. mi.)",1.88,1.64,2.13,1.64–2.13,0.25,0.15,0.36,0.15–0.36,36
Raleigh,NC,Multifamily,"100 units, 700 sq. ft. each",100,700,"Dense city neighborhood (10,000/sq. mi.)",1.85,1.63,2.06,1.63–2.06,0.3,0.22,0.38,0.22–0.38,37
Boise,ID,Multifamily,"100 units, 700 sq. ft. each",100,700,"Dense city neighborhood (10,000/sq. mi.)",1.82,1.53,2.12,1.53–2.12,0.42,0.3,0.53,0.3–0.53,38
St. Paul,MN,Multifamily,"100 units, 700 sq. ft. each",100,700,"Dense city neighborhood (10,000/sq. mi.)",1.75,1.21,2.29,1.21–2.29,0.23,0.14,0.32,0.14–0.32,39
New York,NY,Multifamily,"100 units, 700 sq. ft. each",100,700,"Urban core (25,000/sq. mi.)",5.31,5.15,5.48,5.15–5.48,1.32,1.24,1.39,1.24–1.39,1
Miami,FL,Multifamily,"100 units, 700 sq. ft. each",100,700,"Urban core (25,000/sq. mi.)",5.03,4.21,5.84,4.21–5.84,1.92,1.2,2.64,1.2–2.64,2
Boston,MA,Multifamily,"100 units, 700 sq. ft. each",100,700,"Urban core (25,000/sq. mi.)",4.96,4.39,5.52,4.39–5.52,2.17,1.75,2.58,1.75–2.58,3
San Francisco,CA,Multifamily,"100 units, 700 sq. ft. each",100,700,"Urban core (25,000/sq. mi.)",4.72,4.38,5.07,4.38–5.07,1.19,1.03,1.35,1.03–1.35,4
Los Angeles,CA,Multifamily,"100 units, 700 sq. ft. each",100,700,"Urban core (25,000/sq. mi.)",4.5,4.32,4.68,4.32–4.68,1.48,1.38,1.58,1.38–1.58,5
Honolulu,HI,Multifamily,"100 units, 700 sq. ft. each",100,700,"Urban core (25,000/sq. mi.)",4.13,3.44,4.82,3.44–4.82,2.19,1.76,2.62,1.76–2.62,6
Seattle,WA,Multifamily,"100 units, 700 sq. ft. each",100,700,"Urban core (25,000/sq. mi.)",3.66,3.45,3.86,3.45–3.86,1.14,1.04,1.23,1.04–1.23,7
Philadelphia,PA,Multifamily,"100 units, 700 sq. ft. each",100,700,"Urban core (25,000/sq. mi.)",3.57,3.3,3.85,3.3–3.85,0.33,0.29,0.37,0.29–0.37,8
Oakland,CA,Multifamily,"100 units, 700 sq. ft. each",100,700,"Urban core (25,000/sq. mi.)",3.53,2.94,4.12,2.94–4.12,0.87,0.62,1.11,0.62–1.11,9
Sacramento,CA,Multifamily,"100 units, 700 sq. ft. each",100,700,"Urban core (25,000/sq. mi.)",3.26,2.8,3.73,2.8–3.73,0.89,0.68,1.11,0.68–1.11,10
Spokane,WA,Multifamily,"100 units, 700 sq. ft. each",100,700,"Urban core (25,000/sq. mi.)",3.23,2.3,4.16,2.3–4.16,0.11,0.07,0.15,0.07–0.15,11
San Diego,CA,Multifamily,"100 units, 700 sq. ft. each",100,700,"Urban core (25,000/sq. mi.)",3.18,2.91,3.45,2.91–3.45,0.99,0.87,1.12,0.87–1.12,12
Jersey City,NJ,Multifamily,"100 units, 700 sq. ft. each",100,700,"Urban core (25,000/sq. mi.)",3.17,2.75,3.59,2.75–3.59,0.38,0.25,0.51,0.25–0.51,13
Austin,TX,Multifamily,"100 units, 700 sq. ft. each",100,700,"Urban core (25,000/sq. mi.)",3.11,2.97,3.26,2.97–3.26,0.92,0.83,1.01,0.83–1.01,14
Louisville,KY,Multifamily,"100 units, 700 sq. ft. each",100,700,"Urban core (25,000/sq. mi.)",3.06,2.42,3.69,2.42–3.69,0.77,0.51,1.03,0.51–1.03,15
Durham,NC,Multifamily,"100 units, 700 sq. ft. each",100,700,"Urban core (25,000/sq. mi.)",2.93,2.25,3.61,2.25–3.61,0.31,0.2,0.41,0.2–0.41,16
Washington,DC,Multifamily,"100 units, 700 sq. ft. each",100,700,"Urban core (25,000/sq. mi.)",2.89,2.67,3.12,2.67–3.12,0.81,0.7,0.92,0.7–0.92,17
Denver,CO,Multifamily,"100 units, 700 sq. ft. each",100,700,"Urban core (25,000/sq. mi.)",2.86,2.71,3.01,2.71–3.01,0.7,0.61,0.79,0.61–0.79,18
Houston,TX,Multifamily,"100 units, 700 sq. ft. each",100,700,"Urban core (25,000/sq. mi.)",2.82,2.68,2.95,2.68–2.95,0.76,0.68,0.84,0.68–0.84,19
Jacksonville,FL,Multifamily,"100 units, 700 sq. ft. each",100,700,"Urban core (25,000/sq. mi.)",2.51,2.28,2.74,2.28–2.74,0.53,0.43,0.63,0.43–0.63,20
Portland,OR,Multifamily,"100 units, 700 sq. ft. each",100,700,"Urban core (25,000/sq. mi.)",2.46,2.3,2.63,2.3–2.63,0.9,0.82,0.98,0.82–0.98,21
Cleveland,OH,Multifamily,"100 units, 700 sq. ft. each",100,700,"Urban core (25,000/sq. mi.)",2.2,1.62,2.79,1.62–2.79,0.63,0.36,0.9,0.36–0.9,22
Orlando,FL,Multifamily,"100 units, 700 sq. ft. each",100,700,"Urban core (25,000/sq. mi.)",2.15,1.89,2.4,1.89–2.4,0.44,0.33,0.54,0.33–0.54,23
Fort Worth,TX,Multifamily,"100 units, 700 sq. ft. each",100,700,"Urban core (25,000/sq. mi.)",2.12,1.97,2.28,1.97–2.28,0.33,0.26,0.4,0.26–0.4,24
Kansas City,MO,Multifamily,"100 units, 700 sq. ft. each",100,700,"Urban core (25,000/sq. mi.)",2.1,1.68,2.52,1.68–2.52,0.14,0.06,0.22,0.06–0.22,25
Phoenix,AZ,Multifamily,"100 units, 700 sq. ft. each",100,700,"Urban core (25,000/sq. mi.)",2.09,1.87,2.31,1.87–2.31,0.4,0.32,0.48,0.32–0.48,26
Colorado Springs,CO,Multifamily,"100 units, 700 sq. ft. each",100,700,"Urban core (25,000/sq. mi.)",2.08,1.73,2.42,1.73–2.42,0.36,0.26,0.46,0.26–0.46,27
Sioux Falls,SD,Multifamily,"100 units, 700 sq. ft. each",100,700,"Urban core (25,000/sq. mi.)",2.07,1.72,2.42,1.72–2.42,0.19,0.12,0.25,0.12–0.25,28
Atlanta,GA,Multifamily,"100 units, 700 sq. ft. each",100,700,"Urban core (25,000/sq. mi.)",1.9,1.67,2.14,1.67–2.14,0.24,0.17,0.31,0.17–0.31,29
Indianapolis,IN,Multifamily,"100 units, 700 sq. ft. each",100,700,"Urban core (25,000/sq. mi.)",1.9,1.52,2.28,1.52–2.28,0.37,0.23,0.51,0.23–0.51,30
Columbus,OH,Multifamily,"100 units, 700 sq. ft. each",100,700,"Urban core (25,000/sq. mi.)",1.87,1.69,2.05,1.69–2.05,0.32,0.27,0.36,0.27–0.36,31
Raleigh,NC,Multifamily,"100 units, 700 sq. ft. each",100,700,"Urban core (25,000/sq. mi.)",1.87,1.61,2.13,1.61–2.13,0.31,0.22,0.41,0.22–0.41,32
Reno,NV,Multifamily,"100 units, 700 sq. ft. each",100,700,"Urban core (25,000/sq. mi.)",1.82,1.56,2.08,1.56–2.08,0.21,0.12,0.3,0.12–0.3,33
St. Paul,MN,Multifamily,"100 units, 700 sq. ft. each",100,700,"Urban core (25,000/sq. mi.)",1.8,0.99,2.61,0.99–2.61,0.17,0.06,0.29,0.06–0.29,34
Grand Rapids,MI,Multifamily,"100 units, 700 sq. ft. each",100,700,"Urban core (25,000/sq. mi.)",1.8,1.44,2.16,1.44–2.16,0.32,0.11,0.52,0.11–0.52,35
Boise,ID,Multifamily,"100 units, 700 sq. ft. each",100,700,"Urban core (25,000/sq. mi.)",1.74,1.42,2.05,1.42–2.05,0.43,0.28,0.57,0.28–0.57,36
New York,NY,Multifamily,"100 units, 900 sq. ft. each",100,900,"Low-density suburb (1,000/sq. mi.)",5.63,5.3,5.97,5.3–5.97,1.55,1.35,1.75,1.35–1.75,1
San Francisco,CA,Multifamily,"100 units, 900 sq. ft. each",100,900,"Low-density suburb (1,000/sq. mi.)",5.41,4.79,6.04,4.79–6.04,1.09,0.82,1.36,0.82–1.36,2
Oakland,CA,Multifamily,"100 units, 900 sq. ft. each",100,900,"Low-density suburb (1,000/sq. mi.)",5.41,4.57,6.24,4.57–6.24,1.52,0.89,2.16,0.89–2.16,3
Baton Rouge,LA,Multifamily,"100 units, 900 sq. ft. each",100,900,"Low-density suburb (1,000/sq. mi.)",5.18,3.06,7.31,3.06–7.31,1.05,0.54,1.55,0.54–1.55,4
Honolulu,HI,Multifamily,"100 units, 900 sq. ft. each",100,900,"Low-density suburb (1,000/sq. mi.)",4.93,4.28,5.57,4.28–5.57,1.83,1.58,2.09,1.58–2.09,5
Los Angeles,CA,Multifamily,"100 units, 900 sq. ft. each",100,900,"Low-density suburb (1,000/sq. mi.)",4.35,4.06,4.64,4.06–4.64,1.73,1.56,1.9,1.56–1.9,6
Tulsa,OK,Multifamily,"100 units, 900 sq. ft. each",100,900,"Low-density suburb (1,000/sq. mi.)",3.98,2.98,4.98,2.98–4.98,0.63,0.47,0.8,0.47–0.8,7
Boston,MA,Multifamily,"100 units, 900 sq. ft. each",100,900,"Low-density suburb (1,000/sq. mi.)",3.97,3.33,4.62,3.33–4.62,1.56,1.15,1.97,1.15–1.97,8
Seattle,WA,Multifamily,"100 units, 900 sq. ft. each",100,900,"Low-density suburb (1,000/sq. mi.)",3.89,3.38,4.41,3.38–4.41,1.12,0.92,1.32,0.92–1.32,9
Miami,FL,Multifamily,"100 units, 900 sq. ft. each",100,900,"Low-density suburb (1,000/sq. mi.)",3.82,2.77,4.87,2.77–4.87,1.67,0.84,2.5,0.84–2.5,10
Philadelphia,PA,Multifamily,"100 units, 900 sq. ft. each",100,900,"Low-density suburb (1,000/sq. mi.)",3.54,2.94,4.14,2.94–4.14,0.36,0.25,0.47,0.25–0.47,11
Orlando,FL,Multifamily,"100 units, 900 sq. ft. each",100,900,"Low-density suburb (1,000/sq. mi.)",3.45,3.13,3.76,3.13–3.76,1.08,0.91,1.25,0.91–1.25,12
Sacramento,CA,Multifamily,"100 units, 900 sq. ft. each",100,900,"Low-density suburb (1,000/sq. mi.)",3.35,2.77,3.93,2.77–3.93,1,0.71,1.29,0.71–1.29,13
Charleston,SC,Multifamily,"100 units, 900 sq. ft. each",100,900,"Low-density suburb (1,000/sq. mi.)",3.32,2.92,3.73,2.92–3.73,0.54,0.36,0.72,0.36–0.72,14
Austin,TX,Multifamily,"100 units, 900 sq. ft. each",100,900,"Low-density suburb (1,000/sq. mi.)",2.9,2.79,3.02,2.79–3.02,0.94,0.86,1.01,0.86–1.01,15
Durham,NC,Multifamily,"100 units, 900 sq. ft. each",100,900,"Low-density suburb (1,000/sq. mi.)",2.9,2.59,3.2,2.59–3.2,0.65,0.45,0.84,0.45–0.84,16
Nashville,TN,Multifamily,"100 units, 900 sq. ft. each",100,900,"Low-density suburb (1,000/sq. mi.)",2.89,2.57,3.21,2.57–3.21,1,0.76,1.23,0.76–1.23,17
Portland,OR,Multifamily,"100 units, 900 sq. ft. each",100,900,"Low-density suburb (1,000/sq. mi.)",2.87,2.7,3.04,2.7–3.04,0.97,0.88,1.06,0.88–1.06,18
San Diego,CA,Multifamily,"100 units, 900 sq. ft. each",100,900,"Low-density suburb (1,000/sq. mi.)",2.86,2.59,3.14,2.59–3.14,0.73,0.61,0.86,0.61–0.86,19
Denver,CO,Multifamily,"100 units, 900 sq. ft. each",100,900,"Low-density suburb (1,000/sq. mi.)",2.86,2.68,3.03,2.68–3.03,0.63,0.53,0.73,0.53–0.73,20
Washington,DC,Multifamily,"100 units, 900 sq. ft. each",100,900,"Low-density suburb (1,000/sq. mi.)",2.76,2.18,3.33,2.18–3.33,0.8,0.54,1.06,0.54–1.06,21
Tampa,FL,Multifamily,"100 units, 900 sq. ft. each",100,900,"Low-density suburb (1,000/sq. mi.)",2.68,1.7,3.67,1.7–3.67,0.47,0.23,0.72,0.23–0.72,22
Houston,TX,Multifamily,"100 units, 900 sq. ft. each",100,900,"Low-density suburb (1,000/sq. mi.)",2.46,2.35,2.58,2.35–2.58,0.47,0.41,0.52,0.41–0.52,23
Phoenix,AZ,Multifamily,"100 units, 900 sq. ft. each",100,900,"Low-density suburb (1,000/sq. mi.)",2.42,2.27,2.57,2.27–2.57,0.51,0.44,0.57,0.44–0.57,24
Grand Rapids,MI,Multifamily,"100 units, 900 sq. ft. each",100,900,"Low-density suburb (1,000/sq. mi.)",2.33,1.98,2.68,1.98–2.68,0.32,0.2,0.45,0.2–0.45,25
Colorado Springs,CO,Multifamily,"100 units, 900 sq. ft. each",100,900,"Low-density suburb (1,000/sq. mi.)",2.31,2.06,2.55,2.06–2.55,0.42,0.33,0.5,0.33–0.5,26
Cleveland,OH,Multifamily,"100 units, 900 sq. ft. each",100,900,"Low-density suburb (1,000/sq. mi.)",2.29,1.75,2.84,1.75–2.84,0.55,0.31,0.8,0.31–0.8,27
Columbus,OH,Multifamily,"100 units, 900 sq. ft. each",100,900,"Low-density suburb (1,000/sq. mi.)",2.26,2.1,2.41,2.1–2.41,0.46,0.41,0.51,0.41–0.51,28
Indianapolis,IN,Multifamily,"100 units, 900 sq. ft. each",100,900,"Low-density suburb (1,000/sq. mi.)",2.21,1.98,2.44,1.98–2.44,0.66,0.52,0.8,0.52–0.8,29
Louisville,KY,Multifamily,"100 units, 900 sq. ft. each",100,900,"Low-density suburb (1,000/sq. mi.)",2.2,1.98,2.42,1.98–2.42,0.65,0.55,0.75,0.55–0.75,30
Atlanta,GA,Multifamily,"100 units, 900 sq. ft. each",100,900,"Low-density suburb (1,000/sq. mi.)",2.19,1.89,2.5,1.89–2.5,0.25,0.17,0.32,0.17–0.32,31
Kansas City,MO,Multifamily,"100 units, 900 sq. ft. each",100,900,"Low-density suburb (1,000/sq. mi.)",2.18,1.98,2.39,1.98–2.39,0.24,0.17,0.32,0.17–0.32,32
Sioux Falls,SD,Multifamily,"100 units, 900 sq. ft. each",100,900,"Low-density suburb (1,000/sq. mi.)",2.16,1.78,2.53,1.78–2.53,0.27,0.2,0.34,0.2–0.34,33
Fort Worth,TX,Multifamily,"100 units, 900 sq. ft. each",100,900,"Low-density suburb (1,000/sq. mi.)",2.15,2.06,2.25,2.06–2.25,0.36,0.32,0.41,0.32–0.41,34
Reno,NV,Multifamily,"100 units, 900 sq. ft. each",100,900,"Low-density suburb (1,000/sq. mi.)",2.11,1.88,2.34,1.88–2.34,0.41,0.25,0.56,0.25–0.56,35
Boise,ID,Multifamily,"100 units, 900 sq. ft. each",100,900,"Low-density suburb (1,000/sq. mi.)",2.07,1.79,2.36,1.79–2.36,0.39,0.3,0.47,0.3–0.47,36
Cincinnati,OH,Multifamily,"100 units, 900 sq. ft. each",100,900,"Low-density suburb (1,000/sq. mi.)",2.05,1.68,2.43,1.68–2.43,0.38,0.23,0.54,0.23–0.54,37
Jacksonville,FL,Multifamily,"100 units, 900 sq. ft. each",100,900,"Low-density suburb (1,000/sq. mi.)",1.89,1.76,2.01,1.76–2.01,0.36,0.31,0.4,0.31–0.4,38
Raleigh,NC,Multifamily,"100 units, 900 sq. ft. each",100,900,"Low-density suburb (1,000/sq. mi.)",1.86,1.69,2.02,1.69–2.02,0.29,0.23,0.36,0.23–0.36,39
Baton Rouge,LA,Multifamily,"100 units, 900 sq. ft. each",100,900,"City neighborhood (4,000/sq. mi.)",5.63,3.62,7.63,3.62–7.63,1.47,0.77,2.17,0.77–2.17,1
New York,NY,Multifamily,"100 units, 900 sq. ft. each",100,900,"City neighborhood (4,000/sq. mi.)",5.56,5.32,5.8,5.32–5.8,1.45,1.32,1.58,1.32–1.58,2
San Francisco,CA,Multifamily,"100 units, 900 sq. ft. each",100,900,"City neighborhood (4,000/sq. mi.)",5.12,4.7,5.55,4.7–5.55,1.14,0.94,1.34,0.94–1.34,3
Honolulu,HI,Multifamily,"100 units, 900 sq. ft. each",100,900,"City neighborhood (4,000/sq. mi.)",4.61,4,5.22,4–5.22,2.01,1.71,2.32,1.71–2.32,4
Los Angeles,CA,Multifamily,"100 units, 900 sq. ft. each",100,900,"City neighborhood (4,000/sq. mi.)",4.46,4.27,4.66,4.27–4.66,1.61,1.5,1.72,1.5–1.72,5
Oakland,CA,Multifamily,"100 units, 900 sq. ft. each",100,900,"City neighborhood (4,000/sq. mi.)",4.43,3.97,4.89,3.97–4.89,1.14,0.86,1.43,0.86–1.43,6
Boston,MA,Multifamily,"100 units, 900 sq. ft. each",100,900,"City neighborhood (4,000/sq. mi.)",4.35,3.82,4.89,3.82–4.89,1.78,1.42,2.14,1.42–2.14,7
Miami,FL,Multifamily,"100 units, 900 sq. ft. each",100,900,"City neighborhood (4,000/sq. mi.)",4.3,3.62,4.98,3.62–4.98,1.79,1.22,2.36,1.22–2.36,8
Charleston,SC,Multifamily,"100 units, 900 sq. ft. each",100,900,"City neighborhood (4,000/sq. mi.)",3.92,3.23,4.6,3.23–4.6,1.02,0.64,1.41,0.64–1.41,9
Seattle,WA,Multifamily,"100 units, 900 sq. ft. each",100,900,"City neighborhood (4,000/sq. mi.)",3.8,3.49,4.11,3.49–4.11,1.13,1,1.26,1–1.26,10
Philadelphia,PA,Multifamily,"100 units, 900 sq. ft. each",100,900,"City neighborhood (4,000/sq. mi.)",3.55,3.18,3.93,3.18–3.93,0.35,0.28,0.42,0.28–0.42,11
Sacramento,CA,Multifamily,"100 units, 900 sq. ft. each",100,900,"City neighborhood (4,000/sq. mi.)",3.28,2.77,3.79,2.77–3.79,0.95,0.7,1.19,0.7–1.19,12
Spokane,WA,Multifamily,"100 units, 900 sq. ft. each",100,900,"City neighborhood (4,000/sq. mi.)",3.1,2.02,4.18,2.02–4.18,0.2,0.14,0.27,0.14–0.27,13
Austin,TX,Multifamily,"100 units, 900 sq. ft. each",100,900,"City neighborhood (4,000/sq. mi.)",3.03,2.93,3.12,2.93–3.12,0.93,0.87,1,0.87–1,14
San Diego,CA,Multifamily,"100 units, 900 sq. ft. each",100,900,"City neighborhood (4,000/sq. mi.)",2.99,2.77,3.22,2.77–3.22,0.84,0.74,0.94,0.74–0.94,15
Durham,NC,Multifamily,"100 units, 900 sq. ft. each",100,900,"City neighborhood (4,000/sq. mi.)",2.92,2.56,3.28,2.56–3.28,0.47,0.36,0.58,0.36–0.58,16
Jersey City,NJ,Multifamily,"100 units, 900 sq. ft. each",100,900,"City neighborhood (4,000/sq. mi.)",2.92,2.26,3.58,2.26–3.58,0.32,0.12,0.53,0.12–0.53,17
Orlando,FL,Multifamily,"100 units, 900 sq. ft. each",100,900,"City neighborhood (4,000/sq. mi.)",2.87,2.6,3.13,2.6–3.13,0.76,0.63,0.9,0.63–0.9,18
Denver,CO,Multifamily,"100 units, 900 sq. ft. each",100,900,"City neighborhood (4,000/sq. mi.)",2.85,2.7,3,2.7–3,0.66,0.57,0.74,0.57–0.74,19
Nashville,TN,Multifamily,"100 units, 900 sq. ft. each",100,900,"City neighborhood (4,000/sq. mi.)",2.84,2.48,3.2,2.48–3.2,0.84,0.56,1.11,0.56–1.11,20
Washington,DC,Multifamily,"100 units, 900 sq. ft. each",100,900,"City neighborhood (4,000/sq. mi.)",2.8,2.46,3.14,2.46–3.14,0.8,0.65,0.96,0.65–0.96,21
Portland,OR,Multifamily,"100 units, 900 sq. ft. each",100,900,"City neighborhood (4,000/sq. mi.)",2.75,2.61,2.89,2.61–2.89,0.95,0.87,1.03,0.87–1.03,22
Houston,TX,Multifamily,"100 units, 900 sq. ft. each",100,900,"City neighborhood (4,000/sq. mi.)",2.62,2.53,2.71,2.53–2.71,0.58,0.53,0.63,0.53–0.63,23
Louisville,KY,Multifamily,"100 units, 900 sq. ft. each",100,900,"City neighborhood (4,000/sq. mi.)",2.57,2.27,2.87,2.27–2.87,0.71,0.57,0.86,0.57–0.86,24
Tampa,FL,Multifamily,"100 units, 900 sq. ft. each",100,900,"City neighborhood (4,000/sq. mi.)",2.45,1.99,2.9,1.99–2.9,0.5,0.37,0.63,0.37–0.63,25
Cincinnati,OH,Multifamily,"100 units, 900 sq. ft. each",100,900,"City neighborhood (4,000/sq. mi.)",2.34,1.88,2.8,1.88–2.8,0.53,0.34,0.72,0.34–0.72,26
Colorado Springs,CO,Multifamily,"100 units, 900 sq. ft. each",100,900,"City neighborhood (4,000/sq. mi.)",2.33,2.09,2.58,2.09–2.58,0.42,0.34,0.5,0.34–0.5,27
Cleveland,OH,Multifamily,"100 units, 900 sq. ft. each",100,900,"City neighborhood (4,000/sq. mi.)",2.31,1.94,2.67,1.94–2.67,0.61,0.44,0.77,0.44–0.77,28
Phoenix,AZ,Multifamily,"100 units, 900 sq. ft. each",100,900,"City neighborhood (4,000/sq. mi.)",2.3,2.14,2.45,2.14–2.45,0.45,0.38,0.52,0.38–0.52,29
Kansas City,MO,Multifamily,"100 units, 900 sq. ft. each",100,900,"City neighborhood (4,000/sq. mi.)",2.17,1.91,2.44,1.91–2.44,0.19,0.12,0.27,0.12–0.27,30
Fort Worth,TX,Multifamily,"100 units, 900 sq. ft. each",100,900,"City neighborhood (4,000/sq. mi.)",2.17,2.08,2.25,2.08–2.25,0.36,0.31,0.41,0.31–0.41,31
Jacksonville,FL,Multifamily,"100 units, 900 sq. ft. each",100,900,"City neighborhood (4,000/sq. mi.)",2.16,2.01,2.31,2.01–2.31,0.42,0.37,0.48,0.37–0.48,32
Columbus,OH,Multifamily,"100 units, 900 sq. ft. each",100,900,"City neighborhood (4,000/sq. mi.)",2.11,1.98,2.24,1.98–2.24,0.39,0.35,0.42,0.35–0.42,33
Indianapolis,IN,Multifamily,"100 units, 900 sq. ft. each",100,900,"City neighborhood (4,000/sq. mi.)",2.1,1.92,2.28,1.92–2.28,0.52,0.42,0.62,0.42–0.62,34
Atlanta,GA,Multifamily,"100 units, 900 sq. ft. each",100,900,"City neighborhood (4,000/sq. mi.)",2.09,1.89,2.29,1.89–2.29,0.25,0.2,0.3,0.2–0.3,35
Sioux Falls,SD,Multifamily,"100 units, 900 sq. ft. each",100,900,"City neighborhood (4,000/sq. mi.)",2.09,1.77,2.41,1.77–2.41,0.23,0.17,0.3,0.17–0.3,36
Grand Rapids,MI,Multifamily,"100 units, 900 sq. ft. each",100,900,"City neighborhood (4,000/sq. mi.)",2.09,1.9,2.27,1.9–2.27,0.32,0.22,0.42,0.22–0.42,37
Reno,NV,Multifamily,"100 units, 900 sq. ft. each",100,900,"City neighborhood (4,000/sq. mi.)",2,1.76,2.24,1.76–2.24,0.31,0.19,0.43,0.19–0.43,38
Boise,ID,Multifamily,"100 units, 900 sq. ft. each",100,900,"City neighborhood (4,000/sq. mi.)",1.93,1.63,2.22,1.63–2.22,0.4,0.31,0.49,0.31–0.49,39
Raleigh,NC,Multifamily,"100 units, 900 sq. ft. each",100,900,"City neighborhood (4,000/sq. mi.)",1.89,1.73,2.05,1.73–2.05,0.31,0.24,0.38,0.24–0.38,40
St. Paul,MN,Multifamily,"100 units, 900 sq. ft. each",100,900,"City neighborhood (4,000/sq. mi.)",1.74,1.37,2.12,1.37–2.12,0.31,0.2,0.42,0.2–0.42,41
New York,NY,Multifamily,"100 units, 900 sq. ft. each",100,900,"Dense city neighborhood (10,000/sq. mi.)",5.51,5.32,5.69,5.32–5.69,1.39,1.29,1.49,1.29–1.49,1
San Francisco,CA,Multifamily,"100 units, 900 sq. ft. each",100,900,"Dense city neighborhood (10,000/sq. mi.)",4.94,4.61,5.27,4.61–5.27,1.17,1.01,1.33,1.01–1.33,2
Miami,FL,Multifamily,"100 units, 900 sq. ft. each",100,900,"Dense city neighborhood (10,000/sq. mi.)",4.65,4.07,5.23,4.07–5.23,1.88,1.33,2.42,1.33–2.42,3
Boston,MA,Multifamily,"100 units, 900 sq. ft. each",100,900,"Dense city neighborhood (10,000/sq. mi.)",4.63,4.14,5.12,4.14–5.12,1.94,1.59,2.29,1.59–2.29,4
Los Angeles,CA,Multifamily,"100 units, 900 sq. ft. each",100,900,"Dense city neighborhood (10,000/sq. mi.)",4.54,4.38,4.71,4.38–4.71,1.53,1.44,1.63,1.44–1.63,5
Honolulu,HI,Multifamily,"100 units, 900 sq. ft. each",100,900,"Dense city neighborhood (10,000/sq. mi.)",4.42,3.78,5.05,3.78–5.05,2.14,1.78,2.5,1.78–2.5,6
Oakland,CA,Multifamily,"100 units, 900 sq. ft. each",100,900,"Dense city neighborhood (10,000/sq. mi.)",3.88,3.41,4.36,3.41–4.36,0.95,0.75,1.15,0.75–1.15,7
Seattle,WA,Multifamily,"100 units, 900 sq. ft. each",100,900,"Dense city neighborhood (10,000/sq. mi.)",3.74,3.52,3.96,3.52–3.96,1.13,1.04,1.23,1.04–1.23,8
Philadelphia,PA,Multifamily,"100 units, 900 sq. ft. each",100,900,"Dense city neighborhood (10,000/sq. mi.)",3.56,3.28,3.84,3.28–3.84,0.34,0.29,0.39,0.29–0.39,9
Spokane,WA,Multifamily,"100 units, 900 sq. ft. each",100,900,"Dense city neighborhood (10,000/sq. mi.)",3.27,2.36,4.17,2.36–4.17,0.15,0.1,0.2,0.1–0.2,10
Sacramento,CA,Multifamily,"100 units, 900 sq. ft. each",100,900,"Dense city neighborhood (10,000/sq. mi.)",3.23,2.75,3.71,2.75–3.71,0.91,0.69,1.14,0.69–1.14,11
Austin,TX,Multifamily,"100 units, 900 sq. ft. each",100,900,"Dense city neighborhood (10,000/sq. mi.)",3.11,3,3.22,3–3.22,0.93,0.86,1.01,0.86–1.01,12
San Diego,CA,Multifamily,"100 units, 900 sq. ft. each",100,900,"Dense city neighborhood (10,000/sq. mi.)",3.09,2.86,3.31,2.86–3.31,0.92,0.82,1.02,0.82–1.02,13
Jersey City,NJ,Multifamily,"100 units, 900 sq. ft. each",100,900,"Dense city neighborhood (10,000/sq. mi.)",3.03,2.56,3.51,2.56–3.51,0.35,0.21,0.49,0.21–0.49,14
Durham,NC,Multifamily,"100 units, 900 sq. ft. each",100,900,"Dense city neighborhood (10,000/sq. mi.)",2.94,2.44,3.44,2.44–3.44,0.38,0.28,0.48,0.28–0.48,15
Louisville,KY,Multifamily,"100 units, 900 sq. ft. each",100,900,"Dense city neighborhood (10,000/sq. mi.)",2.85,2.41,3.3,2.41–3.3,0.76,0.56,0.96,0.56–0.96,16
Denver,CO,Multifamily,"100 units, 900 sq. ft. each",100,900,"Dense city neighborhood (10,000/sq. mi.)",2.85,2.7,2.99,2.7–2.99,0.68,0.59,0.76,0.59–0.76,17
Washington,DC,Multifamily,"100 units, 900 sq. ft. each",100,900,"Dense city neighborhood (10,000/sq. mi.)",2.83,2.6,3.05,2.6–3.05,0.8,0.7,0.91,0.7–0.91,18
Nashville,TN,Multifamily,"100 units, 900 sq. ft. each",100,900,"Dense city neighborhood (10,000/sq. mi.)",2.81,2.36,3.26,2.36–3.26,0.74,0.43,1.06,0.43–1.06,19
Houston,TX,Multifamily,"100 units, 900 sq. ft. each",100,900,"Dense city neighborhood (10,000/sq. mi.)",2.73,2.63,2.83,2.63–2.83,0.66,0.61,0.72,0.61–0.72,20
Portland,OR,Multifamily,"100 units, 900 sq. ft. each",100,900,"Dense city neighborhood (10,000/sq. mi.)",2.67,2.52,2.83,2.52–2.83,0.93,0.85,1.01,0.85–1.01,21
Cincinnati,OH,Multifamily,"100 units, 900 sq. ft. each",100,900,"Dense city neighborhood (10,000/sq. mi.)",2.55,1.93,3.16,1.93–3.16,0.66,0.39,0.92,0.39–0.92,22
Orlando,FL,Multifamily,"100 units, 900 sq. ft. each",100,900,"Dense city neighborhood (10,000/sq. mi.)",2.54,2.29,2.8,2.29–2.8,0.61,0.49,0.73,0.49–0.73,23
Jacksonville,FL,Multifamily,"100 units, 900 sq. ft. each",100,900,"Dense city neighborhood (10,000/sq. mi.)",2.36,2.18,2.54,2.18–2.54,0.47,0.4,0.55,0.4–0.55,24
Colorado Springs,CO,Multifamily,"100 units, 900 sq. ft. each",100,900,"Dense city neighborhood (10,000/sq. mi.)",2.35,2.08,2.62,2.08–2.62,0.43,0.34,0.51,0.34–0.51,25
Cleveland,OH,Multifamily,"100 units, 900 sq. ft. each",100,900,"Dense city neighborhood (10,000/sq. mi.)",2.31,1.87,2.76,1.87–2.76,0.65,0.45,0.84,0.45–0.84,26
Tampa,FL,Multifamily,"100 units, 900 sq. ft. each",100,900,"Dense city neighborhood (10,000/sq. mi.)",2.3,1.69,2.91,1.69–2.91,0.52,0.33,0.7,0.33–0.7,27
Phoenix,AZ,Multifamily,"100 units, 900 sq. ft. each",100,900,"Dense city neighborhood (10,000/sq. mi.)",2.22,2.03,2.4,2.03–2.4,0.42,0.35,0.49,0.35–0.49,28
Fort Worth,TX,Multifamily,"100 units, 900 sq. ft. each",100,900,"Dense city neighborhood (10,000/sq. mi.)",2.17,2.06,2.29,2.06–2.29,0.36,0.3,0.42,0.3–0.42,29
Kansas City,MO,Multifamily,"100 units, 900 sq. ft. each",100,900,"Dense city neighborhood (10,000/sq. mi.)",2.16,1.82,2.5,1.82–2.5,0.17,0.08,0.25,0.08–0.25,30
Sioux Falls,SD,Multifamily,"100 units, 900 sq. ft. each",100,900,"Dense city neighborhood (10,000/sq. mi.)",2.05,1.73,2.37,1.73–2.37,0.21,0.14,0.28,0.14–0.28,31
Indianapolis,IN,Multifamily,"100 units, 900 sq. ft. each",100,900,"Dense city neighborhood (10,000/sq. mi.)",2.03,1.76,2.31,1.76–2.31,0.45,0.33,0.57,0.33–0.57,32
Atlanta,GA,Multifamily,"100 units, 900 sq. ft. each",100,900,"Dense city neighborhood (10,000/sq. mi.)",2.03,1.83,2.23,1.83–2.23,0.25,0.2,0.3,0.2–0.3,33
Columbus,OH,Multifamily,"100 units, 900 sq. ft. each",100,900,"Dense city neighborhood (10,000/sq. mi.)",2.02,1.87,2.17,1.87–2.17,0.35,0.31,0.39,0.31–0.39,34
Grand Rapids,MI,Multifamily,"100 units, 900 sq. ft. each",100,900,"Dense city neighborhood (10,000/sq. mi.)",1.94,1.69,2.19,1.69–2.19,0.32,0.18,0.47,0.18–0.47,35
Reno,NV,Multifamily,"100 units, 900 sq. ft. each",100,900,"Dense city neighborhood (10,000/sq. mi.)",1.94,1.68,2.19,1.68–2.19,0.26,0.15,0.36,0.15–0.36,36
Raleigh,NC,Multifamily,"100 units, 900 sq. ft. each",100,900,"Dense city neighborhood (10,000/sq. mi.)",1.91,1.72,2.1,1.72–2.1,0.32,0.24,0.4,0.24–0.4,37
Boise,ID,Multifamily,"100 units, 900 sq. ft. each",100,900,"Dense city neighborhood (10,000/sq. mi.)",1.84,1.53,2.15,1.53–2.15,0.41,0.3,0.52,0.3–0.52,38
St. Paul,MN,Multifamily,"100 units, 900 sq. ft. each",100,900,"Dense city neighborhood (10,000/sq. mi.)",1.8,1.32,2.28,1.32–2.28,0.24,0.14,0.33,0.14–0.33,39
New York,NY,Multifamily,"100 units, 900 sq. ft. each",100,900,"Urban core (25,000/sq. mi.)",5.46,5.3,5.61,5.3–5.61,1.33,1.25,1.41,1.25–1.41,1
Miami,FL,Multifamily,"100 units, 900 sq. ft. each",100,900,"Urban core (25,000/sq. mi.)",5.03,4.22,5.83,4.22–5.83,1.97,1.27,2.66,1.27–2.66,2
Boston,MA,Multifamily,"100 units, 900 sq. ft. each",100,900,"Urban core (25,000/sq. mi.)",4.92,4.41,5.43,4.41–5.43,2.12,1.75,2.49,1.75–2.49,3
San Francisco,CA,Multifamily,"100 units, 900 sq. ft. each",100,900,"Urban core (25,000/sq. mi.)",4.77,4.47,5.06,4.47–5.06,1.21,1.07,1.35,1.07–1.35,4
Los Angeles,CA,Multifamily,"100 units, 900 sq. ft. each",100,900,"Urban core (25,000/sq. mi.)",4.62,4.45,4.79,4.45–4.79,1.46,1.37,1.55,1.37–1.55,5
Honolulu,HI,Multifamily,"100 units, 900 sq. ft. each",100,900,"Urban core (25,000/sq. mi.)",4.23,3.54,4.92,3.54–4.92,2.28,1.84,2.71,1.84–2.71,6
Seattle,WA,Multifamily,"100 units, 900 sq. ft. each",100,900,"Urban core (25,000/sq. mi.)",3.68,3.48,3.89,3.48–3.89,1.14,1.05,1.23,1.05–1.23,7
Philadelphia,PA,Multifamily,"100 units, 900 sq. ft. each",100,900,"Urban core (25,000/sq. mi.)",3.57,3.29,3.85,3.29–3.85,0.33,0.29,0.38,0.29–0.38,8
Spokane,WA,Multifamily,"100 units, 900 sq. ft. each",100,900,"Urban core (25,000/sq. mi.)",3.44,2.41,4.47,2.41–4.47,0.11,0.07,0.16,0.07–0.16,9
Oakland,CA,Multifamily,"100 units, 900 sq. ft. each",100,900,"Urban core (25,000/sq. mi.)",3.41,2.83,3.98,2.83–3.98,0.78,0.57,0.99,0.57–0.99,10
Austin,TX,Multifamily,"100 units, 900 sq. ft. each",100,900,"Urban core (25,000/sq. mi.)",3.2,3.05,3.34,3.05–3.34,0.93,0.84,1.02,0.84–1.02,11
Sacramento,CA,Multifamily,"100 units, 900 sq. ft. each",100,900,"Urban core (25,000/sq. mi.)",3.18,2.72,3.64,2.72–3.64,0.88,0.67,1.1,0.67–1.1,12
San Diego,CA,Multifamily,"100 units, 900 sq. ft. each",100,900,"Urban core (25,000/sq. mi.)",3.18,2.9,3.45,2.9–3.45,1.01,0.88,1.13,0.88–1.13,13
Louisville,KY,Multifamily,"100 units, 900 sq. ft. each",100,900,"Urban core (25,000/sq. mi.)",3.16,2.52,3.81,2.52–3.81,0.81,0.53,1.08,0.53–1.08,14
Jersey City,NJ,Multifamily,"100 units, 900 sq. ft. each",100,900,"Urban core (25,000/sq. mi.)",3.15,2.73,3.57,2.73–3.57,0.38,0.25,0.51,0.25–0.51,15
Durham,NC,Multifamily,"100 units, 900 sq. ft. each",100,900,"Urban core (25,000/sq. mi.)",2.96,2.28,3.63,2.28–3.63,0.31,0.21,0.41,0.21–0.41,16
Washington,DC,Multifamily,"100 units, 900 sq. ft. each",100,900,"Urban core (25,000/sq. mi.)",2.86,2.64,3.08,2.64–3.08,0.81,0.7,0.92,0.7–0.92,17
Houston,TX,Multifamily,"100 units, 900 sq. ft. each",100,900,"Urban core (25,000/sq. mi.)",2.84,2.71,2.98,2.71–2.98,0.76,0.68,0.84,0.68–0.84,18
Denver,CO,Multifamily,"100 units, 900 sq. ft. each",100,900,"Urban core (25,000/sq. mi.)",2.84,2.69,2.99,2.69–2.99,0.7,0.61,0.78,0.61–0.78,19
Cincinnati,OH,Multifamily,"100 units, 900 sq. ft. each",100,900,"Urban core (25,000/sq. mi.)",2.77,1.94,3.61,1.94–3.61,0.81,0.41,1.22,0.41–1.22,20
Portland,OR,Multifamily,"100 units, 900 sq. ft. each",100,900,"Urban core (25,000/sq. mi.)",2.6,2.42,2.79,2.42–2.79,0.92,0.83,1.01,0.83–1.01,21
Jacksonville,FL,Multifamily,"100 units, 900 sq. ft. each",100,900,"Urban core (25,000/sq. mi.)",2.58,2.35,2.82,2.35–2.82,0.53,0.43,0.63,0.43–0.63,22
Colorado Springs,CO,Multifamily,"100 units, 900 sq. ft. each",100,900,"Urban core (25,000/sq. mi.)",2.37,2.06,2.68,2.06–2.68,0.43,0.34,0.53,0.34–0.53,23
Cleveland,OH,Multifamily,"100 units, 900 sq. ft. each",100,900,"Urban core (25,000/sq. mi.)",2.32,1.7,2.95,1.7–2.95,0.69,0.39,0.99,0.39–0.99,24
Orlando,FL,Multifamily,"100 units, 900 sq. ft. each",100,900,"Urban core (25,000/sq. mi.)",2.25,2,2.51,2–2.51,0.49,0.38,0.59,0.38–0.59,25
Fort Worth,TX,Multifamily,"100 units, 900 sq. ft. each",100,900,"Urban core (25,000/sq. mi.)",2.18,2.03,2.33,2.03–2.33,0.36,0.29,0.44,0.29–0.44,26
Kansas City,MO,Multifamily,"100 units, 900 sq. ft. each",100,900,"Urban core (25,000/sq. mi.)",2.15,1.73,2.58,1.73–2.58,0.14,0.06,0.22,0.06–0.22,27
Phoenix,AZ,Multifamily,"100 units, 900 sq. ft. each",100,900,"Urban core (25,000/sq. mi.)",2.14,1.92,2.36,1.92–2.36,0.39,0.31,0.47,0.31–0.47,28
Sioux Falls,SD,Multifamily,"100 units, 900 sq. ft. each",100,900,"Urban core (25,000/sq. mi.)",2.01,1.66,2.36,1.66–2.36,0.19,0.12,0.26,0.12–0.26,29
Indianapolis,IN,Multifamily,"100 units, 900 sq. ft. each",100,900,"Urban core (25,000/sq. mi.)",1.97,1.57,2.36,1.57–2.36,0.38,0.24,0.52,0.24–0.52,30
Atlanta,GA,Multifamily,"100 units, 900 sq. ft. each",100,900,"Urban core (25,000/sq. mi.)",1.97,1.73,2.21,1.73–2.21,0.25,0.18,0.32,0.18–0.32,31
Columbus,OH,Multifamily,"100 units, 900 sq. ft. each",100,900,"Urban core (25,000/sq. mi.)",1.93,1.75,2.12,1.75–2.12,0.31,0.27,0.36,0.27–0.36,32
Raleigh,NC,Multifamily,"100 units, 900 sq. ft. each",100,900,"Urban core (25,000/sq. mi.)",1.93,1.69,2.17,1.69–2.17,0.33,0.23,0.43,0.23–0.43,33
Reno,NV,Multifamily,"100 units, 900 sq. ft. each",100,900,"Urban core (25,000/sq. mi.)",1.87,1.6,2.15,1.6–2.15,0.22,0.12,0.31,0.12–0.31,34
St. Paul,MN,Multifamily,"100 units, 900 sq. ft. each",100,900,"Urban core (25,000/sq. mi.)",1.86,1.08,2.63,1.08–2.63,0.18,0.06,0.3,0.06–0.3,35
Grand Rapids,MI,Multifamily,"100 units, 900 sq. ft. each",100,900,"Urban core (25,000/sq. mi.)",1.8,1.44,2.17,1.44–2.17,0.32,0.11,0.53,0.11–0.53,36
Boise,ID,Multifamily,"100 units, 900 sq. ft. each",100,900,"Urban core (25,000/sq. mi.)",1.75,1.43,2.07,1.43–2.07,0.42,0.28,0.56,0.28–0.56,37
New York,NY,Multifamily,"100 units, 1,200 sq. ft. each",100,1200,"Low-density suburb (1,000/sq. mi.)",5.81,5.46,6.16,5.46–6.16,1.57,1.37,1.77,1.37–1.77,1
San Francisco,CA,Multifamily,"100 units, 1,200 sq. ft. each",100,1200,"Low-density suburb (1,000/sq. mi.)",5.47,4.87,6.07,4.87–6.07,1.11,0.84,1.38,0.84–1.38,2
Baton Rouge,LA,Multifamily,"100 units, 1,200 sq. ft. each",100,1200,"Low-density suburb (1,000/sq. mi.)",5.42,3.17,7.67,3.17–7.67,1.16,0.59,1.73,0.59–1.73,3
Oakland,CA,Multifamily,"100 units, 1,200 sq. ft. each",100,1200,"Low-density suburb (1,000/sq. mi.)",5.19,4.39,5.99,4.39–5.99,1.35,0.86,1.85,0.86–1.85,4
Honolulu,HI,Multifamily,"100 units, 1,200 sq. ft. each",100,1200,"Low-density suburb (1,000/sq. mi.)",5.07,4.4,5.73,4.4–5.73,1.92,1.64,2.19,1.64–2.19,5
Los Angeles,CA,Multifamily,"100 units, 1,200 sq. ft. each",100,1200,"Low-density suburb (1,000/sq. mi.)",4.49,4.19,4.78,4.19–4.78,1.71,1.54,1.88,1.54–1.88,6
Tulsa,OK,Multifamily,"100 units, 1,200 sq. ft. each",100,1200,"Low-density suburb (1,000/sq. mi.)",4.03,3,5.06,3–5.06,0.66,0.49,0.83,0.49–0.83,7
Boston,MA,Multifamily,"100 units, 1,200 sq. ft. each",100,1200,"Low-density suburb (1,000/sq. mi.)",3.94,3.3,4.57,3.3–4.57,1.52,1.12,1.92,1.12–1.92,8
Seattle,WA,Multifamily,"100 units, 1,200 sq. ft. each",100,1200,"Low-density suburb (1,000/sq. mi.)",3.93,3.4,4.46,3.4–4.46,1.13,0.92,1.34,0.92–1.34,9
Charleston,SC,Multifamily,"100 units, 1,200 sq. ft. each",100,1200,"Low-density suburb (1,000/sq. mi.)",3.87,3.22,4.52,3.22–4.52,1.07,0.78,1.35,0.78–1.35,10
Miami,FL,Multifamily,"100 units, 1,200 sq. ft. each",100,1200,"Low-density suburb (1,000/sq. mi.)",3.82,2.8,4.84,2.8–4.84,1.71,0.88,2.55,0.88–2.55,11
Orlando,FL,Multifamily,"100 units, 1,200 sq. ft. each",100,1200,"Low-density suburb (1,000/sq. mi.)",3.64,3.32,3.96,3.32–3.96,1.21,1.03,1.39,1.03–1.39,12
Philadelphia,PA,Multifamily,"100 units, 1,200 sq. ft. each",100,1200,"Low-density suburb (1,000/sq. mi.)",3.54,2.95,4.13,2.95–4.13,0.37,0.25,0.48,0.25–0.48,13
Sacramento,CA,Multifamily,"100 units, 1,200 sq. ft. each",100,1200,"Low-density suburb (1,000/sq. mi.)",3.26,2.67,3.85,2.67–3.85,0.99,0.69,1.29,0.69–1.29,14
Nashville,TN,Multifamily,"100 units, 1,200 sq. ft. each",100,1200,"Low-density suburb (1,000/sq. mi.)",3.14,2.79,3.5,2.79–3.5,1.09,0.83,1.35,0.83–1.35,15
Portland,OR,Multifamily,"100 units, 1,200 sq. ft. each",100,1200,"Low-density suburb (1,000/sq. mi.)",3.05,2.84,3.26,2.84–3.26,1,0.89,1.11,0.89–1.11,16
Austin,TX,Multifamily,"100 units, 1,200 sq. ft. each",100,1200,"Low-density suburb (1,000/sq. mi.)",2.99,2.87,3.11,2.87–3.11,0.95,0.87,1.02,0.87–1.02,17
Durham,NC,Multifamily,"100 units, 1,200 sq. ft. each",100,1200,"Low-density suburb (1,000/sq. mi.)",2.92,2.64,3.21,2.64–3.21,0.64,0.46,0.82,0.46–0.82,18
San Diego,CA,Multifamily,"100 units, 1,200 sq. ft. each",100,1200,"Low-density suburb (1,000/sq. mi.)",2.86,2.58,3.14,2.58–3.14,0.74,0.62,0.87,0.62–0.87,19
Denver,CO,Multifamily,"100 units, 1,200 sq. ft. each",100,1200,"Low-density suburb (1,000/sq. mi.)",2.84,2.67,3,2.67–3,0.62,0.52,0.72,0.52–0.72,20
Washington,DC,Multifamily,"100 units, 1,200 sq. ft. each",100,1200,"Low-density suburb (1,000/sq. mi.)",2.72,2.15,3.29,2.15–3.29,0.79,0.53,1.06,0.53–1.06,21
Tampa,FL,Multifamily,"100 units, 1,200 sq. ft. each",100,1200,"Low-density suburb (1,000/sq. mi.)",2.68,1.72,3.64,1.72–3.64,0.46,0.23,0.69,0.23–0.69,22
Colorado Springs,CO,Multifamily,"100 units, 1,200 sq. ft. each",100,1200,"Low-density suburb (1,000/sq. mi.)",2.68,2.45,2.91,2.45–2.91,0.51,0.43,0.59,0.43–0.59,23
Houston,TX,Multifamily,"100 units, 1,200 sq. ft. each",100,1200,"Low-density suburb (1,000/sq. mi.)",2.49,2.37,2.61,2.37–2.61,0.47,0.42,0.53,0.42–0.53,24
Phoenix,AZ,Multifamily,"100 units, 1,200 sq. ft. each",100,1200,"Low-density suburb (1,000/sq. mi.)",2.49,2.33,2.64,2.33–2.64,0.49,0.42,0.56,0.42–0.56,25
Cleveland,OH,Multifamily,"100 units, 1,200 sq. ft. each",100,1200,"Low-density suburb (1,000/sq. mi.)",2.44,1.85,3.03,1.85–3.03,0.61,0.34,0.88,0.34–0.88,26
Columbus,OH,Multifamily,"100 units, 1,200 sq. ft. each",100,1200,"Low-density suburb (1,000/sq. mi.)",2.34,2.17,2.52,2.17–2.52,0.45,0.4,0.51,0.4–0.51,27
Grand Rapids,MI,Multifamily,"100 units, 1,200 sq. ft. each",100,1200,"Low-density suburb (1,000/sq. mi.)",2.34,1.99,2.69,1.99–2.69,0.33,0.21,0.45,0.21–0.45,28
Indianapolis,IN,Multifamily,"100 units, 1,200 sq. ft. each",100,1200,"Low-density suburb (1,000/sq. mi.)",2.3,2.05,2.54,2.05–2.54,0.68,0.53,0.83,0.53–0.83,29
Louisville,KY,Multifamily,"100 units, 1,200 sq. ft. each",100,1200,"Low-density suburb (1,000/sq. mi.)",2.29,2.06,2.52,2.06–2.52,0.69,0.58,0.8,0.58–0.8,30
Atlanta,GA,Multifamily,"100 units, 1,200 sq. ft. each",100,1200,"Low-density suburb (1,000/sq. mi.)",2.28,1.96,2.59,1.96–2.59,0.26,0.18,0.34,0.18–0.34,31
Kansas City,MO,Multifamily,"100 units, 1,200 sq. ft. each",100,1200,"Low-density suburb (1,000/sq. mi.)",2.25,2.02,2.48,2.02–2.48,0.26,0.17,0.34,0.17–0.34,32
Fort Worth,TX,Multifamily,"100 units, 1,200 sq. ft. each",100,1200,"Low-density suburb (1,000/sq. mi.)",2.22,2.13,2.31,2.13–2.31,0.4,0.35,0.45,0.35–0.45,33
Reno,NV,Multifamily,"100 units, 1,200 sq. ft. each",100,1200,"Low-density suburb (1,000/sq. mi.)",2.18,1.94,2.42,1.94–2.42,0.42,0.26,0.58,0.26–0.58,34
Cincinnati,OH,Multifamily,"100 units, 1,200 sq. ft. each",100,1200,"Low-density suburb (1,000/sq. mi.)",2.12,1.78,2.46,1.78–2.46,0.35,0.22,0.49,0.22–0.49,35
Boise,ID,Multifamily,"100 units, 1,200 sq. ft. each",100,1200,"Low-density suburb (1,000/sq. mi.)",2.09,1.78,2.41,1.78–2.41,0.38,0.29,0.47,0.29–0.47,36
Sioux Falls,SD,Multifamily,"100 units, 1,200 sq. ft. each",100,1200,"Low-density suburb (1,000/sq. mi.)",2.09,1.71,2.47,1.71–2.47,0.28,0.2,0.36,0.2–0.36,37
Jacksonville,FL,Multifamily,"100 units, 1,200 sq. ft. each",100,1200,"Low-density suburb (1,000/sq. mi.)",1.95,1.82,2.07,1.82–2.07,0.35,0.31,0.4,0.31–0.4,38
Raleigh,NC,Multifamily,"100 units, 1,200 sq. ft. each",100,1200,"Low-density suburb (1,000/sq. mi.)",1.93,1.77,2.09,1.77–2.09,0.32,0.24,0.39,0.24–0.39,39
Baton Rouge,LA,Multifamily,"100 units, 1,200 sq. ft. each",100,1200,"City neighborhood (4,000/sq. mi.)",5.89,3.78,8,3.78–8,1.63,0.85,2.4,0.85–2.4,1
New York,NY,Multifamily,"100 units, 1,200 sq. ft. each",100,1200,"City neighborhood (4,000/sq. mi.)",5.73,5.48,5.98,5.48–5.98,1.47,1.33,1.61,1.33–1.61,2
San Francisco,CA,Multifamily,"100 units, 1,200 sq. ft. each",100,1200,"City neighborhood (4,000/sq. mi.)",5.18,4.78,5.58,4.78–5.58,1.16,0.96,1.36,0.96–1.36,3
Honolulu,HI,Multifamily,"100 units, 1,200 sq. ft. each",100,1200,"City neighborhood (4,000/sq. mi.)",4.74,4.12,5.37,4.12–5.37,2.1,1.78,2.42,1.78–2.42,4
Los Angeles,CA,Multifamily,"100 units, 1,200 sq. ft. each",100,1200,"City neighborhood (4,000/sq. mi.)",4.6,4.4,4.81,4.4–4.81,1.59,1.48,1.7,1.48–1.7,5
Charleston,SC,Multifamily,"100 units, 1,200 sq. ft. each",100,1200,"City neighborhood (4,000/sq. mi.)",4.57,3.54,5.6,3.54–5.6,2.01,1.35,2.67,1.35–2.67,6
Boston,MA,Multifamily,"100 units, 1,200 sq. ft. each",100,1200,"City neighborhood (4,000/sq. mi.)",4.32,3.8,4.83,3.8–4.83,1.74,1.39,2.08,1.39–2.08,7
Miami,FL,Multifamily,"100 units, 1,200 sq. ft. each",100,1200,"City neighborhood (4,000/sq. mi.)",4.3,3.66,4.94,3.66–4.94,1.84,1.28,2.4,1.28–2.4,8
Oakland,CA,Multifamily,"100 units, 1,200 sq. ft. each",100,1200,"City neighborhood (4,000/sq. mi.)",4.25,3.76,4.74,3.76–4.74,1.02,0.8,1.23,0.8–1.23,9
Seattle,WA,Multifamily,"100 units, 1,200 sq. ft. each",100,1200,"City neighborhood (4,000/sq. mi.)",3.83,3.5,4.16,3.5–4.16,1.14,1,1.27,1–1.27,10
Philadelphia,PA,Multifamily,"100 units, 1,200 sq. ft. each",100,1200,"City neighborhood (4,000/sq. mi.)",3.55,3.18,3.92,3.18–3.92,0.35,0.29,0.42,0.29–0.42,11
Spokane,WA,Multifamily,"100 units, 1,200 sq. ft. each",100,1200,"City neighborhood (4,000/sq. mi.)",3.33,2.07,4.59,2.07–4.59,0.2,0.13,0.27,0.13–0.27,12
Sacramento,CA,Multifamily,"100 units, 1,200 sq. ft. each",100,1200,"City neighborhood (4,000/sq. mi.)",3.19,2.67,3.7,2.67–3.7,0.94,0.68,1.19,0.68–1.19,13
Austin,TX,Multifamily,"100 units, 1,200 sq. ft. each",100,1200,"City neighborhood (4,000/sq. mi.)",3.12,3.02,3.22,3.02–3.22,0.94,0.88,1.01,0.88–1.01,14
Nashville,TN,Multifamily,"100 units, 1,200 sq. ft. each",100,1200,"City neighborhood (4,000/sq. mi.)",3.09,2.69,3.49,2.69–3.49,0.91,0.6,1.22,0.6–1.22,15
Orlando,FL,Multifamily,"100 units, 1,200 sq. ft. each",100,1200,"City neighborhood (4,000/sq. mi.)",3.03,2.76,3.3,2.76–3.3,0.86,0.72,1,0.72–1,16
San Diego,CA,Multifamily,"100 units, 1,200 sq. ft. each",100,1200,"City neighborhood (4,000/sq. mi.)",2.99,2.76,3.22,2.76–3.22,0.85,0.75,0.95,0.75–0.95,17
Durham,NC,Multifamily,"100 units, 1,200 sq. ft. each",100,1200,"City neighborhood (4,000/sq. mi.)",2.95,2.6,3.3,2.6–3.3,0.47,0.36,0.57,0.36–0.57,18
Portland,OR,Multifamily,"100 units, 1,200 sq. ft. each",100,1200,"City neighborhood (4,000/sq. mi.)",2.93,2.74,3.12,2.74–3.12,0.98,0.88,1.08,0.88–1.08,19
Jersey City,NJ,Multifamily,"100 units, 1,200 sq. ft. each",100,1200,"City neighborhood (4,000/sq. mi.)",2.9,2.24,3.56,2.24–3.56,0.33,0.12,0.53,0.12–0.53,20
Denver,CO,Multifamily,"100 units, 1,200 sq. ft. each",100,1200,"City neighborhood (4,000/sq. mi.)",2.83,2.69,2.97,2.69–2.97,0.65,0.57,0.73,0.57–0.73,21
Washington,DC,Multifamily,"100 units, 1,200 sq. ft. each",100,1200,"City neighborhood (4,000/sq. mi.)",2.76,2.41,3.1,2.41–3.1,0.8,0.64,0.95,0.64–0.95,22
Colorado Springs,CO,Multifamily,"100 units, 1,200 sq. ft. each",100,1200,"City neighborhood (4,000/sq. mi.)",2.71,2.5,2.93,2.5–2.93,0.52,0.45,0.59,0.45–0.59,23
Louisville,KY,Multifamily,"100 units, 1,200 sq. ft. each",100,1200,"City neighborhood (4,000/sq. mi.)",2.67,2.37,2.98,2.37–2.98,0.75,0.6,0.91,0.6–0.91,24
Houston,TX,Multifamily,"100 units, 1,200 sq. ft. each",100,1200,"City neighborhood (4,000/sq. mi.)",2.65,2.55,2.74,2.55–2.74,0.58,0.53,0.64,0.53–0.64,25
Cleveland,OH,Multifamily,"100 units, 1,200 sq. ft. each",100,1200,"City neighborhood (4,000/sq. mi.)",2.45,2.04,2.86,2.04–2.86,0.68,0.49,0.86,0.49–0.86,26
Tampa,FL,Multifamily,"100 units, 1,200 sq. ft. each",100,1200,"City neighborhood (4,000/sq. mi.)",2.45,2.01,2.88,2.01–2.88,0.48,0.35,0.62,0.35–0.62,27
Cincinnati,OH,Multifamily,"100 units, 1,200 sq. ft. each",100,1200,"City neighborhood (4,000/sq. mi.)",2.41,2.02,2.81,2.02–2.81,0.49,0.33,0.64,0.33–0.64,28
Phoenix,AZ,Multifamily,"100 units, 1,200 sq. ft. each",100,1200,"City neighborhood (4,000/sq. mi.)",2.36,2.2,2.53,2.2–2.53,0.44,0.37,0.51,0.37–0.51,29
Kansas City,MO,Multifamily,"100 units, 1,200 sq. ft. each",100,1200,"City neighborhood (4,000/sq. mi.)",2.23,1.95,2.52,1.95–2.52,0.2,0.12,0.28,0.12–0.28,30
Fort Worth,TX,Multifamily,"100 units, 1,200 sq. ft. each",100,1200,"City neighborhood (4,000/sq. mi.)",2.23,2.14,2.32,2.14–2.32,0.4,0.35,0.46,0.35–0.46,31
Jacksonville,FL,Multifamily,"100 units, 1,200 sq. ft. each",100,1200,"City neighborhood (4,000/sq. mi.)",2.23,2.08,2.38,2.08–2.38,0.42,0.36,0.47,0.36–0.47,32
Columbus,OH,Multifamily,"100 units, 1,200 sq. ft. each",100,1200,"City neighborhood (4,000/sq. mi.)",2.19,2.05,2.34,2.05–2.34,0.39,0.35,0.42,0.35–0.42,33
Indianapolis,IN,Multifamily,"100 units, 1,200 sq. ft. each",100,1200,"City neighborhood (4,000/sq. mi.)",2.19,1.99,2.39,1.99–2.39,0.54,0.43,0.65,0.43–0.65,34
Atlanta,GA,Multifamily,"100 units, 1,200 sq. ft. each",100,1200,"City neighborhood (4,000/sq. mi.)",2.17,1.96,2.38,1.96–2.38,0.27,0.21,0.32,0.21–0.32,35
Grand Rapids,MI,Multifamily,"100 units, 1,200 sq. ft. each",100,1200,"City neighborhood (4,000/sq. mi.)",2.09,1.9,2.28,1.9–2.28,0.33,0.23,0.43,0.23–0.43,36
Reno,NV,Multifamily,"100 units, 1,200 sq. ft. each",100,1200,"City neighborhood (4,000/sq. mi.)",2.07,1.82,2.33,1.82–2.33,0.32,0.19,0.45,0.19–0.45,37
Sioux Falls,SD,Multifamily,"100 units, 1,200 sq. ft. each",100,1200,"City neighborhood (4,000/sq. mi.)",2.03,1.7,2.35,1.7–2.35,0.24,0.17,0.32,0.17–0.32,38
Raleigh,NC,Multifamily,"100 units, 1,200 sq. ft. each",100,1200,"City neighborhood (4,000/sq. mi.)",1.96,1.81,2.12,1.81–2.12,0.34,0.26,0.41,0.26–0.41,39
Boise,ID,Multifamily,"100 units, 1,200 sq. ft. each",100,1200,"City neighborhood (4,000/sq. mi.)",1.94,1.63,2.26,1.63–2.26,0.39,0.3,0.49,0.3–0.49,40
St. Paul,MN,Multifamily,"100 units, 1,200 sq. ft. each",100,1200,"City neighborhood (4,000/sq. mi.)",1.81,1.45,2.16,1.45–2.16,0.32,0.21,0.43,0.21–0.43,41
New York,NY,Multifamily,"100 units, 1,200 sq. ft. each",100,1200,"Dense city neighborhood (10,000/sq. mi.)",5.68,5.48,5.88,5.48–5.88,1.41,1.31,1.51,1.31–1.51,1
Charleston,SC,Multifamily,"100 units, 1,200 sq. ft. each",100,1200,"Dense city neighborhood (10,000/sq. mi.)",5.09,3.69,6.49,3.69–6.49,3.06,1.54,4.58,1.54–4.58,2
San Francisco,CA,Multifamily,"100 units, 1,200 sq. ft. each",100,1200,"Dense city neighborhood (10,000/sq. mi.)",4.99,4.68,5.31,4.68–5.31,1.2,1.04,1.35,1.04–1.35,3
Los Angeles,CA,Multifamily,"100 units, 1,200 sq. ft. each",100,1200,"Dense city neighborhood (10,000/sq. mi.)",4.68,4.51,4.85,4.51–4.85,1.51,1.42,1.61,1.42–1.61,4
Miami,FL,Multifamily,"100 units, 1,200 sq. ft. each",100,1200,"Dense city neighborhood (10,000/sq. mi.)",4.65,4.09,5.2,4.09–5.2,1.93,1.41,2.44,1.41–2.44,5
Boston,MA,Multifamily,"100 units, 1,200 sq. ft. each",100,1200,"Dense city neighborhood (10,000/sq. mi.)",4.59,4.13,5.05,4.13–5.05,1.89,1.57,2.22,1.57–2.22,6
Honolulu,HI,Multifamily,"100 units, 1,200 sq. ft. each",100,1200,"Dense city neighborhood (10,000/sq. mi.)",4.54,3.89,5.2,3.89–5.2,2.24,1.86,2.61,1.86–2.61,7
Seattle,WA,Multifamily,"100 units, 1,200 sq. ft. each",100,1200,"Dense city neighborhood (10,000/sq. mi.)",3.77,3.53,4.01,3.53–4.01,1.14,1.04,1.24,1.04–1.24,8
Oakland,CA,Multifamily,"100 units, 1,200 sq. ft. each",100,1200,"Dense city neighborhood (10,000/sq. mi.)",3.73,3.22,4.23,3.22–4.23,0.84,0.68,1.01,0.68–1.01,9
Philadelphia,PA,Multifamily,"100 units, 1,200 sq. ft. each",100,1200,"Dense city neighborhood (10,000/sq. mi.)",3.56,3.28,3.84,3.28–3.84,0.35,0.3,0.39,0.3–0.39,10
Spokane,WA,Multifamily,"100 units, 1,200 sq. ft. each",100,1200,"Dense city neighborhood (10,000/sq. mi.)",3.51,2.44,4.58,2.44–4.58,0.15,0.1,0.2,0.1–0.2,11
Austin,TX,Multifamily,"100 units, 1,200 sq. ft. each",100,1200,"Dense city neighborhood (10,000/sq. mi.)",3.2,3.09,3.32,3.09–3.32,0.94,0.87,1.02,0.87–1.02,12
Sacramento,CA,Multifamily,"100 units, 1,200 sq. ft. each",100,1200,"Dense city neighborhood (10,000/sq. mi.)",3.14,2.66,3.62,2.66–3.62,0.91,0.67,1.14,0.67–1.14,13
San Diego,CA,Multifamily,"100 units, 1,200 sq. ft. each",100,1200,"Dense city neighborhood (10,000/sq. mi.)",3.08,2.85,3.32,2.85–3.32,0.93,0.83,1.03,0.83–1.03,14
Nashville,TN,Multifamily,"100 units, 1,200 sq. ft. each",100,1200,"Dense city neighborhood (10,000/sq. mi.)",3.06,2.57,3.55,2.57–3.55,0.81,0.46,1.16,0.46–1.16,15
Jersey City,NJ,Multifamily,"100 units, 1,200 sq. ft. each",100,1200,"Dense city neighborhood (10,000/sq. mi.)",3.01,2.54,3.49,2.54–3.49,0.35,0.22,0.49,0.22–0.49,16
Durham,NC,Multifamily,"100 units, 1,200 sq. ft. each",100,1200,"Dense city neighborhood (10,000/sq. mi.)",2.97,2.46,3.47,2.46–3.47,0.38,0.28,0.47,0.28–0.47,17
Louisville,KY,Multifamily,"100 units, 1,200 sq. ft. each",100,1200,"Dense city neighborhood (10,000/sq. mi.)",2.97,2.51,3.42,2.51–3.42,0.8,0.59,1.02,0.59–1.02,18
Portland,OR,Multifamily,"100 units, 1,200 sq. ft. each",100,1200,"Dense city neighborhood (10,000/sq. mi.)",2.85,2.64,3.05,2.64–3.05,0.96,0.86,1.06,0.86–1.06,19
Denver,CO,Multifamily,"100 units, 1,200 sq. ft. each",100,1200,"Dense city neighborhood (10,000/sq. mi.)",2.83,2.69,2.97,2.69–2.97,0.67,0.59,0.75,0.59–0.75,20
Washington,DC,Multifamily,"100 units, 1,200 sq. ft. each",100,1200,"Dense city neighborhood (10,000/sq. mi.)",2.79,2.56,3.02,2.56–3.02,0.8,0.69,0.91,0.69–0.91,21
Houston,TX,Multifamily,"100 units, 1,200 sq. ft. each",100,1200,"Dense city neighborhood (10,000/sq. mi.)",2.76,2.65,2.86,2.65–2.86,0.67,0.61,0.73,0.61–0.73,22
Colorado Springs,CO,Multifamily,"100 units, 1,200 sq. ft. each",100,1200,"Dense city neighborhood (10,000/sq. mi.)",2.73,2.5,2.97,2.5–2.97,0.52,0.45,0.6,0.45–0.6,23
Orlando,FL,Multifamily,"100 units, 1,200 sq. ft. each",100,1200,"Dense city neighborhood (10,000/sq. mi.)",2.68,2.42,2.95,2.42–2.95,0.69,0.56,0.81,0.56–0.81,24
Cincinnati,OH,Multifamily,"100 units, 1,200 sq. ft. each",100,1200,"Dense city neighborhood (10,000/sq. mi.)",2.63,2.09,3.17,2.09–3.17,0.61,0.38,0.83,0.38–0.83,25
Cleveland,OH,Multifamily,"100 units, 1,200 sq. ft. each",100,1200,"Dense city neighborhood (10,000/sq. mi.)",2.46,1.98,2.94,1.98–2.94,0.72,0.5,0.94,0.5–0.94,26
Jacksonville,FL,Multifamily,"100 units, 1,200 sq. ft. each",100,1200,"Dense city neighborhood (10,000/sq. mi.)",2.44,2.25,2.63,2.25–2.63,0.47,0.4,0.54,0.4–0.54,27
Tampa,FL,Multifamily,"100 units, 1,200 sq. ft. each",100,1200,"Dense city neighborhood (10,000/sq. mi.)",2.3,1.7,2.9,1.7–2.9,0.5,0.32,0.69,0.32–0.69,28
Phoenix,AZ,Multifamily,"100 units, 1,200 sq. ft. each",100,1200,"Dense city neighborhood (10,000/sq. mi.)",2.28,2.09,2.47,2.09–2.47,0.41,0.33,0.48,0.33–0.48,29
Fort Worth,TX,Multifamily,"100 units, 1,200 sq. ft. each",100,1200,"Dense city neighborhood (10,000/sq. mi.)",2.24,2.12,2.36,2.12–2.36,0.4,0.34,0.47,0.34–0.47,30
Kansas City,MO,Multifamily,"100 units, 1,200 sq. ft. each",100,1200,"Dense city neighborhood (10,000/sq. mi.)",2.23,1.87,2.58,1.87–2.58,0.17,0.09,0.26,0.09–0.26,31
Indianapolis,IN,Multifamily,"100 units, 1,200 sq. ft. each",100,1200,"Dense city neighborhood (10,000/sq. mi.)",2.11,1.82,2.41,1.82–2.41,0.46,0.34,0.59,0.34–0.59,32
Atlanta,GA,Multifamily,"100 units, 1,200 sq. ft. each",100,1200,"Dense city neighborhood (10,000/sq. mi.)",2.11,1.9,2.31,1.9–2.31,0.27,0.21,0.32,0.21–0.32,33
Columbus,OH,Multifamily,"100 units, 1,200 sq. ft. each",100,1200,"Dense city neighborhood (10,000/sq. mi.)",2.1,1.94,2.26,1.94–2.26,0.35,0.31,0.39,0.31–0.39,34
Reno,NV,Multifamily,"100 units, 1,200 sq. ft. each",100,1200,"Dense city neighborhood (10,000/sq. mi.)",2.01,1.74,2.28,1.74–2.28,0.27,0.16,0.38,0.16–0.38,35
Sioux Falls,SD,Multifamily,"100 units, 1,200 sq. ft. each",100,1200,"Dense city neighborhood (10,000/sq. mi.)",1.99,1.66,2.31,1.66–2.31,0.22,0.14,0.29,0.14–0.29,36
Raleigh,NC,Multifamily,"100 units, 1,200 sq. ft. each",100,1200,"Dense city neighborhood (10,000/sq. mi.)",1.98,1.8,2.17,1.8–2.17,0.35,0.26,0.44,0.26–0.44,37
Grand Rapids,MI,Multifamily,"100 units, 1,200 sq. ft. each",100,1200,"Dense city neighborhood (10,000/sq. mi.)",1.94,1.68,2.21,1.68–2.21,0.33,0.18,0.48,0.18–0.48,38
St. Paul,MN,Multifamily,"100 units, 1,200 sq. ft. each",100,1200,"Dense city neighborhood (10,000/sq. mi.)",1.86,1.41,2.31,1.41–2.31,0.24,0.14,0.35,0.14–0.35,39
Boise,ID,Multifamily,"100 units, 1,200 sq. ft. each",100,1200,"Dense city neighborhood (10,000/sq. mi.)",1.85,1.53,2.18,1.53–2.18,0.4,0.29,0.51,0.29–0.51,40
New York,NY,Multifamily,"100 units, 1,200 sq. ft. each",100,1200,"Urban core (25,000/sq. mi.)",5.63,5.46,5.79,5.46–5.79,1.35,1.27,1.43,1.27–1.43,1
Miami,FL,Multifamily,"100 units, 1,200 sq. ft. each",100,1200,"Urban core (25,000/sq. mi.)",5.03,4.22,5.84,4.22–5.84,2.02,1.35,2.7,1.35–2.7,2
Boston,MA,Multifamily,"100 units, 1,200 sq. ft. each",100,1200,"Urban core (25,000/sq. mi.)",4.88,4.41,5.35,4.41–5.35,2.07,1.72,2.41,1.72–2.41,3
San Francisco,CA,Multifamily,"100 units, 1,200 sq. ft. each",100,1200,"Urban core (25,000/sq. mi.)",4.82,4.53,5.1,4.53–5.1,1.23,1.09,1.38,1.09–1.38,4
Los Angeles,CA,Multifamily,"100 units, 1,200 sq. ft. each",100,1200,"Urban core (25,000/sq. mi.)",4.76,4.58,4.94,4.58–4.94,1.44,1.35,1.53,1.35–1.53,5
Honolulu,HI,Multifamily,"100 units, 1,200 sq. ft. each",100,1200,"Urban core (25,000/sq. mi.)",4.35,3.64,5.06,3.64–5.06,2.38,1.93,2.83,1.93–2.83,6
Seattle,WA,Multifamily,"100 units, 1,200 sq. ft. each",100,1200,"Urban core (25,000/sq. mi.)",3.71,3.49,3.93,3.49–3.93,1.15,1.05,1.24,1.05–1.24,7
Spokane,WA,Multifamily,"100 units, 1,200 sq. ft. each",100,1200,"Urban core (25,000/sq. mi.)",3.7,2.53,4.86,2.53–4.86,0.11,0.07,0.16,0.07–0.16,8
Philadelphia,PA,Multifamily,"100 units, 1,200 sq. ft. each",100,1200,"Urban core (25,000/sq. mi.)",3.56,3.28,3.85,3.28–3.85,0.34,0.29,0.39,0.29–0.39,9
Austin,TX,Multifamily,"100 units, 1,200 sq. ft. each",100,1200,"Urban core (25,000/sq. mi.)",3.29,3.14,3.45,3.14–3.45,0.94,0.85,1.04,0.85–1.04,10
Louisville,KY,Multifamily,"100 units, 1,200 sq. ft. each",100,1200,"Urban core (25,000/sq. mi.)",3.29,2.63,3.95,2.63–3.95,0.85,0.56,1.14,0.56–1.14,11
Oakland,CA,Multifamily,"100 units, 1,200 sq. ft. each",100,1200,"Urban core (25,000/sq. mi.)",3.27,2.67,3.86,2.67–3.86,0.7,0.5,0.89,0.5–0.89,12
San Diego,CA,Multifamily,"100 units, 1,200 sq. ft. each",100,1200,"Urban core (25,000/sq. mi.)",3.18,2.9,3.45,2.9–3.45,1.02,0.89,1.15,0.89–1.15,13
Jersey City,NJ,Multifamily,"100 units, 1,200 sq. ft. each",100,1200,"Urban core (25,000/sq. mi.)",3.13,2.71,3.55,2.71–3.55,0.38,0.26,0.51,0.26–0.51,14
Sacramento,CA,Multifamily,"100 units, 1,200 sq. ft. each",100,1200,"Urban core (25,000/sq. mi.)",3.1,2.63,3.56,2.63–3.56,0.87,0.65,1.1,0.65–1.1,15
Durham,NC,Multifamily,"100 units, 1,200 sq. ft. each",100,1200,"Urban core (25,000/sq. mi.)",2.98,2.3,3.67,2.3–3.67,0.3,0.2,0.4,0.2–0.4,16
Houston,TX,Multifamily,"100 units, 1,200 sq. ft. each",100,1200,"Urban core (25,000/sq. mi.)",2.87,2.73,3.01,2.73–3.01,0.77,0.69,0.85,0.69–0.85,17
Cincinnati,OH,Multifamily,"100 units, 1,200 sq. ft. each",100,1200,"Urban core (25,000/sq. mi.)",2.86,2.1,3.62,2.1–3.62,0.75,0.4,1.1,0.4–1.1,18
Denver,CO,Multifamily,"100 units, 1,200 sq. ft. each",100,1200,"Urban core (25,000/sq. mi.)",2.82,2.68,2.97,2.68–2.97,0.69,0.6,0.78,0.6–0.78,19
Washington,DC,Multifamily,"100 units, 1,200 sq. ft. each",100,1200,"Urban core (25,000/sq. mi.)",2.82,2.59,3.04,2.59–3.04,0.8,0.69,0.91,0.69–0.91,20
Portland,OR,Multifamily,"100 units, 1,200 sq. ft. each",100,1200,"Urban core (25,000/sq. mi.)",2.77,2.54,3,2.54–3,0.95,0.84,1.05,0.84–1.05,21
Colorado Springs,CO,Multifamily,"100 units, 1,200 sq. ft. each",100,1200,"Urban core (25,000/sq. mi.)",2.76,2.47,3.04,2.47–3.04,0.53,0.44,0.62,0.44–0.62,22
Jacksonville,FL,Multifamily,"100 units, 1,200 sq. ft. each",100,1200,"Urban core (25,000/sq. mi.)",2.67,2.42,2.91,2.42–2.91,0.52,0.43,0.62,0.43–0.62,23
Cleveland,OH,Multifamily,"100 units, 1,200 sq. ft. each",100,1200,"Urban core (25,000/sq. mi.)",2.47,1.8,3.14,1.8–3.14,0.77,0.43,1.1,0.43–1.1,24
Orlando,FL,Multifamily,"100 units, 1,200 sq. ft. each",100,1200,"Urban core (25,000/sq. mi.)",2.38,2.12,2.64,2.12–2.64,0.55,0.43,0.67,0.43–0.67,25
Fort Worth,TX,Multifamily,"100 units, 1,200 sq. ft. each",100,1200,"Urban core (25,000/sq. mi.)",2.25,2.09,2.4,2.09–2.4,0.4,0.32,0.49,0.32–0.49,26
Kansas City,MO,Multifamily,"100 units, 1,200 sq. ft. each",100,1200,"Urban core (25,000/sq. mi.)",2.22,1.78,2.66,1.78–2.66,0.15,0.06,0.24,0.06–0.24,27
Phoenix,AZ,Multifamily,"100 units, 1,200 sq. ft. each",100,1200,"Urban core (25,000/sq. mi.)",2.2,1.97,2.43,1.97–2.43,0.38,0.3,0.46,0.3–0.46,28
Indianapolis,IN,Multifamily,"100 units, 1,200 sq. ft. each",100,1200,"Urban core (25,000/sq. mi.)",2.05,1.63,2.46,1.63–2.46,0.4,0.25,0.54,0.25–0.54,29
Atlanta,GA,Multifamily,"100 units, 1,200 sq. ft. each",100,1200,"Urban core (25,000/sq. mi.)",2.04,1.79,2.3,1.79–2.3,0.27,0.19,0.34,0.19–0.34,30
Columbus,OH,Multifamily,"100 units, 1,200 sq. ft. each",100,1200,"Urban core (25,000/sq. mi.)",2.01,1.81,2.2,1.81–2.2,0.31,0.27,0.35,0.27–0.35,31
Raleigh,NC,Multifamily,"100 units, 1,200 sq. ft. each",100,1200,"Urban core (25,000/sq. mi.)",2.01,1.77,2.25,1.77–2.25,0.36,0.26,0.47,0.26–0.47,32
Sioux Falls,SD,Multifamily,"100 units, 1,200 sq. ft. each",100,1200,"Urban core (25,000/sq. mi.)",1.95,1.6,2.29,1.6–2.29,0.2,0.12,0.28,0.12–0.28,33
Reno,NV,Multifamily,"100 units, 1,200 sq. ft. each",100,1200,"Urban core (25,000/sq. mi.)",1.94,1.65,2.23,1.65–2.23,0.22,0.12,0.32,0.12–0.32,34
St. Paul,MN,Multifamily,"100 units, 1,200 sq. ft. each",100,1200,"Urban core (25,000/sq. mi.)",1.92,1.16,2.69,1.16–2.69,0.19,0.06,0.31,0.06–0.31,35
Grand Rapids,MI,Multifamily,"100 units, 1,200 sq. ft. each",100,1200,"Urban core (25,000/sq. mi.)",1.8,1.43,2.18,1.43–2.18,0.33,0.11,0.55,0.11–0.55,36
Boise,ID,Multifamily,"100 units, 1,200 sq. ft. each",100,1200,"Urban core (25,000/sq. mi.)",1.76,1.42,2.1,1.42–2.1,0.41,0.27,0.55,0.27–0.55,37
New York,NY,Multifamily,"100 units, 1,500 sq. ft. each",100,1500,"Low-density suburb (1,000/sq. mi.)",5.95,5.58,6.32,5.58–6.32,1.58,1.38,1.79,1.38–1.79,1
San Francisco,CA,Multifamily,"100 units, 1,500 sq. ft. each",100,1500,"Low-density suburb (1,000/sq. mi.)",5.51,4.9,6.13,4.9–6.13,1.12,0.85,1.4,0.85–1.4,2
Honolulu,HI,Multifamily,"100 units, 1,500 sq. ft. each",100,1500,"Low-density suburb (1,000/sq. mi.)",5.18,4.47,5.88,4.47–5.88,1.98,1.69,2.28,1.69–2.28,3
Oakland,CA,Multifamily,"100 units, 1,500 sq. ft. each",100,1500,"Low-density suburb (1,000/sq. mi.)",5.02,4.2,5.85,4.2–5.85,1.24,0.81,1.66,0.81–1.66,4
Los Angeles,CA,Multifamily,"100 units, 1,500 sq. ft. each",100,1500,"Low-density suburb (1,000/sq. mi.)",4.6,4.28,4.91,4.28–4.91,1.69,1.52,1.86,1.52–1.86,5
Charleston,SC,Multifamily,"100 units, 1,500 sq. ft. each",100,1500,"Low-density suburb (1,000/sq. mi.)",4.36,3.43,5.29,3.43–5.29,1.81,1.25,2.36,1.25–2.36,6
Tulsa,OK,Multifamily,"100 units, 1,500 sq. ft. each",100,1500,"Low-density suburb (1,000/sq. mi.)",4.07,3.02,5.12,3.02–5.12,0.68,0.51,0.86,0.51–0.86,7
Seattle,WA,Multifamily,"100 units, 1,500 sq. ft. each",100,1500,"Low-density suburb (1,000/sq. mi.)",3.95,3.41,4.5,3.41–4.5,1.13,0.92,1.34,0.92–1.34,8
Boston,MA,Multifamily,"100 units, 1,500 sq. ft. each",100,1500,"Low-density suburb (1,000/sq. mi.)",3.91,3.27,4.55,3.27–4.55,1.49,1.1,1.88,1.1–1.88,9
Miami,FL,Multifamily,"100 units, 1,500 sq. ft. each",100,1500,"Low-density suburb (1,000/sq. mi.)",3.82,2.82,4.82,2.82–4.82,1.75,0.9,2.6,0.9–2.6,10
Orlando,FL,Multifamily,"100 units, 1,500 sq. ft. each",100,1500,"Low-density suburb (1,000/sq. mi.)",3.79,3.45,4.13,3.45–4.13,1.33,1.13,1.54,1.13–1.54,11
Philadelphia,PA,Multifamily,"100 units, 1,500 sq. ft. each",100,1500,"Low-density suburb (1,000/sq. mi.)",3.54,2.95,4.12,2.95–4.12,0.37,0.26,0.48,0.26–0.48,12
Nashville,TN,Multifamily,"100 units, 1,500 sq. ft. each",100,1500,"Low-density suburb (1,000/sq. mi.)",3.36,2.97,3.74,2.97–3.74,1.17,0.88,1.45,0.88–1.45,13
Portland,OR,Multifamily,"100 units, 1,500 sq. ft. each",100,1500,"Low-density suburb (1,000/sq. mi.)",3.2,2.94,3.46,2.94–3.46,1.02,0.89,1.15,0.89–1.15,14
Sacramento,CA,Multifamily,"100 units, 1,500 sq. ft. each",100,1500,"Low-density suburb (1,000/sq. mi.)",3.19,2.59,3.79,2.59–3.79,0.98,0.67,1.29,0.67–1.29,15
Austin,TX,Multifamily,"100 units, 1,500 sq. ft. each",100,1500,"Low-density suburb (1,000/sq. mi.)",3.06,2.93,3.19,2.93–3.19,0.95,0.88,1.03,0.88–1.03,16
Colorado Springs,CO,Multifamily,"100 units, 1,500 sq. ft. each",100,1500,"Low-density suburb (1,000/sq. mi.)",3.01,2.72,3.3,2.72–3.3,0.6,0.5,0.69,0.5–0.69,17
Durham,NC,Multifamily,"100 units, 1,500 sq. ft. each",100,1500,"Low-density suburb (1,000/sq. mi.)",2.95,2.66,3.24,2.66–3.24,0.64,0.46,0.82,0.46–0.82,18
San Diego,CA,Multifamily,"100 units, 1,500 sq. ft. each",100,1500,"Low-density suburb (1,000/sq. mi.)",2.86,2.57,3.15,2.57–3.15,0.75,0.62,0.88,0.62–0.88,19
Denver,CO,Multifamily,"100 units, 1,500 sq. ft. each",100,1500,"Low-density suburb (1,000/sq. mi.)",2.82,2.66,2.98,2.66–2.98,0.62,0.52,0.71,0.52–0.71,20
Washington,DC,Multifamily,"100 units, 1,500 sq. ft. each",100,1500,"Low-density suburb (1,000/sq. mi.)",2.69,2.11,3.26,2.11–3.26,0.79,0.52,1.05,0.52–1.05,21
Tampa,FL,Multifamily,"100 units, 1,500 sq. ft. each",100,1500,"Low-density suburb (1,000/sq. mi.)",2.68,1.73,3.63,1.73–3.63,0.45,0.22,0.68,0.22–0.68,22
Cleveland,OH,Multifamily,"100 units, 1,500 sq. ft. each",100,1500,"Low-density suburb (1,000/sq. mi.)",2.56,1.93,3.19,1.93–3.19,0.67,0.37,0.96,0.37–0.96,23
Phoenix,AZ,Multifamily,"100 units, 1,500 sq. ft. each",100,1500,"Low-density suburb (1,000/sq. mi.)",2.54,2.37,2.72,2.37–2.72,0.48,0.41,0.56,0.41–0.56,24
Houston,TX,Multifamily,"100 units, 1,500 sq. ft. each",100,1500,"Low-density suburb (1,000/sq. mi.)",2.51,2.38,2.64,2.38–2.64,0.48,0.42,0.54,0.42–0.54,25
Columbus,OH,Multifamily,"100 units, 1,500 sq. ft. each",100,1500,"Low-density suburb (1,000/sq. mi.)",2.41,2.22,2.61,2.22–2.61,0.45,0.39,0.51,0.39–0.51,26
Indianapolis,IN,Multifamily,"100 units, 1,500 sq. ft. each",100,1500,"Low-density suburb (1,000/sq. mi.)",2.37,2.11,2.63,2.11–2.63,0.7,0.54,0.85,0.54–0.85,27
Louisville,KY,Multifamily,"100 units, 1,500 sq. ft. each",100,1500,"Low-density suburb (1,000/sq. mi.)",2.36,2.12,2.59,2.12–2.59,0.72,0.6,0.83,0.6–0.83,28
Atlanta,GA,Multifamily,"100 units, 1,500 sq. ft. each",100,1500,"Low-density suburb (1,000/sq. mi.)",2.34,2.02,2.67,2.02–2.67,0.28,0.19,0.36,0.19–0.36,29
Grand Rapids,MI,Multifamily,"100 units, 1,500 sq. ft. each",100,1500,"Low-density suburb (1,000/sq. mi.)",2.34,1.98,2.7,1.98–2.7,0.34,0.22,0.46,0.22–0.46,30
Kansas City,MO,Multifamily,"100 units, 1,500 sq. ft. each",100,1500,"Low-density suburb (1,000/sq. mi.)",2.3,2.04,2.56,2.04–2.56,0.26,0.18,0.35,0.18–0.35,31
Fort Worth,TX,Multifamily,"100 units, 1,500 sq. ft. each",100,1500,"Low-density suburb (1,000/sq. mi.)",2.27,2.18,2.37,2.18–2.37,0.44,0.38,0.49,0.38–0.49,32
Reno,NV,Multifamily,"100 units, 1,500 sq. ft. each",100,1500,"Low-density suburb (1,000/sq. mi.)",2.24,1.98,2.49,1.98–2.49,0.43,0.26,0.6,0.26–0.6,33
Cincinnati,OH,Multifamily,"100 units, 1,500 sq. ft. each",100,1500,"Low-density suburb (1,000/sq. mi.)",2.18,1.8,2.56,1.8–2.56,0.33,0.2,0.46,0.2–0.46,34
Boise,ID,Multifamily,"100 units, 1,500 sq. ft. each",100,1500,"Low-density suburb (1,000/sq. mi.)",2.11,1.77,2.44,1.77–2.44,0.37,0.28,0.47,0.28–0.47,35
Sioux Falls,SD,Multifamily,"100 units, 1,500 sq. ft. each",100,1500,"Low-density suburb (1,000/sq. mi.)",2.04,1.65,2.42,1.65–2.42,0.28,0.2,0.37,0.2–0.37,36
Jacksonville,FL,Multifamily,"100 units, 1,500 sq. ft. each",100,1500,"Low-density suburb (1,000/sq. mi.)",1.99,1.86,2.13,1.86–2.13,0.35,0.3,0.4,0.3–0.4,37
Raleigh,NC,Multifamily,"100 units, 1,500 sq. ft. each",100,1500,"Low-density suburb (1,000/sq. mi.)",1.99,1.81,2.16,1.81–2.16,0.34,0.26,0.42,0.26–0.42,38
Baton Rouge,LA,Multifamily,"100 units, 1,500 sq. ft. each",100,1500,"City neighborhood (4,000/sq. mi.)",6.1,3.9,8.29,3.9–8.29,1.76,0.91,2.61,0.91–2.61,1
New York,NY,Multifamily,"100 units, 1,500 sq. ft. each",100,1500,"City neighborhood (4,000/sq. mi.)",5.87,5.6,6.14,5.6–6.14,1.48,1.35,1.62,1.35–1.62,2
San Francisco,CA,Multifamily,"100 units, 1,500 sq. ft. each",100,1500,"City neighborhood (4,000/sq. mi.)",5.22,4.8,5.64,4.8–5.64,1.18,0.97,1.38,0.97–1.38,3
Charleston,SC,Multifamily,"100 units, 1,500 sq. ft. each",100,1500,"City neighborhood (4,000/sq. mi.)",5.14,3.75,6.54,3.75–6.54,3.4,2.14,4.66,2.14–4.66,4
Honolulu,HI,Multifamily,"100 units, 1,500 sq. ft. each",100,1500,"City neighborhood (4,000/sq. mi.)",4.85,4.19,5.51,4.19–5.51,2.18,1.84,2.52,1.84–2.52,5
Los Angeles,CA,Multifamily,"100 units, 1,500 sq. ft. each",100,1500,"City neighborhood (4,000/sq. mi.)",4.71,4.49,4.94,4.49–4.94,1.57,1.45,1.69,1.45–1.69,6
Miami,FL,Multifamily,"100 units, 1,500 sq. ft. each",100,1500,"City neighborhood (4,000/sq. mi.)",4.3,3.68,4.92,3.68–4.92,1.88,1.33,2.43,1.33–2.43,7
Boston,MA,Multifamily,"100 units, 1,500 sq. ft. each",100,1500,"City neighborhood (4,000/sq. mi.)",4.29,3.77,4.81,3.77–4.81,1.7,1.36,2.04,1.36–2.04,8
Oakland,CA,Multifamily,"100 units, 1,500 sq. ft. each",100,1500,"City neighborhood (4,000/sq. mi.)",4.12,3.56,4.68,3.56–4.68,0.93,0.74,1.12,0.74–1.12,9
Seattle,WA,Multifamily,"100 units, 1,500 sq. ft. each",100,1500,"City neighborhood (4,000/sq. mi.)",3.86,3.51,4.2,3.51–4.2,1.14,1,1.28,1–1.28,10
Philadelphia,PA,Multifamily,"100 units, 1,500 sq. ft. each",100,1500,"City neighborhood (4,000/sq. mi.)",3.55,3.18,3.92,3.18–3.92,0.36,0.29,0.43,0.29–0.43,11
Spokane,WA,Multifamily,"100 units, 1,500 sq. ft. each",100,1500,"City neighborhood (4,000/sq. mi.)",3.52,2.11,4.94,2.11–4.94,0.2,0.13,0.28,0.13–0.28,12
Nashville,TN,Multifamily,"100 units, 1,500 sq. ft. each",100,1500,"City neighborhood (4,000/sq. mi.)",3.3,2.87,3.74,2.87–3.74,0.98,0.64,1.32,0.64–1.32,13
Austin,TX,Multifamily,"100 units, 1,500 sq. ft. each",100,1500,"City neighborhood (4,000/sq. mi.)",3.19,3.07,3.31,3.07–3.31,0.95,0.88,1.02,0.88–1.02,14
Orlando,FL,Multifamily,"100 units, 1,500 sq. ft. each",100,1500,"City neighborhood (4,000/sq. mi.)",3.16,2.88,3.44,2.88–3.44,0.95,0.79,1.1,0.79–1.1,15
Sacramento,CA,Multifamily,"100 units, 1,500 sq. ft. each",100,1500,"City neighborhood (4,000/sq. mi.)",3.12,2.59,3.65,2.59–3.65,0.93,0.66,1.2,0.66–1.2,16
Portland,OR,Multifamily,"100 units, 1,500 sq. ft. each",100,1500,"City neighborhood (4,000/sq. mi.)",3.07,2.83,3.31,2.83–3.31,1,0.87,1.12,0.87–1.12,17
Colorado Springs,CO,Multifamily,"100 units, 1,500 sq. ft. each",100,1500,"City neighborhood (4,000/sq. mi.)",3.05,2.79,3.31,2.79–3.31,0.61,0.52,0.69,0.52–0.69,18
San Diego,CA,Multifamily,"100 units, 1,500 sq. ft. each",100,1500,"City neighborhood (4,000/sq. mi.)",2.99,2.76,3.23,2.76–3.23,0.86,0.75,0.97,0.75–0.97,19
Durham,NC,Multifamily,"100 units, 1,500 sq. ft. each",100,1500,"City neighborhood (4,000/sq. mi.)",2.97,2.61,3.34,2.61–3.34,0.46,0.36,0.57,0.36–0.57,20
Jersey City,NJ,Multifamily,"100 units, 1,500 sq. ft. each",100,1500,"City neighborhood (4,000/sq. mi.)",2.89,2.23,3.54,2.23–3.54,0.33,0.13,0.53,0.13–0.53,21
Denver,CO,Multifamily,"100 units, 1,500 sq. ft. each",100,1500,"City neighborhood (4,000/sq. mi.)",2.81,2.67,2.96,2.67–2.96,0.65,0.56,0.73,0.56–0.73,22
Louisville,KY,Multifamily,"100 units, 1,500 sq. ft. each",100,1500,"City neighborhood (4,000/sq. mi.)",2.76,2.44,3.07,2.44–3.07,0.79,0.62,0.95,0.62–0.95,23
Washington,DC,Multifamily,"100 units, 1,500 sq. ft. each",100,1500,"City neighborhood (4,000/sq. mi.)",2.73,2.38,3.08,2.38–3.08,0.79,0.63,0.95,0.63–0.95,24
Houston,TX,Multifamily,"100 units, 1,500 sq. ft. each",100,1500,"City neighborhood (4,000/sq. mi.)",2.67,2.57,2.77,2.57–2.77,0.59,0.54,0.64,0.54–0.64,25
Cleveland,OH,Multifamily,"100 units, 1,500 sq. ft. each",100,1500,"City neighborhood (4,000/sq. mi.)",2.57,2.13,3.02,2.13–3.02,0.73,0.53,0.94,0.53–0.94,26
Cincinnati,OH,Multifamily,"100 units, 1,500 sq. ft. each",100,1500,"City neighborhood (4,000/sq. mi.)",2.48,2.07,2.88,2.07–2.88,0.46,0.31,0.61,0.31–0.61,27
Tampa,FL,Multifamily,"100 units, 1,500 sq. ft. each",100,1500,"City neighborhood (4,000/sq. mi.)",2.45,2.02,2.87,2.02–2.87,0.47,0.34,0.61,0.34–0.61,28
Phoenix,AZ,Multifamily,"100 units, 1,500 sq. ft. each",100,1500,"City neighborhood (4,000/sq. mi.)",2.41,2.23,2.6,2.23–2.6,0.43,0.36,0.51,0.36–0.51,29
Kansas City,MO,Multifamily,"100 units, 1,500 sq. ft. each",100,1500,"City neighborhood (4,000/sq. mi.)",2.28,1.98,2.59,1.98–2.59,0.21,0.12,0.3,0.12–0.3,30
Jacksonville,FL,Multifamily,"100 units, 1,500 sq. ft. each",100,1500,"City neighborhood (4,000/sq. mi.)",2.28,2.12,2.45,2.12–2.45,0.42,0.36,0.47,0.36–0.47,31
Fort Worth,TX,Multifamily,"100 units, 1,500 sq. ft. each",100,1500,"City neighborhood (4,000/sq. mi.)",2.28,2.19,2.37,2.19–2.37,0.44,0.38,0.5,0.38–0.5,32
Columbus,OH,Multifamily,"100 units, 1,500 sq. ft. each",100,1500,"City neighborhood (4,000/sq. mi.)",2.26,2.09,2.42,2.09–2.42,0.38,0.34,0.43,0.34–0.43,33
Indianapolis,IN,Multifamily,"100 units, 1,500 sq. ft. each",100,1500,"City neighborhood (4,000/sq. mi.)",2.25,2.04,2.47,2.04–2.47,0.55,0.44,0.67,0.44–0.67,34
Atlanta,GA,Multifamily,"100 units, 1,500 sq. ft. each",100,1500,"City neighborhood (4,000/sq. mi.)",2.24,2.02,2.46,2.02–2.46,0.28,0.22,0.34,0.22–0.34,35
Reno,NV,Multifamily,"100 units, 1,500 sq. ft. each",100,1500,"City neighborhood (4,000/sq. mi.)",2.13,1.86,2.4,1.86–2.4,0.33,0.2,0.46,0.2–0.46,36
Grand Rapids,MI,Multifamily,"100 units, 1,500 sq. ft. each",100,1500,"City neighborhood (4,000/sq. mi.)",2.09,1.88,2.3,1.88–2.3,0.34,0.23,0.45,0.23–0.45,37
Raleigh,NC,Multifamily,"100 units, 1,500 sq. ft. each",100,1500,"City neighborhood (4,000/sq. mi.)",2.02,1.86,2.19,1.86–2.19,0.36,0.27,0.44,0.27–0.44,38
Sioux Falls,SD,Multifamily,"100 units, 1,500 sq. ft. each",100,1500,"City neighborhood (4,000/sq. mi.)",1.98,1.64,2.31,1.64–2.31,0.25,0.17,0.33,0.17–0.33,39
Boise,ID,Multifamily,"100 units, 1,500 sq. ft. each",100,1500,"City neighborhood (4,000/sq. mi.)",1.96,1.62,2.29,1.62–2.29,0.39,0.29,0.48,0.29–0.48,40
St. Paul,MN,Multifamily,"100 units, 1,500 sq. ft. each",100,1500,"City neighborhood (4,000/sq. mi.)",1.86,1.46,2.25,1.46–2.25,0.33,0.22,0.45,0.22–0.45,41
New York,NY,Multifamily,"100 units, 1,500 sq. ft. each",100,1500,"Dense city neighborhood (10,000/sq. mi.)",5.82,5.59,6.04,5.59–6.04,1.42,1.32,1.53,1.32–1.53,1
San Francisco,CA,Multifamily,"100 units, 1,500 sq. ft. each",100,1500,"Dense city neighborhood (10,000/sq. mi.)",5.03,4.69,5.38,4.69–5.38,1.21,1.04,1.38,1.04–1.38,2
Los Angeles,CA,Multifamily,"100 units, 1,500 sq. ft. each",100,1500,"Dense city neighborhood (10,000/sq. mi.)",4.79,4.6,4.99,4.6–4.99,1.5,1.4,1.6,1.4–1.6,3
Miami,FL,Multifamily,"100 units, 1,500 sq. ft. each",100,1500,"Dense city neighborhood (10,000/sq. mi.)",4.65,4.1,5.2,4.1–5.2,1.97,1.47,2.47,1.47–2.47,4
Honolulu,HI,Multifamily,"100 units, 1,500 sq. ft. each",100,1500,"Dense city neighborhood (10,000/sq. mi.)",4.64,3.96,5.33,3.96–5.33,2.32,1.92,2.71,1.92–2.71,5
Boston,MA,Multifamily,"100 units, 1,500 sq. ft. each",100,1500,"Dense city neighborhood (10,000/sq. mi.)",4.56,4.09,5.03,4.09–5.03,1.86,1.54,2.18,1.54–2.18,6
Seattle,WA,Multifamily,"100 units, 1,500 sq. ft. each",100,1500,"Dense city neighborhood (10,000/sq. mi.)",3.79,3.54,4.05,3.54–4.05,1.15,1.04,1.25,1.04–1.25,7
Spokane,WA,Multifamily,"100 units, 1,500 sq. ft. each",100,1500,"Dense city neighborhood (10,000/sq. mi.)",3.71,2.49,4.93,2.49–4.93,0.15,0.1,0.21,0.1–0.21,8
Oakland,CA,Multifamily,"100 units, 1,500 sq. ft. each",100,1500,"Dense city neighborhood (10,000/sq. mi.)",3.61,3.04,4.18,3.04–4.18,0.77,0.6,0.94,0.6–0.94,9
Philadelphia,PA,Multifamily,"100 units, 1,500 sq. ft. each",100,1500,"Dense city neighborhood (10,000/sq. mi.)",3.55,3.27,3.84,3.27–3.84,0.35,0.3,0.4,0.3–0.4,10
Austin,TX,Multifamily,"100 units, 1,500 sq. ft. each",100,1500,"Dense city neighborhood (10,000/sq. mi.)",3.28,3.14,3.42,3.14–3.42,0.95,0.87,1.03,0.87–1.03,11
Nashville,TN,Multifamily,"100 units, 1,500 sq. ft. each",100,1500,"Dense city neighborhood (10,000/sq. mi.)",3.27,2.73,3.8,2.73–3.8,0.87,0.49,1.25,0.49–1.25,12
San Diego,CA,Multifamily,"100 units, 1,500 sq. ft. each",100,1500,"Dense city neighborhood (10,000/sq. mi.)",3.08,2.84,3.32,2.84–3.32,0.94,0.83,1.05,0.83–1.05,13
Colorado Springs,CO,Multifamily,"100 units, 1,500 sq. ft. each",100,1500,"Dense city neighborhood (10,000/sq. mi.)",3.07,2.8,3.35,2.8–3.35,0.61,0.52,0.71,0.52–0.71,14
Sacramento,CA,Multifamily,"100 units, 1,500 sq. ft. each",100,1500,"Dense city neighborhood (10,000/sq. mi.)",3.07,2.58,3.57,2.58–3.57,0.9,0.65,1.15,0.65–1.15,15
Louisville,KY,Multifamily,"100 units, 1,500 sq. ft. each",100,1500,"Dense city neighborhood (10,000/sq. mi.)",3.06,2.59,3.52,2.59–3.52,0.84,0.61,1.06,0.61–1.06,16
Jersey City,NJ,Multifamily,"100 units, 1,500 sq. ft. each",100,1500,"Dense city neighborhood (10,000/sq. mi.)",3,2.52,3.48,2.52–3.48,0.36,0.22,0.49,0.22–0.49,17
Durham,NC,Multifamily,"100 units, 1,500 sq. ft. each",100,1500,"Dense city neighborhood (10,000/sq. mi.)",2.99,2.47,3.51,2.47–3.51,0.37,0.28,0.47,0.28–0.47,18
Portland,OR,Multifamily,"100 units, 1,500 sq. ft. each",100,1500,"Dense city neighborhood (10,000/sq. mi.)",2.99,2.73,3.24,2.73–3.24,0.98,0.86,1.1,0.86–1.1,19
Denver,CO,Multifamily,"100 units, 1,500 sq. ft. each",100,1500,"Dense city neighborhood (10,000/sq. mi.)",2.81,2.67,2.95,2.67–2.95,0.66,0.58,0.74,0.58–0.74,20
Orlando,FL,Multifamily,"100 units, 1,500 sq. ft. each",100,1500,"Dense city neighborhood (10,000/sq. mi.)",2.8,2.53,3.07,2.53–3.07,0.76,0.62,0.89,0.62–0.89,21
Houston,TX,Multifamily,"100 units, 1,500 sq. ft. each",100,1500,"Dense city neighborhood (10,000/sq. mi.)",2.78,2.67,2.89,2.67–2.89,0.68,0.62,0.74,0.62–0.74,22
Washington,DC,Multifamily,"100 units, 1,500 sq. ft. each",100,1500,"Dense city neighborhood (10,000/sq. mi.)",2.76,2.51,3,2.51–3,0.79,0.67,0.91,0.67–0.91,23
Cincinnati,OH,Multifamily,"100 units, 1,500 sq. ft. each",100,1500,"Dense city neighborhood (10,000/sq. mi.)",2.7,2.16,3.23,2.16–3.23,0.57,0.36,0.78,0.36–0.78,24
Cleveland,OH,Multifamily,"100 units, 1,500 sq. ft. each",100,1500,"Dense city neighborhood (10,000/sq. mi.)",2.58,2.06,3.1,2.06–3.1,0.78,0.53,1.03,0.53–1.03,25
Jacksonville,FL,Multifamily,"100 units, 1,500 sq. ft. each",100,1500,"Dense city neighborhood (10,000/sq. mi.)",2.5,2.29,2.7,2.29–2.7,0.46,0.39,0.54,0.39–0.54,26
Phoenix,AZ,Multifamily,"100 units, 1,500 sq. ft. each",100,1500,"Dense city neighborhood (10,000/sq. mi.)",2.33,2.12,2.54,2.12–2.54,0.4,0.32,0.48,0.32–0.48,27
Tampa,FL,Multifamily,"100 units, 1,500 sq. ft. each",100,1500,"Dense city neighborhood (10,000/sq. mi.)",2.3,1.69,2.91,1.69–2.91,0.49,0.3,0.68,0.3–0.68,28
Fort Worth,TX,Multifamily,"100 units, 1,500 sq. ft. each",100,1500,"Dense city neighborhood (10,000/sq. mi.)",2.29,2.17,2.41,2.17–2.41,0.44,0.36,0.51,0.36–0.51,29
Kansas City,MO,Multifamily,"100 units, 1,500 sq. ft. each",100,1500,"Dense city neighborhood (10,000/sq. mi.)",2.28,1.9,2.65,1.9–2.65,0.18,0.09,0.27,0.09–0.27,30
Indianapolis,IN,Multifamily,"100 units, 1,500 sq. ft. each",100,1500,"Dense city neighborhood (10,000/sq. mi.)",2.18,1.87,2.49,1.87–2.49,0.47,0.34,0.6,0.34–0.6,31
Atlanta,GA,Multifamily,"100 units, 1,500 sq. ft. each",100,1500,"Dense city neighborhood (10,000/sq. mi.)",2.17,1.95,2.38,1.95–2.38,0.28,0.22,0.34,0.22–0.34,32
Columbus,OH,Multifamily,"100 units, 1,500 sq. ft. each",100,1500,"Dense city neighborhood (10,000/sq. mi.)",2.16,1.98,2.34,1.98–2.34,0.34,0.3,0.39,0.3–0.39,33
Reno,NV,Multifamily,"100 units, 1,500 sq. ft. each",100,1500,"Dense city neighborhood (10,000/sq. mi.)",2.06,1.78,2.34,1.78–2.34,0.27,0.16,0.39,0.16–0.39,34
Raleigh,NC,Multifamily,"100 units, 1,500 sq. ft. each",100,1500,"Dense city neighborhood (10,000/sq. mi.)",2.04,1.84,2.24,1.84–2.24,0.37,0.28,0.47,0.28–0.47,35
Grand Rapids,MI,Multifamily,"100 units, 1,500 sq. ft. each",100,1500,"Dense city neighborhood (10,000/sq. mi.)",1.94,1.67,2.22,1.67–2.22,0.34,0.18,0.5,0.18–0.5,36
Sioux Falls,SD,Multifamily,"100 units, 1,500 sq. ft. each",100,1500,"Dense city neighborhood (10,000/sq. mi.)",1.94,1.61,2.26,1.61–2.26,0.23,0.14,0.31,0.14–0.31,37
St. Paul,MN,Multifamily,"100 units, 1,500 sq. ft. each",100,1500,"Dense city neighborhood (10,000/sq. mi.)",1.92,1.44,2.39,1.44–2.39,0.25,0.14,0.36,0.14–0.36,38
Boise,ID,Multifamily,"100 units, 1,500 sq. ft. each",100,1500,"Dense city neighborhood (10,000/sq. mi.)",1.86,1.52,2.2,1.52–2.2,0.4,0.28,0.51,0.28–0.51,39
New York,NY,Multifamily,"100 units, 1,500 sq. ft. each",100,1500,"Urban core (25,000/sq. mi.)",5.76,5.57,5.95,5.57–5.95,1.36,1.28,1.44,1.28–1.44,1
Miami,FL,Multifamily,"100 units, 1,500 sq. ft. each",100,1500,"Urban core (25,000/sq. mi.)",5.03,4.2,5.85,4.2–5.85,2.07,1.4,2.73,1.4–2.73,2
Los Angeles,CA,Multifamily,"100 units, 1,500 sq. ft. each",100,1500,"Urban core (25,000/sq. mi.)",4.87,4.67,5.08,4.67–5.08,1.43,1.33,1.52,1.33–1.52,3
San Francisco,CA,Multifamily,"100 units, 1,500 sq. ft. each",100,1500,"Urban core (25,000/sq. mi.)",4.85,4.53,5.18,4.53–5.18,1.25,1.09,1.41,1.09–1.41,4
Boston,MA,Multifamily,"100 units, 1,500 sq. ft. each",100,1500,"Urban core (25,000/sq. mi.)",4.84,4.38,5.31,4.38–5.31,2.03,1.69,2.36,1.69–2.36,5
Honolulu,HI,Multifamily,"100 units, 1,500 sq. ft. each",100,1500,"Urban core (25,000/sq. mi.)",4.44,3.71,5.18,3.71–5.18,2.47,2,2.94,2–2.94,6
Spokane,WA,Multifamily,"100 units, 1,500 sq. ft. each",100,1500,"Urban core (25,000/sq. mi.)",3.91,2.61,5.21,2.61–5.21,0.11,0.07,0.16,0.07–0.16,7
Seattle,WA,Multifamily,"100 units, 1,500 sq. ft. each",100,1500,"Urban core (25,000/sq. mi.)",3.73,3.5,3.97,3.5–3.97,1.15,1.05,1.25,1.05–1.25,8
Philadelphia,PA,Multifamily,"100 units, 1,500 sq. ft. each",100,1500,"Urban core (25,000/sq. mi.)",3.56,3.26,3.86,3.26–3.86,0.34,0.29,0.39,0.29–0.39,9
Louisville,KY,Multifamily,"100 units, 1,500 sq. ft. each",100,1500,"Urban core (25,000/sq. mi.)",3.39,2.71,4.07,2.71–4.07,0.89,0.58,1.2,0.58–1.2,10
Austin,TX,Multifamily,"100 units, 1,500 sq. ft. each",100,1500,"Urban core (25,000/sq. mi.)",3.37,3.19,3.55,3.19–3.55,0.95,0.85,1.05,0.85–1.05,11
San Diego,CA,Multifamily,"100 units, 1,500 sq. ft. each",100,1500,"Urban core (25,000/sq. mi.)",3.18,2.9,3.46,2.9–3.46,1.03,0.9,1.16,0.9–1.16,12
Oakland,CA,Multifamily,"100 units, 1,500 sq. ft. each",100,1500,"Urban core (25,000/sq. mi.)",3.16,2.52,3.8,2.52–3.8,0.64,0.44,0.84,0.44–0.84,13
Jersey City,NJ,Multifamily,"100 units, 1,500 sq. ft. each",100,1500,"Urban core (25,000/sq. mi.)",3.12,2.69,3.54,2.69–3.54,0.39,0.26,0.51,0.26–0.51,14
Colorado Springs,CO,Multifamily,"100 units, 1,500 sq. ft. each",100,1500,"Urban core (25,000/sq. mi.)",3.1,2.77,3.42,2.77–3.42,0.62,0.51,0.74,0.51–0.74,15
Sacramento,CA,Multifamily,"100 units, 1,500 sq. ft. each",100,1500,"Urban core (25,000/sq. mi.)",3.03,2.55,3.5,2.55–3.5,0.87,0.63,1.1,0.63–1.1,16
Durham,NC,Multifamily,"100 units, 1,500 sq. ft. each",100,1500,"Urban core (25,000/sq. mi.)",3.01,2.31,3.71,2.31–3.71,0.3,0.2,0.41,0.2–0.41,17
Cincinnati,OH,Multifamily,"100 units, 1,500 sq. ft. each",100,1500,"Urban core (25,000/sq. mi.)",2.94,2.19,3.69,2.19–3.69,0.7,0.38,1.03,0.38–1.03,18
Portland,OR,Multifamily,"100 units, 1,500 sq. ft. each",100,1500,"Urban core (25,000/sq. mi.)",2.91,2.63,3.18,2.63–3.18,0.97,0.84,1.09,0.84–1.09,19
Houston,TX,Multifamily,"100 units, 1,500 sq. ft. each",100,1500,"Urban core (25,000/sq. mi.)",2.89,2.75,3.03,2.75–3.03,0.78,0.7,0.86,0.7–0.86,20
Denver,CO,Multifamily,"100 units, 1,500 sq. ft. each",100,1500,"Urban core (25,000/sq. mi.)",2.81,2.66,2.95,2.66–2.95,0.68,0.6,0.77,0.6–0.77,21
Washington,DC,Multifamily,"100 units, 1,500 sq. ft. each",100,1500,"Urban core (25,000/sq. mi.)",2.78,2.55,3.02,2.55–3.02,0.79,0.67,0.91,0.67–0.91,22
Jacksonville,FL,Multifamily,"100 units, 1,500 sq. ft. each",100,1500,"Urban core (25,000/sq. mi.)",2.73,2.47,3,2.47–3,0.52,0.42,0.62,0.42–0.62,23
Cleveland,OH,Multifamily,"100 units, 1,500 sq. ft. each",100,1500,"Urban core (25,000/sq. mi.)",2.59,1.88,3.31,1.88–3.31,0.83,0.46,1.2,0.46–1.2,24
Orlando,FL,Multifamily,"100 units, 1,500 sq. ft. each",100,1500,"Urban core (25,000/sq. mi.)",2.48,2.21,2.75,2.21–2.75,0.6,0.48,0.73,0.48–0.73,25
Fort Worth,TX,Multifamily,"100 units, 1,500 sq. ft. each",100,1500,"Urban core (25,000/sq. mi.)",2.3,2.13,2.46,2.13–2.46,0.44,0.35,0.53,0.35–0.53,26
Kansas City,MO,Multifamily,"100 units, 1,500 sq. ft. each",100,1500,"Urban core (25,000/sq. mi.)",2.27,1.81,2.72,1.81–2.72,0.15,0.06,0.25,0.06–0.25,27
Phoenix,AZ,Multifamily,"100 units, 1,500 sq. ft. each",100,1500,"Urban core (25,000/sq. mi.)",2.25,2.01,2.49,2.01–2.49,0.37,0.29,0.46,0.29–0.46,28
Indianapolis,IN,Multifamily,"100 units, 1,500 sq. ft. each",100,1500,"Urban core (25,000/sq. mi.)",2.11,1.67,2.55,1.67–2.55,0.41,0.25,0.56,0.25–0.56,29
Atlanta,GA,Multifamily,"100 units, 1,500 sq. ft. each",100,1500,"Urban core (25,000/sq. mi.)",2.1,1.84,2.37,1.84–2.37,0.28,0.2,0.36,0.2–0.36,30
Columbus,OH,Multifamily,"100 units, 1,500 sq. ft. each",100,1500,"Urban core (25,000/sq. mi.)",2.07,1.86,2.27,1.86–2.27,0.31,0.26,0.35,0.26–0.35,31
Raleigh,NC,Multifamily,"100 units, 1,500 sq. ft. each",100,1500,"Urban core (25,000/sq. mi.)",2.07,1.81,2.32,1.81–2.32,0.39,0.27,0.5,0.27–0.5,32
Reno,NV,Multifamily,"100 units, 1,500 sq. ft. each",100,1500,"Urban core (25,000/sq. mi.)",1.99,1.69,2.29,1.69–2.29,0.23,0.13,0.33,0.13–0.33,33
St. Paul,MN,Multifamily,"100 units, 1,500 sq. ft. each",100,1500,"Urban core (25,000/sq. mi.)",1.98,1.19,2.76,1.19–2.76,0.19,0.05,0.33,0.05–0.33,34
Sioux Falls,SD,Multifamily,"100 units, 1,500 sq. ft. each",100,1500,"Urban core (25,000/sq. mi.)",1.9,1.55,2.24,1.55–2.24,0.21,0.12,0.29,0.12–0.29,35
Grand Rapids,MI,Multifamily,"100 units, 1,500 sq. ft. each",100,1500,"Urban core (25,000/sq. mi.)",1.81,1.42,2.19,1.42–2.19,0.34,0.11,0.56,0.11–0.56,36
Boise,ID,Multifamily,"100 units, 1,500 sq. ft. each",100,1500,"Urban core (25,000/sq. mi.)",1.78,1.42,2.13,1.42–2.13,0.4,0.27,0.54,0.27–0.54,37
New York,NY,Multifamily,"150 units, 700 sq. ft. each",150,700,"Low-density suburb (1,000/sq. mi.)",5.74,5.39,6.09,5.39–6.09,1.55,1.35,1.76,1.35–1.76,1
Oakland,CA,Multifamily,"150 units, 700 sq. ft. each",150,700,"Low-density suburb (1,000/sq. mi.)",5.53,4.56,6.5,4.56–6.5,1.71,0.88,2.55,0.88–2.55,2
Baton Rouge,LA,Multifamily,"150 units, 700 sq. ft. each",150,700,"Low-density suburb (1,000/sq. mi.)",5.5,3.07,7.92,3.07–7.92,1.08,0.54,1.62,0.54–1.62,3
San Francisco,CA,Multifamily,"150 units, 700 sq. ft. each",150,700,"Low-density suburb (1,000/sq. mi.)",5.44,4.75,6.14,4.75–6.14,1.01,0.74,1.27,0.74–1.27,4
Honolulu,HI,Multifamily,"150 units, 700 sq. ft. each",150,700,"Low-density suburb (1,000/sq. mi.)",5.36,4.54,6.19,4.54–6.19,1.99,1.68,2.31,1.68–2.31,5
Los Angeles,CA,Multifamily,"150 units, 700 sq. ft. each",150,700,"Low-density suburb (1,000/sq. mi.)",4.32,4.02,4.63,4.02–4.63,1.77,1.58,1.95,1.58–1.95,6
Boston,MA,Multifamily,"150 units, 700 sq. ft. each",150,700,"Low-density suburb (1,000/sq. mi.)",4.15,3.41,4.88,3.41–4.88,1.61,1.15,2.07,1.15–2.07,7
Tulsa,OK,Multifamily,"150 units, 700 sq. ft. each",150,700,"Low-density suburb (1,000/sq. mi.)",4.04,2.91,5.16,2.91–5.16,0.6,0.42,0.77,0.42–0.77,8
Seattle,WA,Multifamily,"150 units, 700 sq. ft. each",150,700,"Low-density suburb (1,000/sq. mi.)",4.01,3.46,4.56,3.46–4.56,1.14,0.93,1.36,0.93–1.36,9
Philadelphia,PA,Multifamily,"150 units, 700 sq. ft. each",150,700,"Low-density suburb (1,000/sq. mi.)",3.7,3.06,4.35,3.06–4.35,0.37,0.25,0.49,0.25–0.49,10
Orlando,FL,Multifamily,"150 units, 700 sq. ft. each",150,700,"Low-density suburb (1,000/sq. mi.)",3.55,3.19,3.91,3.19–3.91,1.05,0.85,1.25,0.85–1.25,11
Sacramento,CA,Multifamily,"150 units, 700 sq. ft. each",150,700,"Low-density suburb (1,000/sq. mi.)",3.55,2.86,4.24,2.86–4.24,1.01,0.68,1.34,0.68–1.34,12
Charleston,SC,Multifamily,"150 units, 700 sq. ft. each",150,700,"Low-density suburb (1,000/sq. mi.)",3.15,2.76,3.55,2.76–3.55,0.32,0.14,0.5,0.14–0.5,13
Denver,CO,Multifamily,"150 units, 700 sq. ft. each",150,700,"Low-density suburb (1,000/sq. mi.)",2.98,2.78,3.19,2.78–3.19,0.65,0.53,0.78,0.53–0.78,14
San Diego,CA,Multifamily,"150 units, 700 sq. ft. each",150,700,"Low-density suburb (1,000/sq. mi.)",2.96,2.67,3.26,2.67–3.26,0.75,0.62,0.88,0.62–0.88,15
Austin,TX,Multifamily,"150 units, 700 sq. ft. each",150,700,"Low-density suburb (1,000/sq. mi.)",2.95,2.8,3.1,2.8–3.1,0.98,0.89,1.07,0.89–1.07,16
Durham,NC,Multifamily,"150 units, 700 sq. ft. each",150,700,"Low-density suburb (1,000/sq. mi.)",2.9,2.51,3.29,2.51–3.29,0.7,0.45,0.96,0.45–0.96,17
Nashville,TN,Multifamily,"150 units, 700 sq. ft. each",150,700,"Low-density suburb (1,000/sq. mi.)",2.83,2.47,3.2,2.47–3.2,1.03,0.75,1.32,0.75–1.32,18
Portland,OR,Multifamily,"150 units, 700 sq. ft. each",150,700,"Low-density suburb (1,000/sq. mi.)",2.8,2.63,2.98,2.63–2.98,0.97,0.87,1.06,0.87–1.06,19
Washington,DC,Multifamily,"150 units, 700 sq. ft. each",150,700,"Low-density suburb (1,000/sq. mi.)",2.8,2.21,3.39,2.21–3.39,0.81,0.55,1.08,0.55–1.08,20
Grand Rapids,MI,Multifamily,"150 units, 700 sq. ft. each",150,700,"Low-density suburb (1,000/sq. mi.)",2.47,2.06,2.88,2.06–2.88,0.32,0.18,0.46,0.18–0.46,21
Houston,TX,Multifamily,"150 units, 700 sq. ft. each",150,700,"Low-density suburb (1,000/sq. mi.)",2.42,2.3,2.55,2.3–2.55,0.45,0.39,0.51,0.39–0.51,22
Phoenix,AZ,Multifamily,"150 units, 700 sq. ft. each",150,700,"Low-density suburb (1,000/sq. mi.)",2.36,2.19,2.52,2.19–2.52,0.46,0.39,0.53,0.39–0.53,23
Louisville,KY,Multifamily,"150 units, 700 sq. ft. each",150,700,"Low-density suburb (1,000/sq. mi.)",2.3,2.02,2.59,2.02–2.59,0.69,0.57,0.82,0.57–0.82,24
Columbus,OH,Multifamily,"150 units, 700 sq. ft. each",150,700,"Low-density suburb (1,000/sq. mi.)",2.27,2.1,2.45,2.1–2.45,0.48,0.42,0.54,0.42–0.54,25
Sioux Falls,SD,Multifamily,"150 units, 700 sq. ft. each",150,700,"Low-density suburb (1,000/sq. mi.)",2.26,1.85,2.67,1.85–2.67,0.26,0.19,0.33,0.19–0.33,26
Cleveland,OH,Multifamily,"150 units, 700 sq. ft. each",150,700,"Low-density suburb (1,000/sq. mi.)",2.25,1.71,2.78,1.71–2.78,0.53,0.29,0.76,0.29–0.76,27
Indianapolis,IN,Multifamily,"150 units, 700 sq. ft. each",150,700,"Low-density suburb (1,000/sq. mi.)",2.24,1.99,2.48,1.99–2.48,0.64,0.49,0.79,0.49–0.79,28
Fort Worth,TX,Multifamily,"150 units, 700 sq. ft. each",150,700,"Low-density suburb (1,000/sq. mi.)",2.19,2.07,2.3,2.07–2.3,0.35,0.3,0.41,0.3–0.41,29
Kansas City,MO,Multifamily,"150 units, 700 sq. ft. each",150,700,"Low-density suburb (1,000/sq. mi.)",2.18,1.94,2.42,1.94–2.42,0.23,0.15,0.32,0.15–0.32,30
Reno,NV,Multifamily,"150 units, 700 sq. ft. each",150,700,"Low-density suburb (1,000/sq. mi.)",2.17,1.89,2.44,1.89–2.44,0.47,0.26,0.69,0.26–0.69,31
Atlanta,GA,Multifamily,"150 units, 700 sq. ft. each",150,700,"Low-density suburb (1,000/sq. mi.)",2.15,1.85,2.46,1.85–2.46,0.19,0.13,0.25,0.13–0.25,32
Colorado Springs,CO,Multifamily,"150 units, 700 sq. ft. each",150,700,"Low-density suburb (1,000/sq. mi.)",2.11,1.79,2.42,1.79–2.42,0.34,0.24,0.44,0.24–0.44,33
Cincinnati,OH,Multifamily,"150 units, 700 sq. ft. each",150,700,"Low-density suburb (1,000/sq. mi.)",2.03,1.59,2.48,1.59–2.48,0.42,0.22,0.61,0.22–0.61,34
Boise,ID,Multifamily,"150 units, 700 sq. ft. each",150,700,"Low-density suburb (1,000/sq. mi.)",2.03,1.73,2.33,1.73–2.33,0.36,0.28,0.45,0.28–0.45,35
Jacksonville,FL,Multifamily,"150 units, 700 sq. ft. each",150,700,"Low-density suburb (1,000/sq. mi.)",1.91,1.75,2.08,1.75–2.08,0.37,0.3,0.43,0.3–0.43,36
Raleigh,NC,Multifamily,"150 units, 700 sq. ft. each",150,700,"Low-density suburb (1,000/sq. mi.)",1.91,1.69,2.12,1.69–2.12,0.29,0.21,0.36,0.21–0.36,37
New York,NY,Multifamily,"150 units, 700 sq. ft. each",150,700,"City neighborhood (4,000/sq. mi.)",5.66,5.4,5.92,5.4–5.92,1.45,1.31,1.59,1.31–1.59,1
San Francisco,CA,Multifamily,"150 units, 700 sq. ft. each",150,700,"City neighborhood (4,000/sq. mi.)",5.15,4.66,5.65,4.66–5.65,1.06,0.85,1.26,0.85–1.26,2
Honolulu,HI,Multifamily,"150 units, 700 sq. ft. each",150,700,"City neighborhood (4,000/sq. mi.)",5.02,4.25,5.8,4.25–5.8,2.19,1.82,2.56,1.82–2.56,3
Boston,MA,Multifamily,"150 units, 700 sq. ft. each",150,700,"City neighborhood (4,000/sq. mi.)",4.55,3.9,5.19,3.9–5.19,1.84,1.41,2.27,1.41–2.27,4
Oakland,CA,Multifamily,"150 units, 700 sq. ft. each",150,700,"City neighborhood (4,000/sq. mi.)",4.53,3.95,5.11,3.95–5.11,1.29,0.87,1.7,0.87–1.7,5
Los Angeles,CA,Multifamily,"150 units, 700 sq. ft. each",150,700,"City neighborhood (4,000/sq. mi.)",4.44,4.21,4.66,4.21–4.66,1.64,1.51,1.77,1.51–1.77,6
Miami,FL,Multifamily,"150 units, 700 sq. ft. each",150,700,"City neighborhood (4,000/sq. mi.)",4.14,3.42,4.85,3.42–4.85,1.73,1.11,2.36,1.11–2.36,7
Seattle,WA,Multifamily,"150 units, 700 sq. ft. each",150,700,"City neighborhood (4,000/sq. mi.)",3.91,3.57,4.26,3.57–4.26,1.15,1.01,1.29,1.01–1.29,8
Philadelphia,PA,Multifamily,"150 units, 700 sq. ft. each",150,700,"City neighborhood (4,000/sq. mi.)",3.71,3.29,4.14,3.29–4.14,0.36,0.28,0.43,0.28–0.43,9
Sacramento,CA,Multifamily,"150 units, 700 sq. ft. each",150,700,"City neighborhood (4,000/sq. mi.)",3.47,2.85,4.09,2.85–4.09,0.95,0.67,1.24,0.67–1.24,10
San Diego,CA,Multifamily,"150 units, 700 sq. ft. each",150,700,"City neighborhood (4,000/sq. mi.)",3.1,2.85,3.35,2.85–3.35,0.86,0.75,0.96,0.75–0.96,11
Spokane,WA,Multifamily,"150 units, 700 sq. ft. each",150,700,"City neighborhood (4,000/sq. mi.)",3.09,2,4.18,2–4.18,0.19,0.13,0.25,0.13–0.25,12
Austin,TX,Multifamily,"150 units, 700 sq. ft. each",150,700,"City neighborhood (4,000/sq. mi.)",3.08,2.95,3.2,2.95–3.2,0.97,0.89,1.05,0.89–1.05,13
Denver,CO,Multifamily,"150 units, 700 sq. ft. each",150,700,"City neighborhood (4,000/sq. mi.)",2.98,2.8,3.16,2.8–3.16,0.68,0.58,0.79,0.58–0.79,14
Jersey City,NJ,Multifamily,"150 units, 700 sq. ft. each",150,700,"City neighborhood (4,000/sq. mi.)",2.97,2.27,3.67,2.27–3.67,0.33,0.12,0.54,0.12–0.54,15
Orlando,FL,Multifamily,"150 units, 700 sq. ft. each",150,700,"City neighborhood (4,000/sq. mi.)",2.96,2.65,3.26,2.65–3.26,0.74,0.59,0.9,0.59–0.9,16
Durham,NC,Multifamily,"150 units, 700 sq. ft. each",150,700,"City neighborhood (4,000/sq. mi.)",2.92,2.5,3.35,2.5–3.35,0.51,0.36,0.66,0.36–0.66,17
Washington,DC,Multifamily,"150 units, 700 sq. ft. each",150,700,"City neighborhood (4,000/sq. mi.)",2.84,2.48,3.21,2.48–3.21,0.82,0.66,0.98,0.66–0.98,18
Nashville,TN,Multifamily,"150 units, 700 sq. ft. each",150,700,"City neighborhood (4,000/sq. mi.)",2.79,2.39,3.18,2.39–3.18,0.87,0.55,1.18,0.55–1.18,19
Louisville,KY,Multifamily,"150 units, 700 sq. ft. each",150,700,"City neighborhood (4,000/sq. mi.)",2.69,2.32,3.06,2.32–3.06,0.76,0.59,0.93,0.59–0.93,20
Portland,OR,Multifamily,"150 units, 700 sq. ft. each",150,700,"City neighborhood (4,000/sq. mi.)",2.69,2.54,2.84,2.54–2.84,0.94,0.86,1.02,0.86–1.02,21
Houston,TX,Multifamily,"150 units, 700 sq. ft. each",150,700,"City neighborhood (4,000/sq. mi.)",2.58,2.47,2.68,2.47–2.68,0.56,0.5,0.61,0.5–0.61,22
Tampa,FL,Multifamily,"150 units, 700 sq. ft. each",150,700,"City neighborhood (4,000/sq. mi.)",2.57,2.02,3.11,2.02–3.11,0.51,0.36,0.66,0.36–0.66,23
Cincinnati,OH,Multifamily,"150 units, 700 sq. ft. each",150,700,"City neighborhood (4,000/sq. mi.)",2.31,1.74,2.89,1.74–2.89,0.57,0.33,0.82,0.33–0.82,24
Cleveland,OH,Multifamily,"150 units, 700 sq. ft. each",150,700,"City neighborhood (4,000/sq. mi.)",2.26,1.88,2.64,1.88–2.64,0.58,0.41,0.75,0.41–0.75,25
Phoenix,AZ,Multifamily,"150 units, 700 sq. ft. each",150,700,"City neighborhood (4,000/sq. mi.)",2.24,2.07,2.4,2.07–2.4,0.41,0.35,0.48,0.35–0.48,26
Grand Rapids,MI,Multifamily,"150 units, 700 sq. ft. each",150,700,"City neighborhood (4,000/sq. mi.)",2.21,1.98,2.44,1.98–2.44,0.32,0.21,0.44,0.21–0.44,27
Fort Worth,TX,Multifamily,"150 units, 700 sq. ft. each",150,700,"City neighborhood (4,000/sq. mi.)",2.2,2.09,2.3,2.09–2.3,0.35,0.3,0.41,0.3–0.41,28
Sioux Falls,SD,Multifamily,"150 units, 700 sq. ft. each",150,700,"City neighborhood (4,000/sq. mi.)",2.19,1.84,2.54,1.84–2.54,0.22,0.16,0.29,0.16–0.29,29
Jacksonville,FL,Multifamily,"150 units, 700 sq. ft. each",150,700,"City neighborhood (4,000/sq. mi.)",2.19,2.01,2.38,2.01–2.38,0.43,0.36,0.51,0.36–0.51,30
Kansas City,MO,Multifamily,"150 units, 700 sq. ft. each",150,700,"City neighborhood (4,000/sq. mi.)",2.17,1.87,2.46,1.87–2.46,0.19,0.1,0.27,0.1–0.27,31
Colorado Springs,CO,Multifamily,"150 units, 700 sq. ft. each",150,700,"City neighborhood (4,000/sq. mi.)",2.13,1.81,2.45,1.81–2.45,0.35,0.25,0.44,0.25–0.44,32
Columbus,OH,Multifamily,"150 units, 700 sq. ft. each",150,700,"City neighborhood (4,000/sq. mi.)",2.13,1.98,2.28,1.98–2.28,0.41,0.37,0.45,0.37–0.45,33
Indianapolis,IN,Multifamily,"150 units, 700 sq. ft. each",150,700,"City neighborhood (4,000/sq. mi.)",2.13,1.93,2.32,1.93–2.32,0.51,0.4,0.61,0.4–0.61,34
Reno,NV,Multifamily,"150 units, 700 sq. ft. each",150,700,"City neighborhood (4,000/sq. mi.)",2.06,1.78,2.34,1.78–2.34,0.36,0.2,0.53,0.2–0.53,35
Atlanta,GA,Multifamily,"150 units, 700 sq. ft. each",150,700,"City neighborhood (4,000/sq. mi.)",2.06,1.85,2.26,1.85–2.26,0.19,0.15,0.23,0.15–0.23,36
Raleigh,NC,Multifamily,"150 units, 700 sq. ft. each",150,700,"City neighborhood (4,000/sq. mi.)",1.94,1.73,2.15,1.73–2.15,0.3,0.23,0.38,0.23–0.38,37
Boise,ID,Multifamily,"150 units, 700 sq. ft. each",150,700,"City neighborhood (4,000/sq. mi.)",1.89,1.58,2.2,1.58–2.2,0.37,0.28,0.47,0.28–0.47,38
St. Paul,MN,Multifamily,"150 units, 700 sq. ft. each",150,700,"City neighborhood (4,000/sq. mi.)",1.66,1.21,2.11,1.21–2.11,0.31,0.18,0.43,0.18–0.43,39
New York,NY,Multifamily,"150 units, 700 sq. ft. each",150,700,"Dense city neighborhood (10,000/sq. mi.)",5.61,5.4,5.82,5.4–5.82,1.39,1.28,1.5,1.28–1.5,1
San Francisco,CA,Multifamily,"150 units, 700 sq. ft. each",150,700,"Dense city neighborhood (10,000/sq. mi.)",4.97,4.56,5.38,4.56–5.38,1.09,0.92,1.26,0.92–1.26,2
Boston,MA,Multifamily,"150 units, 700 sq. ft. each",150,700,"Dense city neighborhood (10,000/sq. mi.)",4.83,4.21,5.45,4.21–5.45,2.01,1.57,2.44,1.57–2.44,3
Honolulu,HI,Multifamily,"150 units, 700 sq. ft. each",150,700,"Dense city neighborhood (10,000/sq. mi.)",4.81,4.02,5.6,4.02–5.6,2.33,1.9,2.76,1.9–2.76,4
Los Angeles,CA,Multifamily,"150 units, 700 sq. ft. each",150,700,"Dense city neighborhood (10,000/sq. mi.)",4.51,4.32,4.71,4.32–4.71,1.57,1.46,1.68,1.46–1.68,5
Miami,FL,Multifamily,"150 units, 700 sq. ft. each",150,700,"Dense city neighborhood (10,000/sq. mi.)",4.47,3.84,5.1,3.84–5.1,1.82,1.2,2.43,1.2–2.43,6
Oakland,CA,Multifamily,"150 units, 700 sq. ft. each",150,700,"Dense city neighborhood (10,000/sq. mi.)",3.97,3.43,4.52,3.43–4.52,1.06,0.77,1.35,0.77–1.35,7
Seattle,WA,Multifamily,"150 units, 700 sq. ft. each",150,700,"Dense city neighborhood (10,000/sq. mi.)",3.85,3.6,4.1,3.6–4.1,1.16,1.05,1.27,1.05–1.27,8
Philadelphia,PA,Multifamily,"150 units, 700 sq. ft. each",150,700,"Dense city neighborhood (10,000/sq. mi.)",3.72,3.4,4.04,3.4–4.04,0.35,0.3,0.4,0.3–0.4,9
Sacramento,CA,Multifamily,"150 units, 700 sq. ft. each",150,700,"Dense city neighborhood (10,000/sq. mi.)",3.42,2.84,4,2.84–4,0.92,0.66,1.18,0.66–1.18,10
Spokane,WA,Multifamily,"150 units, 700 sq. ft. each",150,700,"Dense city neighborhood (10,000/sq. mi.)",3.25,2.33,4.18,2.33–4.18,0.14,0.1,0.19,0.1–0.19,11
San Diego,CA,Multifamily,"150 units, 700 sq. ft. each",150,700,"Dense city neighborhood (10,000/sq. mi.)",3.19,2.93,3.45,2.93–3.45,0.94,0.83,1.05,0.83–1.05,12
Austin,TX,Multifamily,"150 units, 700 sq. ft. each",150,700,"Dense city neighborhood (10,000/sq. mi.)",3.16,3.03,3.29,3.03–3.29,0.97,0.89,1.06,0.89–1.06,13
Jersey City,NJ,Multifamily,"150 units, 700 sq. ft. each",150,700,"Dense city neighborhood (10,000/sq. mi.)",3.09,2.55,3.62,2.55–3.62,0.35,0.2,0.51,0.2–0.51,14
Louisville,KY,Multifamily,"150 units, 700 sq. ft. each",150,700,"Dense city neighborhood (10,000/sq. mi.)",2.98,2.47,3.5,2.47–3.5,0.81,0.58,1.04,0.58–1.04,15
Denver,CO,Multifamily,"150 units, 700 sq. ft. each",150,700,"Dense city neighborhood (10,000/sq. mi.)",2.97,2.8,3.15,2.8–3.15,0.7,0.6,0.81,0.6–0.81,16
Durham,NC,Multifamily,"150 units, 700 sq. ft. each",150,700,"Dense city neighborhood (10,000/sq. mi.)",2.94,2.4,3.48,2.4–3.48,0.41,0.29,0.53,0.29–0.53,17
Washington,DC,Multifamily,"150 units, 700 sq. ft. each",150,700,"Dense city neighborhood (10,000/sq. mi.)",2.87,2.62,3.13,2.62–3.13,0.82,0.7,0.94,0.7–0.94,18
Nashville,TN,Multifamily,"150 units, 700 sq. ft. each",150,700,"Dense city neighborhood (10,000/sq. mi.)",2.76,2.29,3.23,2.29–3.23,0.77,0.43,1.12,0.43–1.12,19
Houston,TX,Multifamily,"150 units, 700 sq. ft. each",150,700,"Dense city neighborhood (10,000/sq. mi.)",2.69,2.57,2.8,2.57–2.8,0.64,0.58,0.7,0.58–0.7,20
Orlando,FL,Multifamily,"150 units, 700 sq. ft. each",150,700,"Dense city neighborhood (10,000/sq. mi.)",2.62,2.33,2.91,2.33–2.91,0.59,0.46,0.73,0.46–0.73,21
Portland,OR,Multifamily,"150 units, 700 sq. ft. each",150,700,"Dense city neighborhood (10,000/sq. mi.)",2.62,2.46,2.78,2.46–2.78,0.93,0.85,1.01,0.85–1.01,22
Cincinnati,OH,Multifamily,"150 units, 700 sq. ft. each",150,700,"Dense city neighborhood (10,000/sq. mi.)",2.52,1.78,3.26,1.78–3.26,0.71,0.38,1.05,0.38–1.05,23
Tampa,FL,Multifamily,"150 units, 700 sq. ft. each",150,700,"Dense city neighborhood (10,000/sq. mi.)",2.41,1.74,3.09,1.74–3.09,0.53,0.33,0.72,0.33–0.72,24
Jacksonville,FL,Multifamily,"150 units, 700 sq. ft. each",150,700,"Dense city neighborhood (10,000/sq. mi.)",2.4,2.18,2.61,2.18–2.61,0.49,0.4,0.57,0.4–0.57,25
Cleveland,OH,Multifamily,"150 units, 700 sq. ft. each",150,700,"Dense city neighborhood (10,000/sq. mi.)",2.27,1.82,2.72,1.82–2.72,0.62,0.42,0.82,0.42–0.82,26
Fort Worth,TX,Multifamily,"150 units, 700 sq. ft. each",150,700,"Dense city neighborhood (10,000/sq. mi.)",2.2,2.08,2.33,2.08–2.33,0.35,0.29,0.42,0.29–0.42,27
Phoenix,AZ,Multifamily,"150 units, 700 sq. ft. each",150,700,"Dense city neighborhood (10,000/sq. mi.)",2.16,1.97,2.35,1.97–2.35,0.39,0.31,0.46,0.31–0.46,28
Kansas City,MO,Multifamily,"150 units, 700 sq. ft. each",150,700,"Dense city neighborhood (10,000/sq. mi.)",2.16,1.79,2.53,1.79–2.53,0.16,0.08,0.24,0.08–0.24,29
Colorado Springs,CO,Multifamily,"150 units, 700 sq. ft. each",150,700,"Dense city neighborhood (10,000/sq. mi.)",2.15,1.81,2.49,1.81–2.49,0.35,0.25,0.45,0.25–0.45,30
Sioux Falls,SD,Multifamily,"150 units, 700 sq. ft. each",150,700,"Dense city neighborhood (10,000/sq. mi.)",2.15,1.8,2.5,1.8–2.5,0.2,0.14,0.27,0.14–0.27,31
Indianapolis,IN,Multifamily,"150 units, 700 sq. ft. each",150,700,"Dense city neighborhood (10,000/sq. mi.)",2.06,1.77,2.34,1.77–2.34,0.43,0.31,0.55,0.31–0.55,32
Grand Rapids,MI,Multifamily,"150 units, 700 sq. ft. each",150,700,"Dense city neighborhood (10,000/sq. mi.)",2.05,1.77,2.34,1.77–2.34,0.32,0.17,0.48,0.17–0.48,33
Columbus,OH,Multifamily,"150 units, 700 sq. ft. each",150,700,"Dense city neighborhood (10,000/sq. mi.)",2.04,1.87,2.21,1.87–2.21,0.37,0.32,0.41,0.32–0.41,34
Atlanta,GA,Multifamily,"150 units, 700 sq. ft. each",150,700,"Dense city neighborhood (10,000/sq. mi.)",1.99,1.79,2.2,1.79–2.2,0.19,0.15,0.23,0.15–0.23,35
Reno,NV,Multifamily,"150 units, 700 sq. ft. each",150,700,"Dense city neighborhood (10,000/sq. mi.)",1.99,1.7,2.29,1.7–2.29,0.3,0.16,0.44,0.16–0.44,36
Raleigh,NC,Multifamily,"150 units, 700 sq. ft. each",150,700,"Dense city neighborhood (10,000/sq. mi.)",1.96,1.72,2.19,1.72–2.19,0.31,0.23,0.4,0.23–0.4,37
Boise,ID,Multifamily,"150 units, 700 sq. ft. each",150,700,"Dense city neighborhood (10,000/sq. mi.)",1.8,1.48,2.12,1.48–2.12,0.38,0.27,0.49,0.27–0.49,38
St. Paul,MN,Multifamily,"150 units, 700 sq. ft. each",150,700,"Dense city neighborhood (10,000/sq. mi.)",1.72,1.16,2.27,1.16–2.27,0.23,0.13,0.33,0.13–0.33,39
New York,NY,Multifamily,"150 units, 700 sq. ft. each",150,700,"Urban core (25,000/sq. mi.)",5.56,5.37,5.74,5.37–5.74,1.33,1.25,1.42,1.25–1.42,1
Boston,MA,Multifamily,"150 units, 700 sq. ft. each",150,700,"Urban core (25,000/sq. mi.)",5.13,4.49,5.78,4.49–5.78,2.19,1.72,2.65,1.72–2.65,2
Miami,FL,Multifamily,"150 units, 700 sq. ft. each",150,700,"Urban core (25,000/sq. mi.)",4.84,4,5.67,4–5.67,1.9,1.14,2.67,1.14–2.67,3
San Francisco,CA,Multifamily,"150 units, 700 sq. ft. each",150,700,"Urban core (25,000/sq. mi.)",4.79,4.43,5.16,4.43–5.16,1.12,0.96,1.28,0.96–1.28,4
Honolulu,HI,Multifamily,"150 units, 700 sq. ft. each",150,700,"Urban core (25,000/sq. mi.)",4.6,3.77,5.43,3.77–5.43,2.48,1.97,2.99,1.97–2.99,5
Los Angeles,CA,Multifamily,"150 units, 700 sq. ft. each",150,700,"Urban core (25,000/sq. mi.)",4.59,4.39,4.79,4.39–4.79,1.49,1.39,1.6,1.39–1.6,6
Seattle,WA,Multifamily,"150 units, 700 sq. ft. each",150,700,"Urban core (25,000/sq. mi.)",3.79,3.56,4.02,3.56–4.02,1.16,1.06,1.27,1.06–1.27,7
Philadelphia,PA,Multifamily,"150 units, 700 sq. ft. each",150,700,"Urban core (25,000/sq. mi.)",3.73,3.42,4.04,3.42–4.04,0.34,0.29,0.39,0.29–0.39,8
Oakland,CA,Multifamily,"150 units, 700 sq. ft. each",150,700,"Urban core (25,000/sq. mi.)",3.48,2.87,4.1,2.87–4.1,0.88,0.62,1.14,0.62–1.14,9
Spokane,WA,Multifamily,"150 units, 700 sq. ft. each",150,700,"Urban core (25,000/sq. mi.)",3.43,2.37,4.48,2.37–4.48,0.11,0.07,0.14,0.07–0.14,10
Sacramento,CA,Multifamily,"150 units, 700 sq. ft. each",150,700,"Urban core (25,000/sq. mi.)",3.37,2.81,3.93,2.81–3.93,0.89,0.64,1.14,0.64–1.14,11
Louisville,KY,Multifamily,"150 units, 700 sq. ft. each",150,700,"Urban core (25,000/sq. mi.)",3.31,2.59,4.02,2.59–4.02,0.86,0.56,1.17,0.56–1.17,12
San Diego,CA,Multifamily,"150 units, 700 sq. ft. each",150,700,"Urban core (25,000/sq. mi.)",3.29,2.99,3.6,2.99–3.6,1.03,0.89,1.16,0.89–1.16,13
Austin,TX,Multifamily,"150 units, 700 sq. ft. each",150,700,"Urban core (25,000/sq. mi.)",3.25,3.09,3.41,3.09–3.41,0.97,0.87,1.07,0.87–1.07,14
Jersey City,NJ,Multifamily,"150 units, 700 sq. ft. each",150,700,"Urban core (25,000/sq. mi.)",3.21,2.7,3.71,2.7–3.71,0.39,0.23,0.54,0.23–0.54,15
Denver,CO,Multifamily,"150 units, 700 sq. ft. each",150,700,"Urban core (25,000/sq. mi.)",2.97,2.79,3.15,2.79–3.15,0.72,0.62,0.83,0.62–0.83,16
Durham,NC,Multifamily,"150 units, 700 sq. ft. each",150,700,"Urban core (25,000/sq. mi.)",2.96,2.25,3.66,2.25–3.66,0.33,0.22,0.45,0.22–0.45,17
Washington,DC,Multifamily,"150 units, 700 sq. ft. each",150,700,"Urban core (25,000/sq. mi.)",2.9,2.65,3.16,2.65–3.16,0.82,0.7,0.95,0.7–0.95,18
Houston,TX,Multifamily,"150 units, 700 sq. ft. each",150,700,"Urban core (25,000/sq. mi.)",2.8,2.65,2.94,2.65–2.94,0.73,0.65,0.82,0.65–0.82,19
Jacksonville,FL,Multifamily,"150 units, 700 sq. ft. each",150,700,"Urban core (25,000/sq. mi.)",2.62,2.36,2.88,2.36–2.88,0.54,0.44,0.65,0.44–0.65,20
Portland,OR,Multifamily,"150 units, 700 sq. ft. each",150,700,"Urban core (25,000/sq. mi.)",2.54,2.36,2.73,2.36–2.73,0.91,0.83,1,0.83–1,21
Orlando,FL,Multifamily,"150 units, 700 sq. ft. each",150,700,"Urban core (25,000/sq. mi.)",2.32,2.04,2.61,2.04–2.61,0.47,0.36,0.59,0.36–0.59,22
Cleveland,OH,Multifamily,"150 units, 700 sq. ft. each",150,700,"Urban core (25,000/sq. mi.)",2.28,1.65,2.9,1.65–2.9,0.66,0.36,0.95,0.36–0.95,23
Fort Worth,TX,Multifamily,"150 units, 700 sq. ft. each",150,700,"Urban core (25,000/sq. mi.)",2.21,2.05,2.37,2.05–2.37,0.35,0.27,0.43,0.27–0.43,24
Colorado Springs,CO,Multifamily,"150 units, 700 sq. ft. each",150,700,"Urban core (25,000/sq. mi.)",2.17,1.8,2.53,1.8–2.53,0.35,0.25,0.46,0.25–0.46,25
Kansas City,MO,Multifamily,"150 units, 700 sq. ft. each",150,700,"Urban core (25,000/sq. mi.)",2.15,1.7,2.6,1.7–2.6,0.14,0.05,0.22,0.05–0.22,26
Sioux Falls,SD,Multifamily,"150 units, 700 sq. ft. each",150,700,"Urban core (25,000/sq. mi.)",2.11,1.74,2.48,1.74–2.48,0.18,0.12,0.25,0.12–0.25,27
Phoenix,AZ,Multifamily,"150 units, 700 sq. ft. each",150,700,"Urban core (25,000/sq. mi.)",2.09,1.86,2.31,1.86–2.31,0.36,0.28,0.44,0.28–0.44,28
Indianapolis,IN,Multifamily,"150 units, 700 sq. ft. each",150,700,"Urban core (25,000/sq. mi.)",1.99,1.59,2.39,1.59–2.39,0.37,0.23,0.51,0.23–0.51,29
Raleigh,NC,Multifamily,"150 units, 700 sq. ft. each",150,700,"Urban core (25,000/sq. mi.)",1.98,1.7,2.26,1.7–2.26,0.33,0.22,0.43,0.22–0.43,30
Columbus,OH,Multifamily,"150 units, 700 sq. ft. each",150,700,"Urban core (25,000/sq. mi.)",1.95,1.75,2.15,1.75–2.15,0.33,0.28,0.38,0.28–0.38,31
Atlanta,GA,Multifamily,"150 units, 700 sq. ft. each",150,700,"Urban core (25,000/sq. mi.)",1.93,1.68,2.18,1.68–2.18,0.19,0.14,0.25,0.14–0.25,32
Reno,NV,Multifamily,"150 units, 700 sq. ft. each",150,700,"Urban core (25,000/sq. mi.)",1.93,1.61,2.24,1.61–2.24,0.25,0.13,0.38,0.13–0.38,33
Grand Rapids,MI,Multifamily,"150 units, 700 sq. ft. each",150,700,"Urban core (25,000/sq. mi.)",1.91,1.52,2.3,1.52–2.3,0.32,0.11,0.54,0.11–0.54,34
St. Paul,MN,Multifamily,"150 units, 700 sq. ft. each",150,700,"Urban core (25,000/sq. mi.)",1.77,0.95,2.59,0.95–2.59,0.18,0.06,0.29,0.06–0.29,35
Boise,ID,Multifamily,"150 units, 700 sq. ft. each",150,700,"Urban core (25,000/sq. mi.)",1.71,1.38,2.05,1.38–2.05,0.39,0.26,0.53,0.26–0.53,36
New York,NY,Multifamily,"150 units, 900 sq. ft. each",150,900,"Low-density suburb (1,000/sq. mi.)",5.89,5.54,6.25,5.54–6.25,1.57,1.36,1.78,1.36–1.78,1
Honolulu,HI,Multifamily,"150 units, 900 sq. ft. each",150,900,"Low-density suburb (1,000/sq. mi.)",5.5,4.67,6.32,4.67–6.32,2.07,1.75,2.4,1.75–2.4,2
San Francisco,CA,Multifamily,"150 units, 900 sq. ft. each",150,900,"Low-density suburb (1,000/sq. mi.)",5.49,4.84,6.15,4.84–6.15,1.03,0.76,1.29,0.76–1.29,3
Oakland,CA,Multifamily,"150 units, 900 sq. ft. each",150,900,"Low-density suburb (1,000/sq. mi.)",5.33,4.43,6.23,4.43–6.23,1.54,0.87,2.22,0.87–2.22,4
Los Angeles,CA,Multifamily,"150 units, 900 sq. ft. each",150,900,"Low-density suburb (1,000/sq. mi.)",4.44,4.13,4.75,4.13–4.75,1.75,1.56,1.93,1.56–1.93,5
Boston,MA,Multifamily,"150 units, 900 sq. ft. each",150,900,"Low-density suburb (1,000/sq. mi.)",4.11,3.4,4.83,3.4–4.83,1.57,1.13,2.02,1.13–2.02,6
Tulsa,OK,Multifamily,"150 units, 900 sq. ft. each",150,900,"Low-density suburb (1,000/sq. mi.)",4.08,2.93,5.23,2.93–5.23,0.62,0.44,0.8,0.44–0.8,7
Seattle,WA,Multifamily,"150 units, 900 sq. ft. each",150,900,"Low-density suburb (1,000/sq. mi.)",4.04,3.48,4.6,3.48–4.6,1.15,0.93,1.37,0.93–1.37,8
Orlando,FL,Multifamily,"150 units, 900 sq. ft. each",150,900,"Low-density suburb (1,000/sq. mi.)",3.72,3.36,4.09,3.36–4.09,1.16,0.96,1.36,0.96–1.36,9
Philadelphia,PA,Multifamily,"150 units, 900 sq. ft. each",150,900,"Low-density suburb (1,000/sq. mi.)",3.7,3.07,4.33,3.07–4.33,0.37,0.26,0.49,0.26–0.49,10
Charleston,SC,Multifamily,"150 units, 900 sq. ft. each",150,900,"Low-density suburb (1,000/sq. mi.)",3.6,3.12,4.08,3.12–4.08,0.58,0.33,0.83,0.33–0.83,11
Sacramento,CA,Multifamily,"150 units, 900 sq. ft. each",150,900,"Low-density suburb (1,000/sq. mi.)",3.46,2.77,4.15,2.77–4.15,1,0.66,1.34,0.66–1.34,12
Nashville,TN,Multifamily,"150 units, 900 sq. ft. each",150,900,"Low-density suburb (1,000/sq. mi.)",3.05,2.65,3.45,2.65–3.45,1.12,0.81,1.43,0.81–1.43,13
Austin,TX,Multifamily,"150 units, 900 sq. ft. each",150,900,"Low-density suburb (1,000/sq. mi.)",3.03,2.89,3.17,2.89–3.17,0.99,0.9,1.08,0.9–1.08,14
Denver,CO,Multifamily,"150 units, 900 sq. ft. each",150,900,"Low-density suburb (1,000/sq. mi.)",2.97,2.76,3.17,2.76–3.17,0.65,0.53,0.77,0.53–0.77,15
San Diego,CA,Multifamily,"150 units, 900 sq. ft. each",150,900,"Low-density suburb (1,000/sq. mi.)",2.96,2.66,3.27,2.66–3.27,0.76,0.62,0.89,0.62–0.89,16
Portland,OR,Multifamily,"150 units, 900 sq. ft. each",150,900,"Low-density suburb (1,000/sq. mi.)",2.96,2.77,3.15,2.77–3.15,0.99,0.89,1.09,0.89–1.09,17
Durham,NC,Multifamily,"150 units, 900 sq. ft. each",150,900,"Low-density suburb (1,000/sq. mi.)",2.92,2.57,3.27,2.57–3.27,0.7,0.46,0.94,0.46–0.94,18
Washington,DC,Multifamily,"150 units, 900 sq. ft. each",150,900,"Low-density suburb (1,000/sq. mi.)",2.77,2.18,3.35,2.18–3.35,0.81,0.54,1.07,0.54–1.07,19
Grand Rapids,MI,Multifamily,"150 units, 900 sq. ft. each",150,900,"Low-density suburb (1,000/sq. mi.)",2.47,2.07,2.88,2.07–2.88,0.33,0.19,0.47,0.19–0.47,20
Houston,TX,Multifamily,"150 units, 900 sq. ft. each",150,900,"Low-density suburb (1,000/sq. mi.)",2.45,2.32,2.58,2.32–2.58,0.46,0.4,0.52,0.4–0.52,21
Phoenix,AZ,Multifamily,"150 units, 900 sq. ft. each",150,900,"Low-density suburb (1,000/sq. mi.)",2.41,2.25,2.58,2.25–2.58,0.45,0.38,0.52,0.38–0.52,22
Colorado Springs,CO,Multifamily,"150 units, 900 sq. ft. each",150,900,"Low-density suburb (1,000/sq. mi.)",2.4,2.13,2.68,2.13–2.68,0.41,0.32,0.5,0.32–0.5,23
Louisville,KY,Multifamily,"150 units, 900 sq. ft. each",150,900,"Low-density suburb (1,000/sq. mi.)",2.38,2.1,2.67,2.1–2.67,0.73,0.6,0.86,0.6–0.86,24
Cleveland,OH,Multifamily,"150 units, 900 sq. ft. each",150,900,"Low-density suburb (1,000/sq. mi.)",2.37,1.8,2.94,1.8–2.94,0.58,0.32,0.83,0.32–0.83,25
Columbus,OH,Multifamily,"150 units, 900 sq. ft. each",150,900,"Low-density suburb (1,000/sq. mi.)",2.35,2.17,2.54,2.17–2.54,0.48,0.42,0.54,0.42–0.54,26
Indianapolis,IN,Multifamily,"150 units, 900 sq. ft. each",150,900,"Low-density suburb (1,000/sq. mi.)",2.31,2.06,2.57,2.06–2.57,0.66,0.5,0.81,0.5–0.81,27
Fort Worth,TX,Multifamily,"150 units, 900 sq. ft. each",150,900,"Low-density suburb (1,000/sq. mi.)",2.24,2.13,2.35,2.13–2.35,0.39,0.33,0.44,0.33–0.44,28
Kansas City,MO,Multifamily,"150 units, 900 sq. ft. each",150,900,"Low-density suburb (1,000/sq. mi.)",2.23,1.98,2.49,1.98–2.49,0.24,0.15,0.34,0.15–0.34,29
Reno,NV,Multifamily,"150 units, 900 sq. ft. each",150,900,"Low-density suburb (1,000/sq. mi.)",2.23,1.95,2.52,1.95–2.52,0.49,0.27,0.71,0.27–0.71,30
Atlanta,GA,Multifamily,"150 units, 900 sq. ft. each",150,900,"Low-density suburb (1,000/sq. mi.)",2.23,1.91,2.54,1.91–2.54,0.2,0.14,0.26,0.14–0.26,31
Sioux Falls,SD,Multifamily,"150 units, 900 sq. ft. each",150,900,"Low-density suburb (1,000/sq. mi.)",2.2,1.78,2.61,1.78–2.61,0.26,0.19,0.34,0.19–0.34,32
Cincinnati,OH,Multifamily,"150 units, 900 sq. ft. each",150,900,"Low-density suburb (1,000/sq. mi.)",2.09,1.71,2.48,1.71–2.48,0.39,0.23,0.55,0.23–0.55,33
Boise,ID,Multifamily,"150 units, 900 sq. ft. each",150,900,"Low-density suburb (1,000/sq. mi.)",2.05,1.73,2.37,1.73–2.37,0.35,0.27,0.44,0.27–0.44,34
Raleigh,NC,Multifamily,"150 units, 900 sq. ft. each",150,900,"Low-density suburb (1,000/sq. mi.)",1.97,1.78,2.16,1.78–2.16,0.31,0.23,0.38,0.23–0.38,35
Jacksonville,FL,Multifamily,"150 units, 900 sq. ft. each",150,900,"Low-density suburb (1,000/sq. mi.)",1.97,1.81,2.13,1.81–2.13,0.36,0.3,0.42,0.3–0.42,36
New York,NY,Multifamily,"150 units, 900 sq. ft. each",150,900,"City neighborhood (4,000/sq. mi.)",5.81,5.55,6.07,5.55–6.07,1.47,1.33,1.61,1.33–1.61,1
San Francisco,CA,Multifamily,"150 units, 900 sq. ft. each",150,900,"City neighborhood (4,000/sq. mi.)",5.2,4.75,5.65,4.75–5.65,1.07,0.88,1.27,0.88–1.27,2
Honolulu,HI,Multifamily,"150 units, 900 sq. ft. each",150,900,"City neighborhood (4,000/sq. mi.)",5.15,4.37,5.92,4.37–5.92,2.28,1.9,2.66,1.9–2.66,3
Los Angeles,CA,Multifamily,"150 units, 900 sq. ft. each",150,900,"City neighborhood (4,000/sq. mi.)",4.56,4.33,4.78,4.33–4.78,1.62,1.5,1.75,1.5–1.75,4
Boston,MA,Multifamily,"150 units, 900 sq. ft. each",150,900,"City neighborhood (4,000/sq. mi.)",4.51,3.91,5.12,3.91–5.12,1.8,1.4,2.2,1.4–2.2,5
Oakland,CA,Multifamily,"150 units, 900 sq. ft. each",150,900,"City neighborhood (4,000/sq. mi.)",4.37,3.82,4.92,3.82–4.92,1.16,0.84,1.48,0.84–1.48,6
Charleston,SC,Multifamily,"150 units, 900 sq. ft. each",150,900,"City neighborhood (4,000/sq. mi.)",4.25,3.47,5.02,3.47–5.02,1.09,0.63,1.56,0.63–1.56,7
Miami,FL,Multifamily,"150 units, 900 sq. ft. each",150,900,"City neighborhood (4,000/sq. mi.)",4.14,3.46,4.81,3.46–4.81,1.78,1.17,2.38,1.17–2.38,8
Seattle,WA,Multifamily,"150 units, 900 sq. ft. each",150,900,"City neighborhood (4,000/sq. mi.)",3.94,3.59,4.29,3.59–4.29,1.16,1.01,1.3,1.01–1.3,9
Philadelphia,PA,Multifamily,"150 units, 900 sq. ft. each",150,900,"City neighborhood (4,000/sq. mi.)",3.71,3.3,4.12,3.3–4.12,0.36,0.29,0.43,0.29–0.43,10
Sacramento,CA,Multifamily,"150 units, 900 sq. ft. each",150,900,"City neighborhood (4,000/sq. mi.)",3.39,2.77,4,2.77–4,0.95,0.66,1.24,0.66–1.24,11
Spokane,WA,Multifamily,"150 units, 900 sq. ft. each",150,900,"City neighborhood (4,000/sq. mi.)",3.29,2.05,4.53,2.05–4.53,0.19,0.13,0.25,0.13–0.25,12
Austin,TX,Multifamily,"150 units, 900 sq. ft. each",150,900,"City neighborhood (4,000/sq. mi.)",3.16,3.04,3.27,3.04–3.27,0.98,0.91,1.06,0.91–1.06,13
Orlando,FL,Multifamily,"150 units, 900 sq. ft. each",150,900,"City neighborhood (4,000/sq. mi.)",3.1,2.79,3.41,2.79–3.41,0.83,0.67,0.98,0.67–0.98,14
San Diego,CA,Multifamily,"150 units, 900 sq. ft. each",150,900,"City neighborhood (4,000/sq. mi.)",3.1,2.84,3.36,2.84–3.36,0.87,0.76,0.98,0.76–0.98,15
Nashville,TN,Multifamily,"150 units, 900 sq. ft. each",150,900,"City neighborhood (4,000/sq. mi.)",3,2.57,3.43,2.57–3.43,0.94,0.59,1.28,0.59–1.28,16
Denver,CO,Multifamily,"150 units, 900 sq. ft. each",150,900,"City neighborhood (4,000/sq. mi.)",2.96,2.78,3.14,2.78–3.14,0.68,0.58,0.78,0.58–0.78,17
Jersey City,NJ,Multifamily,"150 units, 900 sq. ft. each",150,900,"City neighborhood (4,000/sq. mi.)",2.96,2.26,3.65,2.26–3.65,0.33,0.12,0.54,0.12–0.54,18
Durham,NC,Multifamily,"150 units, 900 sq. ft. each",150,900,"City neighborhood (4,000/sq. mi.)",2.95,2.55,3.34,2.55–3.34,0.51,0.37,0.64,0.37–0.64,19
Portland,OR,Multifamily,"150 units, 900 sq. ft. each",150,900,"City neighborhood (4,000/sq. mi.)",2.84,2.67,3.01,2.67–3.01,0.97,0.88,1.06,0.88–1.06,20
Washington,DC,Multifamily,"150 units, 900 sq. ft. each",150,900,"City neighborhood (4,000/sq. mi.)",2.81,2.45,3.17,2.45–3.17,0.81,0.65,0.97,0.65–0.97,21
Louisville,KY,Multifamily,"150 units, 900 sq. ft. each",150,900,"City neighborhood (4,000/sq. mi.)",2.78,2.42,3.15,2.42–3.15,0.8,0.62,0.98,0.62–0.98,22
Houston,TX,Multifamily,"150 units, 900 sq. ft. each",150,900,"City neighborhood (4,000/sq. mi.)",2.6,2.49,2.71,2.49–2.71,0.56,0.51,0.62,0.51–0.62,23
Tampa,FL,Multifamily,"150 units, 900 sq. ft. each",150,900,"City neighborhood (4,000/sq. mi.)",2.57,2.05,3.08,2.05–3.08,0.5,0.35,0.64,0.35–0.64,24
Colorado Springs,CO,Multifamily,"150 units, 900 sq. ft. each",150,900,"City neighborhood (4,000/sq. mi.)",2.43,2.16,2.71,2.16–2.71,0.41,0.33,0.5,0.33–0.5,25
Cleveland,OH,Multifamily,"150 units, 900 sq. ft. each",150,900,"City neighborhood (4,000/sq. mi.)",2.38,1.98,2.79,1.98–2.79,0.64,0.45,0.82,0.45–0.82,26
Cincinnati,OH,Multifamily,"150 units, 900 sq. ft. each",150,900,"City neighborhood (4,000/sq. mi.)",2.38,1.89,2.87,1.89–2.87,0.54,0.34,0.73,0.34–0.73,27
Phoenix,AZ,Multifamily,"150 units, 900 sq. ft. each",150,900,"City neighborhood (4,000/sq. mi.)",2.29,2.12,2.46,2.12–2.46,0.41,0.34,0.47,0.34–0.47,28
Fort Worth,TX,Multifamily,"150 units, 900 sq. ft. each",150,900,"City neighborhood (4,000/sq. mi.)",2.25,2.15,2.36,2.15–2.36,0.39,0.33,0.45,0.33–0.45,29
Jacksonville,FL,Multifamily,"150 units, 900 sq. ft. each",150,900,"City neighborhood (4,000/sq. mi.)",2.25,2.07,2.43,2.07–2.43,0.43,0.36,0.5,0.36–0.5,30
Kansas City,MO,Multifamily,"150 units, 900 sq. ft. each",150,900,"City neighborhood (4,000/sq. mi.)",2.22,1.91,2.53,1.91–2.53,0.19,0.11,0.28,0.11–0.28,31
Grand Rapids,MI,Multifamily,"150 units, 900 sq. ft. each",150,900,"City neighborhood (4,000/sq. mi.)",2.21,1.98,2.45,1.98–2.45,0.33,0.21,0.45,0.21–0.45,32
Indianapolis,IN,Multifamily,"150 units, 900 sq. ft. each",150,900,"City neighborhood (4,000/sq. mi.)",2.2,1.99,2.41,1.99–2.41,0.52,0.41,0.63,0.41–0.63,33
Columbus,OH,Multifamily,"150 units, 900 sq. ft. each",150,900,"City neighborhood (4,000/sq. mi.)",2.2,2.04,2.36,2.04–2.36,0.41,0.36,0.45,0.36–0.45,34
Sioux Falls,SD,Multifamily,"150 units, 900 sq. ft. each",150,900,"City neighborhood (4,000/sq. mi.)",2.13,1.78,2.49,1.78–2.49,0.23,0.16,0.3,0.16–0.3,35
Atlanta,GA,Multifamily,"150 units, 900 sq. ft. each",150,900,"City neighborhood (4,000/sq. mi.)",2.12,1.91,2.34,1.91–2.34,0.2,0.16,0.24,0.16–0.24,36
Reno,NV,Multifamily,"150 units, 900 sq. ft. each",150,900,"City neighborhood (4,000/sq. mi.)",2.12,1.83,2.42,1.83–2.42,0.37,0.2,0.54,0.2–0.54,37
Raleigh,NC,Multifamily,"150 units, 900 sq. ft. each",150,900,"City neighborhood (4,000/sq. mi.)",2,1.82,2.19,1.82–2.19,0.32,0.25,0.4,0.25–0.4,38
Boise,ID,Multifamily,"150 units, 900 sq. ft. each",150,900,"City neighborhood (4,000/sq. mi.)",1.9,1.58,2.23,1.58–2.23,0.37,0.27,0.46,0.27–0.46,39
St. Paul,MN,Multifamily,"150 units, 900 sq. ft. each",150,900,"City neighborhood (4,000/sq. mi.)",1.72,1.34,2.09,1.34–2.09,0.32,0.2,0.43,0.2–0.43,40
New York,NY,Multifamily,"150 units, 900 sq. ft. each",150,900,"Dense city neighborhood (10,000/sq. mi.)",5.76,5.55,5.97,5.55–5.97,1.41,1.3,1.51,1.3–1.51,1
San Francisco,CA,Multifamily,"150 units, 900 sq. ft. each",150,900,"Dense city neighborhood (10,000/sq. mi.)",5.02,4.66,5.38,4.66–5.38,1.11,0.94,1.27,0.94–1.27,2
Honolulu,HI,Multifamily,"150 units, 900 sq. ft. each",150,900,"Dense city neighborhood (10,000/sq. mi.)",4.93,4.14,5.72,4.14–5.72,2.42,1.99,2.86,1.99–2.86,3
Boston,MA,Multifamily,"150 units, 900 sq. ft. each",150,900,"Dense city neighborhood (10,000/sq. mi.)",4.8,4.23,5.37,4.23–5.37,1.96,1.57,2.36,1.57–2.36,4
Los Angeles,CA,Multifamily,"150 units, 900 sq. ft. each",150,900,"Dense city neighborhood (10,000/sq. mi.)",4.63,4.44,4.82,4.44–4.82,1.55,1.45,1.65,1.45–1.65,5
Miami,FL,Multifamily,"150 units, 900 sq. ft. each",150,900,"Dense city neighborhood (10,000/sq. mi.)",4.47,3.87,5.07,3.87–5.07,1.86,1.27,2.45,1.27–2.45,6
Seattle,WA,Multifamily,"150 units, 900 sq. ft. each",150,900,"Dense city neighborhood (10,000/sq. mi.)",3.88,3.62,4.14,3.62–4.14,1.16,1.05,1.27,1.05–1.27,7
Oakland,CA,Multifamily,"150 units, 900 sq. ft. each",150,900,"Dense city neighborhood (10,000/sq. mi.)",3.83,3.29,4.37,3.29–4.37,0.96,0.73,1.19,0.73–1.19,8
Philadelphia,PA,Multifamily,"150 units, 900 sq. ft. each",150,900,"Dense city neighborhood (10,000/sq. mi.)",3.72,3.4,4.03,3.4–4.03,0.35,0.3,0.41,0.3–0.41,9
Spokane,WA,Multifamily,"150 units, 900 sq. ft. each",150,900,"Dense city neighborhood (10,000/sq. mi.)",3.46,2.4,4.53,2.4–4.53,0.14,0.09,0.19,0.09–0.19,10
Sacramento,CA,Multifamily,"150 units, 900 sq. ft. each",150,900,"Dense city neighborhood (10,000/sq. mi.)",3.34,2.75,3.92,2.75–3.92,0.91,0.65,1.18,0.65–1.18,11
Austin,TX,Multifamily,"150 units, 900 sq. ft. each",150,900,"Dense city neighborhood (10,000/sq. mi.)",3.24,3.12,3.37,3.12–3.37,0.98,0.9,1.07,0.9–1.07,12
San Diego,CA,Multifamily,"150 units, 900 sq. ft. each",150,900,"Dense city neighborhood (10,000/sq. mi.)",3.19,2.93,3.46,2.93–3.46,0.95,0.84,1.06,0.84–1.06,13
Louisville,KY,Multifamily,"150 units, 900 sq. ft. each",150,900,"Dense city neighborhood (10,000/sq. mi.)",3.09,2.57,3.6,2.57–3.6,0.85,0.61,1.09,0.61–1.09,14
Jersey City,NJ,Multifamily,"150 units, 900 sq. ft. each",150,900,"Dense city neighborhood (10,000/sq. mi.)",3.07,2.54,3.6,2.54–3.6,0.36,0.2,0.51,0.2–0.51,15
Nashville,TN,Multifamily,"150 units, 900 sq. ft. each",150,900,"Dense city neighborhood (10,000/sq. mi.)",2.97,2.46,3.48,2.46–3.48,0.83,0.46,1.21,0.46–1.21,16
Durham,NC,Multifamily,"150 units, 900 sq. ft. each",150,900,"Dense city neighborhood (10,000/sq. mi.)",2.97,2.44,3.49,2.44–3.49,0.41,0.29,0.52,0.29–0.52,17
Denver,CO,Multifamily,"150 units, 900 sq. ft. each",150,900,"Dense city neighborhood (10,000/sq. mi.)",2.96,2.78,3.13,2.78–3.13,0.7,0.6,0.8,0.6–0.8,18
Washington,DC,Multifamily,"150 units, 900 sq. ft. each",150,900,"Dense city neighborhood (10,000/sq. mi.)",2.84,2.59,3.09,2.59–3.09,0.81,0.7,0.93,0.7–0.93,19
Portland,OR,Multifamily,"150 units, 900 sq. ft. each",150,900,"Dense city neighborhood (10,000/sq. mi.)",2.76,2.58,2.94,2.58–2.94,0.95,0.86,1.04,0.86–1.04,20
Orlando,FL,Multifamily,"150 units, 900 sq. ft. each",150,900,"Dense city neighborhood (10,000/sq. mi.)",2.75,2.46,3.04,2.46–3.04,0.66,0.52,0.8,0.52–0.8,21
Houston,TX,Multifamily,"150 units, 900 sq. ft. each",150,900,"Dense city neighborhood (10,000/sq. mi.)",2.71,2.59,2.83,2.59–2.83,0.65,0.58,0.71,0.58–0.71,22
Cincinnati,OH,Multifamily,"150 units, 900 sq. ft. each",150,900,"Dense city neighborhood (10,000/sq. mi.)",2.59,1.94,3.25,1.94–3.25,0.66,0.39,0.94,0.39–0.94,23
Jacksonville,FL,Multifamily,"150 units, 900 sq. ft. each",150,900,"Dense city neighborhood (10,000/sq. mi.)",2.46,2.25,2.68,2.25–2.68,0.48,0.4,0.57,0.4–0.57,24
Colorado Springs,CO,Multifamily,"150 units, 900 sq. ft. each",150,900,"Dense city neighborhood (10,000/sq. mi.)",2.45,2.16,2.75,2.16–2.75,0.42,0.33,0.51,0.33–0.51,25
Tampa,FL,Multifamily,"150 units, 900 sq. ft. each",150,900,"Dense city neighborhood (10,000/sq. mi.)",2.41,1.75,3.07,1.75–3.07,0.51,0.32,0.71,0.32–0.71,26
Cleveland,OH,Multifamily,"150 units, 900 sq. ft. each",150,900,"Dense city neighborhood (10,000/sq. mi.)",2.39,1.91,2.88,1.91–2.88,0.68,0.46,0.9,0.46–0.9,27
Fort Worth,TX,Multifamily,"150 units, 900 sq. ft. each",150,900,"Dense city neighborhood (10,000/sq. mi.)",2.26,2.13,2.39,2.13–2.39,0.39,0.32,0.46,0.32–0.46,28
Kansas City,MO,Multifamily,"150 units, 900 sq. ft. each",150,900,"Dense city neighborhood (10,000/sq. mi.)",2.21,1.83,2.59,1.83–2.59,0.17,0.08,0.25,0.08–0.25,29
Phoenix,AZ,Multifamily,"150 units, 900 sq. ft. each",150,900,"Dense city neighborhood (10,000/sq. mi.)",2.21,2.02,2.41,2.02–2.41,0.38,0.31,0.45,0.31–0.45,30
Indianapolis,IN,Multifamily,"150 units, 900 sq. ft. each",150,900,"Dense city neighborhood (10,000/sq. mi.)",2.13,1.83,2.43,1.83–2.43,0.45,0.32,0.57,0.32–0.57,31
Columbus,OH,Multifamily,"150 units, 900 sq. ft. each",150,900,"Dense city neighborhood (10,000/sq. mi.)",2.1,1.93,2.28,1.93–2.28,0.36,0.32,0.41,0.32–0.41,32
Sioux Falls,SD,Multifamily,"150 units, 900 sq. ft. each",150,900,"Dense city neighborhood (10,000/sq. mi.)",2.09,1.74,2.44,1.74–2.44,0.21,0.14,0.28,0.14–0.28,33
Atlanta,GA,Multifamily,"150 units, 900 sq. ft. each",150,900,"Dense city neighborhood (10,000/sq. mi.)",2.06,1.85,2.27,1.85–2.27,0.2,0.16,0.25,0.16–0.25,34
Grand Rapids,MI,Multifamily,"150 units, 900 sq. ft. each",150,900,"Dense city neighborhood (10,000/sq. mi.)",2.06,1.77,2.34,1.77–2.34,0.33,0.17,0.49,0.17–0.49,35
Reno,NV,Multifamily,"150 units, 900 sq. ft. each",150,900,"Dense city neighborhood (10,000/sq. mi.)",2.05,1.74,2.36,1.74–2.36,0.31,0.16,0.46,0.16–0.46,36
Raleigh,NC,Multifamily,"150 units, 900 sq. ft. each",150,900,"Dense city neighborhood (10,000/sq. mi.)",2.03,1.81,2.24,1.81–2.24,0.34,0.25,0.43,0.25–0.43,37
Boise,ID,Multifamily,"150 units, 900 sq. ft. each",150,900,"Dense city neighborhood (10,000/sq. mi.)",1.81,1.48,2.14,1.48–2.14,0.38,0.27,0.49,0.27–0.49,38
St. Paul,MN,Multifamily,"150 units, 900 sq. ft. each",150,900,"Dense city neighborhood (10,000/sq. mi.)",1.77,1.29,2.25,1.29–2.25,0.24,0.14,0.34,0.14–0.34,39
New York,NY,Multifamily,"150 units, 900 sq. ft. each",150,900,"Urban core (25,000/sq. mi.)",5.71,5.53,5.89,5.53–5.89,1.35,1.26,1.43,1.26–1.43,1
Boston,MA,Multifamily,"150 units, 900 sq. ft. each",150,900,"Urban core (25,000/sq. mi.)",5.1,4.51,5.69,4.51–5.69,2.14,1.72,2.56,1.72–2.56,2
San Francisco,CA,Multifamily,"150 units, 900 sq. ft. each",150,900,"Urban core (25,000/sq. mi.)",4.84,4.52,5.16,4.52–5.16,1.14,0.99,1.29,0.99–1.29,3
Miami,FL,Multifamily,"150 units, 900 sq. ft. each",150,900,"Urban core (25,000/sq. mi.)",4.84,4.01,5.66,4.01–5.66,1.95,1.21,2.7,1.21–2.7,4
Honolulu,HI,Multifamily,"150 units, 900 sq. ft. each",150,900,"Urban core (25,000/sq. mi.)",4.72,3.88,5.55,3.88–5.55,2.58,2.06,3.1,2.06–3.1,5
Los Angeles,CA,Multifamily,"150 units, 900 sq. ft. each",150,900,"Urban core (25,000/sq. mi.)",4.71,4.52,4.9,4.52–4.9,1.48,1.38,1.58,1.38–1.58,6
Seattle,WA,Multifamily,"150 units, 900 sq. ft. each",150,900,"Urban core (25,000/sq. mi.)",3.82,3.58,4.05,3.58–4.05,1.17,1.06,1.27,1.06–1.27,7
Philadelphia,PA,Multifamily,"150 units, 900 sq. ft. each",150,900,"Urban core (25,000/sq. mi.)",3.73,3.41,4.04,3.41–4.04,0.35,0.3,0.4,0.3–0.4,8
Spokane,WA,Multifamily,"150 units, 900 sq. ft. each",150,900,"Urban core (25,000/sq. mi.)",3.65,2.48,4.82,2.48–4.82,0.11,0.07,0.15,0.07–0.15,9
Louisville,KY,Multifamily,"150 units, 900 sq. ft. each",150,900,"Urban core (25,000/sq. mi.)",3.42,2.69,4.15,2.69–4.15,0.91,0.58,1.23,0.58–1.23,10
Oakland,CA,Multifamily,"150 units, 900 sq. ft. each",150,900,"Urban core (25,000/sq. mi.)",3.36,2.74,3.97,2.74–3.97,0.8,0.57,1.02,0.57–1.02,11
Austin,TX,Multifamily,"150 units, 900 sq. ft. each",150,900,"Urban core (25,000/sq. mi.)",3.33,3.18,3.49,3.18–3.49,0.98,0.88,1.08,0.88–1.08,12
San Diego,CA,Multifamily,"150 units, 900 sq. ft. each",150,900,"Urban core (25,000/sq. mi.)",3.29,2.98,3.6,2.98–3.6,1.04,0.9,1.17,0.9–1.17,13
Sacramento,CA,Multifamily,"150 units, 900 sq. ft. each",150,900,"Urban core (25,000/sq. mi.)",3.29,2.73,3.85,2.73–3.85,0.88,0.63,1.14,0.63–1.14,14
Jersey City,NJ,Multifamily,"150 units, 900 sq. ft. each",150,900,"Urban core (25,000/sq. mi.)",3.19,2.69,3.69,2.69–3.69,0.39,0.23,0.54,0.23–0.54,15
Durham,NC,Multifamily,"150 units, 900 sq. ft. each",150,900,"Urban core (25,000/sq. mi.)",2.98,2.28,3.68,2.28–3.68,0.33,0.22,0.44,0.22–0.44,16
Denver,CO,Multifamily,"150 units, 900 sq. ft. each",150,900,"Urban core (25,000/sq. mi.)",2.95,2.77,3.13,2.77–3.13,0.72,0.61,0.82,0.61–0.82,17
Washington,DC,Multifamily,"150 units, 900 sq. ft. each",150,900,"Urban core (25,000/sq. mi.)",2.87,2.62,3.11,2.62–3.11,0.82,0.69,0.94,0.69–0.94,18
Houston,TX,Multifamily,"150 units, 900 sq. ft. each",150,900,"Urban core (25,000/sq. mi.)",2.82,2.67,2.97,2.67–2.97,0.74,0.66,0.83,0.66–0.83,19
Jacksonville,FL,Multifamily,"150 units, 900 sq. ft. each",150,900,"Urban core (25,000/sq. mi.)",2.69,2.43,2.96,2.43–2.96,0.54,0.43,0.65,0.43–0.65,20
Portland,OR,Multifamily,"150 units, 900 sq. ft. each",150,900,"Urban core (25,000/sq. mi.)",2.69,2.48,2.89,2.48–2.89,0.94,0.84,1.04,0.84–1.04,21
Colorado Springs,CO,Multifamily,"150 units, 900 sq. ft. each",150,900,"Urban core (25,000/sq. mi.)",2.47,2.14,2.8,2.14–2.8,0.42,0.33,0.52,0.33–0.52,22
Orlando,FL,Multifamily,"150 units, 900 sq. ft. each",150,900,"Urban core (25,000/sq. mi.)",2.44,2.15,2.72,2.15–2.72,0.53,0.4,0.65,0.4–0.65,23
Cleveland,OH,Multifamily,"150 units, 900 sq. ft. each",150,900,"Urban core (25,000/sq. mi.)",2.4,1.74,3.07,1.74–3.07,0.72,0.39,1.05,0.39–1.05,24
Fort Worth,TX,Multifamily,"150 units, 900 sq. ft. each",150,900,"Urban core (25,000/sq. mi.)",2.27,2.1,2.44,2.1–2.44,0.39,0.3,0.47,0.3–0.47,25
Kansas City,MO,Multifamily,"150 units, 900 sq. ft. each",150,900,"Urban core (25,000/sq. mi.)",2.21,1.74,2.67,1.74–2.67,0.14,0.05,0.23,0.05–0.23,26
Phoenix,AZ,Multifamily,"150 units, 900 sq. ft. each",150,900,"Urban core (25,000/sq. mi.)",2.14,1.91,2.36,1.91–2.36,0.35,0.27,0.43,0.27–0.43,27
Indianapolis,IN,Multifamily,"150 units, 900 sq. ft. each",150,900,"Urban core (25,000/sq. mi.)",2.06,1.64,2.48,1.64–2.48,0.38,0.24,0.53,0.24–0.53,28
Sioux Falls,SD,Multifamily,"150 units, 900 sq. ft. each",150,900,"Urban core (25,000/sq. mi.)",2.05,1.68,2.42,1.68–2.42,0.19,0.12,0.27,0.12–0.27,29
Raleigh,NC,Multifamily,"150 units, 900 sq. ft. each",150,900,"Urban core (25,000/sq. mi.)",2.05,1.78,2.31,1.78–2.31,0.35,0.24,0.46,0.24–0.46,30
Columbus,OH,Multifamily,"150 units, 900 sq. ft. each",150,900,"Urban core (25,000/sq. mi.)",2.01,1.81,2.22,1.81–2.22,0.33,0.28,0.38,0.28–0.38,31
Atlanta,GA,Multifamily,"150 units, 900 sq. ft. each",150,900,"Urban core (25,000/sq. mi.)",2,1.74,2.25,1.74–2.25,0.2,0.14,0.26,0.14–0.26,32
Reno,NV,Multifamily,"150 units, 900 sq. ft. each",150,900,"Urban core (25,000/sq. mi.)",1.99,1.66,2.31,1.66–2.31,0.26,0.13,0.39,0.13–0.39,33
Grand Rapids,MI,Multifamily,"150 units, 900 sq. ft. each",150,900,"Urban core (25,000/sq. mi.)",1.91,1.52,2.31,1.52–2.31,0.33,0.11,0.56,0.11–0.56,34
St. Paul,MN,Multifamily,"150 units, 900 sq. ft. each",150,900,"Urban core (25,000/sq. mi.)",1.83,1.05,2.6,1.05–2.6,0.18,0.06,0.31,0.06–0.31,35
Boise,ID,Multifamily,"150 units, 900 sq. ft. each",150,900,"Urban core (25,000/sq. mi.)",1.73,1.38,2.07,1.38–2.07,0.39,0.25,0.52,0.25–0.52,36
New York,NY,Multifamily,"150 units, 1,200 sq. ft. each",150,1200,"Low-density suburb (1,000/sq. mi.)",6.08,5.7,6.45,5.7–6.45,1.59,1.38,1.8,1.38–1.8,1
Honolulu,HI,Multifamily,"150 units, 1,200 sq. ft. each",150,1200,"Low-density suburb (1,000/sq. mi.)",5.65,4.8,6.51,4.8–6.51,2.17,1.82,2.52,1.82–2.52,2
San Francisco,CA,Multifamily,"150 units, 1,200 sq. ft. each",150,1200,"Low-density suburb (1,000/sq. mi.)",5.55,4.91,6.19,4.91–6.19,1.04,0.78,1.31,0.78–1.31,3
Oakland,CA,Multifamily,"150 units, 1,200 sq. ft. each",150,1200,"Low-density suburb (1,000/sq. mi.)",5.12,4.22,6.01,4.22–6.01,1.37,0.84,1.91,0.84–1.91,4
Los Angeles,CA,Multifamily,"150 units, 1,200 sq. ft. each",150,1200,"Low-density suburb (1,000/sq. mi.)",4.58,4.26,4.9,4.26–4.9,1.72,1.54,1.9,1.54–1.9,5
Charleston,SC,Multifamily,"150 units, 1,200 sq. ft. each",150,1200,"Low-density suburb (1,000/sq. mi.)",4.2,3.48,4.92,3.48–4.92,1.14,0.76,1.53,0.76–1.53,6
Tulsa,OK,Multifamily,"150 units, 1,200 sq. ft. each",150,1200,"Low-density suburb (1,000/sq. mi.)",4.14,2.96,5.32,2.96–5.32,0.65,0.47,0.83,0.47–0.83,7
Boston,MA,Multifamily,"150 units, 1,200 sq. ft. each",150,1200,"Low-density suburb (1,000/sq. mi.)",4.08,3.38,4.78,3.38–4.78,1.54,1.11,1.96,1.11–1.96,8
Seattle,WA,Multifamily,"150 units, 1,200 sq. ft. each",150,1200,"Low-density suburb (1,000/sq. mi.)",4.07,3.5,4.64,3.5–4.64,1.16,0.93,1.38,0.93–1.38,9
Orlando,FL,Multifamily,"150 units, 1,200 sq. ft. each",150,1200,"Low-density suburb (1,000/sq. mi.)",3.93,3.55,4.31,3.55–4.31,1.31,1.1,1.53,1.1–1.53,10
Philadelphia,PA,Multifamily,"150 units, 1,200 sq. ft. each",150,1200,"Low-density suburb (1,000/sq. mi.)",3.69,3.07,4.31,3.07–4.31,0.38,0.26,0.5,0.26–0.5,11
Miami,FL,Multifamily,"150 units, 1,200 sq. ft. each",150,1200,"Low-density suburb (1,000/sq. mi.)",3.67,2.69,4.66,2.69–4.66,1.7,0.86,2.54,0.86–2.54,12
Sacramento,CA,Multifamily,"150 units, 1,200 sq. ft. each",150,1200,"Low-density suburb (1,000/sq. mi.)",3.36,2.66,4.07,2.66–4.07,0.99,0.64,1.34,0.64–1.34,13
Nashville,TN,Multifamily,"150 units, 1,200 sq. ft. each",150,1200,"Low-density suburb (1,000/sq. mi.)",3.32,2.89,3.75,2.89–3.75,1.22,0.88,1.57,0.88–1.57,14
Portland,OR,Multifamily,"150 units, 1,200 sq. ft. each",150,1200,"Low-density suburb (1,000/sq. mi.)",3.15,2.92,3.38,2.92–3.38,1.02,0.9,1.14,0.9–1.14,15
Austin,TX,Multifamily,"150 units, 1,200 sq. ft. each",150,1200,"Low-density suburb (1,000/sq. mi.)",3.12,2.98,3.26,2.98–3.26,1,0.91,1.09,0.91–1.09,16
San Diego,CA,Multifamily,"150 units, 1,200 sq. ft. each",150,1200,"Low-density suburb (1,000/sq. mi.)",2.96,2.65,3.27,2.65–3.27,0.77,0.63,0.9,0.63–0.9,17
Durham,NC,Multifamily,"150 units, 1,200 sq. ft. each",150,1200,"Low-density suburb (1,000/sq. mi.)",2.95,2.62,3.28,2.62–3.28,0.69,0.47,0.92,0.47–0.92,18
Denver,CO,Multifamily,"150 units, 1,200 sq. ft. each",150,1200,"Low-density suburb (1,000/sq. mi.)",2.95,2.75,3.14,2.75–3.14,0.64,0.53,0.76,0.53–0.76,19
Tampa,FL,Multifamily,"150 units, 1,200 sq. ft. each",150,1200,"Low-density suburb (1,000/sq. mi.)",2.81,1.77,3.85,1.77–3.85,0.46,0.21,0.7,0.21–0.7,20
Colorado Springs,CO,Multifamily,"150 units, 1,200 sq. ft. each",150,1200,"Low-density suburb (1,000/sq. mi.)",2.8,2.53,3.07,2.53–3.07,0.5,0.41,0.58,0.41–0.58,21
Washington,DC,Multifamily,"150 units, 1,200 sq. ft. each",150,1200,"Low-density suburb (1,000/sq. mi.)",2.73,2.14,3.31,2.14–3.31,0.8,0.54,1.07,0.54–1.07,22
Cleveland,OH,Multifamily,"150 units, 1,200 sq. ft. each",150,1200,"Low-density suburb (1,000/sq. mi.)",2.52,1.9,3.14,1.9–3.14,0.64,0.36,0.93,0.36–0.93,23
Phoenix,AZ,Multifamily,"150 units, 1,200 sq. ft. each",150,1200,"Low-density suburb (1,000/sq. mi.)",2.48,2.3,2.66,2.3–2.66,0.44,0.37,0.52,0.37–0.52,24
Louisville,KY,Multifamily,"150 units, 1,200 sq. ft. each",150,1200,"Low-density suburb (1,000/sq. mi.)",2.48,2.19,2.77,2.19–2.77,0.77,0.63,0.91,0.63–0.91,25
Grand Rapids,MI,Multifamily,"150 units, 1,200 sq. ft. each",150,1200,"Low-density suburb (1,000/sq. mi.)",2.48,2.07,2.89,2.07–2.89,0.34,0.2,0.48,0.2–0.48,26
Houston,TX,Multifamily,"150 units, 1,200 sq. ft. each",150,1200,"Low-density suburb (1,000/sq. mi.)",2.47,2.34,2.61,2.34–2.61,0.46,0.4,0.52,0.4–0.52,27
Columbus,OH,Multifamily,"150 units, 1,200 sq. ft. each",150,1200,"Low-density suburb (1,000/sq. mi.)",2.44,2.24,2.65,2.24–2.65,0.47,0.41,0.54,0.41–0.54,28
Indianapolis,IN,Multifamily,"150 units, 1,200 sq. ft. each",150,1200,"Low-density suburb (1,000/sq. mi.)",2.41,2.13,2.68,2.13–2.68,0.68,0.51,0.84,0.51–0.84,29
Fort Worth,TX,Multifamily,"150 units, 1,200 sq. ft. each",150,1200,"Low-density suburb (1,000/sq. mi.)",2.31,2.2,2.42,2.2–2.42,0.43,0.37,0.49,0.37–0.49,30
Atlanta,GA,Multifamily,"150 units, 1,200 sq. ft. each",150,1200,"Low-density suburb (1,000/sq. mi.)",2.31,1.98,2.64,1.98–2.64,0.21,0.15,0.28,0.15–0.28,31
Reno,NV,Multifamily,"150 units, 1,200 sq. ft. each",150,1200,"Low-density suburb (1,000/sq. mi.)",2.31,2.01,2.61,2.01–2.61,0.5,0.28,0.73,0.28–0.73,32
Kansas City,MO,Multifamily,"150 units, 1,200 sq. ft. each",150,1200,"Low-density suburb (1,000/sq. mi.)",2.3,2.02,2.58,2.02–2.58,0.25,0.16,0.35,0.16–0.35,33
Cincinnati,OH,Multifamily,"150 units, 1,200 sq. ft. each",150,1200,"Low-density suburb (1,000/sq. mi.)",2.16,1.78,2.55,1.78–2.55,0.36,0.21,0.5,0.21–0.5,34
Sioux Falls,SD,Multifamily,"150 units, 1,200 sq. ft. each",150,1200,"Low-density suburb (1,000/sq. mi.)",2.13,1.71,2.55,1.71–2.55,0.27,0.19,0.36,0.19–0.36,35
Boise,ID,Multifamily,"150 units, 1,200 sq. ft. each",150,1200,"Low-density suburb (1,000/sq. mi.)",2.06,1.72,2.41,1.72–2.41,0.35,0.26,0.44,0.26–0.44,36
Raleigh,NC,Multifamily,"150 units, 1,200 sq. ft. each",150,1200,"Low-density suburb (1,000/sq. mi.)",2.05,1.86,2.24,1.86–2.24,0.33,0.25,0.41,0.25–0.41,37
Jacksonville,FL,Multifamily,"150 units, 1,200 sq. ft. each",150,1200,"Low-density suburb (1,000/sq. mi.)",2.03,1.87,2.19,1.87–2.19,0.36,0.3,0.42,0.3–0.42,38
New York,NY,Multifamily,"150 units, 1,200 sq. ft. each",150,1200,"City neighborhood (4,000/sq. mi.)",5.99,5.72,6.27,5.72–6.27,1.49,1.35,1.63,1.35–1.63,1
Honolulu,HI,Multifamily,"150 units, 1,200 sq. ft. each",150,1200,"City neighborhood (4,000/sq. mi.)",5.29,4.5,6.09,4.5–6.09,2.38,1.98,2.78,1.98–2.78,2
San Francisco,CA,Multifamily,"150 units, 1,200 sq. ft. each",150,1200,"City neighborhood (4,000/sq. mi.)",5.26,4.82,5.69,4.82–5.69,1.09,0.9,1.29,0.9–1.29,3
Charleston,SC,Multifamily,"150 units, 1,200 sq. ft. each",150,1200,"City neighborhood (4,000/sq. mi.)",4.95,3.82,6.08,3.82–6.08,2.15,1.41,2.9,1.41–2.9,4
Los Angeles,CA,Multifamily,"150 units, 1,200 sq. ft. each",150,1200,"City neighborhood (4,000/sq. mi.)",4.7,4.46,4.93,4.46–4.93,1.6,1.48,1.73,1.48–1.73,5
Boston,MA,Multifamily,"150 units, 1,200 sq. ft. each",150,1200,"City neighborhood (4,000/sq. mi.)",4.47,3.89,5.06,3.89–5.06,1.75,1.37,2.13,1.37–2.13,6
Oakland,CA,Multifamily,"150 units, 1,200 sq. ft. each",150,1200,"City neighborhood (4,000/sq. mi.)",4.19,3.6,4.79,3.6–4.79,1.03,0.78,1.28,0.78–1.28,7
Miami,FL,Multifamily,"150 units, 1,200 sq. ft. each",150,1200,"City neighborhood (4,000/sq. mi.)",4.14,3.49,4.78,3.49–4.78,1.83,1.24,2.42,1.24–2.42,8
Seattle,WA,Multifamily,"150 units, 1,200 sq. ft. each",150,1200,"City neighborhood (4,000/sq. mi.)",3.97,3.6,4.34,3.6–4.34,1.16,1.01,1.31,1.01–1.31,9
Philadelphia,PA,Multifamily,"150 units, 1,200 sq. ft. each",150,1200,"City neighborhood (4,000/sq. mi.)",3.71,3.3,4.11,3.3–4.11,0.37,0.29,0.44,0.29–0.44,10
Spokane,WA,Multifamily,"150 units, 1,200 sq. ft. each",150,1200,"City neighborhood (4,000/sq. mi.)",3.53,2.09,4.97,2.09–4.97,0.19,0.12,0.26,0.12–0.26,11
Sacramento,CA,Multifamily,"150 units, 1,200 sq. ft. each",150,1200,"City neighborhood (4,000/sq. mi.)",3.29,2.66,3.92,2.66–3.92,0.94,0.63,1.24,0.63–1.24,12
Orlando,FL,Multifamily,"150 units, 1,200 sq. ft. each",150,1200,"City neighborhood (4,000/sq. mi.)",3.27,2.96,3.59,2.96–3.59,0.93,0.77,1.1,0.77–1.1,13
Nashville,TN,Multifamily,"150 units, 1,200 sq. ft. each",150,1200,"City neighborhood (4,000/sq. mi.)",3.27,2.79,3.74,2.79–3.74,1.03,0.64,1.41,0.64–1.41,14
Austin,TX,Multifamily,"150 units, 1,200 sq. ft. each",150,1200,"City neighborhood (4,000/sq. mi.)",3.25,3.13,3.38,3.13–3.38,0.99,0.91,1.08,0.91–1.08,15
San Diego,CA,Multifamily,"150 units, 1,200 sq. ft. each",150,1200,"City neighborhood (4,000/sq. mi.)",3.1,2.84,3.36,2.84–3.36,0.88,0.76,0.99,0.76–0.99,16
Portland,OR,Multifamily,"150 units, 1,200 sq. ft. each",150,1200,"City neighborhood (4,000/sq. mi.)",3.02,2.81,3.24,2.81–3.24,0.99,0.88,1.11,0.88–1.11,17
Durham,NC,Multifamily,"150 units, 1,200 sq. ft. each",150,1200,"City neighborhood (4,000/sq. mi.)",2.98,2.59,3.37,2.59–3.37,0.5,0.37,0.63,0.37–0.63,18
Denver,CO,Multifamily,"150 units, 1,200 sq. ft. each",150,1200,"City neighborhood (4,000/sq. mi.)",2.94,2.77,3.11,2.77–3.11,0.67,0.57,0.77,0.57–0.77,19
Jersey City,NJ,Multifamily,"150 units, 1,200 sq. ft. each",150,1200,"City neighborhood (4,000/sq. mi.)",2.94,2.24,3.63,2.24–3.63,0.33,0.12,0.54,0.12–0.54,20
Louisville,KY,Multifamily,"150 units, 1,200 sq. ft. each",150,1200,"City neighborhood (4,000/sq. mi.)",2.9,2.52,3.27,2.52–3.27,0.84,0.65,1.04,0.65–1.04,21
Colorado Springs,CO,Multifamily,"150 units, 1,200 sq. ft. each",150,1200,"City neighborhood (4,000/sq. mi.)",2.83,2.58,3.08,2.58–3.08,0.51,0.43,0.58,0.43–0.58,22
Washington,DC,Multifamily,"150 units, 1,200 sq. ft. each",150,1200,"City neighborhood (4,000/sq. mi.)",2.77,2.41,3.13,2.41–3.13,0.8,0.64,0.97,0.64–0.97,23
Houston,TX,Multifamily,"150 units, 1,200 sq. ft. each",150,1200,"City neighborhood (4,000/sq. mi.)",2.63,2.52,2.74,2.52–2.74,0.57,0.51,0.63,0.51–0.63,24
Tampa,FL,Multifamily,"150 units, 1,200 sq. ft. each",150,1200,"City neighborhood (4,000/sq. mi.)",2.57,2.07,3.06,2.07–3.06,0.48,0.34,0.63,0.34–0.63,25
Cleveland,OH,Multifamily,"150 units, 1,200 sq. ft. each",150,1200,"City neighborhood (4,000/sq. mi.)",2.54,2.09,2.98,2.09–2.98,0.71,0.5,0.91,0.5–0.91,26
Cincinnati,OH,Multifamily,"150 units, 1,200 sq. ft. each",150,1200,"City neighborhood (4,000/sq. mi.)",2.46,2.01,2.91,2.01–2.91,0.49,0.32,0.67,0.32–0.67,27
Phoenix,AZ,Multifamily,"150 units, 1,200 sq. ft. each",150,1200,"City neighborhood (4,000/sq. mi.)",2.35,2.17,2.54,2.17–2.54,0.4,0.32,0.47,0.32–0.47,28
Fort Worth,TX,Multifamily,"150 units, 1,200 sq. ft. each",150,1200,"City neighborhood (4,000/sq. mi.)",2.32,2.22,2.43,2.22–2.43,0.43,0.37,0.49,0.37–0.49,29
Jacksonville,FL,Multifamily,"150 units, 1,200 sq. ft. each",150,1200,"City neighborhood (4,000/sq. mi.)",2.32,2.14,2.51,2.14–2.51,0.43,0.36,0.49,0.36–0.49,30
Indianapolis,IN,Multifamily,"150 units, 1,200 sq. ft. each",150,1200,"City neighborhood (4,000/sq. mi.)",2.29,2.06,2.52,2.06–2.52,0.54,0.42,0.66,0.42–0.66,31
Kansas City,MO,Multifamily,"150 units, 1,200 sq. ft. each",150,1200,"City neighborhood (4,000/sq. mi.)",2.29,1.96,2.62,1.96–2.62,0.2,0.11,0.29,0.11–0.29,32
Columbus,OH,Multifamily,"150 units, 1,200 sq. ft. each",150,1200,"City neighborhood (4,000/sq. mi.)",2.29,2.11,2.46,2.11–2.46,0.4,0.35,0.45,0.35–0.45,33
Grand Rapids,MI,Multifamily,"150 units, 1,200 sq. ft. each",150,1200,"City neighborhood (4,000/sq. mi.)",2.22,1.97,2.46,1.97–2.46,0.34,0.22,0.46,0.22–0.46,34
Atlanta,GA,Multifamily,"150 units, 1,200 sq. ft. each",150,1200,"City neighborhood (4,000/sq. mi.)",2.21,1.98,2.43,1.98–2.43,0.21,0.17,0.26,0.17–0.26,35
Reno,NV,Multifamily,"150 units, 1,200 sq. ft. each",150,1200,"City neighborhood (4,000/sq. mi.)",2.2,1.88,2.51,1.88–2.51,0.38,0.21,0.56,0.21–0.56,36
Raleigh,NC,Multifamily,"150 units, 1,200 sq. ft. each",150,1200,"City neighborhood (4,000/sq. mi.)",2.08,1.9,2.26,1.9–2.26,0.35,0.27,0.44,0.27–0.44,37
Sioux Falls,SD,Multifamily,"150 units, 1,200 sq. ft. each",150,1200,"City neighborhood (4,000/sq. mi.)",2.06,1.7,2.43,1.7–2.43,0.24,0.16,0.32,0.16–0.32,38
Boise,ID,Multifamily,"150 units, 1,200 sq. ft. each",150,1200,"City neighborhood (4,000/sq. mi.)",1.92,1.57,2.26,1.57–2.26,0.36,0.26,0.46,0.26–0.46,39
St. Paul,MN,Multifamily,"150 units, 1,200 sq. ft. each",150,1200,"City neighborhood (4,000/sq. mi.)",1.78,1.44,2.11,1.44–2.11,0.33,0.21,0.44,0.21–0.44,40
New York,NY,Multifamily,"150 units, 1,200 sq. ft. each",150,1200,"Dense city neighborhood (10,000/sq. mi.)",5.94,5.72,6.16,5.72–6.16,1.43,1.32,1.54,1.32–1.54,1
Charleston,SC,Multifamily,"150 units, 1,200 sq. ft. each",150,1200,"Dense city neighborhood (10,000/sq. mi.)",5.52,3.99,7.05,3.99–7.05,3.27,1.69,4.86,1.69–4.86,2
San Francisco,CA,Multifamily,"150 units, 1,200 sq. ft. each",150,1200,"Dense city neighborhood (10,000/sq. mi.)",5.07,4.72,5.42,4.72–5.42,1.13,0.96,1.29,0.96–1.29,3
Honolulu,HI,Multifamily,"150 units, 1,200 sq. ft. each",150,1200,"Dense city neighborhood (10,000/sq. mi.)",5.07,4.26,5.88,4.26–5.88,2.54,2.08,3,2.08–3,4
Los Angeles,CA,Multifamily,"150 units, 1,200 sq. ft. each",150,1200,"Dense city neighborhood (10,000/sq. mi.)",4.78,4.58,4.98,4.58–4.98,1.53,1.43,1.63,1.43–1.63,5
Boston,MA,Multifamily,"150 units, 1,200 sq. ft. each",150,1200,"Dense city neighborhood (10,000/sq. mi.)",4.75,4.21,5.3,4.21–5.3,1.91,1.54,2.28,1.54–2.28,6
Miami,FL,Multifamily,"150 units, 1,200 sq. ft. each",150,1200,"Dense city neighborhood (10,000/sq. mi.)",4.47,3.89,5.05,3.89–5.05,1.91,1.35,2.48,1.35–2.48,7
Seattle,WA,Multifamily,"150 units, 1,200 sq. ft. each",150,1200,"Dense city neighborhood (10,000/sq. mi.)",3.91,3.63,4.19,3.63–4.19,1.17,1.05,1.29,1.05–1.29,8
Spokane,WA,Multifamily,"150 units, 1,200 sq. ft. each",150,1200,"Dense city neighborhood (10,000/sq. mi.)",3.72,2.47,4.97,2.47–4.97,0.14,0.09,0.19,0.09–0.19,9
Philadelphia,PA,Multifamily,"150 units, 1,200 sq. ft. each",150,1200,"Dense city neighborhood (10,000/sq. mi.)",3.71,3.4,4.03,3.4–4.03,0.36,0.31,0.41,0.31–0.41,10
Oakland,CA,Multifamily,"150 units, 1,200 sq. ft. each",150,1200,"Dense city neighborhood (10,000/sq. mi.)",3.67,3.09,4.26,3.09–4.26,0.86,0.66,1.05,0.66–1.05,11
Austin,TX,Multifamily,"150 units, 1,200 sq. ft. each",150,1200,"Dense city neighborhood (10,000/sq. mi.)",3.34,3.2,3.48,3.2–3.48,0.99,0.9,1.08,0.9–1.08,12
Sacramento,CA,Multifamily,"150 units, 1,200 sq. ft. each",150,1200,"Dense city neighborhood (10,000/sq. mi.)",3.24,2.65,3.83,2.65–3.83,0.91,0.63,1.18,0.63–1.18,13
Nashville,TN,Multifamily,"150 units, 1,200 sq. ft. each",150,1200,"Dense city neighborhood (10,000/sq. mi.)",3.23,2.67,3.8,2.67–3.8,0.91,0.49,1.33,0.49–1.33,14
Louisville,KY,Multifamily,"150 units, 1,200 sq. ft. each",150,1200,"Dense city neighborhood (10,000/sq. mi.)",3.21,2.68,3.74,2.68–3.74,0.9,0.64,1.16,0.64–1.16,15
San Diego,CA,Multifamily,"150 units, 1,200 sq. ft. each",150,1200,"Dense city neighborhood (10,000/sq. mi.)",3.19,2.92,3.46,2.92–3.46,0.96,0.84,1.08,0.84–1.08,16
Jersey City,NJ,Multifamily,"150 units, 1,200 sq. ft. each",150,1200,"Dense city neighborhood (10,000/sq. mi.)",3.05,2.52,3.58,2.52–3.58,0.36,0.21,0.51,0.21–0.51,17
Durham,NC,Multifamily,"150 units, 1,200 sq. ft. each",150,1200,"Dense city neighborhood (10,000/sq. mi.)",2.99,2.46,3.53,2.46–3.53,0.41,0.29,0.52,0.29–0.52,18
Portland,OR,Multifamily,"150 units, 1,200 sq. ft. each",150,1200,"Dense city neighborhood (10,000/sq. mi.)",2.94,2.71,3.17,2.71–3.17,0.98,0.87,1.09,0.87–1.09,19
Denver,CO,Multifamily,"150 units, 1,200 sq. ft. each",150,1200,"Dense city neighborhood (10,000/sq. mi.)",2.93,2.77,3.1,2.77–3.1,0.69,0.59,0.79,0.59–0.79,20
Orlando,FL,Multifamily,"150 units, 1,200 sq. ft. each",150,1200,"Dense city neighborhood (10,000/sq. mi.)",2.9,2.6,3.2,2.6–3.2,0.74,0.6,0.89,0.6–0.89,21
Colorado Springs,CO,Multifamily,"150 units, 1,200 sq. ft. each",150,1200,"Dense city neighborhood (10,000/sq. mi.)",2.85,2.58,3.12,2.58–3.12,0.51,0.43,0.6,0.43–0.6,22
Washington,DC,Multifamily,"150 units, 1,200 sq. ft. each",150,1200,"Dense city neighborhood (10,000/sq. mi.)",2.8,2.54,3.05,2.54–3.05,0.81,0.68,0.93,0.68–0.93,23
Houston,TX,Multifamily,"150 units, 1,200 sq. ft. each",150,1200,"Dense city neighborhood (10,000/sq. mi.)",2.74,2.62,2.86,2.62–2.86,0.65,0.59,0.72,0.59–0.72,24
Cincinnati,OH,Multifamily,"150 units, 1,200 sq. ft. each",150,1200,"Dense city neighborhood (10,000/sq. mi.)",2.68,2.07,3.29,2.07–3.29,0.61,0.37,0.86,0.37–0.86,25
Cleveland,OH,Multifamily,"150 units, 1,200 sq. ft. each",150,1200,"Dense city neighborhood (10,000/sq. mi.)",2.55,2.02,3.07,2.02–3.07,0.75,0.5,1,0.5–1,26
Jacksonville,FL,Multifamily,"150 units, 1,200 sq. ft. each",150,1200,"Dense city neighborhood (10,000/sq. mi.)",2.54,2.32,2.76,2.32–2.76,0.48,0.4,0.56,0.4–0.56,27
Tampa,FL,Multifamily,"150 units, 1,200 sq. ft. each",150,1200,"Dense city neighborhood (10,000/sq. mi.)",2.41,1.76,3.07,1.76–3.07,0.5,0.3,0.69,0.3–0.69,28
Fort Worth,TX,Multifamily,"150 units, 1,200 sq. ft. each",150,1200,"Dense city neighborhood (10,000/sq. mi.)",2.33,2.2,2.46,2.2–2.46,0.43,0.35,0.51,0.35–0.51,29
Kansas City,MO,Multifamily,"150 units, 1,200 sq. ft. each",150,1200,"Dense city neighborhood (10,000/sq. mi.)",2.28,1.88,2.68,1.88–2.68,0.17,0.08,0.26,0.08–0.26,30
Phoenix,AZ,Multifamily,"150 units, 1,200 sq. ft. each",150,1200,"Dense city neighborhood (10,000/sq. mi.)",2.27,2.07,2.48,2.07–2.48,0.37,0.29,0.44,0.29–0.44,31
Indianapolis,IN,Multifamily,"150 units, 1,200 sq. ft. each",150,1200,"Dense city neighborhood (10,000/sq. mi.)",2.22,1.89,2.54,1.89–2.54,0.46,0.33,0.59,0.33–0.59,32
Columbus,OH,Multifamily,"150 units, 1,200 sq. ft. each",150,1200,"Dense city neighborhood (10,000/sq. mi.)",2.19,2,2.38,2–2.38,0.36,0.31,0.41,0.31–0.41,33
Atlanta,GA,Multifamily,"150 units, 1,200 sq. ft. each",150,1200,"Dense city neighborhood (10,000/sq. mi.)",2.14,1.92,2.36,1.92–2.36,0.21,0.17,0.26,0.17–0.26,34
Reno,NV,Multifamily,"150 units, 1,200 sq. ft. each",150,1200,"Dense city neighborhood (10,000/sq. mi.)",2.12,1.8,2.45,1.8–2.45,0.32,0.17,0.47,0.17–0.47,35
Raleigh,NC,Multifamily,"150 units, 1,200 sq. ft. each",150,1200,"Dense city neighborhood (10,000/sq. mi.)",2.1,1.89,2.32,1.89–2.32,0.37,0.27,0.47,0.27–0.47,36
Grand Rapids,MI,Multifamily,"150 units, 1,200 sq. ft. each",150,1200,"Dense city neighborhood (10,000/sq. mi.)",2.06,1.76,2.36,1.76–2.36,0.34,0.17,0.51,0.17–0.51,37
Sioux Falls,SD,Multifamily,"150 units, 1,200 sq. ft. each",150,1200,"Dense city neighborhood (10,000/sq. mi.)",2.02,1.67,2.38,1.67–2.38,0.22,0.14,0.3,0.14–0.3,38
St. Paul,MN,Multifamily,"150 units, 1,200 sq. ft. each",150,1200,"Dense city neighborhood (10,000/sq. mi.)",1.83,1.39,2.27,1.39–2.27,0.25,0.14,0.36,0.14–0.36,39
Boise,ID,Multifamily,"150 units, 1,200 sq. ft. each",150,1200,"Dense city neighborhood (10,000/sq. mi.)",1.83,1.48,2.18,1.48–2.18,0.37,0.26,0.48,0.26–0.48,40
New York,NY,Multifamily,"150 units, 1,200 sq. ft. each",150,1200,"Urban core (25,000/sq. mi.)",5.89,5.7,6.08,5.7–6.08,1.37,1.28,1.45,1.28–1.45,1
Boston,MA,Multifamily,"150 units, 1,200 sq. ft. each",150,1200,"Urban core (25,000/sq. mi.)",5.05,4.5,5.61,4.5–5.61,2.09,1.69,2.48,1.69–2.48,2
San Francisco,CA,Multifamily,"150 units, 1,200 sq. ft. each",150,1200,"Urban core (25,000/sq. mi.)",4.89,4.57,5.21,4.57–5.21,1.16,1.01,1.32,1.01–1.32,3
Los Angeles,CA,Multifamily,"150 units, 1,200 sq. ft. each",150,1200,"Urban core (25,000/sq. mi.)",4.86,4.65,5.06,4.65–5.06,1.46,1.36,1.56,1.36–1.56,4
Honolulu,HI,Multifamily,"150 units, 1,200 sq. ft. each",150,1200,"Urban core (25,000/sq. mi.)",4.85,3.99,5.71,3.99–5.71,2.7,2.16,3.24,2.16–3.24,5
Miami,FL,Multifamily,"150 units, 1,200 sq. ft. each",150,1200,"Urban core (25,000/sq. mi.)",4.84,4.01,5.66,4.01–5.66,2.01,1.28,2.73,1.28–2.73,6
Spokane,WA,Multifamily,"150 units, 1,200 sq. ft. each",150,1200,"Urban core (25,000/sq. mi.)",3.92,2.58,5.25,2.58–5.25,0.11,0.06,0.15,0.06–0.15,7
Seattle,WA,Multifamily,"150 units, 1,200 sq. ft. each",150,1200,"Urban core (25,000/sq. mi.)",3.85,3.6,4.1,3.6–4.1,1.18,1.07,1.29,1.07–1.29,8
Philadelphia,PA,Multifamily,"150 units, 1,200 sq. ft. each",150,1200,"Urban core (25,000/sq. mi.)",3.72,3.4,4.04,3.4–4.04,0.35,0.3,0.4,0.3–0.4,9
Louisville,KY,Multifamily,"150 units, 1,200 sq. ft. each",150,1200,"Urban core (25,000/sq. mi.)",3.56,2.81,4.31,2.81–4.31,0.96,0.61,1.3,0.61–1.3,10
Austin,TX,Multifamily,"150 units, 1,200 sq. ft. each",150,1200,"Urban core (25,000/sq. mi.)",3.43,3.26,3.61,3.26–3.61,0.99,0.88,1.1,0.88–1.1,11
San Diego,CA,Multifamily,"150 units, 1,200 sq. ft. each",150,1200,"Urban core (25,000/sq. mi.)",3.29,2.98,3.6,2.98–3.6,1.05,0.91,1.19,0.91–1.19,12
Oakland,CA,Multifamily,"150 units, 1,200 sq. ft. each",150,1200,"Urban core (25,000/sq. mi.)",3.22,2.57,3.87,2.57–3.87,0.71,0.5,0.92,0.5–0.92,13
Sacramento,CA,Multifamily,"150 units, 1,200 sq. ft. each",150,1200,"Urban core (25,000/sq. mi.)",3.2,2.63,3.76,2.63–3.76,0.87,0.61,1.14,0.61–1.14,14
Jersey City,NJ,Multifamily,"150 units, 1,200 sq. ft. each",150,1200,"Urban core (25,000/sq. mi.)",3.17,2.67,3.67,2.67–3.67,0.39,0.24,0.54,0.24–0.54,15
Durham,NC,Multifamily,"150 units, 1,200 sq. ft. each",150,1200,"Urban core (25,000/sq. mi.)",3.01,2.3,3.72,2.3–3.72,0.33,0.22,0.44,0.22–0.44,16
Denver,CO,Multifamily,"150 units, 1,200 sq. ft. each",150,1200,"Urban core (25,000/sq. mi.)",2.93,2.76,3.1,2.76–3.1,0.71,0.61,0.82,0.61–0.82,17
Cincinnati,OH,Multifamily,"150 units, 1,200 sq. ft. each",150,1200,"Urban core (25,000/sq. mi.)",2.92,2.09,3.75,2.09–3.75,0.76,0.38,1.13,0.38–1.13,18
Colorado Springs,CO,Multifamily,"150 units, 1,200 sq. ft. each",150,1200,"Urban core (25,000/sq. mi.)",2.87,2.55,3.19,2.55–3.19,0.52,0.42,0.62,0.42–0.62,19
Portland,OR,Multifamily,"150 units, 1,200 sq. ft. each",150,1200,"Urban core (25,000/sq. mi.)",2.86,2.61,3.11,2.61–3.11,0.96,0.85,1.08,0.85–1.08,20
Houston,TX,Multifamily,"150 units, 1,200 sq. ft. each",150,1200,"Urban core (25,000/sq. mi.)",2.85,2.7,3,2.7–3,0.75,0.66,0.84,0.66–0.84,21
Washington,DC,Multifamily,"150 units, 1,200 sq. ft. each",150,1200,"Urban core (25,000/sq. mi.)",2.82,2.57,3.08,2.57–3.08,0.81,0.68,0.94,0.68–0.94,22
Jacksonville,FL,Multifamily,"150 units, 1,200 sq. ft. each",150,1200,"Urban core (25,000/sq. mi.)",2.78,2.5,3.06,2.5–3.06,0.53,0.43,0.64,0.43–0.64,23
Orlando,FL,Multifamily,"150 units, 1,200 sq. ft. each",150,1200,"Urban core (25,000/sq. mi.)",2.57,2.28,2.87,2.28–2.87,0.59,0.46,0.73,0.46–0.73,24
Cleveland,OH,Multifamily,"150 units, 1,200 sq. ft. each",150,1200,"Urban core (25,000/sq. mi.)",2.56,1.84,3.28,1.84–3.28,0.8,0.43,1.17,0.43–1.17,25
Fort Worth,TX,Multifamily,"150 units, 1,200 sq. ft. each",150,1200,"Urban core (25,000/sq. mi.)",2.34,2.17,2.51,2.17–2.51,0.43,0.34,0.53,0.34–0.53,26
Kansas City,MO,Multifamily,"150 units, 1,200 sq. ft. each",150,1200,"Urban core (25,000/sq. mi.)",2.27,1.79,2.75,1.79–2.75,0.15,0.05,0.24,0.05–0.24,27
Phoenix,AZ,Multifamily,"150 units, 1,200 sq. ft. each",150,1200,"Urban core (25,000/sq. mi.)",2.2,1.96,2.44,1.96–2.44,0.34,0.26,0.42,0.26–0.42,28
Indianapolis,IN,Multifamily,"150 units, 1,200 sq. ft. each",150,1200,"Urban core (25,000/sq. mi.)",2.14,1.7,2.59,1.7–2.59,0.39,0.24,0.55,0.24–0.55,29
Raleigh,NC,Multifamily,"150 units, 1,200 sq. ft. each",150,1200,"Urban core (25,000/sq. mi.)",2.13,1.86,2.39,1.86–2.39,0.38,0.26,0.5,0.26–0.5,30
Columbus,OH,Multifamily,"150 units, 1,200 sq. ft. each",150,1200,"Urban core (25,000/sq. mi.)",2.09,1.88,2.31,1.88–2.31,0.32,0.27,0.37,0.27–0.37,31
Atlanta,GA,Multifamily,"150 units, 1,200 sq. ft. each",150,1200,"Urban core (25,000/sq. mi.)",2.07,1.81,2.34,1.81–2.34,0.21,0.15,0.28,0.15–0.28,32
Reno,NV,Multifamily,"150 units, 1,200 sq. ft. each",150,1200,"Urban core (25,000/sq. mi.)",2.05,1.71,2.4,1.71–2.4,0.27,0.13,0.4,0.13–0.4,33
Sioux Falls,SD,Multifamily,"150 units, 1,200 sq. ft. each",150,1200,"Urban core (25,000/sq. mi.)",1.98,1.62,2.35,1.62–2.35,0.2,0.12,0.28,0.12–0.28,34
Grand Rapids,MI,Multifamily,"150 units, 1,200 sq. ft. each",150,1200,"Urban core (25,000/sq. mi.)",1.91,1.51,2.32,1.51–2.32,0.34,0.11,0.57,0.11–0.57,35
St. Paul,MN,Multifamily,"150 units, 1,200 sq. ft. each",150,1200,"Urban core (25,000/sq. mi.)",1.89,1.14,2.65,1.14–2.65,0.19,0.05,0.32,0.05–0.32,36
Boise,ID,Multifamily,"150 units, 1,200 sq. ft. each",150,1200,"Urban core (25,000/sq. mi.)",1.74,1.38,2.1,1.38–2.1,0.38,0.25,0.51,0.25–0.51,37
New York,NY,Multifamily,"150 units, 1,500 sq. ft. each",150,1500,"Low-density suburb (1,000/sq. mi.)",6.22,5.82,6.62,5.82–6.62,1.61,1.39,1.82,1.39–1.82,1
Honolulu,HI,Multifamily,"150 units, 1,500 sq. ft. each",150,1500,"Low-density suburb (1,000/sq. mi.)",5.78,4.88,6.67,4.88–6.67,2.25,1.87,2.62,1.87–2.62,2
San Francisco,CA,Multifamily,"150 units, 1,500 sq. ft. each",150,1500,"Low-density suburb (1,000/sq. mi.)",5.6,4.94,6.25,4.94–6.25,1.06,0.79,1.33,0.79–1.33,3
Oakland,CA,Multifamily,"150 units, 1,500 sq. ft. each",150,1500,"Low-density suburb (1,000/sq. mi.)",4.95,4.02,5.89,4.02–5.89,1.26,0.79,1.72,0.79–1.72,4
Charleston,SC,Multifamily,"150 units, 1,500 sq. ft. each",150,1500,"Low-density suburb (1,000/sq. mi.)",4.73,3.72,5.74,3.72–5.74,1.93,1.28,2.58,1.28–2.58,5
Los Angeles,CA,Multifamily,"150 units, 1,500 sq. ft. each",150,1500,"Low-density suburb (1,000/sq. mi.)",4.69,4.35,5.03,4.35–5.03,1.71,1.52,1.89,1.52–1.89,6
Tulsa,OK,Multifamily,"150 units, 1,500 sq. ft. each",150,1500,"Low-density suburb (1,000/sq. mi.)",4.18,2.97,5.38,2.97–5.38,0.67,0.48,0.86,0.48–0.86,7
Orlando,FL,Multifamily,"150 units, 1,500 sq. ft. each",150,1500,"Low-density suburb (1,000/sq. mi.)",4.1,3.7,4.5,3.7–4.5,1.44,1.2,1.68,1.2–1.68,8
Seattle,WA,Multifamily,"150 units, 1,500 sq. ft. each",150,1500,"Low-density suburb (1,000/sq. mi.)",4.1,3.51,4.69,3.51–4.69,1.16,0.93,1.39,0.93–1.39,9
Boston,MA,Multifamily,"150 units, 1,500 sq. ft. each",150,1500,"Low-density suburb (1,000/sq. mi.)",4.05,3.35,4.76,3.35–4.76,1.51,1.08,1.93,1.08–1.93,10
Philadelphia,PA,Multifamily,"150 units, 1,500 sq. ft. each",150,1500,"Low-density suburb (1,000/sq. mi.)",3.69,3.08,4.3,3.08–4.3,0.38,0.26,0.5,0.26–0.5,11
Miami,FL,Multifamily,"150 units, 1,500 sq. ft. each",150,1500,"Low-density suburb (1,000/sq. mi.)",3.67,2.71,4.64,2.71–4.64,1.74,0.88,2.59,0.88–2.59,12
Nashville,TN,Multifamily,"150 units, 1,500 sq. ft. each",150,1500,"Low-density suburb (1,000/sq. mi.)",3.55,3.07,4.02,3.07–4.02,1.31,0.93,1.69,0.93–1.69,13
Portland,OR,Multifamily,"150 units, 1,500 sq. ft. each",150,1500,"Low-density suburb (1,000/sq. mi.)",3.31,3.02,3.59,3.02–3.59,1.04,0.9,1.18,0.9–1.18,14
Sacramento,CA,Multifamily,"150 units, 1,500 sq. ft. each",150,1500,"Low-density suburb (1,000/sq. mi.)",3.29,2.58,4.01,2.58–4.01,0.98,0.62,1.34,0.62–1.34,15
Austin,TX,Multifamily,"150 units, 1,500 sq. ft. each",150,1500,"Low-density suburb (1,000/sq. mi.)",3.19,3.04,3.35,3.04–3.35,1.01,0.91,1.1,0.91–1.1,16
Colorado Springs,CO,Multifamily,"150 units, 1,500 sq. ft. each",150,1500,"Low-density suburb (1,000/sq. mi.)",3.14,2.81,3.47,2.81–3.47,0.58,0.48,0.69,0.48–0.69,17
Durham,NC,Multifamily,"150 units, 1,500 sq. ft. each",150,1500,"Low-density suburb (1,000/sq. mi.)",2.97,2.63,3.31,2.63–3.31,0.69,0.47,0.91,0.47–0.91,18
San Diego,CA,Multifamily,"150 units, 1,500 sq. ft. each",150,1500,"Low-density suburb (1,000/sq. mi.)",2.96,2.64,3.28,2.64–3.28,0.77,0.63,0.92,0.63–0.92,19
Denver,CO,Multifamily,"150 units, 1,500 sq. ft. each",150,1500,"Low-density suburb (1,000/sq. mi.)",2.93,2.74,3.12,2.74–3.12,0.64,0.53,0.75,0.53–0.75,20
Tampa,FL,Multifamily,"150 units, 1,500 sq. ft. each",150,1500,"Low-density suburb (1,000/sq. mi.)",2.81,1.79,3.84,1.79–3.84,0.45,0.21,0.69,0.21–0.69,21
Washington,DC,Multifamily,"150 units, 1,500 sq. ft. each",150,1500,"Low-density suburb (1,000/sq. mi.)",2.7,2.11,3.28,2.11–3.28,0.8,0.53,1.07,0.53–1.07,22
Cleveland,OH,Multifamily,"150 units, 1,500 sq. ft. each",150,1500,"Low-density suburb (1,000/sq. mi.)",2.65,1.98,3.31,1.98–3.31,0.7,0.39,1.01,0.39–1.01,23
Louisville,KY,Multifamily,"150 units, 1,500 sq. ft. each",150,1500,"Low-density suburb (1,000/sq. mi.)",2.55,2.25,2.86,2.25–2.86,0.8,0.65,0.95,0.65–0.95,24
Phoenix,AZ,Multifamily,"150 units, 1,500 sq. ft. each",150,1500,"Low-density suburb (1,000/sq. mi.)",2.53,2.34,2.73,2.34–2.73,0.43,0.36,0.51,0.36–0.51,25
Columbus,OH,Multifamily,"150 units, 1,500 sq. ft. each",150,1500,"Low-density suburb (1,000/sq. mi.)",2.52,2.29,2.75,2.29–2.75,0.47,0.4,0.54,0.4–0.54,26
Houston,TX,Multifamily,"150 units, 1,500 sq. ft. each",150,1500,"Low-density suburb (1,000/sq. mi.)",2.49,2.35,2.63,2.35–2.63,0.46,0.4,0.53,0.4–0.53,27
Indianapolis,IN,Multifamily,"150 units, 1,500 sq. ft. each",150,1500,"Low-density suburb (1,000/sq. mi.)",2.48,2.19,2.77,2.19–2.77,0.7,0.52,0.87,0.52–0.87,28
Grand Rapids,MI,Multifamily,"150 units, 1,500 sq. ft. each",150,1500,"Low-density suburb (1,000/sq. mi.)",2.48,2.06,2.9,2.06–2.9,0.35,0.21,0.48,0.21–0.48,29
Atlanta,GA,Multifamily,"150 units, 1,500 sq. ft. each",150,1500,"Low-density suburb (1,000/sq. mi.)",2.38,2.04,2.72,2.04–2.72,0.22,0.15,0.29,0.15–0.29,30
Reno,NV,Multifamily,"150 units, 1,500 sq. ft. each",150,1500,"Low-density suburb (1,000/sq. mi.)",2.37,2.06,2.69,2.06–2.69,0.51,0.28,0.75,0.28–0.75,31
Fort Worth,TX,Multifamily,"150 units, 1,500 sq. ft. each",150,1500,"Low-density suburb (1,000/sq. mi.)",2.36,2.25,2.48,2.25–2.48,0.47,0.4,0.53,0.4–0.53,32
Kansas City,MO,Multifamily,"150 units, 1,500 sq. ft. each",150,1500,"Low-density suburb (1,000/sq. mi.)",2.35,2.04,2.66,2.04–2.66,0.26,0.16,0.36,0.16–0.36,33
Cincinnati,OH,Multifamily,"150 units, 1,500 sq. ft. each",150,1500,"Low-density suburb (1,000/sq. mi.)",2.22,1.78,2.66,1.78–2.66,0.33,0.19,0.48,0.19–0.48,34
Raleigh,NC,Multifamily,"150 units, 1,500 sq. ft. each",150,1500,"Low-density suburb (1,000/sq. mi.)",2.11,1.9,2.32,1.9–2.32,0.36,0.27,0.44,0.27–0.44,35
Jacksonville,FL,Multifamily,"150 units, 1,500 sq. ft. each",150,1500,"Low-density suburb (1,000/sq. mi.)",2.08,1.91,2.25,1.91–2.25,0.36,0.3,0.42,0.3–0.42,36
Boise,ID,Multifamily,"150 units, 1,500 sq. ft. each",150,1500,"Low-density suburb (1,000/sq. mi.)",2.08,1.71,2.45,1.71–2.45,0.34,0.25,0.44,0.25–0.44,37
Sioux Falls,SD,Multifamily,"150 units, 1,500 sq. ft. each",150,1500,"Low-density suburb (1,000/sq. mi.)",2.08,1.65,2.5,1.65–2.5,0.28,0.19,0.38,0.19–0.38,38
New York,NY,Multifamily,"150 units, 1,500 sq. ft. each",150,1500,"City neighborhood (4,000/sq. mi.)",6.14,5.84,6.44,5.84–6.44,1.5,1.36,1.65,1.36–1.65,1
Charleston,SC,Multifamily,"150 units, 1,500 sq. ft. each",150,1500,"City neighborhood (4,000/sq. mi.)",5.58,4.06,7.09,4.06–7.09,3.64,2.35,4.92,2.35–4.92,2
Honolulu,HI,Multifamily,"150 units, 1,500 sq. ft. each",150,1500,"City neighborhood (4,000/sq. mi.)",5.41,4.58,6.24,4.58–6.24,2.47,2.04,2.89,2.04–2.89,3
San Francisco,CA,Multifamily,"150 units, 1,500 sq. ft. each",150,1500,"City neighborhood (4,000/sq. mi.)",5.3,4.84,5.76,4.84–5.76,1.11,0.9,1.32,0.9–1.32,4
Los Angeles,CA,Multifamily,"150 units, 1,500 sq. ft. each",150,1500,"City neighborhood (4,000/sq. mi.)",4.81,4.56,5.06,4.56–5.06,1.59,1.46,1.72,1.46–1.72,5
Boston,MA,Multifamily,"150 units, 1,500 sq. ft. each",150,1500,"City neighborhood (4,000/sq. mi.)",4.44,3.85,5.04,3.85–5.04,1.72,1.34,2.1,1.34–2.1,6
Miami,FL,Multifamily,"150 units, 1,500 sq. ft. each",150,1500,"City neighborhood (4,000/sq. mi.)",4.13,3.51,4.76,3.51–4.76,1.87,1.28,2.45,1.28–2.45,7
Oakland,CA,Multifamily,"150 units, 1,500 sq. ft. each",150,1500,"City neighborhood (4,000/sq. mi.)",4.06,3.39,4.72,3.39–4.72,0.94,0.72,1.17,0.72–1.17,8
Seattle,WA,Multifamily,"150 units, 1,500 sq. ft. each",150,1500,"City neighborhood (4,000/sq. mi.)",4,3.61,4.39,3.61–4.39,1.17,1.02,1.32,1.02–1.32,9
Spokane,WA,Multifamily,"150 units, 1,500 sq. ft. each",150,1500,"City neighborhood (4,000/sq. mi.)",3.74,2.12,5.35,2.12–5.35,0.19,0.12,0.27,0.12–0.27,10
Philadelphia,PA,Multifamily,"150 units, 1,500 sq. ft. each",150,1500,"City neighborhood (4,000/sq. mi.)",3.7,3.3,4.1,3.3–4.1,0.37,0.3,0.44,0.3–0.44,11
Nashville,TN,Multifamily,"150 units, 1,500 sq. ft. each",150,1500,"City neighborhood (4,000/sq. mi.)",3.49,2.97,4.01,2.97–4.01,1.1,0.68,1.52,0.68–1.52,12
Orlando,FL,Multifamily,"150 units, 1,500 sq. ft. each",150,1500,"City neighborhood (4,000/sq. mi.)",3.41,3.09,3.74,3.09–3.74,1.02,0.84,1.21,0.84–1.21,13
Austin,TX,Multifamily,"150 units, 1,500 sq. ft. each",150,1500,"City neighborhood (4,000/sq. mi.)",3.33,3.19,3.47,3.19–3.47,1,0.92,1.09,0.92–1.09,14
Sacramento,CA,Multifamily,"150 units, 1,500 sq. ft. each",150,1500,"City neighborhood (4,000/sq. mi.)",3.22,2.58,3.86,2.58–3.86,0.93,0.62,1.24,0.62–1.24,15
Colorado Springs,CO,Multifamily,"150 units, 1,500 sq. ft. each",150,1500,"City neighborhood (4,000/sq. mi.)",3.18,2.87,3.48,2.87–3.48,0.6,0.5,0.69,0.5–0.69,16
Portland,OR,Multifamily,"150 units, 1,500 sq. ft. each",150,1500,"City neighborhood (4,000/sq. mi.)",3.17,2.9,3.44,2.9–3.44,1.02,0.88,1.15,0.88–1.15,17
San Diego,CA,Multifamily,"150 units, 1,500 sq. ft. each",150,1500,"City neighborhood (4,000/sq. mi.)",3.1,2.83,3.37,2.83–3.37,0.89,0.76,1.01,0.76–1.01,18
Durham,NC,Multifamily,"150 units, 1,500 sq. ft. each",150,1500,"City neighborhood (4,000/sq. mi.)",3,2.59,3.4,2.59–3.4,0.5,0.37,0.63,0.37–0.63,19
Louisville,KY,Multifamily,"150 units, 1,500 sq. ft. each",150,1500,"City neighborhood (4,000/sq. mi.)",2.98,2.6,3.37,2.6–3.37,0.88,0.68,1.09,0.68–1.09,20
Jersey City,NJ,Multifamily,"150 units, 1,500 sq. ft. each",150,1500,"City neighborhood (4,000/sq. mi.)",2.92,2.23,3.61,2.23–3.61,0.33,0.13,0.54,0.13–0.54,21
Denver,CO,Multifamily,"150 units, 1,500 sq. ft. each",150,1500,"City neighborhood (4,000/sq. mi.)",2.92,2.75,3.09,2.75–3.09,0.67,0.57,0.77,0.57–0.77,22
Washington,DC,Multifamily,"150 units, 1,500 sq. ft. each",150,1500,"City neighborhood (4,000/sq. mi.)",2.74,2.37,3.11,2.37–3.11,0.8,0.63,0.97,0.63–0.97,23
Cleveland,OH,Multifamily,"150 units, 1,500 sq. ft. each",150,1500,"City neighborhood (4,000/sq. mi.)",2.66,2.18,3.15,2.18–3.15,0.77,0.54,0.99,0.54–0.99,24
Houston,TX,Multifamily,"150 units, 1,500 sq. ft. each",150,1500,"City neighborhood (4,000/sq. mi.)",2.65,2.53,2.77,2.53–2.77,0.57,0.51,0.63,0.51–0.63,25
Tampa,FL,Multifamily,"150 units, 1,500 sq. ft. each",150,1500,"City neighborhood (4,000/sq. mi.)",2.57,2.08,3.06,2.08–3.06,0.47,0.32,0.62,0.32–0.62,26
Cincinnati,OH,Multifamily,"150 units, 1,500 sq. ft. each",150,1500,"City neighborhood (4,000/sq. mi.)",2.52,2.03,3.01,2.03–3.01,0.46,0.29,0.64,0.29–0.64,27
Phoenix,AZ,Multifamily,"150 units, 1,500 sq. ft. each",150,1500,"City neighborhood (4,000/sq. mi.)",2.41,2.2,2.61,2.2–2.61,0.39,0.31,0.46,0.31–0.46,28
Jacksonville,FL,Multifamily,"150 units, 1,500 sq. ft. each",150,1500,"City neighborhood (4,000/sq. mi.)",2.38,2.18,2.58,2.18–2.58,0.42,0.36,0.49,0.36–0.49,29
Fort Worth,TX,Multifamily,"150 units, 1,500 sq. ft. each",150,1500,"City neighborhood (4,000/sq. mi.)",2.38,2.27,2.48,2.27–2.48,0.47,0.4,0.54,0.4–0.54,30
Indianapolis,IN,Multifamily,"150 units, 1,500 sq. ft. each",150,1500,"City neighborhood (4,000/sq. mi.)",2.36,2.11,2.61,2.11–2.61,0.55,0.43,0.68,0.43–0.68,31
Columbus,OH,Multifamily,"150 units, 1,500 sq. ft. each",150,1500,"City neighborhood (4,000/sq. mi.)",2.35,2.16,2.55,2.16–2.55,0.4,0.35,0.45,0.35–0.45,32
Kansas City,MO,Multifamily,"150 units, 1,500 sq. ft. each",150,1500,"City neighborhood (4,000/sq. mi.)",2.34,1.98,2.69,1.98–2.69,0.21,0.11,0.3,0.11–0.3,33
Atlanta,GA,Multifamily,"150 units, 1,500 sq. ft. each",150,1500,"City neighborhood (4,000/sq. mi.)",2.27,2.04,2.51,2.04–2.51,0.22,0.17,0.27,0.17–0.27,34
Reno,NV,Multifamily,"150 units, 1,500 sq. ft. each",150,1500,"City neighborhood (4,000/sq. mi.)",2.26,1.93,2.58,1.93–2.58,0.39,0.21,0.57,0.21–0.57,35
Grand Rapids,MI,Multifamily,"150 units, 1,500 sq. ft. each",150,1500,"City neighborhood (4,000/sq. mi.)",2.22,1.96,2.48,1.96–2.48,0.35,0.22,0.47,0.22–0.47,36
Raleigh,NC,Multifamily,"150 units, 1,500 sq. ft. each",150,1500,"City neighborhood (4,000/sq. mi.)",2.14,1.95,2.34,1.95–2.34,0.38,0.28,0.47,0.28–0.47,37
Sioux Falls,SD,Multifamily,"150 units, 1,500 sq. ft. each",150,1500,"City neighborhood (4,000/sq. mi.)",2.01,1.65,2.38,1.65–2.38,0.24,0.16,0.33,0.16–0.33,38
Boise,ID,Multifamily,"150 units, 1,500 sq. ft. each",150,1500,"City neighborhood (4,000/sq. mi.)",1.93,1.57,2.29,1.57–2.29,0.36,0.26,0.45,0.26–0.45,39
St. Paul,MN,Multifamily,"150 units, 1,500 sq. ft. each",150,1500,"City neighborhood (4,000/sq. mi.)",1.83,1.47,2.18,1.47–2.18,0.34,0.21,0.46,0.21–0.46,40
Charleston,SC,Multifamily,"150 units, 1,500 sq. ft. each",150,1500,"Dense city neighborhood (10,000/sq. mi.)",6.22,4.23,8.21,4.23–8.21,5.53,2.79,8.27,2.79–8.27,1
New York,NY,Multifamily,"150 units, 1,500 sq. ft. each",150,1500,"Dense city neighborhood (10,000/sq. mi.)",6.08,5.84,6.33,5.84–6.33,1.44,1.33,1.55,1.33–1.55,2
Honolulu,HI,Multifamily,"150 units, 1,500 sq. ft. each",150,1500,"Dense city neighborhood (10,000/sq. mi.)",5.18,4.33,6.02,4.33–6.02,2.63,2.14,3.11,2.14–3.11,3
San Francisco,CA,Multifamily,"150 units, 1,500 sq. ft. each",150,1500,"Dense city neighborhood (10,000/sq. mi.)",5.11,4.73,5.49,4.73–5.49,1.14,0.97,1.32,0.97–1.32,4
Los Angeles,CA,Multifamily,"150 units, 1,500 sq. ft. each",150,1500,"Dense city neighborhood (10,000/sq. mi.)",4.89,4.67,5.12,4.67–5.12,1.51,1.4,1.62,1.4–1.62,5
Boston,MA,Multifamily,"150 units, 1,500 sq. ft. each",150,1500,"Dense city neighborhood (10,000/sq. mi.)",4.72,4.18,5.27,4.18–5.27,1.88,1.51,2.24,1.51–2.24,6
Miami,FL,Multifamily,"150 units, 1,500 sq. ft. each",150,1500,"Dense city neighborhood (10,000/sq. mi.)",4.47,3.89,5.05,3.89–5.05,1.96,1.41,2.5,1.41–2.5,7
Seattle,WA,Multifamily,"150 units, 1,500 sq. ft. each",150,1500,"Dense city neighborhood (10,000/sq. mi.)",3.93,3.64,4.23,3.64–4.23,1.18,1.05,1.3,1.05–1.3,8
Spokane,WA,Multifamily,"150 units, 1,500 sq. ft. each",150,1500,"Dense city neighborhood (10,000/sq. mi.)",3.93,2.52,5.35,2.52–5.35,0.14,0.09,0.2,0.09–0.2,9
Philadelphia,PA,Multifamily,"150 units, 1,500 sq. ft. each",150,1500,"Dense city neighborhood (10,000/sq. mi.)",3.71,3.39,4.03,3.39–4.03,0.36,0.31,0.42,0.31–0.42,10
Oakland,CA,Multifamily,"150 units, 1,500 sq. ft. each",150,1500,"Dense city neighborhood (10,000/sq. mi.)",3.56,2.91,4.21,2.91–4.21,0.78,0.59,0.97,0.59–0.97,11
Nashville,TN,Multifamily,"150 units, 1,500 sq. ft. each",150,1500,"Dense city neighborhood (10,000/sq. mi.)",3.45,2.84,4.06,2.84–4.06,0.98,0.52,1.44,0.52–1.44,12
Austin,TX,Multifamily,"150 units, 1,500 sq. ft. each",150,1500,"Dense city neighborhood (10,000/sq. mi.)",3.42,3.26,3.58,3.26–3.58,1,0.91,1.1,0.91–1.1,13
Louisville,KY,Multifamily,"150 units, 1,500 sq. ft. each",150,1500,"Dense city neighborhood (10,000/sq. mi.)",3.31,2.77,3.85,2.77–3.85,0.94,0.66,1.21,0.66–1.21,14
Colorado Springs,CO,Multifamily,"150 units, 1,500 sq. ft. each",150,1500,"Dense city neighborhood (10,000/sq. mi.)",3.2,2.88,3.52,2.88–3.52,0.6,0.5,0.7,0.5–0.7,15
San Diego,CA,Multifamily,"150 units, 1,500 sq. ft. each",150,1500,"Dense city neighborhood (10,000/sq. mi.)",3.19,2.92,3.46,2.92–3.46,0.97,0.85,1.09,0.85–1.09,16
Sacramento,CA,Multifamily,"150 units, 1,500 sq. ft. each",150,1500,"Dense city neighborhood (10,000/sq. mi.)",3.17,2.57,3.78,2.57–3.78,0.9,0.61,1.19,0.61–1.19,17
Portland,OR,Multifamily,"150 units, 1,500 sq. ft. each",150,1500,"Dense city neighborhood (10,000/sq. mi.)",3.08,2.81,3.36,2.81–3.36,1,0.87,1.13,0.87–1.13,18
Jersey City,NJ,Multifamily,"150 units, 1,500 sq. ft. each",150,1500,"Dense city neighborhood (10,000/sq. mi.)",3.04,2.5,3.57,2.5–3.57,0.36,0.21,0.51,0.21–0.51,19
Orlando,FL,Multifamily,"150 units, 1,500 sq. ft. each",150,1500,"Dense city neighborhood (10,000/sq. mi.)",3.03,2.71,3.34,2.71–3.34,0.82,0.66,0.98,0.66–0.98,20
Durham,NC,Multifamily,"150 units, 1,500 sq. ft. each",150,1500,"Dense city neighborhood (10,000/sq. mi.)",3.02,2.47,3.57,2.47–3.57,0.4,0.29,0.52,0.29–0.52,21
Denver,CO,Multifamily,"150 units, 1,500 sq. ft. each",150,1500,"Dense city neighborhood (10,000/sq. mi.)",2.92,2.75,3.09,2.75–3.09,0.69,0.59,0.78,0.59–0.78,22
Washington,DC,Multifamily,"150 units, 1,500 sq. ft. each",150,1500,"Dense city neighborhood (10,000/sq. mi.)",2.76,2.5,3.03,2.5–3.03,0.8,0.67,0.93,0.67–0.93,23
Houston,TX,Multifamily,"150 units, 1,500 sq. ft. each",150,1500,"Dense city neighborhood (10,000/sq. mi.)",2.76,2.63,2.88,2.63–2.88,0.66,0.59,0.73,0.59–0.73,24
Cincinnati,OH,Multifamily,"150 units, 1,500 sq. ft. each",150,1500,"Dense city neighborhood (10,000/sq. mi.)",2.75,2.12,3.38,2.12–3.38,0.57,0.33,0.82,0.33–0.82,25
Cleveland,OH,Multifamily,"150 units, 1,500 sq. ft. each",150,1500,"Dense city neighborhood (10,000/sq. mi.)",2.67,2.1,3.24,2.1–3.24,0.82,0.54,1.09,0.54–1.09,26
Jacksonville,FL,Multifamily,"150 units, 1,500 sq. ft. each",150,1500,"Dense city neighborhood (10,000/sq. mi.)",2.6,2.36,2.84,2.36–2.84,0.47,0.39,0.56,0.39–0.56,27
Tampa,FL,Multifamily,"150 units, 1,500 sq. ft. each",150,1500,"Dense city neighborhood (10,000/sq. mi.)",2.41,1.75,3.07,1.75–3.07,0.49,0.29,0.69,0.29–0.69,28
Fort Worth,TX,Multifamily,"150 units, 1,500 sq. ft. each",150,1500,"Dense city neighborhood (10,000/sq. mi.)",2.38,2.25,2.52,2.25–2.52,0.47,0.38,0.55,0.38–0.55,29
Kansas City,MO,Multifamily,"150 units, 1,500 sq. ft. each",150,1500,"Dense city neighborhood (10,000/sq. mi.)",2.33,1.91,2.75,1.91–2.75,0.18,0.08,0.28,0.08–0.28,30
Phoenix,AZ,Multifamily,"150 units, 1,500 sq. ft. each",150,1500,"Dense city neighborhood (10,000/sq. mi.)",2.32,2.1,2.55,2.1–2.55,0.36,0.28,0.44,0.28–0.44,31
Indianapolis,IN,Multifamily,"150 units, 1,500 sq. ft. each",150,1500,"Dense city neighborhood (10,000/sq. mi.)",2.28,1.94,2.63,1.94–2.63,0.47,0.34,0.61,0.34–0.61,32
Columbus,OH,Multifamily,"150 units, 1,500 sq. ft. each",150,1500,"Dense city neighborhood (10,000/sq. mi.)",2.25,2.05,2.46,2.05–2.46,0.36,0.31,0.41,0.31–0.41,33
Atlanta,GA,Multifamily,"150 units, 1,500 sq. ft. each",150,1500,"Dense city neighborhood (10,000/sq. mi.)",2.2,1.97,2.43,1.97–2.43,0.22,0.17,0.28,0.17–0.28,34
Reno,NV,Multifamily,"150 units, 1,500 sq. ft. each",150,1500,"Dense city neighborhood (10,000/sq. mi.)",2.18,1.84,2.52,1.84–2.52,0.33,0.17,0.48,0.17–0.48,35
Raleigh,NC,Multifamily,"150 units, 1,500 sq. ft. each",150,1500,"Dense city neighborhood (10,000/sq. mi.)",2.17,1.94,2.4,1.94–2.4,0.39,0.28,0.5,0.28–0.5,36
Grand Rapids,MI,Multifamily,"150 units, 1,500 sq. ft. each",150,1500,"Dense city neighborhood (10,000/sq. mi.)",2.06,1.75,2.38,1.75–2.38,0.35,0.17,0.52,0.17–0.52,37
Sioux Falls,SD,Multifamily,"150 units, 1,500 sq. ft. each",150,1500,"Dense city neighborhood (10,000/sq. mi.)",1.97,1.62,2.33,1.62–2.33,0.22,0.14,0.31,0.14–0.31,38
St. Paul,MN,Multifamily,"150 units, 1,500 sq. ft. each",150,1500,"Dense city neighborhood (10,000/sq. mi.)",1.88,1.43,2.34,1.43–2.34,0.25,0.14,0.37,0.14–0.37,39
Boise,ID,Multifamily,"150 units, 1,500 sq. ft. each",150,1500,"Dense city neighborhood (10,000/sq. mi.)",1.84,1.47,2.21,1.47–2.21,0.36,0.25,0.47,0.25–0.47,40
New York,NY,Multifamily,"150 units, 1,500 sq. ft. each",150,1500,"Urban core (25,000/sq. mi.)",6.03,5.81,6.24,5.81–6.24,1.38,1.29,1.47,1.29–1.47,1
Boston,MA,Multifamily,"150 units, 1,500 sq. ft. each",150,1500,"Urban core (25,000/sq. mi.)",5.02,4.47,5.57,4.47–5.57,2.05,1.66,2.43,1.66–2.43,2
Los Angeles,CA,Multifamily,"150 units, 1,500 sq. ft. each",150,1500,"Urban core (25,000/sq. mi.)",4.97,4.74,5.2,4.74–5.2,1.44,1.34,1.55,1.34–1.55,3
Honolulu,HI,Multifamily,"150 units, 1,500 sq. ft. each",150,1500,"Urban core (25,000/sq. mi.)",4.96,4.07,5.85,4.07–5.85,2.79,2.23,3.36,2.23–3.36,4
San Francisco,CA,Multifamily,"150 units, 1,500 sq. ft. each",150,1500,"Urban core (25,000/sq. mi.)",4.93,4.57,5.29,4.57–5.29,1.18,1.01,1.35,1.01–1.35,5
Miami,FL,Multifamily,"150 units, 1,500 sq. ft. each",150,1500,"Urban core (25,000/sq. mi.)",4.84,3.99,5.68,3.99–5.68,2.05,1.34,2.76,1.34–2.76,6
Spokane,WA,Multifamily,"150 units, 1,500 sq. ft. each",150,1500,"Urban core (25,000/sq. mi.)",4.14,2.66,5.63,2.66–5.63,0.11,0.06,0.15,0.06–0.15,7
Seattle,WA,Multifamily,"150 units, 1,500 sq. ft. each",150,1500,"Urban core (25,000/sq. mi.)",3.87,3.6,4.14,3.6–4.14,1.18,1.07,1.3,1.07–1.3,8
Philadelphia,PA,Multifamily,"150 units, 1,500 sq. ft. each",150,1500,"Urban core (25,000/sq. mi.)",3.72,3.38,4.05,3.38–4.05,0.36,0.3,0.41,0.3–0.41,9
Louisville,KY,Multifamily,"150 units, 1,500 sq. ft. each",150,1500,"Urban core (25,000/sq. mi.)",3.67,2.9,4.44,2.9–4.44,1,0.64,1.36,0.64–1.36,10
Austin,TX,Multifamily,"150 units, 1,500 sq. ft. each",150,1500,"Urban core (25,000/sq. mi.)",3.52,3.32,3.71,3.32–3.71,1,0.89,1.11,0.89–1.11,11
San Diego,CA,Multifamily,"150 units, 1,500 sq. ft. each",150,1500,"Urban core (25,000/sq. mi.)",3.29,2.98,3.6,2.98–3.6,1.06,0.91,1.21,0.91–1.21,12
Colorado Springs,CO,Multifamily,"150 units, 1,500 sq. ft. each",150,1500,"Urban core (25,000/sq. mi.)",3.23,2.87,3.59,2.87–3.59,0.61,0.49,0.73,0.49–0.73,13
Jersey City,NJ,Multifamily,"150 units, 1,500 sq. ft. each",150,1500,"Urban core (25,000/sq. mi.)",3.15,2.65,3.66,2.65–3.66,0.39,0.24,0.55,0.24–0.55,14
Sacramento,CA,Multifamily,"150 units, 1,500 sq. ft. each",150,1500,"Urban core (25,000/sq. mi.)",3.13,2.55,3.7,2.55–3.7,0.87,0.6,1.14,0.6–1.14,15
Oakland,CA,Multifamily,"150 units, 1,500 sq. ft. each",150,1500,"Urban core (25,000/sq. mi.)",3.12,2.42,3.82,2.42–3.82,0.65,0.43,0.86,0.43–0.86,16
Durham,NC,Multifamily,"150 units, 1,500 sq. ft. each",150,1500,"Urban core (25,000/sq. mi.)",3.03,2.31,3.76,2.31–3.76,0.33,0.21,0.44,0.21–0.44,17
Portland,OR,Multifamily,"150 units, 1,500 sq. ft. each",150,1500,"Urban core (25,000/sq. mi.)",3,2.7,3.3,2.7–3.3,0.99,0.85,1.12,0.85–1.12,18
Denver,CO,Multifamily,"150 units, 1,500 sq. ft. each",150,1500,"Urban core (25,000/sq. mi.)",2.91,2.74,3.09,2.74–3.09,0.71,0.6,0.81,0.6–0.81,19
Houston,TX,Multifamily,"150 units, 1,500 sq. ft. each",150,1500,"Urban core (25,000/sq. mi.)",2.87,2.72,3.03,2.72–3.03,0.76,0.67,0.85,0.67–0.85,20
Jacksonville,FL,Multifamily,"150 units, 1,500 sq. ft. each",150,1500,"Urban core (25,000/sq. mi.)",2.85,2.55,3.14,2.55–3.14,0.53,0.43,0.64,0.43–0.64,21
Washington,DC,Multifamily,"150 units, 1,500 sq. ft. each",150,1500,"Urban core (25,000/sq. mi.)",2.79,2.53,3.06,2.53–3.06,0.8,0.67,0.94,0.67–0.94,22
Cleveland,OH,Multifamily,"150 units, 1,500 sq. ft. each",150,1500,"Urban core (25,000/sq. mi.)",2.68,1.92,3.45,1.92–3.45,0.87,0.46,1.27,0.46–1.27,23
Orlando,FL,Multifamily,"150 units, 1,500 sq. ft. each",150,1500,"Urban core (25,000/sq. mi.)",2.68,2.37,2.99,2.37–2.99,0.65,0.51,0.8,0.51–0.8,24
Fort Worth,TX,Multifamily,"150 units, 1,500 sq. ft. each",150,1500,"Urban core (25,000/sq. mi.)",2.39,2.22,2.57,2.22–2.57,0.47,0.36,0.57,0.36–0.57,25
Kansas City,MO,Multifamily,"150 units, 1,500 sq. ft. each",150,1500,"Urban core (25,000/sq. mi.)",2.32,1.82,2.82,1.82–2.82,0.15,0.06,0.25,0.06–0.25,26
Phoenix,AZ,Multifamily,"150 units, 1,500 sq. ft. each",150,1500,"Urban core (25,000/sq. mi.)",2.24,1.99,2.5,1.99–2.5,0.33,0.25,0.41,0.25–0.41,27
Indianapolis,IN,Multifamily,"150 units, 1,500 sq. ft. each",150,1500,"Urban core (25,000/sq. mi.)",2.21,1.74,2.68,1.74–2.68,0.4,0.25,0.56,0.25–0.56,28
Raleigh,NC,Multifamily,"150 units, 1,500 sq. ft. each",150,1500,"Urban core (25,000/sq. mi.)",2.19,1.91,2.47,1.91–2.47,0.41,0.28,0.53,0.28–0.53,29
Columbus,OH,Multifamily,"150 units, 1,500 sq. ft. each",150,1500,"Urban core (25,000/sq. mi.)",2.16,1.93,2.38,1.93–2.38,0.32,0.27,0.37,0.27–0.37,30
Atlanta,GA,Multifamily,"150 units, 1,500 sq. ft. each",150,1500,"Urban core (25,000/sq. mi.)",2.14,1.86,2.41,1.86–2.41,0.23,0.16,0.29,0.16–0.29,31
Reno,NV,Multifamily,"150 units, 1,500 sq. ft. each",150,1500,"Urban core (25,000/sq. mi.)",2.11,1.75,2.47,1.75–2.47,0.27,0.14,0.41,0.14–0.41,32
St. Paul,MN,Multifamily,"150 units, 1,500 sq. ft. each",150,1500,"Urban core (25,000/sq. mi.)",1.94,1.18,2.71,1.18–2.71,0.19,0.05,0.34,0.05–0.34,33
Sioux Falls,SD,Multifamily,"150 units, 1,500 sq. ft. each",150,1500,"Urban core (25,000/sq. mi.)",1.94,1.57,2.3,1.57–2.3,0.2,0.12,0.29,0.12–0.29,34
Grand Rapids,MI,Multifamily,"150 units, 1,500 sq. ft. each",150,1500,"Urban core (25,000/sq. mi.)",1.92,1.5,2.33,1.5–2.33,0.35,0.1,0.59,0.1–0.59,35
Boise,ID,Multifamily,"150 units, 1,500 sq. ft. each",150,1500,"Urban core (25,000/sq. mi.)",1.75,1.38,2.13,1.38–2.13,0.37,0.24,0.5,0.24–0.5,36
San Francisco,CA,Single-family,"Single-family, 1,500 sq. ft.",1,1500,"Low-density suburb (1,000/sq. mi.)",3.45,2.99,3.91,2.99–3.91,0.87,0.69,1.05,0.69–1.05,1
Miami,FL,Single-family,"Single-family, 1,500 sq. ft.",1,1500,"Low-density suburb (1,000/sq. mi.)",3.21,2.67,3.75,2.67–3.75,1.37,1.06,1.67,1.06–1.67,2
Philadelphia,PA,Single-family,"Single-family, 1,500 sq. ft.",1,1500,"Low-density suburb (1,000/sq. mi.)",2.75,2.4,3.11,2.4–3.11,0.21,0.15,0.27,0.15–0.27,3
Los Angeles,CA,Single-family,"Single-family, 1,500 sq. ft.",1,1500,"Low-density suburb (1,000/sq. mi.)",2.58,2.5,2.65,2.5–2.65,0.92,0.88,0.95,0.88–0.95,4
Oakland,CA,Single-family,"Single-family, 1,500 sq. ft.",1,1500,"Low-density suburb (1,000/sq. mi.)",2.57,2.14,2.99,2.14–2.99,0.37,0.28,0.47,0.28–0.47,5
Honolulu,HI,Single-family,"Single-family, 1,500 sq. ft.",1,1500,"Low-density suburb (1,000/sq. mi.)",2.3,2.24,2.37,2.24–2.37,0.77,0.74,0.8,0.74–0.8,6
Boston,MA,Single-family,"Single-family, 1,500 sq. ft.",1,1500,"Low-density suburb (1,000/sq. mi.)",2.24,1.6,2.88,1.6–2.88,1.32,0.74,1.91,0.74–1.91,7
Providence,RI,Single-family,"Single-family, 1,500 sq. ft.",1,1500,"Low-density suburb (1,000/sq. mi.)",2.24,1.41,3.06,1.41–3.06,0.17,0.09,0.26,0.09–0.26,8
Boulder,CO,Single-family,"Single-family, 1,500 sq. ft.",1,1500,"Low-density suburb (1,000/sq. mi.)",2.16,1.79,2.54,1.79–2.54,0.5,0.39,0.61,0.39–0.61,9
Seattle,WA,Single-family,"Single-family, 1,500 sq. ft.",1,1500,"Low-density suburb (1,000/sq. mi.)",2.15,2.01,2.29,2.01–2.29,0.71,0.64,0.78,0.64–0.78,10
New York,NY,Single-family,"Single-family, 1,500 sq. ft.",1,1500,"Low-density suburb (1,000/sq. mi.)",2.14,2.05,2.23,2.05–2.23,0.69,0.63,0.75,0.63–0.75,11
San Diego,CA,Single-family,"Single-family, 1,500 sq. ft.",1,1500,"Low-density suburb (1,000/sq. mi.)",1.81,1.68,1.95,1.68–1.95,0.57,0.51,0.62,0.51–0.62,12
Cleveland,OH,Single-family,"Single-family, 1,500 sq. ft.",1,1500,"Low-density suburb (1,000/sq. mi.)",1.74,1.53,1.95,1.53–1.95,0.57,0.48,0.67,0.48–0.67,13
Fort Lauderdale,FL,Single-family,"Single-family, 1,500 sq. ft.",1,1500,"Low-density suburb (1,000/sq. mi.)",1.46,1.17,1.74,1.17–1.74,0.38,0.27,0.5,0.27–0.5,14
Houston,TX,Single-family,"Single-family, 1,500 sq. ft.",1,1500,"Low-density suburb (1,000/sq. mi.)",1.43,1.35,1.52,1.35–1.52,0.28,0.25,0.31,0.25–0.31,15
St. Paul,MN,Single-family,"Single-family, 1,500 sq. ft.",1,1500,"Low-density suburb (1,000/sq. mi.)",1.4,0.9,1.9,0.9–1.9,0.12,0.07,0.17,0.07–0.17,16
Cincinnati,OH,Single-family,"Single-family, 1,500 sq. ft.",1,1500,"Low-density suburb (1,000/sq. mi.)",1.38,1.21,1.55,1.21–1.55,0.21,0.17,0.24,0.17–0.24,17
Albuquerque,NM,Single-family,"Single-family, 1,500 sq. ft.",1,1500,"Low-density suburb (1,000/sq. mi.)",1.37,1.28,1.45,1.28–1.45,0.09,0.08,0.1,0.08–0.1,18
Sacramento,CA,Single-family,"Single-family, 1,500 sq. ft.",1,1500,"Low-density suburb (1,000/sq. mi.)",1.34,1.26,1.42,1.26–1.42,0.33,0.29,0.36,0.29–0.36,19
Portland,OR,Single-family,"Single-family, 1,500 sq. ft.",1,1500,"Low-density suburb (1,000/sq. mi.)",1.33,1.26,1.4,1.26–1.4,0.56,0.52,0.61,0.52–0.61,20
Ann Arbor,MI,Single-family,"Single-family, 1,500 sq. ft.",1,1500,"Low-density suburb (1,000/sq. mi.)",1.26,1.05,1.48,1.05–1.48,0.21,0.11,0.3,0.11–0.3,21
Anaheim,CA,Single-family,"Single-family, 1,500 sq. ft.",1,1500,"Low-density suburb (1,000/sq. mi.)",1.25,1.03,1.48,1.03–1.48,0.46,0.36,0.56,0.36–0.56,22
Sioux Falls,SD,Single-family,"Single-family, 1,500 sq. ft.",1,1500,"Low-density suburb (1,000/sq. mi.)",1.21,0.95,1.47,0.95–1.47,0.06,0.03,0.1,0.03–0.1,23
Atlanta,GA,Single-family,"Single-family, 1,500 sq. ft.",1,1500,"Low-density suburb (1,000/sq. mi.)",1.15,1.09,1.21,1.09–1.21,0.36,0.31,0.41,0.31–0.41,24
Spokane,WA,Single-family,"Single-family, 1,500 sq. ft.",1,1500,"Low-density suburb (1,000/sq. mi.)",1.04,0.97,1.1,0.97–1.1,0.07,0.06,0.07,0.06–0.07,25
Omaha,NE,Single-family,"Single-family, 1,500 sq. ft.",1,1500,"Low-density suburb (1,000/sq. mi.)",1.02,0.95,1.09,0.95–1.09,0.03,0.02,0.03,0.02–0.03,26
Jacksonville,FL,Single-family,"Single-family, 1,500 sq. ft.",1,1500,"Low-density suburb (1,000/sq. mi.)",1.01,0.97,1.05,0.97–1.05,0.15,0.14,0.15,0.14–0.15,27
New Orleans,LA,Single-family,"Single-family, 1,500 sq. ft.",1,1500,"Low-density suburb (1,000/sq. mi.)",1.01,0.95,1.06,0.95–1.06,0.12,0.11,0.14,0.11–0.14,28
Austin,TX,Single-family,"Single-family, 1,500 sq. ft.",1,1500,"Low-density suburb (1,000/sq. mi.)",0.96,0.92,1,0.92–1,0.13,0.12,0.15,0.12–0.15,29
Reno,NV,Single-family,"Single-family, 1,500 sq. ft.",1,1500,"Low-density suburb (1,000/sq. mi.)",0.96,0.8,1.12,0.8–1.12,0.33,0.21,0.46,0.21–0.46,30
Orlando,FL,Single-family,"Single-family, 1,500 sq. ft.",1,1500,"Low-density suburb (1,000/sq. mi.)",0.86,0.81,0.91,0.81–0.91,0.2,0.18,0.22,0.18–0.22,31
Louisville,KY,Single-family,"Single-family, 1,500 sq. ft.",1,1500,"Low-density suburb (1,000/sq. mi.)",0.78,0.75,0.82,0.75–0.82,0.03,0.03,0.04,0.03–0.04,32
Baton Rouge,LA,Single-family,"Single-family, 1,500 sq. ft.",1,1500,"Low-density suburb (1,000/sq. mi.)",0.72,0.65,0.79,0.65–0.79,0.2,0.16,0.23,0.16–0.23,33
Tulsa,OK,Single-family,"Single-family, 1,500 sq. ft.",1,1500,"Low-density suburb (1,000/sq. mi.)",0.69,0.62,0.76,0.62–0.76,0.06,0.05,0.07,0.05–0.07,34
San Antonio,TX,Single-family,"Single-family, 1,500 sq. ft.",1,1500,"Low-density suburb (1,000/sq. mi.)",0.68,0.66,0.7,0.66–0.7,0.05,0.05,0.06,0.05–0.06,35
Columbus,OH,Single-family,"Single-family, 1,500 sq. ft.",1,1500,"Low-density suburb (1,000/sq. mi.)",0.64,0.62,0.67,0.62–0.67,0.02,0.02,0.02,0.02–0.02,36
Nashville,TN,Single-family,"Single-family, 1,500 sq. ft.",1,1500,"Low-density suburb (1,000/sq. mi.)",0.63,0.62,0.65,0.62–0.65,0.05,0.05,0.05,0.05–0.05,37
Oklahoma City,OK,Single-family,"Single-family, 1,500 sq. ft.",1,1500,"Low-density suburb (1,000/sq. mi.)",0.62,0.61,0.63,0.61–0.63,0.03,0.03,0.03,0.03–0.03,38
Norfolk,VA,Single-family,"Single-family, 1,500 sq. ft.",1,1500,"Low-density suburb (1,000/sq. mi.)",0.61,0.53,0.68,0.53–0.68,0.14,0.1,0.18,0.1–0.18,39
Boise,ID,Single-family,"Single-family, 1,500 sq. ft.",1,1500,"Low-density suburb (1,000/sq. mi.)",0.6,0.58,0.63,0.58–0.63,0.12,0.11,0.13,0.11–0.13,40
Fort Worth,TX,Single-family,"Single-family, 1,500 sq. ft.",1,1500,"Low-density suburb (1,000/sq. mi.)",0.6,0.59,0.61,0.59–0.61,0.09,0.09,0.1,0.09–0.1,41
Denver,CO,Single-family,"Single-family, 1,500 sq. ft.",1,1500,"Low-density suburb (1,000/sq. mi.)",0.59,0.57,0.62,0.57–0.62,0.09,0.09,0.1,0.09–0.1,42
Little Rock,AR,Single-family,"Single-family, 1,500 sq. ft.",1,1500,"Low-density suburb (1,000/sq. mi.)",0.59,0.53,0.64,0.53–0.64,0.01,0.01,0.01,0.01–0.01,43
Durham,NC,Single-family,"Single-family, 1,500 sq. ft.",1,1500,"Low-density suburb (1,000/sq. mi.)",0.58,0.56,0.6,0.56–0.6,0.09,0.08,0.09,0.08–0.09,44
Mesa,AZ,Single-family,"Single-family, 1,500 sq. ft.",1,1500,"Low-density suburb (1,000/sq. mi.)",0.57,0.55,0.6,0.55–0.6,0.04,0.03,0.04,0.03–0.04,45
Raleigh,NC,Single-family,"Single-family, 1,500 sq. ft.",1,1500,"Low-density suburb (1,000/sq. mi.)",0.57,0.54,0.6,0.54–0.6,0.13,0.12,0.14,0.12–0.14,46
Colorado Springs,CO,Single-family,"Single-family, 1,500 sq. ft.",1,1500,"Low-density suburb (1,000/sq. mi.)",0.56,0.53,0.58,0.53–0.58,0.08,0.07,0.08,0.07–0.08,47
Charleston,SC,Single-family,"Single-family, 1,500 sq. ft.",1,1500,"Low-density suburb (1,000/sq. mi.)",0.54,0.52,0.57,0.52–0.57,0.07,0.06,0.07,0.06–0.07,48
Wilmington,NC,Single-family,"Single-family, 1,500 sq. ft.",1,1500,"Low-density suburb (1,000/sq. mi.)",0.5,0.48,0.53,0.48–0.53,0.01,0.01,0.01,0.01–0.01,49
Phoenix,AZ,Single-family,"Single-family, 1,500 sq. ft.",1,1500,"Low-density suburb (1,000/sq. mi.)",0.48,0.47,0.49,0.47–0.49,0.04,0.03,0.04,0.03–0.04,50
Tampa,FL,Single-family,"Single-family, 1,500 sq. ft.",1,1500,"Low-density suburb (1,000/sq. mi.)",0.48,0.44,0.51,0.44–0.51,0.11,0.1,0.13,0.1–0.13,51
El Paso,TX,Single-family,"Single-family, 1,500 sq. ft.",1,1500,"Low-density suburb (1,000/sq. mi.)",0.45,0.43,0.47,0.43–0.47,0.05,0.05,0.06,0.05–0.06,52
Indianapolis,IN,Single-family,"Single-family, 1,500 sq. ft.",1,1500,"Low-density suburb (1,000/sq. mi.)",0.38,0.36,0.41,0.36–0.41,0.01,0.01,0.01,0.01–0.01,53
Miami,FL,Single-family,"Single-family, 1,500 sq. ft.",1,1500,"City neighborhood (4,000/sq. mi.)",3.44,3.17,3.71,3.17–3.71,1.27,1.15,1.39,1.15–1.39,1
San Francisco,CA,Single-family,"Single-family, 1,500 sq. ft.",1,1500,"City neighborhood (4,000/sq. mi.)",3.17,2.75,3.6,2.75–3.6,0.92,0.74,1.1,0.74–1.1,2
Philadelphia,PA,Single-family,"Single-family, 1,500 sq. ft.",1,1500,"City neighborhood (4,000/sq. mi.)",2.75,2.45,3.05,2.45–3.05,0.22,0.16,0.27,0.16–0.27,3
Pittsburgh,PA,Single-family,"Single-family, 1,500 sq. ft.",1,1500,"City neighborhood (4,000/sq. mi.)",2.72,2.12,3.32,2.12–3.32,1.17,0.78,1.56,0.78–1.56,4
Oakland,CA,Single-family,"Single-family, 1,500 sq. ft.",1,1500,"City neighborhood (4,000/sq. mi.)",2.6,2.33,2.87,2.33–2.87,0.41,0.34,0.47,0.34–0.47,5
Los Angeles,CA,Single-family,"Single-family, 1,500 sq. ft.",1,1500,"City neighborhood (4,000/sq. mi.)",2.53,2.48,2.58,2.48–2.58,0.83,0.81,0.86,0.81–0.86,6
Boston,MA,Single-family,"Single-family, 1,500 sq. ft.",1,1500,"City neighborhood (4,000/sq. mi.)",2.5,2.08,2.92,2.08–2.92,1.24,0.89,1.58,0.89–1.58,7
New York,NY,Single-family,"Single-family, 1,500 sq. ft.",1,1500,"City neighborhood (4,000/sq. mi.)",2.24,2.16,2.31,2.16–2.31,0.66,0.63,0.7,0.63–0.7,8
Honolulu,HI,Single-family,"Single-family, 1,500 sq. ft.",1,1500,"City neighborhood (4,000/sq. mi.)",2.23,2.17,2.3,2.17–2.3,0.71,0.69,0.74,0.69–0.74,9
San Jose,CA,Single-family,"Single-family, 1,500 sq. ft.",1,1500,"City neighborhood (4,000/sq. mi.)",2.19,1.68,2.71,1.68–2.71,0.37,0.16,0.57,0.16–0.57,10
Providence,RI,Single-family,"Single-family, 1,500 sq. ft.",1,1500,"City neighborhood (4,000/sq. mi.)",2.16,1.58,2.73,1.58–2.73,0.15,0.1,0.21,0.1–0.21,11
Boulder,CO,Single-family,"Single-family, 1,500 sq. ft.",1,1500,"City neighborhood (4,000/sq. mi.)",2.02,1.71,2.34,1.71–2.34,0.47,0.38,0.56,0.38–0.56,12
San Diego,CA,Single-family,"Single-family, 1,500 sq. ft.",1,1500,"City neighborhood (4,000/sq. mi.)",2,1.9,2.1,1.9–2.1,0.6,0.56,0.64,0.56–0.64,13
Seattle,WA,Single-family,"Single-family, 1,500 sq. ft.",1,1500,"City neighborhood (4,000/sq. mi.)",1.96,1.88,2.04,1.88–2.04,0.6,0.56,0.64,0.56–0.64,14
Buffalo,NY,Single-family,"Single-family, 1,500 sq. ft.",1,1500,"City neighborhood (4,000/sq. mi.)",1.92,1.33,2.51,1.33–2.51,0.61,0.31,0.92,0.31–0.92,15
St. Paul,MN,Single-family,"Single-family, 1,500 sq. ft.",1,1500,"City neighborhood (4,000/sq. mi.)",1.91,1.52,2.3,1.52–2.3,0.14,0.12,0.17,0.12–0.17,16
Fort Lauderdale,FL,Single-family,"Single-family, 1,500 sq. ft.",1,1500,"City neighborhood (4,000/sq. mi.)",1.8,1.57,2.04,1.57–2.04,0.49,0.4,0.58,0.4–0.58,17
Cleveland,OH,Single-family,"Single-family, 1,500 sq. ft.",1,1500,"City neighborhood (4,000/sq. mi.)",1.67,1.52,1.82,1.52–1.82,0.55,0.48,0.61,0.48–0.61,18
Baltimore,MD,Single-family,"Single-family, 1,500 sq. ft.",1,1500,"City neighborhood (4,000/sq. mi.)",1.63,1.24,2.02,1.24–2.02,0.76,0.5,1.03,0.5–1.03,19
Houston,TX,Single-family,"Single-family, 1,500 sq. ft.",1,1500,"City neighborhood (4,000/sq. mi.)",1.51,1.43,1.59,1.43–1.59,0.29,0.26,0.32,0.26–0.32,20
Anaheim,CA,Single-family,"Single-family, 1,500 sq. ft.",1,1500,"City neighborhood (4,000/sq. mi.)",1.43,1.26,1.61,1.26–1.61,0.57,0.48,0.66,0.48–0.66,21
Albuquerque,NM,Single-family,"Single-family, 1,500 sq. ft.",1,1500,"City neighborhood (4,000/sq. mi.)",1.42,1.33,1.51,1.33–1.51,0.09,0.08,0.1,0.08–0.1,22
Cincinnati,OH,Single-family,"Single-family, 1,500 sq. ft.",1,1500,"City neighborhood (4,000/sq. mi.)",1.41,1.31,1.51,1.31–1.51,0.23,0.2,0.26,0.2–0.26,23
Sacramento,CA,Single-family,"Single-family, 1,500 sq. ft.",1,1500,"City neighborhood (4,000/sq. mi.)",1.39,1.32,1.46,1.32–1.46,0.42,0.39,0.45,0.39–0.45,24
Ann Arbor,MI,Single-family,"Single-family, 1,500 sq. ft.",1,1500,"City neighborhood (4,000/sq. mi.)",1.29,1.1,1.47,1.1–1.47,0.22,0.15,0.29,0.15–0.29,25
Atlanta,GA,Single-family,"Single-family, 1,500 sq. ft.",1,1500,"City neighborhood (4,000/sq. mi.)",1.24,1.19,1.29,1.19–1.29,0.39,0.35,0.43,0.35–0.43,26
Sioux Falls,SD,Single-family,"Single-family, 1,500 sq. ft.",1,1500,"City neighborhood (4,000/sq. mi.)",1.2,0.94,1.46,0.94–1.46,0.05,0.02,0.07,0.02–0.07,27
Portland,OR,Single-family,"Single-family, 1,500 sq. ft.",1,1500,"City neighborhood (4,000/sq. mi.)",1.19,1.16,1.23,1.16–1.23,0.48,0.46,0.5,0.46–0.5,28
Austin,TX,Single-family,"Single-family, 1,500 sq. ft.",1,1500,"City neighborhood (4,000/sq. mi.)",1.17,1.12,1.22,1.12–1.22,0.21,0.19,0.23,0.19–0.23,29
Spokane,WA,Single-family,"Single-family, 1,500 sq. ft.",1,1500,"City neighborhood (4,000/sq. mi.)",1.09,1.02,1.17,1.02–1.17,0.08,0.07,0.08,0.07–0.08,30
Jacksonville,FL,Single-family,"Single-family, 1,500 sq. ft.",1,1500,"City neighborhood (4,000/sq. mi.)",1.06,1.02,1.1,1.02–1.1,0.16,0.15,0.17,0.15–0.17,31
Omaha,NE,Single-family,"Single-family, 1,500 sq. ft.",1,1500,"City neighborhood (4,000/sq. mi.)",1,0.94,1.07,0.94–1.07,0.03,0.02,0.03,0.02–0.03,32
Reno,NV,Single-family,"Single-family, 1,500 sq. ft.",1,1500,"City neighborhood (4,000/sq. mi.)",0.96,0.8,1.12,0.8–1.12,0.34,0.21,0.46,0.21–0.46,33
New Orleans,LA,Single-family,"Single-family, 1,500 sq. ft.",1,1500,"City neighborhood (4,000/sq. mi.)",0.91,0.87,0.95,0.87–0.95,0.11,0.1,0.12,0.1–0.12,34
Tulsa,OK,Single-family,"Single-family, 1,500 sq. ft.",1,1500,"City neighborhood (4,000/sq. mi.)",0.91,0.81,1.01,0.81–1.01,0.08,0.07,0.1,0.07–0.1,35
Orlando,FL,Single-family,"Single-family, 1,500 sq. ft.",1,1500,"City neighborhood (4,000/sq. mi.)",0.91,0.85,0.97,0.85–0.97,0.2,0.18,0.22,0.18–0.22,36
Denver,CO,Single-family,"Single-family, 1,500 sq. ft.",1,1500,"City neighborhood (4,000/sq. mi.)",0.9,0.88,0.92,0.88–0.92,0.2,0.19,0.2,0.19–0.2,37
Louisville,KY,Single-family,"Single-family, 1,500 sq. ft.",1,1500,"City neighborhood (4,000/sq. mi.)",0.82,0.78,0.87,0.78–0.87,0.03,0.03,0.04,0.03–0.04,38
Baton Rouge,LA,Single-family,"Single-family, 1,500 sq. ft.",1,1500,"City neighborhood (4,000/sq. mi.)",0.8,0.73,0.88,0.73–0.88,0.26,0.21,0.3,0.21–0.3,39
Columbus,OH,Single-family,"Single-family, 1,500 sq. ft.",1,1500,"City neighborhood (4,000/sq. mi.)",0.79,0.76,0.82,0.76–0.82,0.04,0.03,0.04,0.03–0.04,40
Tampa,FL,Single-family,"Single-family, 1,500 sq. ft.",1,1500,"City neighborhood (4,000/sq. mi.)",0.76,0.72,0.8,0.72–0.8,0.18,0.17,0.19,0.17–0.19,41
San Antonio,TX,Single-family,"Single-family, 1,500 sq. ft.",1,1500,"City neighborhood (4,000/sq. mi.)",0.75,0.73,0.78,0.73–0.78,0.07,0.06,0.07,0.06–0.07,42
Norfolk,VA,Single-family,"Single-family, 1,500 sq. ft.",1,1500,"City neighborhood (4,000/sq. mi.)",0.75,0.68,0.81,0.68–0.81,0.17,0.13,0.21,0.13–0.21,43
Nashville,TN,Single-family,"Single-family, 1,500 sq. ft.",1,1500,"City neighborhood (4,000/sq. mi.)",0.74,0.72,0.76,0.72–0.76,0.06,0.05,0.06,0.05–0.06,44
Durham,NC,Single-family,"Single-family, 1,500 sq. ft.",1,1500,"City neighborhood (4,000/sq. mi.)",0.7,0.67,0.73,0.67–0.73,0.12,0.11,0.12,0.11–0.12,45
Charleston,SC,Single-family,"Single-family, 1,500 sq. ft.",1,1500,"City neighborhood (4,000/sq. mi.)",0.67,0.63,0.7,0.63–0.7,0.09,0.08,0.1,0.08–0.1,46
Raleigh,NC,Single-family,"Single-family, 1,500 sq. ft.",1,1500,"City neighborhood (4,000/sq. mi.)",0.66,0.63,0.69,0.63–0.69,0.14,0.13,0.15,0.13–0.15,47
Boise,ID,Single-family,"Single-family, 1,500 sq. ft.",1,1500,"City neighborhood (4,000/sq. mi.)",0.65,0.62,0.67,0.62–0.67,0.12,0.12,0.13,0.12–0.13,48
Little Rock,AR,Single-family,"Single-family, 1,500 sq. ft.",1,1500,"City neighborhood (4,000/sq. mi.)",0.62,0.56,0.68,0.56–0.68,0.01,0.01,0.01,0.01–0.01,49
Oklahoma City,OK,Single-family,"Single-family, 1,500 sq. ft.",1,1500,"City neighborhood (4,000/sq. mi.)",0.62,0.61,0.63,0.61–0.63,0.03,0.03,0.03,0.03–0.03,50
Fort Worth,TX,Single-family,"Single-family, 1,500 sq. ft.",1,1500,"City neighborhood (4,000/sq. mi.)",0.6,0.59,0.61,0.59–0.61,0.09,0.09,0.1,0.09–0.1,51
Colorado Springs,CO,Single-family,"Single-family, 1,500 sq. ft.",1,1500,"City neighborhood (4,000/sq. mi.)",0.57,0.54,0.59,0.54–0.59,0.08,0.08,0.09,0.08–0.09,52
Mesa,AZ,Single-family,"Single-family, 1,500 sq. ft.",1,1500,"City neighborhood (4,000/sq. mi.)",0.55,0.53,0.58,0.53–0.58,0.05,0.04,0.05,0.04–0.05,53
Wilmington,NC,Single-family,"Single-family, 1,500 sq. ft.",1,1500,"City neighborhood (4,000/sq. mi.)",0.55,0.52,0.58,0.52–0.58,0.01,0.01,0.01,0.01–0.01,54
Phoenix,AZ,Single-family,"Single-family, 1,500 sq. ft.",1,1500,"City neighborhood (4,000/sq. mi.)",0.5,0.49,0.51,0.49–0.51,0.05,0.04,0.05,0.04–0.05,55
El Paso,TX,Single-family,"Single-family, 1,500 sq. ft.",1,1500,"City neighborhood (4,000/sq. mi.)",0.49,0.47,0.51,0.47–0.51,0.06,0.06,0.07,0.06–0.07,56
Indianapolis,IN,Single-family,"Single-family, 1,500 sq. ft.",1,1500,"City neighborhood (4,000/sq. mi.)",0.42,0.39,0.45,0.39–0.45,0.01,0.01,0.02,0.01–0.02,57
Miami,FL,Single-family,"Single-family, 1,500 sq. ft.",1,1500,"Dense city neighborhood (10,000/sq. mi.)",3.61,3.38,3.84,3.38–3.84,1.21,1.1,1.32,1.1–1.32,1
San Francisco,CA,Single-family,"Single-family, 1,500 sq. ft.",1,1500,"Dense city neighborhood (10,000/sq. mi.)",3,2.57,3.43,2.57–3.43,0.96,0.76,1.15,0.76–1.15,2
Pittsburgh,PA,Single-family,"Single-family, 1,500 sq. ft.",1,1500,"Dense city neighborhood (10,000/sq. mi.)",2.86,2.23,3.48,2.23–3.48,1.97,1.28,2.66,1.28–2.66,3
Philadelphia,PA,Single-family,"Single-family, 1,500 sq. ft.",1,1500,"Dense city neighborhood (10,000/sq. mi.)",2.75,2.46,3.03,2.46–3.03,0.22,0.17,0.27,0.17–0.27,4
Boston,MA,Single-family,"Single-family, 1,500 sq. ft.",1,1500,"Dense city neighborhood (10,000/sq. mi.)",2.69,2.32,3.06,2.32–3.06,1.19,0.92,1.46,0.92–1.46,5
Oakland,CA,Single-family,"Single-family, 1,500 sq. ft.",1,1500,"Dense city neighborhood (10,000/sq. mi.)",2.63,2.41,2.85,2.41–2.85,0.43,0.38,0.48,0.38–0.48,6
Los Angeles,CA,Single-family,"Single-family, 1,500 sq. ft.",1,1500,"Dense city neighborhood (10,000/sq. mi.)",2.5,2.45,2.54,2.45–2.54,0.78,0.76,0.8,0.76–0.8,7
St. Paul,MN,Single-family,"Single-family, 1,500 sq. ft.",1,1500,"Dense city neighborhood (10,000/sq. mi.)",2.34,1.88,2.8,1.88–2.8,0.16,0.13,0.19,0.13–0.19,8
New York,NY,Single-family,"Single-family, 1,500 sq. ft.",1,1500,"Dense city neighborhood (10,000/sq. mi.)",2.3,2.23,2.38,2.23–2.38,0.64,0.61,0.67,0.61–0.67,9
San Jose,CA,Single-family,"Single-family, 1,500 sq. ft.",1,1500,"Dense city neighborhood (10,000/sq. mi.)",2.27,1.75,2.79,1.75–2.79,0.35,0.16,0.53,0.16–0.53,10
Honolulu,HI,Single-family,"Single-family, 1,500 sq. ft.",1,1500,"Dense city neighborhood (10,000/sq. mi.)",2.19,2.12,2.25,2.12–2.25,0.68,0.65,0.71,0.65–0.71,11
San Diego,CA,Single-family,"Single-family, 1,500 sq. ft.",1,1500,"Dense city neighborhood (10,000/sq. mi.)",2.14,2.03,2.24,2.03–2.24,0.62,0.58,0.67,0.58–0.67,12
Providence,RI,Single-family,"Single-family, 1,500 sq. ft.",1,1500,"Dense city neighborhood (10,000/sq. mi.)",2.1,1.51,2.69,1.51–2.69,0.14,0.09,0.19,0.09–0.19,13
Fort Lauderdale,FL,Single-family,"Single-family, 1,500 sq. ft.",1,1500,"Dense city neighborhood (10,000/sq. mi.)",2.08,1.78,2.38,1.78–2.38,0.57,0.45,0.68,0.45–0.68,14
Boulder,CO,Single-family,"Single-family, 1,500 sq. ft.",1,1500,"Dense city neighborhood (10,000/sq. mi.)",1.94,1.64,2.24,1.64–2.24,0.45,0.36,0.55,0.36–0.55,15
Seattle,WA,Single-family,"Single-family, 1,500 sq. ft.",1,1500,"Dense city neighborhood (10,000/sq. mi.)",1.85,1.78,1.92,1.78–1.92,0.53,0.5,0.57,0.5–0.57,16
Cleveland,OH,Single-family,"Single-family, 1,500 sq. ft.",1,1500,"Dense city neighborhood (10,000/sq. mi.)",1.63,1.46,1.79,1.46–1.79,0.53,0.46,0.6,0.46–0.6,17
Anaheim,CA,Single-family,"Single-family, 1,500 sq. ft.",1,1500,"Dense city neighborhood (10,000/sq. mi.)",1.57,1.38,1.75,1.38–1.75,0.66,0.56,0.77,0.56–0.77,18
Houston,TX,Single-family,"Single-family, 1,500 sq. ft.",1,1500,"Dense city neighborhood (10,000/sq. mi.)",1.57,1.48,1.65,1.48–1.65,0.29,0.26,0.32,0.26–0.32,19
Albuquerque,NM,Single-family,"Single-family, 1,500 sq. ft.",1,1500,"Dense city neighborhood (10,000/sq. mi.)",1.46,1.36,1.55,1.36–1.55,0.09,0.09,0.1,0.09–0.1,20
Cincinnati,OH,Single-family,"Single-family, 1,500 sq. ft.",1,1500,"Dense city neighborhood (10,000/sq. mi.)",1.44,1.32,1.55,1.32–1.55,0.25,0.21,0.28,0.21–0.28,21
Sacramento,CA,Single-family,"Single-family, 1,500 sq. ft.",1,1500,"Dense city neighborhood (10,000/sq. mi.)",1.42,1.35,1.49,1.35–1.49,0.5,0.46,0.53,0.46–0.53,22
Austin,TX,Single-family,"Single-family, 1,500 sq. ft.",1,1500,"Dense city neighborhood (10,000/sq. mi.)",1.34,1.28,1.4,1.28–1.4,0.28,0.26,0.3,0.26–0.3,23
Buffalo,NY,Single-family,"Single-family, 1,500 sq. ft.",1,1500,"Dense city neighborhood (10,000/sq. mi.)",1.33,0.92,1.73,0.92–1.73,0.37,0.2,0.55,0.2–0.55,24
Atlanta,GA,Single-family,"Single-family, 1,500 sq. ft.",1,1500,"Dense city neighborhood (10,000/sq. mi.)",1.3,1.24,1.37,1.24–1.37,0.41,0.37,0.45,0.37–0.45,25
Ann Arbor,MI,Single-family,"Single-family, 1,500 sq. ft.",1,1500,"Dense city neighborhood (10,000/sq. mi.)",1.3,1.09,1.51,1.09–1.51,0.23,0.16,0.3,0.16–0.3,26
Sioux Falls,SD,Single-family,"Single-family, 1,500 sq. ft.",1,1500,"Dense city neighborhood (10,000/sq. mi.)",1.19,0.94,1.45,0.94–1.45,0.04,0.02,0.06,0.02–0.06,27
Denver,CO,Single-family,"Single-family, 1,500 sq. ft.",1,1500,"Dense city neighborhood (10,000/sq. mi.)",1.19,1.16,1.22,1.16–1.22,0.32,0.3,0.33,0.3–0.33,28
Spokane,WA,Single-family,"Single-family, 1,500 sq. ft.",1,1500,"Dense city neighborhood (10,000/sq. mi.)",1.13,1.03,1.23,1.03–1.23,0.08,0.07,0.09,0.07–0.09,29
Baltimore,MD,Single-family,"Single-family, 1,500 sq. ft.",1,1500,"Dense city neighborhood (10,000/sq. mi.)",1.12,0.97,1.28,0.97–1.28,0.51,0.4,0.63,0.4–0.63,30
Portland,OR,Single-family,"Single-family, 1,500 sq. ft.",1,1500,"Dense city neighborhood (10,000/sq. mi.)",1.11,1.08,1.15,1.08–1.15,0.43,0.41,0.45,0.41–0.45,31
Jacksonville,FL,Single-family,"Single-family, 1,500 sq. ft.",1,1500,"Dense city neighborhood (10,000/sq. mi.)",1.1,1.06,1.14,1.06–1.14,0.17,0.16,0.18,0.16–0.18,32
Tulsa,OK,Single-family,"Single-family, 1,500 sq. ft.",1,1500,"Dense city neighborhood (10,000/sq. mi.)",1.1,0.96,1.24,0.96–1.24,0.11,0.08,0.13,0.08–0.13,33
Tampa,FL,Single-family,"Single-family, 1,500 sq. ft.",1,1500,"Dense city neighborhood (10,000/sq. mi.)",1.03,0.97,1.09,0.97–1.09,0.24,0.22,0.26,0.22–0.26,34
Omaha,NE,Single-family,"Single-family, 1,500 sq. ft.",1,1500,"Dense city neighborhood (10,000/sq. mi.)",0.99,0.92,1.06,0.92–1.06,0.03,0.02,0.03,0.02–0.03,35
Reno,NV,Single-family,"Single-family, 1,500 sq. ft.",1,1500,"Dense city neighborhood (10,000/sq. mi.)",0.96,0.8,1.12,0.8–1.12,0.34,0.21,0.47,0.21–0.47,36
Orlando,FL,Single-family,"Single-family, 1,500 sq. ft.",1,1500,"Dense city neighborhood (10,000/sq. mi.)",0.94,0.88,1.01,0.88–1.01,0.2,0.18,0.22,0.18–0.22,37
Columbus,OH,Single-family,"Single-family, 1,500 sq. ft.",1,1500,"Dense city neighborhood (10,000/sq. mi.)",0.91,0.86,0.95,0.86–0.95,0.06,0.05,0.07,0.05–0.07,38
Baton Rouge,LA,Single-family,"Single-family, 1,500 sq. ft.",1,1500,"Dense city neighborhood (10,000/sq. mi.)",0.86,0.78,0.95,0.78–0.95,0.3,0.25,0.36,0.25–0.36,39
Norfolk,VA,Single-family,"Single-family, 1,500 sq. ft.",1,1500,"Dense city neighborhood (10,000/sq. mi.)",0.86,0.77,0.94,0.77–0.94,0.19,0.14,0.23,0.14–0.23,40
New Orleans,LA,Single-family,"Single-family, 1,500 sq. ft.",1,1500,"Dense city neighborhood (10,000/sq. mi.)",0.86,0.82,0.9,0.82–0.9,0.1,0.09,0.11,0.09–0.11,41
Louisville,KY,Single-family,"Single-family, 1,500 sq. ft.",1,1500,"Dense city neighborhood (10,000/sq. mi.)",0.85,0.79,0.91,0.79–0.91,0.03,0.03,0.04,0.03–0.04,42
Nashville,TN,Single-family,"Single-family, 1,500 sq. ft.",1,1500,"Dense city neighborhood (10,000/sq. mi.)",0.82,0.79,0.85,0.79–0.85,0.06,0.06,0.07,0.06–0.07,43
San Antonio,TX,Single-family,"Single-family, 1,500 sq. ft.",1,1500,"Dense city neighborhood (10,000/sq. mi.)",0.8,0.78,0.83,0.78–0.83,0.08,0.07,0.09,0.07–0.09,44
Durham,NC,Single-family,"Single-family, 1,500 sq. ft.",1,1500,"Dense city neighborhood (10,000/sq. mi.)",0.78,0.75,0.82,0.75–0.82,0.14,0.13,0.15,0.13–0.15,45
Charleston,SC,Single-family,"Single-family, 1,500 sq. ft.",1,1500,"Dense city neighborhood (10,000/sq. mi.)",0.77,0.72,0.82,0.72–0.82,0.1,0.09,0.12,0.09–0.12,46
Raleigh,NC,Single-family,"Single-family, 1,500 sq. ft.",1,1500,"Dense city neighborhood (10,000/sq. mi.)",0.73,0.69,0.77,0.69–0.77,0.14,0.13,0.15,0.13–0.15,47
Boise,ID,Single-family,"Single-family, 1,500 sq. ft.",1,1500,"Dense city neighborhood (10,000/sq. mi.)",0.68,0.65,0.7,0.65–0.7,0.13,0.12,0.14,0.12–0.14,48
Little Rock,AR,Single-family,"Single-family, 1,500 sq. ft.",1,1500,"Dense city neighborhood (10,000/sq. mi.)",0.65,0.59,0.72,0.59–0.72,0.01,0.01,0.01,0.01–0.01,49
Oklahoma City,OK,Single-family,"Single-family, 1,500 sq. ft.",1,1500,"Dense city neighborhood (10,000/sq. mi.)",0.63,0.61,0.64,0.61–0.64,0.03,0.03,0.03,0.03–0.03,50
Fort Worth,TX,Single-family,"Single-family, 1,500 sq. ft.",1,1500,"Dense city neighborhood (10,000/sq. mi.)",0.6,0.59,0.61,0.59–0.61,0.1,0.09,0.1,0.09–0.1,51
Wilmington,NC,Single-family,"Single-family, 1,500 sq. ft.",1,1500,"Dense city neighborhood (10,000/sq. mi.)",0.58,0.55,0.62,0.55–0.62,0.01,0,0.01,0–0.01,52
Colorado Springs,CO,Single-family,"Single-family, 1,500 sq. ft.",1,1500,"Dense city neighborhood (10,000/sq. mi.)",0.57,0.55,0.6,0.55–0.6,0.09,0.08,0.1,0.08–0.1,53
Mesa,AZ,Single-family,"Single-family, 1,500 sq. ft.",1,1500,"Dense city neighborhood (10,000/sq. mi.)",0.54,0.51,0.56,0.51–0.56,0.06,0.05,0.06,0.05–0.06,54
El Paso,TX,Single-family,"Single-family, 1,500 sq. ft.",1,1500,"Dense city neighborhood (10,000/sq. mi.)",0.52,0.5,0.55,0.5–0.55,0.07,0.06,0.07,0.06–0.07,55
Phoenix,AZ,Single-family,"Single-family, 1,500 sq. ft.",1,1500,"Dense city neighborhood (10,000/sq. mi.)",0.51,0.5,0.52,0.5–0.52,0.06,0.05,0.06,0.05–0.06,56
Indianapolis,IN,Single-family,"Single-family, 1,500 sq. ft.",1,1500,"Dense city neighborhood (10,000/sq. mi.)",0.45,0.41,0.48,0.41–0.48,0.02,0.01,0.02,0.01–0.02,57
Miami,FL,Single-family,"Single-family, 1,500 sq. ft.",1,1500,"Urban core (25,000/sq. mi.)",3.78,3.36,4.2,3.36–4.2,1.15,0.97,1.34,0.97–1.34,1
Boston,MA,Single-family,"Single-family, 1,500 sq. ft.",1,1500,"Urban core (25,000/sq. mi.)",2.89,2.38,3.41,2.38–3.41,1.14,0.84,1.43,0.84–1.43,2
St. Paul,MN,Single-family,"Single-family, 1,500 sq. ft.",1,1500,"Urban core (25,000/sq. mi.)",2.87,2.07,3.67,2.07–3.67,0.18,0.12,0.23,0.12–0.23,3
San Francisco,CA,Single-family,"Single-family, 1,500 sq. ft.",1,1500,"Urban core (25,000/sq. mi.)",2.84,2.39,3.29,2.39–3.29,0.99,0.77,1.21,0.77–1.21,4
Philadelphia,PA,Single-family,"Single-family, 1,500 sq. ft.",1,1500,"Urban core (25,000/sq. mi.)",2.74,2.46,3.03,2.46–3.03,0.23,0.17,0.28,0.17–0.28,5
Oakland,CA,Single-family,"Single-family, 1,500 sq. ft.",1,1500,"Urban core (25,000/sq. mi.)",2.65,2.4,2.9,2.4–2.9,0.45,0.39,0.51,0.39–0.51,6
Los Angeles,CA,Single-family,"Single-family, 1,500 sq. ft.",1,1500,"Urban core (25,000/sq. mi.)",2.46,2.41,2.52,2.41–2.52,0.73,0.71,0.75,0.71–0.75,7
Fort Lauderdale,FL,Single-family,"Single-family, 1,500 sq. ft.",1,1500,"Urban core (25,000/sq. mi.)",2.4,1.93,2.86,1.93–2.86,0.66,0.47,0.86,0.47–0.86,8
New York,NY,Single-family,"Single-family, 1,500 sq. ft.",1,1500,"Urban core (25,000/sq. mi.)",2.37,2.28,2.46,2.28–2.46,0.62,0.59,0.66,0.59–0.66,9
San Jose,CA,Single-family,"Single-family, 1,500 sq. ft.",1,1500,"Urban core (25,000/sq. mi.)",2.35,1.76,2.94,1.76–2.94,0.32,0.14,0.51,0.14–0.51,10
San Diego,CA,Single-family,"Single-family, 1,500 sq. ft.",1,1500,"Urban core (25,000/sq. mi.)",2.28,2.14,2.41,2.14–2.41,0.65,0.59,0.71,0.59–0.71,11
Honolulu,HI,Single-family,"Single-family, 1,500 sq. ft.",1,1500,"Urban core (25,000/sq. mi.)",2.14,2.07,2.21,2.07–2.21,0.64,0.61,0.67,0.61–0.67,12
Providence,RI,Single-family,"Single-family, 1,500 sq. ft.",1,1500,"Urban core (25,000/sq. mi.)",2.05,1.32,2.78,1.32–2.78,0.13,0.07,0.19,0.07–0.19,13
Boulder,CO,Single-family,"Single-family, 1,500 sq. ft.",1,1500,"Urban core (25,000/sq. mi.)",1.86,1.55,2.16,1.55–2.16,0.43,0.33,0.54,0.33–0.54,14
Seattle,WA,Single-family,"Single-family, 1,500 sq. ft.",1,1500,"Urban core (25,000/sq. mi.)",1.74,1.66,1.83,1.66–1.83,0.48,0.44,0.51,0.44–0.51,15
Anaheim,CA,Single-family,"Single-family, 1,500 sq. ft.",1,1500,"Urban core (25,000/sq. mi.)",1.72,1.47,1.96,1.47–1.96,0.77,0.62,0.92,0.62–0.92,16
Houston,TX,Single-family,"Single-family, 1,500 sq. ft.",1,1500,"Urban core (25,000/sq. mi.)",1.62,1.51,1.73,1.51–1.73,0.3,0.26,0.34,0.26–0.34,17
Cleveland,OH,Single-family,"Single-family, 1,500 sq. ft.",1,1500,"Urban core (25,000/sq. mi.)",1.59,1.38,1.8,1.38–1.8,0.52,0.43,0.61,0.43–0.61,18
Denver,CO,Single-family,"Single-family, 1,500 sq. ft.",1,1500,"Urban core (25,000/sq. mi.)",1.56,1.5,1.63,1.5–1.63,0.52,0.48,0.56,0.48–0.56,19
Austin,TX,Single-family,"Single-family, 1,500 sq. ft.",1,1500,"Urban core (25,000/sq. mi.)",1.53,1.46,1.6,1.46–1.6,0.37,0.34,0.41,0.34–0.41,20
Albuquerque,NM,Single-family,"Single-family, 1,500 sq. ft.",1,1500,"Urban core (25,000/sq. mi.)",1.49,1.39,1.6,1.39–1.6,0.1,0.09,0.11,0.09–0.11,21
Cincinnati,OH,Single-family,"Single-family, 1,500 sq. ft.",1,1500,"Urban core (25,000/sq. mi.)",1.46,1.28,1.64,1.28–1.64,0.27,0.21,0.32,0.21–0.32,22
Sacramento,CA,Single-family,"Single-family, 1,500 sq. ft.",1,1500,"Urban core (25,000/sq. mi.)",1.46,1.38,1.53,1.38–1.53,0.58,0.54,0.63,0.54–0.63,23
Tampa,FL,Single-family,"Single-family, 1,500 sq. ft.",1,1500,"Urban core (25,000/sq. mi.)",1.4,1.29,1.52,1.29–1.52,0.32,0.28,0.37,0.28–0.37,24
Atlanta,GA,Single-family,"Single-family, 1,500 sq. ft.",1,1500,"Urban core (25,000/sq. mi.)",1.37,1.29,1.45,1.29–1.45,0.43,0.38,0.49,0.38–0.49,25
Tulsa,OK,Single-family,"Single-family, 1,500 sq. ft.",1,1500,"Urban core (25,000/sq. mi.)",1.32,1.12,1.51,1.12–1.51,0.14,0.1,0.18,0.1–0.18,26
Ann Arbor,MI,Single-family,"Single-family, 1,500 sq. ft.",1,1500,"Urban core (25,000/sq. mi.)",1.32,1.06,1.58,1.06–1.58,0.24,0.15,0.33,0.15–0.33,27
Sioux Falls,SD,Single-family,"Single-family, 1,500 sq. ft.",1,1500,"Urban core (25,000/sq. mi.)",1.19,0.93,1.44,0.93–1.44,0.03,0.01,0.05,0.01–0.05,28
Spokane,WA,Single-family,"Single-family, 1,500 sq. ft.",1,1500,"Urban core (25,000/sq. mi.)",1.17,1.04,1.3,1.04–1.3,0.09,0.08,0.1,0.08–0.1,29
Jacksonville,FL,Single-family,"Single-family, 1,500 sq. ft.",1,1500,"Urban core (25,000/sq. mi.)",1.14,1.09,1.19,1.09–1.19,0.18,0.17,0.19,0.17–0.19,30
Columbus,OH,Single-family,"Single-family, 1,500 sq. ft.",1,1500,"Urban core (25,000/sq. mi.)",1.04,0.97,1.1,0.97–1.1,0.09,0.07,0.1,0.07–0.1,31
Portland,OR,Single-family,"Single-family, 1,500 sq. ft.",1,1500,"Urban core (25,000/sq. mi.)",1.03,0.99,1.08,0.99–1.08,0.38,0.36,0.41,0.36–0.41,32
Norfolk,VA,Single-family,"Single-family, 1,500 sq. ft.",1,1500,"Urban core (25,000/sq. mi.)",0.99,0.85,1.12,0.85–1.12,0.21,0.14,0.27,0.14–0.27,33
Omaha,NE,Single-family,"Single-family, 1,500 sq. ft.",1,1500,"Urban core (25,000/sq. mi.)",0.98,0.9,1.06,0.9–1.06,0.03,0.02,0.03,0.02–0.03,34
Orlando,FL,Single-family,"Single-family, 1,500 sq. ft.",1,1500,"Urban core (25,000/sq. mi.)",0.98,0.91,1.05,0.91–1.05,0.2,0.18,0.23,0.18–0.23,35
Reno,NV,Single-family,"Single-family, 1,500 sq. ft.",1,1500,"Urban core (25,000/sq. mi.)",0.96,0.8,1.12,0.8–1.12,0.34,0.21,0.48,0.21–0.48,36
Baton Rouge,LA,Single-family,"Single-family, 1,500 sq. ft.",1,1500,"Urban core (25,000/sq. mi.)",0.93,0.82,1.03,0.82–1.03,0.36,0.28,0.43,0.28–0.43,37
Buffalo,NY,Single-family,"Single-family, 1,500 sq. ft.",1,1500,"Urban core (25,000/sq. mi.)",0.92,0.57,1.27,0.57–1.27,0.23,0.1,0.35,0.1–0.35,38
Nashville,TN,Single-family,"Single-family, 1,500 sq. ft.",1,1500,"Urban core (25,000/sq. mi.)",0.91,0.87,0.95,0.87–0.95,0.07,0.06,0.07,0.06–0.07,39
Durham,NC,Single-family,"Single-family, 1,500 sq. ft.",1,1500,"Urban core (25,000/sq. mi.)",0.88,0.83,0.94,0.83–0.94,0.17,0.15,0.18,0.15–0.18,40
Louisville,KY,Single-family,"Single-family, 1,500 sq. ft.",1,1500,"Urban core (25,000/sq. mi.)",0.88,0.8,0.96,0.8–0.96,0.03,0.03,0.04,0.03–0.04,41
Charleston,SC,Single-family,"Single-family, 1,500 sq. ft.",1,1500,"Urban core (25,000/sq. mi.)",0.88,0.81,0.95,0.81–0.95,0.12,0.1,0.14,0.1–0.14,42
San Antonio,TX,Single-family,"Single-family, 1,500 sq. ft.",1,1500,"Urban core (25,000/sq. mi.)",0.86,0.83,0.89,0.83–0.89,0.1,0.09,0.11,0.09–0.11,43
New Orleans,LA,Single-family,"Single-family, 1,500 sq. ft.",1,1500,"Urban core (25,000/sq. mi.)",0.81,0.76,0.85,0.76–0.85,0.09,0.07,0.1,0.07–0.1,44
Raleigh,NC,Single-family,"Single-family, 1,500 sq. ft.",1,1500,"Urban core (25,000/sq. mi.)",0.8,0.75,0.85,0.75–0.85,0.15,0.14,0.16,0.14–0.16,45
Baltimore,MD,Single-family,"Single-family, 1,500 sq. ft.",1,1500,"Urban core (25,000/sq. mi.)",0.77,0.66,0.88,0.66–0.88,0.35,0.28,0.42,0.28–0.42,46
Boise,ID,Single-family,"Single-family, 1,500 sq. ft.",1,1500,"Urban core (25,000/sq. mi.)",0.71,0.68,0.74,0.68–0.74,0.13,0.12,0.14,0.12–0.14,47
Little Rock,AR,Single-family,"Single-family, 1,500 sq. ft.",1,1500,"Urban core (25,000/sq. mi.)",0.68,0.61,0.75,0.61–0.75,0.01,0.01,0.01,0.01–0.01,48
Oklahoma City,OK,Single-family,"Single-family, 1,500 sq. ft.",1,1500,"Urban core (25,000/sq. mi.)",0.63,0.61,0.65,0.61–0.65,0.03,0.03,0.03,0.03–0.03,49
Wilmington,NC,Single-family,"Single-family, 1,500 sq. ft.",1,1500,"Urban core (25,000/sq. mi.)",0.62,0.57,0.66,0.57–0.66,0.01,0,0.01,0–0.01,50
Fort Worth,TX,Single-family,"Single-family, 1,500 sq. ft.",1,1500,"Urban core (25,000/sq. mi.)",0.6,0.59,0.61,0.59–0.61,0.1,0.09,0.1,0.09–0.1,51
Colorado Springs,CO,Single-family,"Single-family, 1,500 sq. ft.",1,1500,"Urban core (25,000/sq. mi.)",0.58,0.56,0.61,0.56–0.61,0.1,0.09,0.11,0.09–0.11,52
El Paso,TX,Single-family,"Single-family, 1,500 sq. ft.",1,1500,"Urban core (25,000/sq. mi.)",0.56,0.52,0.59,0.52–0.59,0.07,0.06,0.08,0.06–0.08,53
Mesa,AZ,Single-family,"Single-family, 1,500 sq. ft.",1,1500,"Urban core (25,000/sq. mi.)",0.53,0.5,0.55,0.5–0.55,0.07,0.06,0.07,0.06–0.07,54
Phoenix,AZ,Single-family,"Single-family, 1,500 sq. ft.",1,1500,"Urban core (25,000/sq. mi.)",0.53,0.51,0.54,0.51–0.54,0.06,0.06,0.07,0.06–0.07,55
Indianapolis,IN,Single-family,"Single-family, 1,500 sq. ft.",1,1500,"Urban core (25,000/sq. mi.)",0.47,0.43,0.52,0.43–0.52,0.02,0.01,0.03,0.01–0.03,56
San Francisco,CA,Single-family,"Single-family, 2,000 sq. ft.",1,2000,"Low-density suburb (1,000/sq. mi.)",3.75,3.29,4.21,3.29–4.21,0.96,0.77,1.14,0.77–1.14,1
Miami,FL,Single-family,"Single-family, 2,000 sq. ft.",1,2000,"Low-density suburb (1,000/sq. mi.)",3.25,2.71,3.8,2.71–3.8,1.43,1.11,1.75,1.11–1.75,2
Philadelphia,PA,Single-family,"Single-family, 2,000 sq. ft.",1,2000,"Low-density suburb (1,000/sq. mi.)",2.89,2.52,3.26,2.52–3.26,0.22,0.16,0.27,0.16–0.27,3
Oakland,CA,Single-family,"Single-family, 2,000 sq. ft.",1,2000,"Low-density suburb (1,000/sq. mi.)",2.7,2.26,3.13,2.26–3.13,0.4,0.3,0.5,0.3–0.5,4
Los Angeles,CA,Single-family,"Single-family, 2,000 sq. ft.",1,2000,"Low-density suburb (1,000/sq. mi.)",2.63,2.56,2.7,2.56–2.7,0.89,0.86,0.92,0.86–0.92,5
New York,NY,Single-family,"Single-family, 2,000 sq. ft.",1,2000,"Low-density suburb (1,000/sq. mi.)",2.27,2.18,2.36,2.18–2.36,0.7,0.64,0.76,0.64–0.76,6
Honolulu,HI,Single-family,"Single-family, 2,000 sq. ft.",1,2000,"Low-density suburb (1,000/sq. mi.)",2.25,2.19,2.32,2.19–2.32,0.75,0.72,0.78,0.72–0.78,7
Boston,MA,Single-family,"Single-family, 2,000 sq. ft.",1,2000,"Low-density suburb (1,000/sq. mi.)",2.23,1.59,2.86,1.59–2.86,1.33,0.76,1.9,0.76–1.9,8
Seattle,WA,Single-family,"Single-family, 2,000 sq. ft.",1,2000,"Low-density suburb (1,000/sq. mi.)",2.23,2.09,2.36,2.09–2.36,0.72,0.65,0.79,0.65–0.79,9
Providence,RI,Single-family,"Single-family, 2,000 sq. ft.",1,2000,"Low-density suburb (1,000/sq. mi.)",2.21,1.4,3.02,1.4–3.02,0.16,0.09,0.24,0.09–0.24,10
Boulder,CO,Single-family,"Single-family, 2,000 sq. ft.",1,2000,"Low-density suburb (1,000/sq. mi.)",2.14,1.83,2.46,1.83–2.46,0.5,0.42,0.59,0.42–0.59,11
San Diego,CA,Single-family,"Single-family, 2,000 sq. ft.",1,2000,"Low-density suburb (1,000/sq. mi.)",1.86,1.73,1.99,1.73–1.99,0.59,0.53,0.65,0.53–0.65,12
Cleveland,OH,Single-family,"Single-family, 2,000 sq. ft.",1,2000,"Low-density suburb (1,000/sq. mi.)",1.75,1.54,1.95,1.54–1.95,0.6,0.5,0.7,0.5–0.7,13
Fort Lauderdale,FL,Single-family,"Single-family, 2,000 sq. ft.",1,2000,"Low-density suburb (1,000/sq. mi.)",1.54,1.27,1.82,1.27–1.82,0.4,0.29,0.51,0.29–0.51,14
Houston,TX,Single-family,"Single-family, 2,000 sq. ft.",1,2000,"Low-density suburb (1,000/sq. mi.)",1.48,1.4,1.56,1.4–1.56,0.28,0.25,0.31,0.25–0.31,15
Albuquerque,NM,Single-family,"Single-family, 2,000 sq. ft.",1,2000,"Low-density suburb (1,000/sq. mi.)",1.45,1.37,1.52,1.37–1.52,0.1,0.09,0.1,0.09–0.1,16
St. Paul,MN,Single-family,"Single-family, 2,000 sq. ft.",1,2000,"Low-density suburb (1,000/sq. mi.)",1.44,0.95,1.93,0.95–1.93,0.14,0.08,0.19,0.08–0.19,17
Portland,OR,Single-family,"Single-family, 2,000 sq. ft.",1,2000,"Low-density suburb (1,000/sq. mi.)",1.44,1.37,1.5,1.37–1.5,0.57,0.53,0.61,0.53–0.61,18
Cincinnati,OH,Single-family,"Single-family, 2,000 sq. ft.",1,2000,"Low-density suburb (1,000/sq. mi.)",1.42,1.26,1.58,1.26–1.58,0.2,0.16,0.24,0.16–0.24,19
Sacramento,CA,Single-family,"Single-family, 2,000 sq. ft.",1,2000,"Low-density suburb (1,000/sq. mi.)",1.37,1.29,1.45,1.29–1.45,0.33,0.3,0.36,0.3–0.36,20
Anaheim,CA,Single-family,"Single-family, 2,000 sq. ft.",1,2000,"Low-density suburb (1,000/sq. mi.)",1.31,1.1,1.53,1.1–1.53,0.46,0.37,0.56,0.37–0.56,21
Ann Arbor,MI,Single-family,"Single-family, 2,000 sq. ft.",1,2000,"Low-density suburb (1,000/sq. mi.)",1.25,1.04,1.45,1.04–1.45,0.19,0.11,0.27,0.11–0.27,22
Sioux Falls,SD,Single-family,"Single-family, 2,000 sq. ft.",1,2000,"Low-density suburb (1,000/sq. mi.)",1.24,0.97,1.51,0.97–1.51,0.06,0.03,0.1,0.03–0.1,23
Atlanta,GA,Single-family,"Single-family, 2,000 sq. ft.",1,2000,"Low-density suburb (1,000/sq. mi.)",1.21,1.15,1.26,1.15–1.26,0.36,0.32,0.41,0.32–0.41,24
Reno,NV,Single-family,"Single-family, 2,000 sq. ft.",1,2000,"Low-density suburb (1,000/sq. mi.)",1.11,0.93,1.3,0.93–1.3,0.36,0.23,0.49,0.23–0.49,25
Spokane,WA,Single-family,"Single-family, 2,000 sq. ft.",1,2000,"Low-density suburb (1,000/sq. mi.)",1.09,1.03,1.16,1.03–1.16,0.07,0.06,0.07,0.06–0.07,26
New Orleans,LA,Single-family,"Single-family, 2,000 sq. ft.",1,2000,"Low-density suburb (1,000/sq. mi.)",1.07,1.02,1.12,1.02–1.12,0.14,0.12,0.15,0.12–0.15,27
Jacksonville,FL,Single-family,"Single-family, 2,000 sq. ft.",1,2000,"Low-density suburb (1,000/sq. mi.)",1.05,1.01,1.09,1.01–1.09,0.14,0.14,0.15,0.14–0.15,28
Omaha,NE,Single-family,"Single-family, 2,000 sq. ft.",1,2000,"Low-density suburb (1,000/sq. mi.)",1.02,0.96,1.09,0.96–1.09,0.03,0.03,0.04,0.03–0.04,29
Austin,TX,Single-family,"Single-family, 2,000 sq. ft.",1,2000,"Low-density suburb (1,000/sq. mi.)",1.01,0.97,1.05,0.97–1.05,0.14,0.13,0.15,0.13–0.15,30
Orlando,FL,Single-family,"Single-family, 2,000 sq. ft.",1,2000,"Low-density suburb (1,000/sq. mi.)",0.94,0.9,0.99,0.9–0.99,0.21,0.19,0.23,0.19–0.23,31
Baton Rouge,LA,Single-family,"Single-family, 2,000 sq. ft.",1,2000,"Low-density suburb (1,000/sq. mi.)",0.8,0.73,0.87,0.73–0.87,0.2,0.16,0.23,0.16–0.23,32
Louisville,KY,Single-family,"Single-family, 2,000 sq. ft.",1,2000,"Low-density suburb (1,000/sq. mi.)",0.75,0.72,0.78,0.72–0.78,0.03,0.03,0.04,0.03–0.04,33
Tulsa,OK,Single-family,"Single-family, 2,000 sq. ft.",1,2000,"Low-density suburb (1,000/sq. mi.)",0.73,0.67,0.79,0.67–0.79,0.06,0.05,0.07,0.05–0.07,34
San Antonio,TX,Single-family,"Single-family, 2,000 sq. ft.",1,2000,"Low-density suburb (1,000/sq. mi.)",0.72,0.7,0.74,0.7–0.74,0.05,0.05,0.06,0.05–0.06,35
Nashville,TN,Single-family,"Single-family, 2,000 sq. ft.",1,2000,"Low-density suburb (1,000/sq. mi.)",0.7,0.68,0.71,0.68–0.71,0.06,0.05,0.06,0.05–0.06,36
Little Rock,AR,Single-family,"Single-family, 2,000 sq. ft.",1,2000,"Low-density suburb (1,000/sq. mi.)",0.68,0.63,0.74,0.63–0.74,0.01,0.01,0.01,0.01–0.01,37
Oklahoma City,OK,Single-family,"Single-family, 2,000 sq. ft.",1,2000,"Low-density suburb (1,000/sq. mi.)",0.67,0.67,0.68,0.67–0.68,0.03,0.03,0.03,0.03–0.03,38
Columbus,OH,Single-family,"Single-family, 2,000 sq. ft.",1,2000,"Low-density suburb (1,000/sq. mi.)",0.66,0.64,0.68,0.64–0.68,0.02,0.02,0.02,0.02–0.02,39
Boise,ID,Single-family,"Single-family, 2,000 sq. ft.",1,2000,"Low-density suburb (1,000/sq. mi.)",0.65,0.64,0.66,0.64–0.66,0.12,0.11,0.12,0.11–0.12,40
Raleigh,NC,Single-family,"Single-family, 2,000 sq. ft.",1,2000,"Low-density suburb (1,000/sq. mi.)",0.62,0.59,0.65,0.59–0.65,0.13,0.12,0.14,0.12–0.14,41
Norfolk,VA,Single-family,"Single-family, 2,000 sq. ft.",1,2000,"Low-density suburb (1,000/sq. mi.)",0.62,0.55,0.69,0.55–0.69,0.15,0.11,0.18,0.11–0.18,42
Fort Worth,TX,Single-family,"Single-family, 2,000 sq. ft.",1,2000,"Low-density suburb (1,000/sq. mi.)",0.62,0.61,0.63,0.61–0.63,0.09,0.09,0.09,0.09–0.09,43
Mesa,AZ,Single-family,"Single-family, 2,000 sq. ft.",1,2000,"Low-density suburb (1,000/sq. mi.)",0.62,0.59,0.64,0.59–0.64,0.05,0.04,0.05,0.04–0.05,44
Denver,CO,Single-family,"Single-family, 2,000 sq. ft.",1,2000,"Low-density suburb (1,000/sq. mi.)",0.61,0.59,0.64,0.59–0.64,0.1,0.09,0.1,0.09–0.1,45
Charleston,SC,Single-family,"Single-family, 2,000 sq. ft.",1,2000,"Low-density suburb (1,000/sq. mi.)",0.61,0.59,0.62,0.59–0.62,0.07,0.07,0.08,0.07–0.08,46
Durham,NC,Single-family,"Single-family, 2,000 sq. ft.",1,2000,"Low-density suburb (1,000/sq. mi.)",0.59,0.58,0.6,0.58–0.6,0.08,0.07,0.08,0.07–0.08,47
Colorado Springs,CO,Single-family,"Single-family, 2,000 sq. ft.",1,2000,"Low-density suburb (1,000/sq. mi.)",0.57,0.55,0.59,0.55–0.59,0.07,0.06,0.08,0.06–0.08,48
Phoenix,AZ,Single-family,"Single-family, 2,000 sq. ft.",1,2000,"Low-density suburb (1,000/sq. mi.)",0.53,0.52,0.54,0.52–0.54,0.04,0.04,0.04,0.04–0.04,49
Tampa,FL,Single-family,"Single-family, 2,000 sq. ft.",1,2000,"Low-density suburb (1,000/sq. mi.)",0.52,0.49,0.55,0.49–0.55,0.12,0.1,0.13,0.1–0.13,50
Wilmington,NC,Single-family,"Single-family, 2,000 sq. ft.",1,2000,"Low-density suburb (1,000/sq. mi.)",0.52,0.5,0.54,0.5–0.54,0.01,0.01,0.01,0.01–0.01,51
El Paso,TX,Single-family,"Single-family, 2,000 sq. ft.",1,2000,"Low-density suburb (1,000/sq. mi.)",0.5,0.49,0.51,0.49–0.51,0.06,0.06,0.06,0.06–0.06,52
Indianapolis,IN,Single-family,"Single-family, 2,000 sq. ft.",1,2000,"Low-density suburb (1,000/sq. mi.)",0.4,0.37,0.43,0.37–0.43,0.01,0.01,0.01,0.01–0.01,53
Miami,FL,Single-family,"Single-family, 2,000 sq. ft.",1,2000,"City neighborhood (4,000/sq. mi.)",3.49,3.24,3.75,3.24–3.75,1.33,1.21,1.45,1.21–1.45,1
San Francisco,CA,Single-family,"Single-family, 2,000 sq. ft.",1,2000,"City neighborhood (4,000/sq. mi.)",3.45,3.03,3.87,3.03–3.87,1.01,0.83,1.2,0.83–1.2,2
Philadelphia,PA,Single-family,"Single-family, 2,000 sq. ft.",1,2000,"City neighborhood (4,000/sq. mi.)",2.88,2.57,3.2,2.57–3.2,0.22,0.17,0.28,0.17–0.28,3
Pittsburgh,PA,Single-family,"Single-family, 2,000 sq. ft.",1,2000,"City neighborhood (4,000/sq. mi.)",2.74,2.2,3.28,2.2–3.28,1.07,0.69,1.46,0.69–1.46,4
Oakland,CA,Single-family,"Single-family, 2,000 sq. ft.",1,2000,"City neighborhood (4,000/sq. mi.)",2.73,2.46,3.01,2.46–3.01,0.43,0.37,0.49,0.37–0.49,5
Los Angeles,CA,Single-family,"Single-family, 2,000 sq. ft.",1,2000,"City neighborhood (4,000/sq. mi.)",2.58,2.53,2.62,2.53–2.62,0.81,0.79,0.83,0.79–0.83,6
Boston,MA,Single-family,"Single-family, 2,000 sq. ft.",1,2000,"City neighborhood (4,000/sq. mi.)",2.49,2.09,2.89,2.09–2.89,1.24,0.92,1.56,0.92–1.56,7
New York,NY,Single-family,"Single-family, 2,000 sq. ft.",1,2000,"City neighborhood (4,000/sq. mi.)",2.37,2.3,2.45,2.3–2.45,0.67,0.64,0.71,0.64–0.71,8
Honolulu,HI,Single-family,"Single-family, 2,000 sq. ft.",1,2000,"City neighborhood (4,000/sq. mi.)",2.18,2.12,2.25,2.12–2.25,0.7,0.67,0.72,0.67–0.72,9
San Jose,CA,Single-family,"Single-family, 2,000 sq. ft.",1,2000,"City neighborhood (4,000/sq. mi.)",2.15,1.69,2.61,1.69–2.61,0.35,0.18,0.52,0.18–0.52,10
Providence,RI,Single-family,"Single-family, 2,000 sq. ft.",1,2000,"City neighborhood (4,000/sq. mi.)",2.13,1.6,2.65,1.6–2.65,0.15,0.1,0.19,0.1–0.19,11
San Diego,CA,Single-family,"Single-family, 2,000 sq. ft.",1,2000,"City neighborhood (4,000/sq. mi.)",2.05,1.95,2.15,1.95–2.15,0.63,0.59,0.67,0.59–0.67,12
Seattle,WA,Single-family,"Single-family, 2,000 sq. ft.",1,2000,"City neighborhood (4,000/sq. mi.)",2.03,1.96,2.11,1.96–2.11,0.61,0.57,0.65,0.57–0.65,13
Boulder,CO,Single-family,"Single-family, 2,000 sq. ft.",1,2000,"City neighborhood (4,000/sq. mi.)",2,1.75,2.26,1.75–2.26,0.47,0.4,0.55,0.4–0.55,14
St. Paul,MN,Single-family,"Single-family, 2,000 sq. ft.",1,2000,"City neighborhood (4,000/sq. mi.)",1.96,1.64,2.29,1.64–2.29,0.16,0.13,0.19,0.13–0.19,15
Fort Lauderdale,FL,Single-family,"Single-family, 2,000 sq. ft.",1,2000,"City neighborhood (4,000/sq. mi.)",1.91,1.71,2.12,1.71–2.12,0.51,0.43,0.59,0.43–0.59,16
Buffalo,NY,Single-family,"Single-family, 2,000 sq. ft.",1,2000,"City neighborhood (4,000/sq. mi.)",1.79,1.28,2.3,1.28–2.3,0.54,0.28,0.79,0.28–0.79,17
Cleveland,OH,Single-family,"Single-family, 2,000 sq. ft.",1,2000,"City neighborhood (4,000/sq. mi.)",1.68,1.53,1.83,1.53–1.83,0.57,0.51,0.64,0.51–0.64,18
Houston,TX,Single-family,"Single-family, 2,000 sq. ft.",1,2000,"City neighborhood (4,000/sq. mi.)",1.56,1.5,1.63,1.5–1.63,0.29,0.27,0.31,0.27–0.31,19
Baltimore,MD,Single-family,"Single-family, 2,000 sq. ft.",1,2000,"City neighborhood (4,000/sq. mi.)",1.52,1.18,1.86,1.18–1.86,0.72,0.47,0.97,0.47–0.97,20
Anaheim,CA,Single-family,"Single-family, 2,000 sq. ft.",1,2000,"City neighborhood (4,000/sq. mi.)",1.5,1.34,1.67,1.34–1.67,0.58,0.49,0.67,0.49–0.67,21
Albuquerque,NM,Single-family,"Single-family, 2,000 sq. ft.",1,2000,"City neighborhood (4,000/sq. mi.)",1.5,1.42,1.58,1.42–1.58,0.1,0.09,0.11,0.09–0.11,22
Cincinnati,OH,Single-family,"Single-family, 2,000 sq. ft.",1,2000,"City neighborhood (4,000/sq. mi.)",1.46,1.37,1.54,1.37–1.54,0.23,0.2,0.25,0.2–0.25,23
Sacramento,CA,Single-family,"Single-family, 2,000 sq. ft.",1,2000,"City neighborhood (4,000/sq. mi.)",1.42,1.35,1.49,1.35–1.49,0.42,0.39,0.45,0.39–0.45,24
Atlanta,GA,Single-family,"Single-family, 2,000 sq. ft.",1,2000,"City neighborhood (4,000/sq. mi.)",1.3,1.25,1.36,1.25–1.36,0.39,0.36,0.43,0.36–0.43,25
Portland,OR,Single-family,"Single-family, 2,000 sq. ft.",1,2000,"City neighborhood (4,000/sq. mi.)",1.29,1.26,1.32,1.26–1.32,0.49,0.47,0.5,0.47–0.5,26
Ann Arbor,MI,Single-family,"Single-family, 2,000 sq. ft.",1,2000,"City neighborhood (4,000/sq. mi.)",1.27,1.09,1.45,1.09–1.45,0.2,0.14,0.26,0.14–0.26,27
Sioux Falls,SD,Single-family,"Single-family, 2,000 sq. ft.",1,2000,"City neighborhood (4,000/sq. mi.)",1.23,0.97,1.5,0.97–1.5,0.05,0.02,0.07,0.02–0.07,28
Austin,TX,Single-family,"Single-family, 2,000 sq. ft.",1,2000,"City neighborhood (4,000/sq. mi.)",1.23,1.19,1.28,1.19–1.28,0.22,0.21,0.24,0.21–0.24,29
Spokane,WA,Single-family,"Single-family, 2,000 sq. ft.",1,2000,"City neighborhood (4,000/sq. mi.)",1.15,1.07,1.24,1.07–1.24,0.08,0.07,0.08,0.07–0.08,30
Reno,NV,Single-family,"Single-family, 2,000 sq. ft.",1,2000,"City neighborhood (4,000/sq. mi.)",1.12,0.94,1.3,0.94–1.3,0.37,0.23,0.5,0.23–0.5,31
Jacksonville,FL,Single-family,"Single-family, 2,000 sq. ft.",1,2000,"City neighborhood (4,000/sq. mi.)",1.1,1.06,1.14,1.06–1.14,0.16,0.15,0.16,0.15–0.16,32
Omaha,NE,Single-family,"Single-family, 2,000 sq. ft.",1,2000,"City neighborhood (4,000/sq. mi.)",1,0.94,1.07,0.94–1.07,0.03,0.02,0.03,0.02–0.03,33
Orlando,FL,Single-family,"Single-family, 2,000 sq. ft.",1,2000,"City neighborhood (4,000/sq. mi.)",1,0.95,1.05,0.95–1.05,0.21,0.19,0.23,0.19–0.23,34
New Orleans,LA,Single-family,"Single-family, 2,000 sq. ft.",1,2000,"City neighborhood (4,000/sq. mi.)",0.97,0.94,1.01,0.94–1.01,0.12,0.11,0.13,0.11–0.13,35
Tulsa,OK,Single-family,"Single-family, 2,000 sq. ft.",1,2000,"City neighborhood (4,000/sq. mi.)",0.96,0.87,1.05,0.87–1.05,0.09,0.07,0.1,0.07–0.1,36
Denver,CO,Single-family,"Single-family, 2,000 sq. ft.",1,2000,"City neighborhood (4,000/sq. mi.)",0.93,0.91,0.95,0.91–0.95,0.2,0.19,0.21,0.19–0.21,37
Baton Rouge,LA,Single-family,"Single-family, 2,000 sq. ft.",1,2000,"City neighborhood (4,000/sq. mi.)",0.89,0.81,0.97,0.81–0.97,0.25,0.21,0.29,0.21–0.29,38
Tampa,FL,Single-family,"Single-family, 2,000 sq. ft.",1,2000,"City neighborhood (4,000/sq. mi.)",0.83,0.8,0.86,0.8–0.86,0.18,0.17,0.19,0.17–0.19,39
Nashville,TN,Single-family,"Single-family, 2,000 sq. ft.",1,2000,"City neighborhood (4,000/sq. mi.)",0.82,0.8,0.83,0.8–0.83,0.06,0.06,0.07,0.06–0.07,40
Columbus,OH,Single-family,"Single-family, 2,000 sq. ft.",1,2000,"City neighborhood (4,000/sq. mi.)",0.81,0.78,0.83,0.78–0.83,0.04,0.04,0.05,0.04–0.05,41
San Antonio,TX,Single-family,"Single-family, 2,000 sq. ft.",1,2000,"City neighborhood (4,000/sq. mi.)",0.8,0.78,0.82,0.78–0.82,0.07,0.07,0.08,0.07–0.08,42
Louisville,KY,Single-family,"Single-family, 2,000 sq. ft.",1,2000,"City neighborhood (4,000/sq. mi.)",0.79,0.75,0.83,0.75–0.83,0.03,0.03,0.04,0.03–0.04,43
Norfolk,VA,Single-family,"Single-family, 2,000 sq. ft.",1,2000,"City neighborhood (4,000/sq. mi.)",0.76,0.71,0.81,0.71–0.81,0.17,0.14,0.2,0.14–0.2,44
Charleston,SC,Single-family,"Single-family, 2,000 sq. ft.",1,2000,"City neighborhood (4,000/sq. mi.)",0.75,0.71,0.78,0.71–0.78,0.09,0.09,0.1,0.09–0.1,45
Little Rock,AR,Single-family,"Single-family, 2,000 sq. ft.",1,2000,"City neighborhood (4,000/sq. mi.)",0.73,0.67,0.79,0.67–0.79,0.01,0.01,0.01,0.01–0.01,46
Raleigh,NC,Single-family,"Single-family, 2,000 sq. ft.",1,2000,"City neighborhood (4,000/sq. mi.)",0.72,0.68,0.75,0.68–0.75,0.14,0.13,0.15,0.13–0.15,47
Durham,NC,Single-family,"Single-family, 2,000 sq. ft.",1,2000,"City neighborhood (4,000/sq. mi.)",0.71,0.69,0.73,0.69–0.73,0.1,0.1,0.11,0.1–0.11,48
Boise,ID,Single-family,"Single-family, 2,000 sq. ft.",1,2000,"City neighborhood (4,000/sq. mi.)",0.7,0.68,0.71,0.68–0.71,0.12,0.12,0.13,0.12–0.13,49
Oklahoma City,OK,Single-family,"Single-family, 2,000 sq. ft.",1,2000,"City neighborhood (4,000/sq. mi.)",0.68,0.67,0.69,0.67–0.69,0.03,0.03,0.03,0.03–0.03,50
Fort Worth,TX,Single-family,"Single-family, 2,000 sq. ft.",1,2000,"City neighborhood (4,000/sq. mi.)",0.62,0.61,0.63,0.61–0.63,0.09,0.09,0.09,0.09–0.09,51
Mesa,AZ,Single-family,"Single-family, 2,000 sq. ft.",1,2000,"City neighborhood (4,000/sq. mi.)",0.6,0.57,0.62,0.57–0.62,0.06,0.05,0.07,0.05–0.07,52
Colorado Springs,CO,Single-family,"Single-family, 2,000 sq. ft.",1,2000,"City neighborhood (4,000/sq. mi.)",0.58,0.56,0.6,0.56–0.6,0.08,0.07,0.08,0.07–0.08,53
Wilmington,NC,Single-family,"Single-family, 2,000 sq. ft.",1,2000,"City neighborhood (4,000/sq. mi.)",0.57,0.55,0.59,0.55–0.59,0.01,0.01,0.01,0.01–0.01,54
Phoenix,AZ,Single-family,"Single-family, 2,000 sq. ft.",1,2000,"City neighborhood (4,000/sq. mi.)",0.55,0.55,0.56,0.55–0.56,0.05,0.05,0.05,0.05–0.05,55
El Paso,TX,Single-family,"Single-family, 2,000 sq. ft.",1,2000,"City neighborhood (4,000/sq. mi.)",0.55,0.53,0.56,0.53–0.56,0.07,0.06,0.07,0.06–0.07,56
Indianapolis,IN,Single-family,"Single-family, 2,000 sq. ft.",1,2000,"City neighborhood (4,000/sq. mi.)",0.44,0.41,0.47,0.41–0.47,0.01,0.01,0.02,0.01–0.02,57
Miami,FL,Single-family,"Single-family, 2,000 sq. ft.",1,2000,"Dense city neighborhood (10,000/sq. mi.)",3.66,3.44,3.88,3.44–3.88,1.27,1.16,1.37,1.16–1.37,1
San Francisco,CA,Single-family,"Single-family, 2,000 sq. ft.",1,2000,"Dense city neighborhood (10,000/sq. mi.)",3.27,2.83,3.7,2.83–3.7,1.05,0.85,1.25,0.85–1.25,2
Philadelphia,PA,Single-family,"Single-family, 2,000 sq. ft.",1,2000,"Dense city neighborhood (10,000/sq. mi.)",2.88,2.59,3.18,2.59–3.18,0.23,0.18,0.28,0.18–0.28,3
Pittsburgh,PA,Single-family,"Single-family, 2,000 sq. ft.",1,2000,"Dense city neighborhood (10,000/sq. mi.)",2.88,2.29,3.46,2.29–3.46,1.8,1.17,2.43,1.17–2.43,4
Oakland,CA,Single-family,"Single-family, 2,000 sq. ft.",1,2000,"Dense city neighborhood (10,000/sq. mi.)",2.76,2.54,2.99,2.54–2.99,0.45,0.4,0.5,0.4–0.5,5
Boston,MA,Single-family,"Single-family, 2,000 sq. ft.",1,2000,"Dense city neighborhood (10,000/sq. mi.)",2.67,2.34,3.01,2.34–3.01,1.19,0.95,1.42,0.95–1.42,6
Los Angeles,CA,Single-family,"Single-family, 2,000 sq. ft.",1,2000,"Dense city neighborhood (10,000/sq. mi.)",2.54,2.5,2.58,2.5–2.58,0.76,0.74,0.77,0.74–0.77,7
New York,NY,Single-family,"Single-family, 2,000 sq. ft.",1,2000,"Dense city neighborhood (10,000/sq. mi.)",2.44,2.37,2.52,2.37–2.52,0.65,0.62,0.68,0.62–0.68,8
St. Paul,MN,Single-family,"Single-family, 2,000 sq. ft.",1,2000,"Dense city neighborhood (10,000/sq. mi.)",2.41,2.04,2.78,2.04–2.78,0.18,0.15,0.2,0.15–0.2,9
San Jose,CA,Single-family,"Single-family, 2,000 sq. ft.",1,2000,"Dense city neighborhood (10,000/sq. mi.)",2.23,1.76,2.69,1.76–2.69,0.33,0.18,0.47,0.18–0.47,10
Fort Lauderdale,FL,Single-family,"Single-family, 2,000 sq. ft.",1,2000,"Dense city neighborhood (10,000/sq. mi.)",2.21,1.93,2.48,1.93–2.48,0.59,0.48,0.7,0.48–0.7,11
San Diego,CA,Single-family,"Single-family, 2,000 sq. ft.",1,2000,"Dense city neighborhood (10,000/sq. mi.)",2.19,2.08,2.29,2.08–2.29,0.66,0.61,0.7,0.61–0.7,12
Honolulu,HI,Single-family,"Single-family, 2,000 sq. ft.",1,2000,"Dense city neighborhood (10,000/sq. mi.)",2.14,2.07,2.2,2.07–2.2,0.66,0.64,0.69,0.64–0.69,13
Providence,RI,Single-family,"Single-family, 2,000 sq. ft.",1,2000,"Dense city neighborhood (10,000/sq. mi.)",2.08,1.56,2.59,1.56–2.59,0.14,0.09,0.18,0.09–0.18,14
Boulder,CO,Single-family,"Single-family, 2,000 sq. ft.",1,2000,"Dense city neighborhood (10,000/sq. mi.)",1.92,1.67,2.16,1.67–2.16,0.45,0.37,0.53,0.37–0.53,15
Seattle,WA,Single-family,"Single-family, 2,000 sq. ft.",1,2000,"Dense city neighborhood (10,000/sq. mi.)",1.92,1.86,1.98,1.86–1.98,0.55,0.52,0.57,0.52–0.57,16
Anaheim,CA,Single-family,"Single-family, 2,000 sq. ft.",1,2000,"Dense city neighborhood (10,000/sq. mi.)",1.64,1.46,1.83,1.46–1.83,0.67,0.56,0.78,0.56–0.78,17
Cleveland,OH,Single-family,"Single-family, 2,000 sq. ft.",1,2000,"Dense city neighborhood (10,000/sq. mi.)",1.64,1.48,1.8,1.48–1.8,0.56,0.49,0.63,0.49–0.63,18
Houston,TX,Single-family,"Single-family, 2,000 sq. ft.",1,2000,"Dense city neighborhood (10,000/sq. mi.)",1.62,1.54,1.7,1.54–1.7,0.3,0.27,0.32,0.27–0.32,19
Albuquerque,NM,Single-family,"Single-family, 2,000 sq. ft.",1,2000,"Dense city neighborhood (10,000/sq. mi.)",1.54,1.45,1.63,1.45–1.63,0.1,0.09,0.11,0.09–0.11,20
Cincinnati,OH,Single-family,"Single-family, 2,000 sq. ft.",1,2000,"Dense city neighborhood (10,000/sq. mi.)",1.48,1.37,1.59,1.37–1.59,0.24,0.21,0.28,0.21–0.28,21
Sacramento,CA,Single-family,"Single-family, 2,000 sq. ft.",1,2000,"Dense city neighborhood (10,000/sq. mi.)",1.45,1.38,1.53,1.38–1.53,0.5,0.46,0.54,0.46–0.54,22
Austin,TX,Single-family,"Single-family, 2,000 sq. ft.",1,2000,"Dense city neighborhood (10,000/sq. mi.)",1.41,1.35,1.46,1.35–1.46,0.3,0.28,0.32,0.28–0.32,23
Atlanta,GA,Single-family,"Single-family, 2,000 sq. ft.",1,2000,"Dense city neighborhood (10,000/sq. mi.)",1.37,1.31,1.43,1.31–1.43,0.42,0.37,0.46,0.37–0.46,24
Ann Arbor,MI,Single-family,"Single-family, 2,000 sq. ft.",1,2000,"Dense city neighborhood (10,000/sq. mi.)",1.29,1.08,1.49,1.08–1.49,0.21,0.15,0.27,0.15–0.27,25
Buffalo,NY,Single-family,"Single-family, 2,000 sq. ft.",1,2000,"Dense city neighborhood (10,000/sq. mi.)",1.24,0.91,1.57,0.91–1.57,0.32,0.18,0.47,0.18–0.47,26
Sioux Falls,SD,Single-family,"Single-family, 2,000 sq. ft.",1,2000,"Dense city neighborhood (10,000/sq. mi.)",1.23,0.96,1.49,0.96–1.49,0.04,0.02,0.06,0.02–0.06,27
Denver,CO,Single-family,"Single-family, 2,000 sq. ft.",1,2000,"Dense city neighborhood (10,000/sq. mi.)",1.22,1.2,1.25,1.2–1.25,0.32,0.31,0.34,0.31–0.34,28
Portland,OR,Single-family,"Single-family, 2,000 sq. ft.",1,2000,"Dense city neighborhood (10,000/sq. mi.)",1.2,1.17,1.23,1.17–1.23,0.43,0.42,0.45,0.42–0.45,29
Spokane,WA,Single-family,"Single-family, 2,000 sq. ft.",1,2000,"Dense city neighborhood (10,000/sq. mi.)",1.19,1.09,1.3,1.09–1.3,0.08,0.08,0.09,0.08–0.09,30
Tulsa,OK,Single-family,"Single-family, 2,000 sq. ft.",1,2000,"Dense city neighborhood (10,000/sq. mi.)",1.16,1.03,1.29,1.03–1.29,0.11,0.09,0.13,0.09–0.13,31
Jacksonville,FL,Single-family,"Single-family, 2,000 sq. ft.",1,2000,"Dense city neighborhood (10,000/sq. mi.)",1.14,1.1,1.18,1.1–1.18,0.16,0.16,0.17,0.16–0.17,32
Tampa,FL,Single-family,"Single-family, 2,000 sq. ft.",1,2000,"Dense city neighborhood (10,000/sq. mi.)",1.13,1.08,1.19,1.08–1.19,0.24,0.22,0.26,0.22–0.26,33
Reno,NV,Single-family,"Single-family, 2,000 sq. ft.",1,2000,"Dense city neighborhood (10,000/sq. mi.)",1.12,0.94,1.3,0.94–1.3,0.37,0.23,0.51,0.23–0.51,34
Baltimore,MD,Single-family,"Single-family, 2,000 sq. ft.",1,2000,"Dense city neighborhood (10,000/sq. mi.)",1.05,0.9,1.19,0.9–1.19,0.49,0.37,0.6,0.37–0.6,35
Orlando,FL,Single-family,"Single-family, 2,000 sq. ft.",1,2000,"Dense city neighborhood (10,000/sq. mi.)",1.04,0.98,1.1,0.98–1.1,0.22,0.19,0.24,0.19–0.24,36
Omaha,NE,Single-family,"Single-family, 2,000 sq. ft.",1,2000,"Dense city neighborhood (10,000/sq. mi.)",0.99,0.92,1.06,0.92–1.06,0.03,0.02,0.03,0.02–0.03,37
Baton Rouge,LA,Single-family,"Single-family, 2,000 sq. ft.",1,2000,"Dense city neighborhood (10,000/sq. mi.)",0.96,0.87,1.04,0.87–1.04,0.3,0.25,0.35,0.25–0.35,38
Columbus,OH,Single-family,"Single-family, 2,000 sq. ft.",1,2000,"Dense city neighborhood (10,000/sq. mi.)",0.93,0.89,0.96,0.89–0.96,0.06,0.06,0.07,0.06–0.07,39
New Orleans,LA,Single-family,"Single-family, 2,000 sq. ft.",1,2000,"Dense city neighborhood (10,000/sq. mi.)",0.91,0.87,0.95,0.87–0.95,0.11,0.1,0.12,0.1–0.12,40
Nashville,TN,Single-family,"Single-family, 2,000 sq. ft.",1,2000,"Dense city neighborhood (10,000/sq. mi.)",0.91,0.88,0.93,0.88–0.93,0.07,0.06,0.07,0.06–0.07,41
Norfolk,VA,Single-family,"Single-family, 2,000 sq. ft.",1,2000,"Dense city neighborhood (10,000/sq. mi.)",0.87,0.8,0.94,0.8–0.94,0.19,0.15,0.23,0.15–0.23,42
Charleston,SC,Single-family,"Single-family, 2,000 sq. ft.",1,2000,"Dense city neighborhood (10,000/sq. mi.)",0.86,0.81,0.91,0.81–0.91,0.11,0.1,0.12,0.1–0.12,43
San Antonio,TX,Single-family,"Single-family, 2,000 sq. ft.",1,2000,"Dense city neighborhood (10,000/sq. mi.)",0.85,0.83,0.88,0.83–0.88,0.09,0.08,0.09,0.08–0.09,44
Louisville,KY,Single-family,"Single-family, 2,000 sq. ft.",1,2000,"Dense city neighborhood (10,000/sq. mi.)",0.82,0.77,0.87,0.77–0.87,0.03,0.03,0.04,0.03–0.04,45
Durham,NC,Single-family,"Single-family, 2,000 sq. ft.",1,2000,"Dense city neighborhood (10,000/sq. mi.)",0.8,0.77,0.83,0.77–0.83,0.12,0.12,0.13,0.12–0.13,46
Raleigh,NC,Single-family,"Single-family, 2,000 sq. ft.",1,2000,"Dense city neighborhood (10,000/sq. mi.)",0.79,0.75,0.83,0.75–0.83,0.15,0.14,0.16,0.14–0.16,47
Little Rock,AR,Single-family,"Single-family, 2,000 sq. ft.",1,2000,"Dense city neighborhood (10,000/sq. mi.)",0.76,0.69,0.82,0.69–0.82,0.01,0.01,0.01,0.01–0.01,48
Boise,ID,Single-family,"Single-family, 2,000 sq. ft.",1,2000,"Dense city neighborhood (10,000/sq. mi.)",0.73,0.71,0.75,0.71–0.75,0.13,0.12,0.13,0.12–0.13,49
Oklahoma City,OK,Single-family,"Single-family, 2,000 sq. ft.",1,2000,"Dense city neighborhood (10,000/sq. mi.)",0.69,0.67,0.7,0.67–0.7,0.03,0.03,0.03,0.03–0.03,50
Fort Worth,TX,Single-family,"Single-family, 2,000 sq. ft.",1,2000,"Dense city neighborhood (10,000/sq. mi.)",0.62,0.61,0.63,0.61–0.63,0.09,0.09,0.1,0.09–0.1,51
Wilmington,NC,Single-family,"Single-family, 2,000 sq. ft.",1,2000,"Dense city neighborhood (10,000/sq. mi.)",0.6,0.57,0.63,0.57–0.63,0.01,0,0.01,0–0.01,52
Colorado Springs,CO,Single-family,"Single-family, 2,000 sq. ft.",1,2000,"Dense city neighborhood (10,000/sq. mi.)",0.59,0.57,0.61,0.57–0.61,0.08,0.08,0.09,0.08–0.09,53
El Paso,TX,Single-family,"Single-family, 2,000 sq. ft.",1,2000,"Dense city neighborhood (10,000/sq. mi.)",0.58,0.56,0.6,0.56–0.6,0.07,0.06,0.08,0.06–0.08,54
Mesa,AZ,Single-family,"Single-family, 2,000 sq. ft.",1,2000,"Dense city neighborhood (10,000/sq. mi.)",0.58,0.56,0.61,0.56–0.61,0.07,0.06,0.08,0.06–0.08,55
Phoenix,AZ,Single-family,"Single-family, 2,000 sq. ft.",1,2000,"Dense city neighborhood (10,000/sq. mi.)",0.57,0.56,0.58,0.56–0.58,0.06,0.05,0.06,0.05–0.06,56
Indianapolis,IN,Single-family,"Single-family, 2,000 sq. ft.",1,2000,"Dense city neighborhood (10,000/sq. mi.)",0.47,0.43,0.5,0.43–0.5,0.02,0.01,0.02,0.01–0.02,57
Miami,FL,Single-family,"Single-family, 2,000 sq. ft.",1,2000,"Urban core (25,000/sq. mi.)",3.84,3.42,4.25,3.42–4.25,1.21,1.02,1.4,1.02–1.4,1
San Francisco,CA,Single-family,"Single-family, 2,000 sq. ft.",1,2000,"Urban core (25,000/sq. mi.)",3.09,2.63,3.56,2.63–3.56,1.09,0.86,1.32,0.86–1.32,2
Pittsburgh,PA,Single-family,"Single-family, 2,000 sq. ft.",1,2000,"Urban core (25,000/sq. mi.)",3.02,2.19,3.86,2.19–3.86,3.02,1.55,4.49,1.55–4.49,3
St. Paul,MN,Single-family,"Single-family, 2,000 sq. ft.",1,2000,"Urban core (25,000/sq. mi.)",2.95,2.21,3.7,2.21–3.7,0.2,0.14,0.25,0.14–0.25,4
Philadelphia,PA,Single-family,"Single-family, 2,000 sq. ft.",1,2000,"Urban core (25,000/sq. mi.)",2.88,2.58,3.17,2.58–3.17,0.23,0.18,0.29,0.18–0.29,5
Boston,MA,Single-family,"Single-family, 2,000 sq. ft.",1,2000,"Urban core (25,000/sq. mi.)",2.88,2.41,3.35,2.41–3.35,1.14,0.88,1.4,0.88–1.4,6
Oakland,CA,Single-family,"Single-family, 2,000 sq. ft.",1,2000,"Urban core (25,000/sq. mi.)",2.79,2.52,3.05,2.52–3.05,0.48,0.42,0.54,0.42–0.54,7
Fort Lauderdale,FL,Single-family,"Single-family, 2,000 sq. ft.",1,2000,"Urban core (25,000/sq. mi.)",2.54,2.08,3.01,2.08–3.01,0.69,0.5,0.89,0.5–0.89,8
New York,NY,Single-family,"Single-family, 2,000 sq. ft.",1,2000,"Urban core (25,000/sq. mi.)",2.52,2.43,2.6,2.43–2.6,0.63,0.6,0.67,0.6–0.67,9
Los Angeles,CA,Single-family,"Single-family, 2,000 sq. ft.",1,2000,"Urban core (25,000/sq. mi.)",2.51,2.46,2.56,2.46–2.56,0.71,0.69,0.73,0.69–0.73,10
San Diego,CA,Single-family,"Single-family, 2,000 sq. ft.",1,2000,"Urban core (25,000/sq. mi.)",2.33,2.19,2.47,2.19–2.47,0.68,0.63,0.74,0.63–0.74,11
San Jose,CA,Single-family,"Single-family, 2,000 sq. ft.",1,2000,"Urban core (25,000/sq. mi.)",2.3,1.76,2.85,1.76–2.85,0.31,0.15,0.46,0.15–0.46,12
Honolulu,HI,Single-family,"Single-family, 2,000 sq. ft.",1,2000,"Urban core (25,000/sq. mi.)",2.09,2.02,2.16,2.02–2.16,0.63,0.6,0.66,0.6–0.66,13
Providence,RI,Single-family,"Single-family, 2,000 sq. ft.",1,2000,"Urban core (25,000/sq. mi.)",2.02,1.37,2.68,1.37–2.68,0.13,0.07,0.18,0.07–0.18,14
Boulder,CO,Single-family,"Single-family, 2,000 sq. ft.",1,2000,"Urban core (25,000/sq. mi.)",1.84,1.58,2.1,1.58–2.1,0.44,0.35,0.53,0.35–0.53,15
Seattle,WA,Single-family,"Single-family, 2,000 sq. ft.",1,2000,"Urban core (25,000/sq. mi.)",1.81,1.73,1.89,1.73–1.89,0.49,0.45,0.52,0.45–0.52,16
Anaheim,CA,Single-family,"Single-family, 2,000 sq. ft.",1,2000,"Urban core (25,000/sq. mi.)",1.8,1.54,2.06,1.54–2.06,0.78,0.62,0.94,0.62–0.94,17
Houston,TX,Single-family,"Single-family, 2,000 sq. ft.",1,2000,"Urban core (25,000/sq. mi.)",1.68,1.58,1.78,1.58–1.78,0.3,0.27,0.34,0.27–0.34,18
Denver,CO,Single-family,"Single-family, 2,000 sq. ft.",1,2000,"Urban core (25,000/sq. mi.)",1.61,1.55,1.68,1.55–1.68,0.53,0.48,0.57,0.48–0.57,19
Austin,TX,Single-family,"Single-family, 2,000 sq. ft.",1,2000,"Urban core (25,000/sq. mi.)",1.6,1.54,1.67,1.54–1.67,0.4,0.37,0.43,0.37–0.43,20
Cleveland,OH,Single-family,"Single-family, 2,000 sq. ft.",1,2000,"Urban core (25,000/sq. mi.)",1.6,1.39,1.81,1.39–1.81,0.54,0.45,0.64,0.45–0.64,21
Albuquerque,NM,Single-family,"Single-family, 2,000 sq. ft.",1,2000,"Urban core (25,000/sq. mi.)",1.58,1.48,1.68,1.48–1.68,0.1,0.09,0.11,0.09–0.11,22
Tampa,FL,Single-family,"Single-family, 2,000 sq. ft.",1,2000,"Urban core (25,000/sq. mi.)",1.54,1.43,1.65,1.43–1.65,0.33,0.28,0.37,0.28–0.37,23
Cincinnati,OH,Single-family,"Single-family, 2,000 sq. ft.",1,2000,"Urban core (25,000/sq. mi.)",1.5,1.32,1.68,1.32–1.68,0.26,0.21,0.31,0.21–0.31,24
Sacramento,CA,Single-family,"Single-family, 2,000 sq. ft.",1,2000,"Urban core (25,000/sq. mi.)",1.49,1.41,1.57,1.41–1.57,0.59,0.54,0.64,0.54–0.64,25
Atlanta,GA,Single-family,"Single-family, 2,000 sq. ft.",1,2000,"Urban core (25,000/sq. mi.)",1.44,1.37,1.52,1.37–1.52,0.44,0.38,0.49,0.38–0.49,26
Tulsa,OK,Single-family,"Single-family, 2,000 sq. ft.",1,2000,"Urban core (25,000/sq. mi.)",1.39,1.21,1.58,1.21–1.58,0.15,0.11,0.18,0.11–0.18,27
Ann Arbor,MI,Single-family,"Single-family, 2,000 sq. ft.",1,2000,"Urban core (25,000/sq. mi.)",1.3,1.05,1.56,1.05–1.56,0.22,0.14,0.3,0.14–0.3,28
Spokane,WA,Single-family,"Single-family, 2,000 sq. ft.",1,2000,"Urban core (25,000/sq. mi.)",1.24,1.1,1.38,1.1–1.38,0.09,0.08,0.1,0.08–0.1,29
Sioux Falls,SD,Single-family,"Single-family, 2,000 sq. ft.",1,2000,"Urban core (25,000/sq. mi.)",1.22,0.95,1.49,0.95–1.49,0.03,0.01,0.05,0.01–0.05,30
Jacksonville,FL,Single-family,"Single-family, 2,000 sq. ft.",1,2000,"Urban core (25,000/sq. mi.)",1.18,1.13,1.23,1.13–1.23,0.17,0.16,0.18,0.16–0.18,31
Reno,NV,Single-family,"Single-family, 2,000 sq. ft.",1,2000,"Urban core (25,000/sq. mi.)",1.12,0.94,1.3,0.94–1.3,0.37,0.23,0.51,0.23–0.51,32
Portland,OR,Single-family,"Single-family, 2,000 sq. ft.",1,2000,"Urban core (25,000/sq. mi.)",1.12,1.07,1.16,1.07–1.16,0.39,0.36,0.42,0.36–0.42,33
Orlando,FL,Single-family,"Single-family, 2,000 sq. ft.",1,2000,"Urban core (25,000/sq. mi.)",1.08,1.01,1.14,1.01–1.14,0.22,0.19,0.24,0.19–0.24,34
Columbus,OH,Single-family,"Single-family, 2,000 sq. ft.",1,2000,"Urban core (25,000/sq. mi.)",1.06,1,1.12,1–1.12,0.1,0.08,0.11,0.08–0.11,35
Baton Rouge,LA,Single-family,"Single-family, 2,000 sq. ft.",1,2000,"Urban core (25,000/sq. mi.)",1.03,0.92,1.13,0.92–1.13,0.36,0.28,0.43,0.28–0.43,36
Nashville,TN,Single-family,"Single-family, 2,000 sq. ft.",1,2000,"Urban core (25,000/sq. mi.)",1.01,0.97,1.05,0.97–1.05,0.07,0.07,0.08,0.07–0.08,37
Norfolk,VA,Single-family,"Single-family, 2,000 sq. ft.",1,2000,"Urban core (25,000/sq. mi.)",1,0.89,1.12,0.89–1.12,0.21,0.16,0.27,0.16–0.27,38
Charleston,SC,Single-family,"Single-family, 2,000 sq. ft.",1,2000,"Urban core (25,000/sq. mi.)",0.99,0.92,1.05,0.92–1.05,0.13,0.11,0.15,0.11–0.15,39
Omaha,NE,Single-family,"Single-family, 2,000 sq. ft.",1,2000,"Urban core (25,000/sq. mi.)",0.98,0.9,1.06,0.9–1.06,0.03,0.02,0.03,0.02–0.03,40
San Antonio,TX,Single-family,"Single-family, 2,000 sq. ft.",1,2000,"Urban core (25,000/sq. mi.)",0.91,0.88,0.94,0.88–0.94,0.1,0.1,0.11,0.1–0.11,41
Durham,NC,Single-family,"Single-family, 2,000 sq. ft.",1,2000,"Urban core (25,000/sq. mi.)",0.9,0.85,0.94,0.85–0.94,0.15,0.14,0.16,0.14–0.16,42
Raleigh,NC,Single-family,"Single-family, 2,000 sq. ft.",1,2000,"Urban core (25,000/sq. mi.)",0.87,0.82,0.92,0.82–0.92,0.15,0.14,0.16,0.14–0.16,43
Buffalo,NY,Single-family,"Single-family, 2,000 sq. ft.",1,2000,"Urban core (25,000/sq. mi.)",0.86,0.56,1.15,0.56–1.15,0.2,0.1,0.3,0.1–0.3,44
New Orleans,LA,Single-family,"Single-family, 2,000 sq. ft.",1,2000,"Urban core (25,000/sq. mi.)",0.85,0.81,0.9,0.81–0.9,0.1,0.08,0.11,0.08–0.11,45
Louisville,KY,Single-family,"Single-family, 2,000 sq. ft.",1,2000,"Urban core (25,000/sq. mi.)",0.85,0.77,0.92,0.77–0.92,0.03,0.03,0.04,0.03–0.04,46
Little Rock,AR,Single-family,"Single-family, 2,000 sq. ft.",1,2000,"Urban core (25,000/sq. mi.)",0.79,0.72,0.86,0.72–0.86,0.01,0.01,0.01,0.01–0.01,47
Boise,ID,Single-family,"Single-family, 2,000 sq. ft.",1,2000,"Urban core (25,000/sq. mi.)",0.76,0.74,0.79,0.74–0.79,0.13,0.12,0.14,0.12–0.14,48
Baltimore,MD,Single-family,"Single-family, 2,000 sq. ft.",1,2000,"Urban core (25,000/sq. mi.)",0.72,0.6,0.84,0.6–0.84,0.33,0.25,0.4,0.25–0.4,49
Oklahoma City,OK,Single-family,"Single-family, 2,000 sq. ft.",1,2000,"Urban core (25,000/sq. mi.)",0.69,0.67,0.71,0.67–0.71,0.03,0.03,0.03,0.03–0.03,50
Wilmington,NC,Single-family,"Single-family, 2,000 sq. ft.",1,2000,"Urban core (25,000/sq. mi.)",0.64,0.59,0.68,0.59–0.68,0.01,0,0.01,0–0.01,51
Fort Worth,TX,Single-family,"Single-family, 2,000 sq. ft.",1,2000,"Urban core (25,000/sq. mi.)",0.62,0.61,0.63,0.61–0.63,0.09,0.09,0.1,0.09–0.1,52
El Paso,TX,Single-family,"Single-family, 2,000 sq. ft.",1,2000,"Urban core (25,000/sq. mi.)",0.62,0.59,0.65,0.59–0.65,0.08,0.07,0.09,0.07–0.09,53
Colorado Springs,CO,Single-family,"Single-family, 2,000 sq. ft.",1,2000,"Urban core (25,000/sq. mi.)",0.6,0.58,0.62,0.58–0.62,0.09,0.08,0.1,0.08–0.1,54
Phoenix,AZ,Single-family,"Single-family, 2,000 sq. ft.",1,2000,"Urban core (25,000/sq. mi.)",0.59,0.58,0.6,0.58–0.6,0.07,0.06,0.07,0.06–0.07,55
Mesa,AZ,Single-family,"Single-family, 2,000 sq. ft.",1,2000,"Urban core (25,000/sq. mi.)",0.57,0.54,0.59,0.54–0.59,0.08,0.07,0.09,0.07–0.09,56
Indianapolis,IN,Single-family,"Single-family, 2,000 sq. ft.",1,2000,"Urban core (25,000/sq. mi.)",0.5,0.45,0.54,0.45–0.54,0.02,0.01,0.03,0.01–0.03,57
San Francisco,CA,Single-family,"Single-family, 2,800 sq. ft.",1,2800,"Low-density suburb (1,000/sq. mi.)",4.14,3.66,4.62,3.66–4.62,1.07,0.87,1.27,0.87–1.27,1
Miami,FL,Single-family,"Single-family, 2,800 sq. ft.",1,2800,"Low-density suburb (1,000/sq. mi.)",3.31,2.77,3.86,2.77–3.86,1.51,1.18,1.85,1.18–1.85,2
Philadelphia,PA,Single-family,"Single-family, 2,800 sq. ft.",1,2800,"Low-density suburb (1,000/sq. mi.)",3.06,2.67,3.44,2.67–3.44,0.22,0.16,0.28,0.16–0.28,3
Oakland,CA,Single-family,"Single-family, 2,800 sq. ft.",1,2800,"Low-density suburb (1,000/sq. mi.)",2.86,2.39,3.32,2.39–3.32,0.43,0.32,0.53,0.32–0.53,4
Los Angeles,CA,Single-family,"Single-family, 2,800 sq. ft.",1,2800,"Low-density suburb (1,000/sq. mi.)",2.68,2.62,2.75,2.62–2.75,0.86,0.83,0.89,0.83–0.89,5
New York,NY,Single-family,"Single-family, 2,800 sq. ft.",1,2800,"Low-density suburb (1,000/sq. mi.)",2.43,2.33,2.53,2.33–2.53,0.72,0.65,0.78,0.65–0.78,6
Seattle,WA,Single-family,"Single-family, 2,800 sq. ft.",1,2800,"Low-density suburb (1,000/sq. mi.)",2.32,2.18,2.46,2.18–2.46,0.74,0.67,0.81,0.67–0.81,7
Boston,MA,Single-family,"Single-family, 2,800 sq. ft.",1,2800,"Low-density suburb (1,000/sq. mi.)",2.21,1.58,2.85,1.58–2.85,1.33,0.76,1.9,0.76–1.9,8
Honolulu,HI,Single-family,"Single-family, 2,800 sq. ft.",1,2800,"Low-density suburb (1,000/sq. mi.)",2.2,2.13,2.26,2.13–2.26,0.73,0.7,0.76,0.7–0.76,9
Providence,RI,Single-family,"Single-family, 2,800 sq. ft.",1,2800,"Low-density suburb (1,000/sq. mi.)",2.18,1.33,3.02,1.33–3.02,0.16,0.08,0.23,0.08–0.23,10
Boulder,CO,Single-family,"Single-family, 2,800 sq. ft.",1,2800,"Low-density suburb (1,000/sq. mi.)",2.12,1.86,2.37,1.86–2.37,0.51,0.44,0.57,0.44–0.57,11
San Jose,CA,Single-family,"Single-family, 2,800 sq. ft.",1,2800,"Low-density suburb (1,000/sq. mi.)",1.99,1.47,2.52,1.47–2.52,0.36,0.13,0.59,0.13–0.59,12
San Diego,CA,Single-family,"Single-family, 2,800 sq. ft.",1,2800,"Low-density suburb (1,000/sq. mi.)",1.91,1.77,2.05,1.77–2.05,0.63,0.56,0.69,0.56–0.69,13
Cleveland,OH,Single-family,"Single-family, 2,800 sq. ft.",1,2800,"Low-density suburb (1,000/sq. mi.)",1.76,1.55,1.97,1.55–1.97,0.63,0.53,0.74,0.53–0.74,14
Fort Lauderdale,FL,Single-family,"Single-family, 2,800 sq. ft.",1,2800,"Low-density suburb (1,000/sq. mi.)",1.65,1.39,1.92,1.39–1.92,0.42,0.31,0.53,0.31–0.53,15
Portland,OR,Single-family,"Single-family, 2,800 sq. ft.",1,2800,"Low-density suburb (1,000/sq. mi.)",1.57,1.5,1.64,1.5–1.64,0.58,0.54,0.63,0.54–0.63,16
Albuquerque,NM,Single-family,"Single-family, 2,800 sq. ft.",1,2800,"Low-density suburb (1,000/sq. mi.)",1.54,1.48,1.61,1.48–1.61,0.1,0.1,0.11,0.1–0.11,17
Houston,TX,Single-family,"Single-family, 2,800 sq. ft.",1,2800,"Low-density suburb (1,000/sq. mi.)",1.54,1.46,1.62,1.46–1.62,0.28,0.25,0.31,0.25–0.31,18
St. Paul,MN,Single-family,"Single-family, 2,800 sq. ft.",1,2800,"Low-density suburb (1,000/sq. mi.)",1.49,1,1.98,1–1.98,0.16,0.09,0.22,0.09–0.22,19
Cincinnati,OH,Single-family,"Single-family, 2,800 sq. ft.",1,2800,"Low-density suburb (1,000/sq. mi.)",1.47,1.31,1.63,1.31–1.63,0.2,0.16,0.23,0.16–0.23,20
Sacramento,CA,Single-family,"Single-family, 2,800 sq. ft.",1,2800,"Low-density suburb (1,000/sq. mi.)",1.4,1.32,1.49,1.32–1.49,0.33,0.29,0.37,0.29–0.37,21
Anaheim,CA,Single-family,"Single-family, 2,800 sq. ft.",1,2800,"Low-density suburb (1,000/sq. mi.)",1.39,1.18,1.6,1.18–1.6,0.47,0.37,0.56,0.37–0.56,22
Reno,NV,Single-family,"Single-family, 2,800 sq. ft.",1,2800,"Low-density suburb (1,000/sq. mi.)",1.33,1.12,1.54,1.12–1.54,0.4,0.26,0.54,0.26–0.54,23
Sioux Falls,SD,Single-family,"Single-family, 2,800 sq. ft.",1,2800,"Low-density suburb (1,000/sq. mi.)",1.28,1,1.57,1–1.57,0.06,0.03,0.09,0.03–0.09,24
Atlanta,GA,Single-family,"Single-family, 2,800 sq. ft.",1,2800,"Low-density suburb (1,000/sq. mi.)",1.28,1.22,1.34,1.22–1.34,0.37,0.32,0.42,0.32–0.42,25
Ann Arbor,MI,Single-family,"Single-family, 2,800 sq. ft.",1,2800,"Low-density suburb (1,000/sq. mi.)",1.23,1.03,1.43,1.03–1.43,0.17,0.1,0.24,0.1–0.24,26
Spokane,WA,Single-family,"Single-family, 2,800 sq. ft.",1,2800,"Low-density suburb (1,000/sq. mi.)",1.17,1.08,1.25,1.08–1.25,0.07,0.06,0.08,0.06–0.08,27
New Orleans,LA,Single-family,"Single-family, 2,800 sq. ft.",1,2800,"Low-density suburb (1,000/sq. mi.)",1.15,1.09,1.2,1.09–1.2,0.16,0.14,0.18,0.14–0.18,28
Jacksonville,FL,Single-family,"Single-family, 2,800 sq. ft.",1,2800,"Low-density suburb (1,000/sq. mi.)",1.09,1.05,1.13,1.05–1.13,0.14,0.13,0.14,0.13–0.14,29
Austin,TX,Single-family,"Single-family, 2,800 sq. ft.",1,2800,"Low-density suburb (1,000/sq. mi.)",1.07,1.03,1.11,1.03–1.11,0.16,0.14,0.17,0.14–0.17,30
Orlando,FL,Single-family,"Single-family, 2,800 sq. ft.",1,2800,"Low-density suburb (1,000/sq. mi.)",1.06,1.01,1.1,1.01–1.1,0.23,0.21,0.25,0.21–0.25,31
Omaha,NE,Single-family,"Single-family, 2,800 sq. ft.",1,2800,"Low-density suburb (1,000/sq. mi.)",1.02,0.96,1.09,0.96–1.09,0.03,0.03,0.04,0.03–0.04,32
Baton Rouge,LA,Single-family,"Single-family, 2,800 sq. ft.",1,2800,"Low-density suburb (1,000/sq. mi.)",0.9,0.83,0.97,0.83–0.97,0.19,0.16,0.22,0.16–0.22,33
Little Rock,AR,Single-family,"Single-family, 2,800 sq. ft.",1,2800,"Low-density suburb (1,000/sq. mi.)",0.82,0.76,0.87,0.76–0.87,0.01,0.01,0.01,0.01–0.01,34
Nashville,TN,Single-family,"Single-family, 2,800 sq. ft.",1,2800,"Low-density suburb (1,000/sq. mi.)",0.78,0.77,0.79,0.77–0.79,0.06,0.06,0.07,0.06–0.07,35
San Antonio,TX,Single-family,"Single-family, 2,800 sq. ft.",1,2800,"Low-density suburb (1,000/sq. mi.)",0.78,0.76,0.8,0.76–0.8,0.06,0.05,0.06,0.05–0.06,36
Tulsa,OK,Single-family,"Single-family, 2,800 sq. ft.",1,2800,"Low-density suburb (1,000/sq. mi.)",0.78,0.72,0.84,0.72–0.84,0.06,0.05,0.07,0.05–0.07,37
Oklahoma City,OK,Single-family,"Single-family, 2,800 sq. ft.",1,2800,"Low-density suburb (1,000/sq. mi.)",0.75,0.74,0.76,0.74–0.76,0.04,0.03,0.04,0.03–0.04,38
Louisville,KY,Single-family,"Single-family, 2,800 sq. ft.",1,2800,"Low-density suburb (1,000/sq. mi.)",0.72,0.69,0.74,0.69–0.74,0.04,0.03,0.04,0.03–0.04,39
Boise,ID,Single-family,"Single-family, 2,800 sq. ft.",1,2800,"Low-density suburb (1,000/sq. mi.)",0.71,0.69,0.73,0.69–0.73,0.12,0.11,0.12,0.11–0.12,40
Charleston,SC,Single-family,"Single-family, 2,800 sq. ft.",1,2800,"Low-density suburb (1,000/sq. mi.)",0.69,0.67,0.71,0.67–0.71,0.08,0.07,0.08,0.07–0.08,41
Raleigh,NC,Single-family,"Single-family, 2,800 sq. ft.",1,2800,"Low-density suburb (1,000/sq. mi.)",0.69,0.65,0.72,0.65–0.72,0.14,0.13,0.14,0.13–0.14,42
Columbus,OH,Single-family,"Single-family, 2,800 sq. ft.",1,2800,"Low-density suburb (1,000/sq. mi.)",0.68,0.66,0.69,0.66–0.69,0.02,0.02,0.03,0.02–0.03,43
Mesa,AZ,Single-family,"Single-family, 2,800 sq. ft.",1,2800,"Low-density suburb (1,000/sq. mi.)",0.67,0.65,0.7,0.65–0.7,0.06,0.05,0.07,0.05–0.07,44
Fort Worth,TX,Single-family,"Single-family, 2,800 sq. ft.",1,2800,"Low-density suburb (1,000/sq. mi.)",0.64,0.63,0.65,0.63–0.65,0.09,0.08,0.09,0.08–0.09,45
Denver,CO,Single-family,"Single-family, 2,800 sq. ft.",1,2800,"Low-density suburb (1,000/sq. mi.)",0.64,0.61,0.66,0.61–0.66,0.1,0.09,0.11,0.09–0.11,46
Norfolk,VA,Single-family,"Single-family, 2,800 sq. ft.",1,2800,"Low-density suburb (1,000/sq. mi.)",0.63,0.57,0.7,0.57–0.7,0.15,0.12,0.18,0.12–0.18,47
Phoenix,AZ,Single-family,"Single-family, 2,800 sq. ft.",1,2800,"Low-density suburb (1,000/sq. mi.)",0.61,0.6,0.61,0.6–0.61,0.04,0.04,0.05,0.04–0.05,48
Durham,NC,Single-family,"Single-family, 2,800 sq. ft.",1,2800,"Low-density suburb (1,000/sq. mi.)",0.6,0.59,0.61,0.59–0.61,0.07,0.07,0.07,0.07–0.07,49
Colorado Springs,CO,Single-family,"Single-family, 2,800 sq. ft.",1,2800,"Low-density suburb (1,000/sq. mi.)",0.59,0.58,0.61,0.58–0.61,0.07,0.06,0.07,0.06–0.07,50
Tampa,FL,Single-family,"Single-family, 2,800 sq. ft.",1,2800,"Low-density suburb (1,000/sq. mi.)",0.58,0.55,0.61,0.55–0.61,0.12,0.11,0.13,0.11–0.13,51
El Paso,TX,Single-family,"Single-family, 2,800 sq. ft.",1,2800,"Low-density suburb (1,000/sq. mi.)",0.57,0.56,0.58,0.56–0.58,0.06,0.06,0.07,0.06–0.07,52
Wilmington,NC,Single-family,"Single-family, 2,800 sq. ft.",1,2800,"Low-density suburb (1,000/sq. mi.)",0.54,0.53,0.55,0.53–0.55,0.01,0.01,0.01,0.01–0.01,53
Indianapolis,IN,Single-family,"Single-family, 2,800 sq. ft.",1,2800,"Low-density suburb (1,000/sq. mi.)",0.42,0.4,0.45,0.4–0.45,0.01,0.01,0.01,0.01–0.01,54
San Francisco,CA,Single-family,"Single-family, 2,800 sq. ft.",1,2800,"City neighborhood (4,000/sq. mi.)",3.81,3.37,4.24,3.37–4.24,1.14,0.94,1.33,0.94–1.33,1
Miami,FL,Single-family,"Single-family, 2,800 sq. ft.",1,2800,"City neighborhood (4,000/sq. mi.)",3.56,3.3,3.81,3.3–3.81,1.41,1.28,1.54,1.28–1.54,2
Philadelphia,PA,Single-family,"Single-family, 2,800 sq. ft.",1,2800,"City neighborhood (4,000/sq. mi.)",3.05,2.73,3.37,2.73–3.37,0.23,0.18,0.29,0.18–0.29,3
Oakland,CA,Single-family,"Single-family, 2,800 sq. ft.",1,2800,"City neighborhood (4,000/sq. mi.)",2.9,2.59,3.21,2.59–3.21,0.46,0.39,0.54,0.39–0.54,4
Pittsburgh,PA,Single-family,"Single-family, 2,800 sq. ft.",1,2800,"City neighborhood (4,000/sq. mi.)",2.76,2.25,3.27,2.25–3.27,0.97,0.57,1.36,0.57–1.36,5
Los Angeles,CA,Single-family,"Single-family, 2,800 sq. ft.",1,2800,"City neighborhood (4,000/sq. mi.)",2.63,2.59,2.67,2.59–2.67,0.78,0.76,0.8,0.76–0.8,6
New York,NY,Single-family,"Single-family, 2,800 sq. ft.",1,2800,"City neighborhood (4,000/sq. mi.)",2.54,2.47,2.62,2.47–2.62,0.68,0.65,0.72,0.65–0.72,7
Boston,MA,Single-family,"Single-family, 2,800 sq. ft.",1,2800,"City neighborhood (4,000/sq. mi.)",2.47,2.08,2.87,2.08–2.87,1.24,0.93,1.55,0.93–1.55,8
Honolulu,HI,Single-family,"Single-family, 2,800 sq. ft.",1,2800,"City neighborhood (4,000/sq. mi.)",2.13,2.07,2.19,2.07–2.19,0.68,0.65,0.7,0.65–0.7,9
Seattle,WA,Single-family,"Single-family, 2,800 sq. ft.",1,2800,"City neighborhood (4,000/sq. mi.)",2.12,2.05,2.19,2.05–2.19,0.63,0.59,0.66,0.59–0.66,10
San Diego,CA,Single-family,"Single-family, 2,800 sq. ft.",1,2800,"City neighborhood (4,000/sq. mi.)",2.1,2,2.21,2–2.21,0.67,0.62,0.72,0.62–0.72,11
San Jose,CA,Single-family,"Single-family, 2,800 sq. ft.",1,2800,"City neighborhood (4,000/sq. mi.)",2.1,1.68,2.52,1.68–2.52,0.33,0.19,0.47,0.19–0.47,12
Providence,RI,Single-family,"Single-family, 2,800 sq. ft.",1,2800,"City neighborhood (4,000/sq. mi.)",2.1,1.55,2.64,1.55–2.64,0.14,0.09,0.18,0.09–0.18,13
Fort Lauderdale,FL,Single-family,"Single-family, 2,800 sq. ft.",1,2800,"City neighborhood (4,000/sq. mi.)",2.05,1.88,2.23,1.88–2.23,0.53,0.46,0.61,0.46–0.61,14
St. Paul,MN,Single-family,"Single-family, 2,800 sq. ft.",1,2800,"City neighborhood (4,000/sq. mi.)",2.03,1.74,2.32,1.74–2.32,0.18,0.16,0.21,0.16–0.21,15
Boulder,CO,Single-family,"Single-family, 2,800 sq. ft.",1,2800,"City neighborhood (4,000/sq. mi.)",1.98,1.78,2.18,1.78–2.18,0.48,0.42,0.53,0.42–0.53,16
Cleveland,OH,Single-family,"Single-family, 2,800 sq. ft.",1,2800,"City neighborhood (4,000/sq. mi.)",1.69,1.54,1.85,1.54–1.85,0.61,0.54,0.68,0.54–0.68,17
Buffalo,NY,Single-family,"Single-family, 2,800 sq. ft.",1,2800,"City neighborhood (4,000/sq. mi.)",1.65,1.15,2.14,1.15–2.14,0.46,0.23,0.68,0.23–0.68,18
Houston,TX,Single-family,"Single-family, 2,800 sq. ft.",1,2800,"City neighborhood (4,000/sq. mi.)",1.63,1.56,1.69,1.56–1.69,0.29,0.27,0.31,0.27–0.31,19
Albuquerque,NM,Single-family,"Single-family, 2,800 sq. ft.",1,2800,"City neighborhood (4,000/sq. mi.)",1.6,1.53,1.68,1.53–1.68,0.11,0.1,0.11,0.1–0.11,20
Anaheim,CA,Single-family,"Single-family, 2,800 sq. ft.",1,2800,"City neighborhood (4,000/sq. mi.)",1.59,1.42,1.76,1.42–1.76,0.58,0.49,0.67,0.49–0.67,21
Cincinnati,OH,Single-family,"Single-family, 2,800 sq. ft.",1,2800,"City neighborhood (4,000/sq. mi.)",1.51,1.43,1.59,1.43–1.59,0.22,0.2,0.24,0.2–0.24,22
Sacramento,CA,Single-family,"Single-family, 2,800 sq. ft.",1,2800,"City neighborhood (4,000/sq. mi.)",1.46,1.37,1.54,1.37–1.54,0.42,0.38,0.47,0.38–0.47,23
Portland,OR,Single-family,"Single-family, 2,800 sq. ft.",1,2800,"City neighborhood (4,000/sq. mi.)",1.41,1.38,1.44,1.38–1.44,0.49,0.48,0.51,0.48–0.51,24
Baltimore,MD,Single-family,"Single-family, 2,800 sq. ft.",1,2800,"City neighborhood (4,000/sq. mi.)",1.4,1.1,1.71,1.1–1.71,0.67,0.43,0.92,0.43–0.92,25
Atlanta,GA,Single-family,"Single-family, 2,800 sq. ft.",1,2800,"City neighborhood (4,000/sq. mi.)",1.38,1.33,1.44,1.33–1.44,0.4,0.36,0.44,0.36–0.44,26
Reno,NV,Single-family,"Single-family, 2,800 sq. ft.",1,2800,"City neighborhood (4,000/sq. mi.)",1.33,1.12,1.55,1.12–1.55,0.4,0.26,0.55,0.26–0.55,27
Austin,TX,Single-family,"Single-family, 2,800 sq. ft.",1,2800,"City neighborhood (4,000/sq. mi.)",1.31,1.26,1.35,1.26–1.35,0.24,0.23,0.26,0.23–0.26,28
Sioux Falls,SD,Single-family,"Single-family, 2,800 sq. ft.",1,2800,"City neighborhood (4,000/sq. mi.)",1.27,0.99,1.55,0.99–1.55,0.04,0.02,0.07,0.02–0.07,29
Ann Arbor,MI,Single-family,"Single-family, 2,800 sq. ft.",1,2800,"City neighborhood (4,000/sq. mi.)",1.25,1.07,1.44,1.07–1.44,0.18,0.12,0.24,0.12–0.24,30
Spokane,WA,Single-family,"Single-family, 2,800 sq. ft.",1,2800,"City neighborhood (4,000/sq. mi.)",1.23,1.13,1.33,1.13–1.33,0.08,0.07,0.09,0.07–0.09,31
Jacksonville,FL,Single-family,"Single-family, 2,800 sq. ft.",1,2800,"City neighborhood (4,000/sq. mi.)",1.15,1.11,1.19,1.11–1.19,0.15,0.14,0.16,0.14–0.16,32
Orlando,FL,Single-family,"Single-family, 2,800 sq. ft.",1,2800,"City neighborhood (4,000/sq. mi.)",1.12,1.07,1.17,1.07–1.17,0.23,0.21,0.25,0.21–0.25,33
New Orleans,LA,Single-family,"Single-family, 2,800 sq. ft.",1,2800,"City neighborhood (4,000/sq. mi.)",1.04,1,1.08,1–1.08,0.13,0.12,0.15,0.12–0.15,34
Tulsa,OK,Single-family,"Single-family, 2,800 sq. ft.",1,2800,"City neighborhood (4,000/sq. mi.)",1.03,0.94,1.11,0.94–1.11,0.09,0.08,0.1,0.08–0.1,35
Omaha,NE,Single-family,"Single-family, 2,800 sq. ft.",1,2800,"City neighborhood (4,000/sq. mi.)",1,0.94,1.07,0.94–1.07,0.03,0.03,0.03,0.03–0.03,36
Baton Rouge,LA,Single-family,"Single-family, 2,800 sq. ft.",1,2800,"City neighborhood (4,000/sq. mi.)",1,0.92,1.08,0.92–1.08,0.25,0.21,0.29,0.21–0.29,37
Denver,CO,Single-family,"Single-family, 2,800 sq. ft.",1,2800,"City neighborhood (4,000/sq. mi.)",0.96,0.95,0.98,0.95–0.98,0.2,0.2,0.21,0.2–0.21,38
Tampa,FL,Single-family,"Single-family, 2,800 sq. ft.",1,2800,"City neighborhood (4,000/sq. mi.)",0.93,0.9,0.95,0.9–0.95,0.19,0.18,0.19,0.18–0.19,39
Nashville,TN,Single-family,"Single-family, 2,800 sq. ft.",1,2800,"City neighborhood (4,000/sq. mi.)",0.91,0.9,0.93,0.9–0.93,0.07,0.07,0.08,0.07–0.08,40
Little Rock,AR,Single-family,"Single-family, 2,800 sq. ft.",1,2800,"City neighborhood (4,000/sq. mi.)",0.87,0.81,0.93,0.81–0.93,0.01,0.01,0.01,0.01–0.01,41
San Antonio,TX,Single-family,"Single-family, 2,800 sq. ft.",1,2800,"City neighborhood (4,000/sq. mi.)",0.86,0.84,0.88,0.84–0.88,0.08,0.07,0.08,0.07–0.08,42
Charleston,SC,Single-family,"Single-family, 2,800 sq. ft.",1,2800,"City neighborhood (4,000/sq. mi.)",0.85,0.82,0.88,0.82–0.88,0.1,0.09,0.11,0.09–0.11,43
Columbus,OH,Single-family,"Single-family, 2,800 sq. ft.",1,2800,"City neighborhood (4,000/sq. mi.)",0.83,0.81,0.85,0.81–0.85,0.05,0.04,0.05,0.04–0.05,44
Raleigh,NC,Single-family,"Single-family, 2,800 sq. ft.",1,2800,"City neighborhood (4,000/sq. mi.)",0.79,0.76,0.83,0.76–0.83,0.14,0.13,0.15,0.13–0.15,45
Norfolk,VA,Single-family,"Single-family, 2,800 sq. ft.",1,2800,"City neighborhood (4,000/sq. mi.)",0.78,0.74,0.82,0.74–0.82,0.18,0.16,0.2,0.16–0.2,46
Boise,ID,Single-family,"Single-family, 2,800 sq. ft.",1,2800,"City neighborhood (4,000/sq. mi.)",0.76,0.74,0.78,0.74–0.78,0.12,0.12,0.13,0.12–0.13,47
Oklahoma City,OK,Single-family,"Single-family, 2,800 sq. ft.",1,2800,"City neighborhood (4,000/sq. mi.)",0.76,0.74,0.77,0.74–0.77,0.04,0.03,0.04,0.03–0.04,48
Louisville,KY,Single-family,"Single-family, 2,800 sq. ft.",1,2800,"City neighborhood (4,000/sq. mi.)",0.76,0.72,0.79,0.72–0.79,0.03,0.03,0.04,0.03–0.04,49
Durham,NC,Single-family,"Single-family, 2,800 sq. ft.",1,2800,"City neighborhood (4,000/sq. mi.)",0.72,0.7,0.74,0.7–0.74,0.09,0.09,0.09,0.09–0.09,50
Mesa,AZ,Single-family,"Single-family, 2,800 sq. ft.",1,2800,"City neighborhood (4,000/sq. mi.)",0.65,0.63,0.67,0.63–0.67,0.08,0.07,0.09,0.07–0.09,51
Fort Worth,TX,Single-family,"Single-family, 2,800 sq. ft.",1,2800,"City neighborhood (4,000/sq. mi.)",0.64,0.63,0.65,0.63–0.65,0.09,0.09,0.09,0.09–0.09,52
Phoenix,AZ,Single-family,"Single-family, 2,800 sq. ft.",1,2800,"City neighborhood (4,000/sq. mi.)",0.63,0.62,0.64,0.62–0.64,0.05,0.05,0.06,0.05–0.06,53
El Paso,TX,Single-family,"Single-family, 2,800 sq. ft.",1,2800,"City neighborhood (4,000/sq. mi.)",0.62,0.61,0.64,0.61–0.64,0.07,0.07,0.08,0.07–0.08,54
Colorado Springs,CO,Single-family,"Single-family, 2,800 sq. ft.",1,2800,"City neighborhood (4,000/sq. mi.)",0.61,0.59,0.62,0.59–0.62,0.07,0.07,0.08,0.07–0.08,55
Wilmington,NC,Single-family,"Single-family, 2,800 sq. ft.",1,2800,"City neighborhood (4,000/sq. mi.)",0.59,0.57,0.61,0.57–0.61,0.01,0.01,0.01,0.01–0.01,56
Indianapolis,IN,Single-family,"Single-family, 2,800 sq. ft.",1,2800,"City neighborhood (4,000/sq. mi.)",0.46,0.43,0.5,0.43–0.5,0.01,0.01,0.02,0.01–0.02,57
Miami,FL,Single-family,"Single-family, 2,800 sq. ft.",1,2800,"Dense city neighborhood (10,000/sq. mi.)",3.73,3.51,3.94,3.51–3.94,1.34,1.23,1.45,1.23–1.45,1
San Francisco,CA,Single-family,"Single-family, 2,800 sq. ft.",1,2800,"Dense city neighborhood (10,000/sq. mi.)",3.6,3.15,4.06,3.15–4.06,1.18,0.97,1.39,0.97–1.39,2
Philadelphia,PA,Single-family,"Single-family, 2,800 sq. ft.",1,2800,"Dense city neighborhood (10,000/sq. mi.)",3.05,2.74,3.35,2.74–3.35,0.24,0.19,0.29,0.19–0.29,3
Oakland,CA,Single-family,"Single-family, 2,800 sq. ft.",1,2800,"Dense city neighborhood (10,000/sq. mi.)",2.92,2.65,3.19,2.65–3.19,0.49,0.42,0.55,0.42–0.55,4
Pittsburgh,PA,Single-family,"Single-family, 2,800 sq. ft.",1,2800,"Dense city neighborhood (10,000/sq. mi.)",2.9,2.32,3.48,2.32–3.48,1.62,1.02,2.22,1.02–2.22,5
Boston,MA,Single-family,"Single-family, 2,800 sq. ft.",1,2800,"Dense city neighborhood (10,000/sq. mi.)",2.66,2.34,2.97,2.34–2.97,1.19,0.97,1.4,0.97–1.4,6
New York,NY,Single-family,"Single-family, 2,800 sq. ft.",1,2800,"Dense city neighborhood (10,000/sq. mi.)",2.62,2.54,2.69,2.54–2.69,0.66,0.63,0.7,0.63–0.7,7
Los Angeles,CA,Single-family,"Single-family, 2,800 sq. ft.",1,2800,"Dense city neighborhood (10,000/sq. mi.)",2.6,2.56,2.64,2.56–2.64,0.73,0.72,0.75,0.72–0.75,8
St. Paul,MN,Single-family,"Single-family, 2,800 sq. ft.",1,2800,"Dense city neighborhood (10,000/sq. mi.)",2.49,2.17,2.82,2.17–2.82,0.2,0.17,0.23,0.17–0.23,9
Fort Lauderdale,FL,Single-family,"Single-family, 2,800 sq. ft.",1,2800,"Dense city neighborhood (10,000/sq. mi.)",2.36,2.1,2.63,2.1–2.63,0.62,0.51,0.73,0.51–0.73,10
San Diego,CA,Single-family,"Single-family, 2,800 sq. ft.",1,2800,"Dense city neighborhood (10,000/sq. mi.)",2.25,2.13,2.36,2.13–2.36,0.69,0.64,0.75,0.64–0.75,11
San Jose,CA,Single-family,"Single-family, 2,800 sq. ft.",1,2800,"Dense city neighborhood (10,000/sq. mi.)",2.17,1.74,2.6,1.74–2.6,0.31,0.19,0.42,0.19–0.42,12
Honolulu,HI,Single-family,"Single-family, 2,800 sq. ft.",1,2800,"Dense city neighborhood (10,000/sq. mi.)",2.08,2.02,2.15,2.02–2.15,0.64,0.62,0.67,0.62–0.67,13
Providence,RI,Single-family,"Single-family, 2,800 sq. ft.",1,2800,"Dense city neighborhood (10,000/sq. mi.)",2.04,1.54,2.55,1.54–2.55,0.13,0.09,0.17,0.09–0.17,14
Seattle,WA,Single-family,"Single-family, 2,800 sq. ft.",1,2800,"Dense city neighborhood (10,000/sq. mi.)",2,1.94,2.06,1.94–2.06,0.56,0.53,0.59,0.53–0.59,15
Boulder,CO,Single-family,"Single-family, 2,800 sq. ft.",1,2800,"Dense city neighborhood (10,000/sq. mi.)",1.9,1.7,2.09,1.7–2.09,0.46,0.39,0.52,0.39–0.52,16
Anaheim,CA,Single-family,"Single-family, 2,800 sq. ft.",1,2800,"Dense city neighborhood (10,000/sq. mi.)",1.74,1.53,1.94,1.53–1.94,0.68,0.56,0.79,0.56–0.79,17
Houston,TX,Single-family,"Single-family, 2,800 sq. ft.",1,2800,"Dense city neighborhood (10,000/sq. mi.)",1.69,1.61,1.76,1.61–1.76,0.3,0.27,0.32,0.27–0.32,18
Cleveland,OH,Single-family,"Single-family, 2,800 sq. ft.",1,2800,"Dense city neighborhood (10,000/sq. mi.)",1.65,1.48,1.82,1.48–1.82,0.59,0.51,0.67,0.51–0.67,19
Albuquerque,NM,Single-family,"Single-family, 2,800 sq. ft.",1,2800,"Dense city neighborhood (10,000/sq. mi.)",1.64,1.56,1.73,1.56–1.73,0.11,0.1,0.12,0.1–0.12,20
Cincinnati,OH,Single-family,"Single-family, 2,800 sq. ft.",1,2800,"Dense city neighborhood (10,000/sq. mi.)",1.53,1.42,1.65,1.42–1.65,0.24,0.21,0.27,0.21–0.27,21
Sacramento,CA,Single-family,"Single-family, 2,800 sq. ft.",1,2800,"Dense city neighborhood (10,000/sq. mi.)",1.49,1.4,1.58,1.4–1.58,0.5,0.45,0.55,0.45–0.55,22
Austin,TX,Single-family,"Single-family, 2,800 sq. ft.",1,2800,"Dense city neighborhood (10,000/sq. mi.)",1.49,1.44,1.54,1.44–1.54,0.33,0.3,0.35,0.3–0.35,23
Atlanta,GA,Single-family,"Single-family, 2,800 sq. ft.",1,2800,"Dense city neighborhood (10,000/sq. mi.)",1.46,1.39,1.52,1.39–1.52,0.42,0.38,0.47,0.38–0.47,24
Reno,NV,Single-family,"Single-family, 2,800 sq. ft.",1,2800,"Dense city neighborhood (10,000/sq. mi.)",1.33,1.12,1.55,1.12–1.55,0.41,0.26,0.55,0.26–0.55,25
Portland,OR,Single-family,"Single-family, 2,800 sq. ft.",1,2800,"Dense city neighborhood (10,000/sq. mi.)",1.31,1.28,1.35,1.28–1.35,0.44,0.42,0.46,0.42–0.46,26
Spokane,WA,Single-family,"Single-family, 2,800 sq. ft.",1,2800,"Dense city neighborhood (10,000/sq. mi.)",1.27,1.14,1.4,1.14–1.4,0.09,0.08,0.1,0.08–0.1,27
Denver,CO,Single-family,"Single-family, 2,800 sq. ft.",1,2800,"Dense city neighborhood (10,000/sq. mi.)",1.27,1.24,1.3,1.24–1.3,0.33,0.32,0.34,0.32–0.34,28
Ann Arbor,MI,Single-family,"Single-family, 2,800 sq. ft.",1,2800,"Dense city neighborhood (10,000/sq. mi.)",1.27,1.06,1.48,1.06–1.48,0.19,0.12,0.26,0.12–0.26,29
Sioux Falls,SD,Single-family,"Single-family, 2,800 sq. ft.",1,2800,"Dense city neighborhood (10,000/sq. mi.)",1.27,0.99,1.54,0.99–1.54,0.04,0.02,0.06,0.02–0.06,30
Tampa,FL,Single-family,"Single-family, 2,800 sq. ft.",1,2800,"Dense city neighborhood (10,000/sq. mi.)",1.26,1.21,1.31,1.21–1.31,0.25,0.23,0.27,0.23–0.27,31
Tulsa,OK,Single-family,"Single-family, 2,800 sq. ft.",1,2800,"Dense city neighborhood (10,000/sq. mi.)",1.23,1.11,1.35,1.11–1.35,0.12,0.09,0.14,0.09–0.14,32
Jacksonville,FL,Single-family,"Single-family, 2,800 sq. ft.",1,2800,"Dense city neighborhood (10,000/sq. mi.)",1.19,1.14,1.23,1.14–1.23,0.16,0.15,0.17,0.15–0.17,33
Orlando,FL,Single-family,"Single-family, 2,800 sq. ft.",1,2800,"Dense city neighborhood (10,000/sq. mi.)",1.16,1.1,1.22,1.1–1.22,0.23,0.21,0.25,0.21–0.25,34
Buffalo,NY,Single-family,"Single-family, 2,800 sq. ft.",1,2800,"Dense city neighborhood (10,000/sq. mi.)",1.14,0.83,1.45,0.83–1.45,0.28,0.15,0.41,0.15–0.41,35
Baton Rouge,LA,Single-family,"Single-family, 2,800 sq. ft.",1,2800,"Dense city neighborhood (10,000/sq. mi.)",1.08,0.99,1.17,0.99–1.17,0.3,0.25,0.35,0.25–0.35,36
Nashville,TN,Single-family,"Single-family, 2,800 sq. ft.",1,2800,"Dense city neighborhood (10,000/sq. mi.)",1.02,0.99,1.04,0.99–1.04,0.08,0.07,0.09,0.07–0.09,37
Omaha,NE,Single-family,"Single-family, 2,800 sq. ft.",1,2800,"Dense city neighborhood (10,000/sq. mi.)",0.99,0.92,1.06,0.92–1.06,0.03,0.02,0.03,0.02–0.03,38
Charleston,SC,Single-family,"Single-family, 2,800 sq. ft.",1,2800,"Dense city neighborhood (10,000/sq. mi.)",0.98,0.93,1.03,0.93–1.03,0.12,0.11,0.13,0.11–0.13,39
New Orleans,LA,Single-family,"Single-family, 2,800 sq. ft.",1,2800,"Dense city neighborhood (10,000/sq. mi.)",0.98,0.94,1.01,0.94–1.01,0.12,0.11,0.13,0.11–0.13,40
Baltimore,MD,Single-family,"Single-family, 2,800 sq. ft.",1,2800,"Dense city neighborhood (10,000/sq. mi.)",0.96,0.82,1.11,0.82–1.11,0.46,0.33,0.58,0.33–0.58,41
Columbus,OH,Single-family,"Single-family, 2,800 sq. ft.",1,2800,"Dense city neighborhood (10,000/sq. mi.)",0.95,0.92,0.98,0.92–0.98,0.07,0.06,0.08,0.06–0.08,42
San Antonio,TX,Single-family,"Single-family, 2,800 sq. ft.",1,2800,"Dense city neighborhood (10,000/sq. mi.)",0.92,0.89,0.95,0.89–0.95,0.09,0.09,0.1,0.09–0.1,43
Little Rock,AR,Single-family,"Single-family, 2,800 sq. ft.",1,2800,"Dense city neighborhood (10,000/sq. mi.)",0.91,0.84,0.98,0.84–0.98,0.01,0.01,0.01,0.01–0.01,44
Norfolk,VA,Single-family,"Single-family, 2,800 sq. ft.",1,2800,"Dense city neighborhood (10,000/sq. mi.)",0.89,0.83,0.95,0.83–0.95,0.2,0.17,0.22,0.17–0.22,45
Raleigh,NC,Single-family,"Single-family, 2,800 sq. ft.",1,2800,"Dense city neighborhood (10,000/sq. mi.)",0.87,0.83,0.91,0.83–0.91,0.15,0.14,0.16,0.14–0.16,46
Durham,NC,Single-family,"Single-family, 2,800 sq. ft.",1,2800,"Dense city neighborhood (10,000/sq. mi.)",0.81,0.79,0.84,0.79–0.84,0.11,0.1,0.11,0.1–0.11,47
Boise,ID,Single-family,"Single-family, 2,800 sq. ft.",1,2800,"Dense city neighborhood (10,000/sq. mi.)",0.8,0.77,0.83,0.77–0.83,0.13,0.12,0.13,0.12–0.13,48
Louisville,KY,Single-family,"Single-family, 2,800 sq. ft.",1,2800,"Dense city neighborhood (10,000/sq. mi.)",0.78,0.73,0.83,0.73–0.83,0.03,0.03,0.04,0.03–0.04,49
Oklahoma City,OK,Single-family,"Single-family, 2,800 sq. ft.",1,2800,"Dense city neighborhood (10,000/sq. mi.)",0.76,0.74,0.78,0.74–0.78,0.04,0.03,0.04,0.03–0.04,50
El Paso,TX,Single-family,"Single-family, 2,800 sq. ft.",1,2800,"Dense city neighborhood (10,000/sq. mi.)",0.66,0.64,0.68,0.64–0.68,0.08,0.07,0.09,0.07–0.09,51
Phoenix,AZ,Single-family,"Single-family, 2,800 sq. ft.",1,2800,"Dense city neighborhood (10,000/sq. mi.)",0.65,0.64,0.66,0.64–0.66,0.06,0.06,0.07,0.06–0.07,52
Fort Worth,TX,Single-family,"Single-family, 2,800 sq. ft.",1,2800,"Dense city neighborhood (10,000/sq. mi.)",0.64,0.63,0.65,0.63–0.65,0.09,0.09,0.09,0.09–0.09,53
Mesa,AZ,Single-family,"Single-family, 2,800 sq. ft.",1,2800,"Dense city neighborhood (10,000/sq. mi.)",0.64,0.61,0.66,0.61–0.66,0.09,0.08,0.1,0.08–0.1,54
Wilmington,NC,Single-family,"Single-family, 2,800 sq. ft.",1,2800,"Dense city neighborhood (10,000/sq. mi.)",0.62,0.59,0.65,0.59–0.65,0.01,0,0.01,0–0.01,55
Colorado Springs,CO,Single-family,"Single-family, 2,800 sq. ft.",1,2800,"Dense city neighborhood (10,000/sq. mi.)",0.61,0.6,0.63,0.6–0.63,0.08,0.07,0.08,0.07–0.08,56
Indianapolis,IN,Single-family,"Single-family, 2,800 sq. ft.",1,2800,"Dense city neighborhood (10,000/sq. mi.)",0.49,0.46,0.53,0.46–0.53,0.02,0.01,0.02,0.01–0.02,57
Miami,FL,Single-family,"Single-family, 2,800 sq. ft.",1,2800,"Urban core (25,000/sq. mi.)",3.91,3.48,4.33,3.48–4.33,1.28,1.08,1.48,1.08–1.48,1
San Francisco,CA,Single-family,"Single-family, 2,800 sq. ft.",1,2800,"Urban core (25,000/sq. mi.)",3.41,2.92,3.9,2.92–3.9,1.22,0.98,1.47,0.98–1.47,2
St. Paul,MN,Single-family,"Single-family, 2,800 sq. ft.",1,2800,"Urban core (25,000/sq. mi.)",3.06,2.33,3.78,2.33–3.78,0.22,0.16,0.29,0.16–0.29,3
Pittsburgh,PA,Single-family,"Single-family, 2,800 sq. ft.",1,2800,"Urban core (25,000/sq. mi.)",3.05,2.19,3.9,2.19–3.9,2.72,1.42,4.02,1.42–4.02,4
Philadelphia,PA,Single-family,"Single-family, 2,800 sq. ft.",1,2800,"Urban core (25,000/sq. mi.)",3.04,2.74,3.35,2.74–3.35,0.24,0.19,0.3,0.19–0.3,5
Oakland,CA,Single-family,"Single-family, 2,800 sq. ft.",1,2800,"Urban core (25,000/sq. mi.)",2.95,2.64,3.26,2.64–3.26,0.51,0.44,0.59,0.44–0.59,6
Boston,MA,Single-family,"Single-family, 2,800 sq. ft.",1,2800,"Urban core (25,000/sq. mi.)",2.86,2.42,3.3,2.42–3.3,1.14,0.9,1.37,0.9–1.37,7
Fort Lauderdale,FL,Single-family,"Single-family, 2,800 sq. ft.",1,2800,"Urban core (25,000/sq. mi.)",2.72,2.24,3.21,2.24–3.21,0.73,0.53,0.93,0.53–0.93,8
New York,NY,Single-family,"Single-family, 2,800 sq. ft.",1,2800,"Urban core (25,000/sq. mi.)",2.7,2.61,2.78,2.61–2.78,0.64,0.61,0.68,0.61–0.68,9
Los Angeles,CA,Single-family,"Single-family, 2,800 sq. ft.",1,2800,"Urban core (25,000/sq. mi.)",2.57,2.52,2.61,2.52–2.61,0.69,0.67,0.7,0.67–0.7,10
San Diego,CA,Single-family,"Single-family, 2,800 sq. ft.",1,2800,"Urban core (25,000/sq. mi.)",2.4,2.25,2.55,2.25–2.55,0.72,0.66,0.79,0.66–0.79,11
San Jose,CA,Single-family,"Single-family, 2,800 sq. ft.",1,2800,"Urban core (25,000/sq. mi.)",2.25,1.73,2.77,1.73–2.77,0.29,0.16,0.41,0.16–0.41,12
Honolulu,HI,Single-family,"Single-family, 2,800 sq. ft.",1,2800,"Urban core (25,000/sq. mi.)",2.04,1.97,2.11,1.97–2.11,0.61,0.58,0.64,0.58–0.64,13
Providence,RI,Single-family,"Single-family, 2,800 sq. ft.",1,2800,"Urban core (25,000/sq. mi.)",1.99,1.37,2.62,1.37–2.62,0.12,0.07,0.17,0.07–0.17,14
Anaheim,CA,Single-family,"Single-family, 2,800 sq. ft.",1,2800,"Urban core (25,000/sq. mi.)",1.9,1.61,2.19,1.61–2.19,0.78,0.61,0.96,0.61–0.96,15
Seattle,WA,Single-family,"Single-family, 2,800 sq. ft.",1,2800,"Urban core (25,000/sq. mi.)",1.89,1.81,1.96,1.81–1.96,0.5,0.47,0.53,0.47–0.53,16
Boulder,CO,Single-family,"Single-family, 2,800 sq. ft.",1,2800,"Urban core (25,000/sq. mi.)",1.82,1.6,2.04,1.6–2.04,0.44,0.36,0.52,0.36–0.52,17
Houston,TX,Single-family,"Single-family, 2,800 sq. ft.",1,2800,"Urban core (25,000/sq. mi.)",1.75,1.65,1.84,1.65–1.84,0.3,0.27,0.33,0.27–0.33,18
Tampa,FL,Single-family,"Single-family, 2,800 sq. ft.",1,2800,"Urban core (25,000/sq. mi.)",1.72,1.6,1.83,1.6–1.83,0.33,0.29,0.38,0.29–0.38,19
Austin,TX,Single-family,"Single-family, 2,800 sq. ft.",1,2800,"Urban core (25,000/sq. mi.)",1.7,1.64,1.76,1.64–1.76,0.44,0.4,0.47,0.4–0.47,20
Albuquerque,NM,Single-family,"Single-family, 2,800 sq. ft.",1,2800,"Urban core (25,000/sq. mi.)",1.69,1.58,1.79,1.58–1.79,0.11,0.1,0.12,0.1–0.12,21
Denver,CO,Single-family,"Single-family, 2,800 sq. ft.",1,2800,"Urban core (25,000/sq. mi.)",1.67,1.61,1.74,1.61–1.74,0.54,0.49,0.58,0.49–0.58,22
Cleveland,OH,Single-family,"Single-family, 2,800 sq. ft.",1,2800,"Urban core (25,000/sq. mi.)",1.61,1.4,1.82,1.4–1.82,0.57,0.47,0.67,0.47–0.67,23
Cincinnati,OH,Single-family,"Single-family, 2,800 sq. ft.",1,2800,"Urban core (25,000/sq. mi.)",1.56,1.37,1.75,1.37–1.75,0.26,0.21,0.31,0.21–0.31,24
Atlanta,GA,Single-family,"Single-family, 2,800 sq. ft.",1,2800,"Urban core (25,000/sq. mi.)",1.53,1.45,1.61,1.45–1.61,0.44,0.39,0.5,0.39–0.5,25
Sacramento,CA,Single-family,"Single-family, 2,800 sq. ft.",1,2800,"Urban core (25,000/sq. mi.)",1.53,1.43,1.62,1.43–1.62,0.59,0.53,0.65,0.53–0.65,26
Tulsa,OK,Single-family,"Single-family, 2,800 sq. ft.",1,2800,"Urban core (25,000/sq. mi.)",1.48,1.3,1.66,1.3–1.66,0.15,0.11,0.19,0.11–0.19,27
Reno,NV,Single-family,"Single-family, 2,800 sq. ft.",1,2800,"Urban core (25,000/sq. mi.)",1.34,1.12,1.55,1.12–1.55,0.41,0.26,0.56,0.26–0.56,28
Spokane,WA,Single-family,"Single-family, 2,800 sq. ft.",1,2800,"Urban core (25,000/sq. mi.)",1.32,1.16,1.48,1.16–1.48,0.09,0.08,0.11,0.08–0.11,29
Ann Arbor,MI,Single-family,"Single-family, 2,800 sq. ft.",1,2800,"Urban core (25,000/sq. mi.)",1.28,1.02,1.54,1.02–1.54,0.2,0.11,0.29,0.11–0.29,30
Sioux Falls,SD,Single-family,"Single-family, 2,800 sq. ft.",1,2800,"Urban core (25,000/sq. mi.)",1.26,0.98,1.54,0.98–1.54,0.03,0.01,0.05,0.01–0.05,31
Jacksonville,FL,Single-family,"Single-family, 2,800 sq. ft.",1,2800,"Urban core (25,000/sq. mi.)",1.23,1.18,1.28,1.18–1.28,0.17,0.16,0.18,0.16–0.18,32
Portland,OR,Single-family,"Single-family, 2,800 sq. ft.",1,2800,"Urban core (25,000/sq. mi.)",1.22,1.17,1.27,1.17–1.27,0.4,0.37,0.43,0.37–0.43,33
Orlando,FL,Single-family,"Single-family, 2,800 sq. ft.",1,2800,"Urban core (25,000/sq. mi.)",1.2,1.14,1.27,1.14–1.27,0.23,0.21,0.26,0.21–0.26,34
Baton Rouge,LA,Single-family,"Single-family, 2,800 sq. ft.",1,2800,"Urban core (25,000/sq. mi.)",1.16,1.05,1.27,1.05–1.27,0.35,0.28,0.42,0.28–0.42,35
Nashville,TN,Single-family,"Single-family, 2,800 sq. ft.",1,2800,"Urban core (25,000/sq. mi.)",1.13,1.09,1.17,1.09–1.17,0.09,0.08,0.1,0.08–0.1,36
Charleston,SC,Single-family,"Single-family, 2,800 sq. ft.",1,2800,"Urban core (25,000/sq. mi.)",1.12,1.05,1.2,1.05–1.2,0.14,0.12,0.16,0.12–0.16,37
Columbus,OH,Single-family,"Single-family, 2,800 sq. ft.",1,2800,"Urban core (25,000/sq. mi.)",1.09,1.04,1.14,1.04–1.14,0.11,0.09,0.13,0.09–0.13,38
Norfolk,VA,Single-family,"Single-family, 2,800 sq. ft.",1,2800,"Urban core (25,000/sq. mi.)",1.02,0.92,1.13,0.92–1.13,0.22,0.17,0.27,0.17–0.27,39
San Antonio,TX,Single-family,"Single-family, 2,800 sq. ft.",1,2800,"Urban core (25,000/sq. mi.)",0.98,0.95,1.01,0.95–1.01,0.11,0.1,0.12,0.1–0.12,40
Omaha,NE,Single-family,"Single-family, 2,800 sq. ft.",1,2800,"Urban core (25,000/sq. mi.)",0.98,0.9,1.05,0.9–1.05,0.03,0.02,0.03,0.02–0.03,41
Raleigh,NC,Single-family,"Single-family, 2,800 sq. ft.",1,2800,"Urban core (25,000/sq. mi.)",0.96,0.91,1.01,0.91–1.01,0.15,0.14,0.17,0.14–0.17,42
Little Rock,AR,Single-family,"Single-family, 2,800 sq. ft.",1,2800,"Urban core (25,000/sq. mi.)",0.94,0.86,1.03,0.86–1.03,0.01,0.01,0.01,0.01–0.01,43
New Orleans,LA,Single-family,"Single-family, 2,800 sq. ft.",1,2800,"Urban core (25,000/sq. mi.)",0.92,0.87,0.96,0.87–0.96,0.11,0.1,0.12,0.1–0.12,44
Durham,NC,Single-family,"Single-family, 2,800 sq. ft.",1,2800,"Urban core (25,000/sq. mi.)",0.91,0.88,0.95,0.88–0.95,0.13,0.12,0.14,0.12–0.14,45
Boise,ID,Single-family,"Single-family, 2,800 sq. ft.",1,2800,"Urban core (25,000/sq. mi.)",0.83,0.8,0.87,0.8–0.87,0.13,0.12,0.14,0.12–0.14,46
Louisville,KY,Single-family,"Single-family, 2,800 sq. ft.",1,2800,"Urban core (25,000/sq. mi.)",0.81,0.74,0.88,0.74–0.88,0.03,0.03,0.04,0.03–0.04,47
Buffalo,NY,Single-family,"Single-family, 2,800 sq. ft.",1,2800,"Urban core (25,000/sq. mi.)",0.79,0.53,1.05,0.53–1.05,0.17,0.08,0.26,0.08–0.26,48
Oklahoma City,OK,Single-family,"Single-family, 2,800 sq. ft.",1,2800,"Urban core (25,000/sq. mi.)",0.77,0.74,0.79,0.74–0.79,0.04,0.03,0.04,0.03–0.04,49
El Paso,TX,Single-family,"Single-family, 2,800 sq. ft.",1,2800,"Urban core (25,000/sq. mi.)",0.7,0.67,0.73,0.67–0.73,0.09,0.07,0.1,0.07–0.1,50
Phoenix,AZ,Single-family,"Single-family, 2,800 sq. ft.",1,2800,"Urban core (25,000/sq. mi.)",0.67,0.66,0.68,0.66–0.68,0.07,0.07,0.08,0.07–0.08,51
Baltimore,MD,Single-family,"Single-family, 2,800 sq. ft.",1,2800,"Urban core (25,000/sq. mi.)",0.66,0.54,0.79,0.54–0.79,0.31,0.22,0.39,0.22–0.39,52
Wilmington,NC,Single-family,"Single-family, 2,800 sq. ft.",1,2800,"Urban core (25,000/sq. mi.)",0.66,0.61,0.7,0.61–0.7,0.01,0,0.01,0–0.01,53
Fort Worth,TX,Single-family,"Single-family, 2,800 sq. ft.",1,2800,"Urban core (25,000/sq. mi.)",0.64,0.63,0.66,0.63–0.66,0.09,0.09,0.09,0.09–0.09,54
Colorado Springs,CO,Single-family,"Single-family, 2,800 sq. ft.",1,2800,"Urban core (25,000/sq. mi.)",0.62,0.6,0.64,0.6–0.64,0.08,0.08,0.09,0.08–0.09,55
Mesa,AZ,Single-family,"Single-family, 2,800 sq. ft.",1,2800,"Urban core (25,000/sq. mi.)",0.62,0.6,0.65,0.6–0.65,0.11,0.1,0.12,0.1–0.12,56
Indianapolis,IN,Single-family,"Single-family, 2,800 sq. ft.",1,2800,"Urban core (25,000/sq. mi.)",0.53,0.48,0.57,0.48–0.57,0.02,0.01,0.03,0.01–0.03,57
San Francisco,CA,Single-family,"Single-family, 3,500 sq. ft.",1,3500,"Low-density suburb (1,000/sq. mi.)",4.42,3.92,4.92,3.92–4.92,1.16,0.94,1.37,0.94–1.37,1
Miami,FL,Single-family,"Single-family, 3,500 sq. ft.",1,3500,"Low-density suburb (1,000/sq. mi.)",3.35,2.8,3.91,2.8–3.91,1.57,1.22,1.92,1.22–1.92,2
Philadelphia,PA,Single-family,"Single-family, 3,500 sq. ft.",1,3500,"Low-density suburb (1,000/sq. mi.)",3.17,2.78,3.57,2.78–3.57,0.23,0.17,0.29,0.17–0.29,3
Oakland,CA,Single-family,"Single-family, 3,500 sq. ft.",1,3500,"Low-density suburb (1,000/sq. mi.)",2.97,2.47,3.47,2.47–3.47,0.45,0.33,0.56,0.33–0.56,4
Los Angeles,CA,Single-family,"Single-family, 3,500 sq. ft.",1,3500,"Low-density suburb (1,000/sq. mi.)",2.72,2.65,2.79,2.65–2.79,0.84,0.81,0.87,0.81–0.87,5
New York,NY,Single-family,"Single-family, 3,500 sq. ft.",1,3500,"Low-density suburb (1,000/sq. mi.)",2.54,2.44,2.65,2.44–2.65,0.73,0.66,0.79,0.66–0.79,6
Seattle,WA,Single-family,"Single-family, 3,500 sq. ft.",1,3500,"Low-density suburb (1,000/sq. mi.)",2.39,2.25,2.53,2.25–2.53,0.76,0.68,0.83,0.68–0.83,7
Boston,MA,Single-family,"Single-family, 3,500 sq. ft.",1,3500,"Low-density suburb (1,000/sq. mi.)",2.2,1.56,2.85,1.56–2.85,1.33,0.76,1.9,0.76–1.9,8
Honolulu,HI,Single-family,"Single-family, 3,500 sq. ft.",1,3500,"Low-density suburb (1,000/sq. mi.)",2.16,2.1,2.22,2.1–2.22,0.72,0.69,0.75,0.69–0.75,9
Providence,RI,Single-family,"Single-family, 3,500 sq. ft.",1,3500,"Low-density suburb (1,000/sq. mi.)",2.16,1.26,3.05,1.26–3.05,0.15,0.08,0.22,0.08–0.22,10
Boulder,CO,Single-family,"Single-family, 3,500 sq. ft.",1,3500,"Low-density suburb (1,000/sq. mi.)",2.1,1.87,2.33,1.87–2.33,0.51,0.45,0.57,0.45–0.57,11
San Jose,CA,Single-family,"Single-family, 3,500 sq. ft.",1,3500,"Low-density suburb (1,000/sq. mi.)",1.96,1.45,2.47,1.45–2.47,0.34,0.13,0.56,0.13–0.56,12
San Diego,CA,Single-family,"Single-family, 3,500 sq. ft.",1,3500,"Low-density suburb (1,000/sq. mi.)",1.94,1.8,2.09,1.8–2.09,0.65,0.58,0.72,0.58–0.72,13
Cleveland,OH,Single-family,"Single-family, 3,500 sq. ft.",1,3500,"Low-density suburb (1,000/sq. mi.)",1.77,1.55,1.98,1.55–1.98,0.66,0.55,0.77,0.55–0.77,14
Fort Lauderdale,FL,Single-family,"Single-family, 3,500 sq. ft.",1,3500,"Low-density suburb (1,000/sq. mi.)",1.73,1.47,1.99,1.47–1.99,0.44,0.33,0.55,0.33–0.55,15
Portland,OR,Single-family,"Single-family, 3,500 sq. ft.",1,3500,"Low-density suburb (1,000/sq. mi.)",1.67,1.59,1.75,1.59–1.75,0.59,0.55,0.64,0.55–0.64,16
Albuquerque,NM,Single-family,"Single-family, 3,500 sq. ft.",1,3500,"Low-density suburb (1,000/sq. mi.)",1.61,1.54,1.68,1.54–1.68,0.11,0.1,0.12,0.1–0.12,17
Houston,TX,Single-family,"Single-family, 3,500 sq. ft.",1,3500,"Low-density suburb (1,000/sq. mi.)",1.58,1.5,1.67,1.5–1.67,0.28,0.25,0.31,0.25–0.31,18
St. Paul,MN,Single-family,"Single-family, 3,500 sq. ft.",1,3500,"Low-density suburb (1,000/sq. mi.)",1.53,1.02,2.03,1.02–2.03,0.17,0.1,0.24,0.1–0.24,19
Cincinnati,OH,Single-family,"Single-family, 3,500 sq. ft.",1,3500,"Low-density suburb (1,000/sq. mi.)",1.51,1.34,1.68,1.34–1.68,0.2,0.16,0.23,0.16–0.23,20
Reno,NV,Single-family,"Single-family, 3,500 sq. ft.",1,3500,"Low-density suburb (1,000/sq. mi.)",1.5,1.26,1.74,1.26–1.74,0.43,0.28,0.58,0.28–0.58,21
Anaheim,CA,Single-family,"Single-family, 3,500 sq. ft.",1,3500,"Low-density suburb (1,000/sq. mi.)",1.44,1.23,1.65,1.23–1.65,0.47,0.37,0.57,0.37–0.57,22
Sacramento,CA,Single-family,"Single-family, 3,500 sq. ft.",1,3500,"Low-density suburb (1,000/sq. mi.)",1.43,1.33,1.53,1.33–1.53,0.33,0.29,0.37,0.29–0.37,23
Atlanta,GA,Single-family,"Single-family, 3,500 sq. ft.",1,3500,"Low-density suburb (1,000/sq. mi.)",1.33,1.27,1.39,1.27–1.39,0.37,0.32,0.42,0.32–0.42,24
Sioux Falls,SD,Single-family,"Single-family, 3,500 sq. ft.",1,3500,"Low-density suburb (1,000/sq. mi.)",1.31,1.02,1.6,1.02–1.6,0.06,0.03,0.09,0.03–0.09,25
Ann Arbor,MI,Single-family,"Single-family, 3,500 sq. ft.",1,3500,"Low-density suburb (1,000/sq. mi.)",1.22,1.02,1.42,1.02–1.42,0.16,0.09,0.23,0.09–0.23,26
Spokane,WA,Single-family,"Single-family, 3,500 sq. ft.",1,3500,"Low-density suburb (1,000/sq. mi.)",1.22,1.11,1.32,1.11–1.32,0.07,0.06,0.08,0.06–0.08,27
New Orleans,LA,Single-family,"Single-family, 3,500 sq. ft.",1,3500,"Low-density suburb (1,000/sq. mi.)",1.2,1.14,1.26,1.14–1.26,0.17,0.15,0.19,0.15–0.19,28
Orlando,FL,Single-family,"Single-family, 3,500 sq. ft.",1,3500,"Low-density suburb (1,000/sq. mi.)",1.14,1.09,1.18,1.09–1.18,0.24,0.22,0.26,0.22–0.26,29
Jacksonville,FL,Single-family,"Single-family, 3,500 sq. ft.",1,3500,"Low-density suburb (1,000/sq. mi.)",1.12,1.08,1.16,1.08–1.16,0.13,0.13,0.14,0.13–0.14,30
Austin,TX,Single-family,"Single-family, 3,500 sq. ft.",1,3500,"Low-density suburb (1,000/sq. mi.)",1.11,1.07,1.15,1.07–1.15,0.17,0.15,0.18,0.15–0.18,31
Omaha,NE,Single-family,"Single-family, 3,500 sq. ft.",1,3500,"Low-density suburb (1,000/sq. mi.)",1.02,0.96,1.09,0.96–1.09,0.03,0.03,0.04,0.03–0.04,32
Baton Rouge,LA,Single-family,"Single-family, 3,500 sq. ft.",1,3500,"Low-density suburb (1,000/sq. mi.)",0.97,0.9,1.05,0.9–1.05,0.19,0.16,0.22,0.16–0.22,33
Little Rock,AR,Single-family,"Single-family, 3,500 sq. ft.",1,3500,"Low-density suburb (1,000/sq. mi.)",0.92,0.86,0.98,0.86–0.98,0.01,0.01,0.01,0.01–0.01,34
Nashville,TN,Single-family,"Single-family, 3,500 sq. ft.",1,3500,"Low-density suburb (1,000/sq. mi.)",0.84,0.83,0.86,0.83–0.86,0.07,0.07,0.07,0.07–0.07,35
San Antonio,TX,Single-family,"Single-family, 3,500 sq. ft.",1,3500,"Low-density suburb (1,000/sq. mi.)",0.82,0.79,0.84,0.79–0.84,0.06,0.06,0.07,0.06–0.07,36
Tulsa,OK,Single-family,"Single-family, 3,500 sq. ft.",1,3500,"Low-density suburb (1,000/sq. mi.)",0.81,0.75,0.87,0.75–0.87,0.06,0.05,0.07,0.05–0.07,37
Oklahoma City,OK,Single-family,"Single-family, 3,500 sq. ft.",1,3500,"Low-density suburb (1,000/sq. mi.)",0.8,0.79,0.82,0.79–0.82,0.04,0.04,0.04,0.04–0.04,38
Charleston,SC,Single-family,"Single-family, 3,500 sq. ft.",1,3500,"Low-density suburb (1,000/sq. mi.)",0.75,0.73,0.78,0.73–0.78,0.08,0.08,0.09,0.08–0.09,39
Boise,ID,Single-family,"Single-family, 3,500 sq. ft.",1,3500,"Low-density suburb (1,000/sq. mi.)",0.75,0.72,0.78,0.72–0.78,0.12,0.11,0.12,0.11–0.12,40
Raleigh,NC,Single-family,"Single-family, 3,500 sq. ft.",1,3500,"Low-density suburb (1,000/sq. mi.)",0.73,0.7,0.77,0.7–0.77,0.14,0.13,0.15,0.13–0.15,41
Mesa,AZ,Single-family,"Single-family, 3,500 sq. ft.",1,3500,"Low-density suburb (1,000/sq. mi.)",0.72,0.69,0.74,0.69–0.74,0.07,0.07,0.08,0.07–0.08,42
Louisville,KY,Single-family,"Single-family, 3,500 sq. ft.",1,3500,"Low-density suburb (1,000/sq. mi.)",0.7,0.67,0.72,0.67–0.72,0.04,0.03,0.04,0.03–0.04,43
Columbus,OH,Single-family,"Single-family, 3,500 sq. ft.",1,3500,"Low-density suburb (1,000/sq. mi.)",0.69,0.67,0.71,0.67–0.71,0.03,0.02,0.03,0.02–0.03,44
Phoenix,AZ,Single-family,"Single-family, 3,500 sq. ft.",1,3500,"Low-density suburb (1,000/sq. mi.)",0.66,0.65,0.67,0.65–0.67,0.05,0.04,0.05,0.04–0.05,45
Fort Worth,TX,Single-family,"Single-family, 3,500 sq. ft.",1,3500,"Low-density suburb (1,000/sq. mi.)",0.66,0.65,0.67,0.65–0.67,0.08,0.08,0.09,0.08–0.09,46
Denver,CO,Single-family,"Single-family, 3,500 sq. ft.",1,3500,"Low-density suburb (1,000/sq. mi.)",0.65,0.63,0.68,0.63–0.68,0.1,0.09,0.11,0.09–0.11,47
Norfolk,VA,Single-family,"Single-family, 3,500 sq. ft.",1,3500,"Low-density suburb (1,000/sq. mi.)",0.64,0.57,0.71,0.57–0.71,0.15,0.12,0.19,0.12–0.19,48
Tampa,FL,Single-family,"Single-family, 3,500 sq. ft.",1,3500,"Low-density suburb (1,000/sq. mi.)",0.63,0.59,0.66,0.59–0.66,0.12,0.11,0.13,0.11–0.13,49
El Paso,TX,Single-family,"Single-family, 3,500 sq. ft.",1,3500,"Low-density suburb (1,000/sq. mi.)",0.62,0.6,0.64,0.6–0.64,0.07,0.06,0.08,0.06–0.08,50
Colorado Springs,CO,Single-family,"Single-family, 3,500 sq. ft.",1,3500,"Low-density suburb (1,000/sq. mi.)",0.61,0.59,0.63,0.59–0.63,0.06,0.06,0.07,0.06–0.07,51
Durham,NC,Single-family,"Single-family, 3,500 sq. ft.",1,3500,"Low-density suburb (1,000/sq. mi.)",0.61,0.6,0.62,0.6–0.62,0.06,0.06,0.06,0.06–0.06,52
Wilmington,NC,Single-family,"Single-family, 3,500 sq. ft.",1,3500,"Low-density suburb (1,000/sq. mi.)",0.55,0.54,0.57,0.54–0.57,0.01,0.01,0.01,0.01–0.01,53
Indianapolis,IN,Single-family,"Single-family, 3,500 sq. ft.",1,3500,"Low-density suburb (1,000/sq. mi.)",0.44,0.41,0.47,0.41–0.47,0.01,0.01,0.01,0.01–0.01,54
San Francisco,CA,Single-family,"Single-family, 3,500 sq. ft.",1,3500,"City neighborhood (4,000/sq. mi.)",4.07,3.61,4.52,3.61–4.52,1.22,1.02,1.43,1.02–1.43,1
Miami,FL,Single-family,"Single-family, 3,500 sq. ft.",1,3500,"City neighborhood (4,000/sq. mi.)",3.6,3.34,3.86,3.34–3.86,1.46,1.32,1.6,1.32–1.6,2
Philadelphia,PA,Single-family,"Single-family, 3,500 sq. ft.",1,3500,"City neighborhood (4,000/sq. mi.)",3.17,2.83,3.5,2.83–3.5,0.24,0.18,0.29,0.18–0.29,3
Oakland,CA,Single-family,"Single-family, 3,500 sq. ft.",1,3500,"City neighborhood (4,000/sq. mi.)",3.01,2.66,3.37,2.66–3.37,0.48,0.4,0.57,0.4–0.57,4
Pittsburgh,PA,Single-family,"Single-family, 3,500 sq. ft.",1,3500,"City neighborhood (4,000/sq. mi.)",2.78,2.26,3.29,2.26–3.29,0.9,0.49,1.31,0.49–1.31,5
Los Angeles,CA,Single-family,"Single-family, 3,500 sq. ft.",1,3500,"City neighborhood (4,000/sq. mi.)",2.67,2.63,2.71,2.63–2.71,0.76,0.75,0.78,0.75–0.78,6
New York,NY,Single-family,"Single-family, 3,500 sq. ft.",1,3500,"City neighborhood (4,000/sq. mi.)",2.66,2.58,2.74,2.58–2.74,0.69,0.65,0.73,0.65–0.73,7
Boston,MA,Single-family,"Single-family, 3,500 sq. ft.",1,3500,"City neighborhood (4,000/sq. mi.)",2.46,2.06,2.86,2.06–2.86,1.24,0.93,1.56,0.93–1.56,8
Seattle,WA,Single-family,"Single-family, 3,500 sq. ft.",1,3500,"City neighborhood (4,000/sq. mi.)",2.19,2.11,2.26,2.11–2.26,0.64,0.6,0.67,0.6–0.67,9
Fort Lauderdale,FL,Single-family,"Single-family, 3,500 sq. ft.",1,3500,"City neighborhood (4,000/sq. mi.)",2.15,1.98,2.31,1.98–2.31,0.55,0.48,0.63,0.48–0.63,10
San Diego,CA,Single-family,"Single-family, 3,500 sq. ft.",1,3500,"City neighborhood (4,000/sq. mi.)",2.14,2.03,2.26,2.03–2.26,0.69,0.63,0.75,0.63–0.75,11
Honolulu,HI,Single-family,"Single-family, 3,500 sq. ft.",1,3500,"City neighborhood (4,000/sq. mi.)",2.09,2.03,2.15,2.03–2.15,0.67,0.64,0.69,0.64–0.69,12
St. Paul,MN,Single-family,"Single-family, 3,500 sq. ft.",1,3500,"City neighborhood (4,000/sq. mi.)",2.08,1.77,2.39,1.77–2.39,0.2,0.17,0.23,0.17–0.23,13
Providence,RI,Single-family,"Single-family, 3,500 sq. ft.",1,3500,"City neighborhood (4,000/sq. mi.)",2.08,1.48,2.67,1.48–2.67,0.13,0.09,0.18,0.09–0.18,14
San Jose,CA,Single-family,"Single-family, 3,500 sq. ft.",1,3500,"City neighborhood (4,000/sq. mi.)",2.07,1.65,2.48,1.65–2.48,0.31,0.18,0.45,0.18–0.45,15
Boulder,CO,Single-family,"Single-family, 3,500 sq. ft.",1,3500,"City neighborhood (4,000/sq. mi.)",1.97,1.79,2.14,1.79–2.14,0.48,0.43,0.53,0.43–0.53,16
Cleveland,OH,Single-family,"Single-family, 3,500 sq. ft.",1,3500,"City neighborhood (4,000/sq. mi.)",1.7,1.54,1.86,1.54–1.86,0.63,0.56,0.7,0.56–0.7,17
Albuquerque,NM,Single-family,"Single-family, 3,500 sq. ft.",1,3500,"City neighborhood (4,000/sq. mi.)",1.68,1.6,1.75,1.6–1.75,0.11,0.1,0.12,0.1–0.12,18
Houston,TX,Single-family,"Single-family, 3,500 sq. ft.",1,3500,"City neighborhood (4,000/sq. mi.)",1.67,1.6,1.74,1.6–1.74,0.29,0.27,0.32,0.27–0.32,19
Anaheim,CA,Single-family,"Single-family, 3,500 sq. ft.",1,3500,"City neighborhood (4,000/sq. mi.)",1.65,1.47,1.83,1.47–1.83,0.59,0.49,0.68,0.49–0.68,20
Buffalo,NY,Single-family,"Single-family, 3,500 sq. ft.",1,3500,"City neighborhood (4,000/sq. mi.)",1.56,1.04,2.08,1.04–2.08,0.41,0.19,0.63,0.19–0.63,21
Cincinnati,OH,Single-family,"Single-family, 3,500 sq. ft.",1,3500,"City neighborhood (4,000/sq. mi.)",1.54,1.45,1.64,1.45–1.64,0.22,0.19,0.24,0.19–0.24,22
Reno,NV,Single-family,"Single-family, 3,500 sq. ft.",1,3500,"City neighborhood (4,000/sq. mi.)",1.5,1.26,1.74,1.26–1.74,0.43,0.28,0.58,0.28–0.58,23
Portland,OR,Single-family,"Single-family, 3,500 sq. ft.",1,3500,"City neighborhood (4,000/sq. mi.)",1.5,1.45,1.54,1.45–1.54,0.5,0.48,0.52,0.48–0.52,24
Sacramento,CA,Single-family,"Single-family, 3,500 sq. ft.",1,3500,"City neighborhood (4,000/sq. mi.)",1.48,1.38,1.58,1.38–1.58,0.43,0.38,0.48,0.38–0.48,25
Atlanta,GA,Single-family,"Single-family, 3,500 sq. ft.",1,3500,"City neighborhood (4,000/sq. mi.)",1.44,1.38,1.49,1.38–1.49,0.4,0.36,0.45,0.36–0.45,26
Austin,TX,Single-family,"Single-family, 3,500 sq. ft.",1,3500,"City neighborhood (4,000/sq. mi.)",1.36,1.31,1.41,1.31–1.41,0.26,0.24,0.28,0.24–0.28,27
Baltimore,MD,Single-family,"Single-family, 3,500 sq. ft.",1,3500,"City neighborhood (4,000/sq. mi.)",1.33,1.04,1.62,1.04–1.62,0.65,0.4,0.89,0.4–0.89,28
Sioux Falls,SD,Single-family,"Single-family, 3,500 sq. ft.",1,3500,"City neighborhood (4,000/sq. mi.)",1.3,1.01,1.59,1.01–1.59,0.04,0.02,0.07,0.02–0.07,29
Spokane,WA,Single-family,"Single-family, 3,500 sq. ft.",1,3500,"City neighborhood (4,000/sq. mi.)",1.28,1.16,1.41,1.16–1.41,0.08,0.07,0.09,0.07–0.09,30
Ann Arbor,MI,Single-family,"Single-family, 3,500 sq. ft.",1,3500,"City neighborhood (4,000/sq. mi.)",1.24,1.05,1.43,1.05–1.43,0.17,0.11,0.23,0.11–0.23,31
Orlando,FL,Single-family,"Single-family, 3,500 sq. ft.",1,3500,"City neighborhood (4,000/sq. mi.)",1.2,1.15,1.26,1.15–1.26,0.24,0.22,0.26,0.22–0.26,32
Jacksonville,FL,Single-family,"Single-family, 3,500 sq. ft.",1,3500,"City neighborhood (4,000/sq. mi.)",1.18,1.14,1.22,1.14–1.22,0.15,0.14,0.15,0.14–0.15,33
New Orleans,LA,Single-family,"Single-family, 3,500 sq. ft.",1,3500,"City neighborhood (4,000/sq. mi.)",1.09,1.05,1.13,1.05–1.13,0.15,0.13,0.16,0.13–0.16,34
Baton Rouge,LA,Single-family,"Single-family, 3,500 sq. ft.",1,3500,"City neighborhood (4,000/sq. mi.)",1.09,1,1.17,1–1.17,0.25,0.21,0.28,0.21–0.28,35
Tulsa,OK,Single-family,"Single-family, 3,500 sq. ft.",1,3500,"City neighborhood (4,000/sq. mi.)",1.07,0.99,1.15,0.99–1.15,0.09,0.08,0.11,0.08–0.11,36
Omaha,NE,Single-family,"Single-family, 3,500 sq. ft.",1,3500,"City neighborhood (4,000/sq. mi.)",1,0.94,1.07,0.94–1.07,0.03,0.03,0.03,0.03–0.03,37
Tampa,FL,Single-family,"Single-family, 3,500 sq. ft.",1,3500,"City neighborhood (4,000/sq. mi.)",1,0.97,1.02,0.97–1.02,0.19,0.18,0.2,0.18–0.2,38
Denver,CO,Single-family,"Single-family, 3,500 sq. ft.",1,3500,"City neighborhood (4,000/sq. mi.)",0.99,0.97,1.01,0.97–1.01,0.2,0.2,0.21,0.2–0.21,39
Nashville,TN,Single-family,"Single-family, 3,500 sq. ft.",1,3500,"City neighborhood (4,000/sq. mi.)",0.99,0.97,1,0.97–1,0.08,0.08,0.08,0.08–0.08,40
Little Rock,AR,Single-family,"Single-family, 3,500 sq. ft.",1,3500,"City neighborhood (4,000/sq. mi.)",0.98,0.91,1.05,0.91–1.05,0.01,0.01,0.01,0.01–0.01,41
Charleston,SC,Single-family,"Single-family, 3,500 sq. ft.",1,3500,"City neighborhood (4,000/sq. mi.)",0.93,0.89,0.97,0.89–0.97,0.11,0.1,0.11,0.1–0.11,42
San Antonio,TX,Single-family,"Single-family, 3,500 sq. ft.",1,3500,"City neighborhood (4,000/sq. mi.)",0.9,0.87,0.93,0.87–0.93,0.08,0.08,0.09,0.08–0.09,43
Columbus,OH,Single-family,"Single-family, 3,500 sq. ft.",1,3500,"City neighborhood (4,000/sq. mi.)",0.85,0.83,0.87,0.83–0.87,0.05,0.05,0.05,0.05–0.05,44
Raleigh,NC,Single-family,"Single-family, 3,500 sq. ft.",1,3500,"City neighborhood (4,000/sq. mi.)",0.85,0.81,0.88,0.81–0.88,0.14,0.14,0.15,0.14–0.15,45
Oklahoma City,OK,Single-family,"Single-family, 3,500 sq. ft.",1,3500,"City neighborhood (4,000/sq. mi.)",0.81,0.79,0.83,0.79–0.83,0.04,0.04,0.04,0.04–0.04,46
Boise,ID,Single-family,"Single-family, 3,500 sq. ft.",1,3500,"City neighborhood (4,000/sq. mi.)",0.81,0.77,0.84,0.77–0.84,0.12,0.11,0.13,0.11–0.13,47
Norfolk,VA,Single-family,"Single-family, 3,500 sq. ft.",1,3500,"City neighborhood (4,000/sq. mi.)",0.79,0.74,0.83,0.74–0.83,0.18,0.16,0.2,0.16–0.2,48
Louisville,KY,Single-family,"Single-family, 3,500 sq. ft.",1,3500,"City neighborhood (4,000/sq. mi.)",0.73,0.7,0.77,0.7–0.77,0.04,0.03,0.04,0.03–0.04,49
Durham,NC,Single-family,"Single-family, 3,500 sq. ft.",1,3500,"City neighborhood (4,000/sq. mi.)",0.73,0.71,0.74,0.71–0.74,0.08,0.08,0.08,0.08–0.08,50
Mesa,AZ,Single-family,"Single-family, 3,500 sq. ft.",1,3500,"City neighborhood (4,000/sq. mi.)",0.69,0.67,0.72,0.67–0.72,0.09,0.09,0.1,0.09–0.1,51
Phoenix,AZ,Single-family,"Single-family, 3,500 sq. ft.",1,3500,"City neighborhood (4,000/sq. mi.)",0.69,0.68,0.7,0.68–0.7,0.06,0.05,0.06,0.05–0.06,52
El Paso,TX,Single-family,"Single-family, 3,500 sq. ft.",1,3500,"City neighborhood (4,000/sq. mi.)",0.68,0.65,0.7,0.65–0.7,0.08,0.07,0.09,0.07–0.09,53
Fort Worth,TX,Single-family,"Single-family, 3,500 sq. ft.",1,3500,"City neighborhood (4,000/sq. mi.)",0.66,0.65,0.67,0.65–0.67,0.09,0.08,0.09,0.08–0.09,54
Colorado Springs,CO,Single-family,"Single-family, 3,500 sq. ft.",1,3500,"City neighborhood (4,000/sq. mi.)",0.62,0.6,0.64,0.6–0.64,0.07,0.06,0.07,0.06–0.07,55
Wilmington,NC,Single-family,"Single-family, 3,500 sq. ft.",1,3500,"City neighborhood (4,000/sq. mi.)",0.6,0.58,0.62,0.58–0.62,0.01,0.01,0.01,0.01–0.01,56
Indianapolis,IN,Single-family,"Single-family, 3,500 sq. ft.",1,3500,"City neighborhood (4,000/sq. mi.)",0.48,0.45,0.51,0.45–0.51,0.01,0.01,0.02,0.01–0.02,57
San Francisco,CA,Single-family,"Single-family, 3,500 sq. ft.",1,3500,"Dense city neighborhood (10,000/sq. mi.)",3.85,3.38,4.32,3.38–4.32,1.27,1.05,1.49,1.05–1.49,1
Miami,FL,Single-family,"Single-family, 3,500 sq. ft.",1,3500,"Dense city neighborhood (10,000/sq. mi.)",3.77,3.55,3.99,3.55–3.99,1.39,1.27,1.51,1.27–1.51,2
Philadelphia,PA,Single-family,"Single-family, 3,500 sq. ft.",1,3500,"Dense city neighborhood (10,000/sq. mi.)",3.16,2.85,3.48,2.85–3.48,0.25,0.19,0.3,0.19–0.3,3
Oakland,CA,Single-family,"Single-family, 3,500 sq. ft.",1,3500,"Dense city neighborhood (10,000/sq. mi.)",3.04,2.72,3.36,2.72–3.36,0.51,0.43,0.59,0.43–0.59,4
Pittsburgh,PA,Single-family,"Single-family, 3,500 sq. ft.",1,3500,"Dense city neighborhood (10,000/sq. mi.)",2.92,2.32,3.52,2.32–3.52,1.51,0.91,2.11,0.91–2.11,5
New York,NY,Single-family,"Single-family, 3,500 sq. ft.",1,3500,"Dense city neighborhood (10,000/sq. mi.)",2.74,2.66,2.82,2.66–2.82,0.67,0.64,0.7,0.64–0.7,6
Boston,MA,Single-family,"Single-family, 3,500 sq. ft.",1,3500,"Dense city neighborhood (10,000/sq. mi.)",2.65,2.33,2.96,2.33–2.96,1.19,0.97,1.4,0.97–1.4,7
Los Angeles,CA,Single-family,"Single-family, 3,500 sq. ft.",1,3500,"Dense city neighborhood (10,000/sq. mi.)",2.64,2.6,2.68,2.6–2.68,0.71,0.7,0.73,0.7–0.73,8
St. Paul,MN,Single-family,"Single-family, 3,500 sq. ft.",1,3500,"Dense city neighborhood (10,000/sq. mi.)",2.55,2.2,2.9,2.2–2.9,0.22,0.19,0.25,0.19–0.25,9
Fort Lauderdale,FL,Single-family,"Single-family, 3,500 sq. ft.",1,3500,"Dense city neighborhood (10,000/sq. mi.)",2.47,2.2,2.75,2.2–2.75,0.65,0.53,0.76,0.53–0.76,10
San Diego,CA,Single-family,"Single-family, 3,500 sq. ft.",1,3500,"Dense city neighborhood (10,000/sq. mi.)",2.29,2.16,2.41,2.16–2.41,0.72,0.66,0.78,0.66–0.78,11
San Jose,CA,Single-family,"Single-family, 3,500 sq. ft.",1,3500,"Dense city neighborhood (10,000/sq. mi.)",2.14,1.71,2.57,1.71–2.57,0.29,0.18,0.4,0.18–0.4,12
Seattle,WA,Single-family,"Single-family, 3,500 sq. ft.",1,3500,"Dense city neighborhood (10,000/sq. mi.)",2.06,2,2.12,2–2.12,0.57,0.54,0.6,0.54–0.6,13
Honolulu,HI,Single-family,"Single-family, 3,500 sq. ft.",1,3500,"Dense city neighborhood (10,000/sq. mi.)",2.05,1.99,2.11,1.99–2.11,0.63,0.61,0.66,0.61–0.66,14
Providence,RI,Single-family,"Single-family, 3,500 sq. ft.",1,3500,"Dense city neighborhood (10,000/sq. mi.)",2.02,1.48,2.57,1.48–2.57,0.12,0.08,0.17,0.08–0.17,15
Boulder,CO,Single-family,"Single-family, 3,500 sq. ft.",1,3500,"Dense city neighborhood (10,000/sq. mi.)",1.88,1.7,2.06,1.7–2.06,0.46,0.4,0.52,0.4–0.52,16
Anaheim,CA,Single-family,"Single-family, 3,500 sq. ft.",1,3500,"Dense city neighborhood (10,000/sq. mi.)",1.8,1.58,2.03,1.58–2.03,0.68,0.56,0.81,0.56–0.81,17
Houston,TX,Single-family,"Single-family, 3,500 sq. ft.",1,3500,"Dense city neighborhood (10,000/sq. mi.)",1.73,1.66,1.81,1.66–1.81,0.3,0.27,0.32,0.27–0.32,18
Albuquerque,NM,Single-family,"Single-family, 3,500 sq. ft.",1,3500,"Dense city neighborhood (10,000/sq. mi.)",1.72,1.63,1.81,1.63–1.81,0.12,0.11,0.13,0.11–0.13,19
Cleveland,OH,Single-family,"Single-family, 3,500 sq. ft.",1,3500,"Dense city neighborhood (10,000/sq. mi.)",1.66,1.48,1.83,1.48–1.83,0.61,0.53,0.69,0.53–0.69,20
Cincinnati,OH,Single-family,"Single-family, 3,500 sq. ft.",1,3500,"Dense city neighborhood (10,000/sq. mi.)",1.57,1.44,1.7,1.44–1.7,0.24,0.2,0.27,0.2–0.27,21
Austin,TX,Single-family,"Single-family, 3,500 sq. ft.",1,3500,"Dense city neighborhood (10,000/sq. mi.)",1.55,1.49,1.6,1.49–1.6,0.34,0.32,0.37,0.32–0.37,22
Sacramento,CA,Single-family,"Single-family, 3,500 sq. ft.",1,3500,"Dense city neighborhood (10,000/sq. mi.)",1.52,1.41,1.62,1.41–1.62,0.5,0.44,0.56,0.44–0.56,23
Atlanta,GA,Single-family,"Single-family, 3,500 sq. ft.",1,3500,"Dense city neighborhood (10,000/sq. mi.)",1.51,1.45,1.58,1.45–1.58,0.43,0.38,0.47,0.38–0.47,24
Reno,NV,Single-family,"Single-family, 3,500 sq. ft.",1,3500,"Dense city neighborhood (10,000/sq. mi.)",1.5,1.26,1.74,1.26–1.74,0.43,0.28,0.59,0.28–0.59,25
Portland,OR,Single-family,"Single-family, 3,500 sq. ft.",1,3500,"Dense city neighborhood (10,000/sq. mi.)",1.39,1.35,1.44,1.35–1.44,0.45,0.43,0.47,0.43–0.47,26
Tampa,FL,Single-family,"Single-family, 3,500 sq. ft.",1,3500,"Dense city neighborhood (10,000/sq. mi.)",1.36,1.31,1.41,1.31–1.41,0.25,0.23,0.27,0.23–0.27,27
Spokane,WA,Single-family,"Single-family, 3,500 sq. ft.",1,3500,"Dense city neighborhood (10,000/sq. mi.)",1.33,1.18,1.48,1.18–1.48,0.09,0.08,0.1,0.08–0.1,28
Denver,CO,Single-family,"Single-family, 3,500 sq. ft.",1,3500,"Dense city neighborhood (10,000/sq. mi.)",1.3,1.27,1.33,1.27–1.33,0.33,0.32,0.35,0.32–0.35,29
Sioux Falls,SD,Single-family,"Single-family, 3,500 sq. ft.",1,3500,"Dense city neighborhood (10,000/sq. mi.)",1.29,1.01,1.58,1.01–1.58,0.04,0.01,0.06,0.01–0.06,30
Tulsa,OK,Single-family,"Single-family, 3,500 sq. ft.",1,3500,"Dense city neighborhood (10,000/sq. mi.)",1.29,1.17,1.4,1.17–1.4,0.12,0.1,0.14,0.1–0.14,31
Ann Arbor,MI,Single-family,"Single-family, 3,500 sq. ft.",1,3500,"Dense city neighborhood (10,000/sq. mi.)",1.26,1.04,1.47,1.04–1.47,0.18,0.1,0.25,0.1–0.25,32
Orlando,FL,Single-family,"Single-family, 3,500 sq. ft.",1,3500,"Dense city neighborhood (10,000/sq. mi.)",1.25,1.19,1.31,1.19–1.31,0.24,0.22,0.26,0.22–0.26,33
Jacksonville,FL,Single-family,"Single-family, 3,500 sq. ft.",1,3500,"Dense city neighborhood (10,000/sq. mi.)",1.22,1.17,1.27,1.17–1.27,0.15,0.15,0.16,0.15–0.16,34
Baton Rouge,LA,Single-family,"Single-family, 3,500 sq. ft.",1,3500,"Dense city neighborhood (10,000/sq. mi.)",1.17,1.07,1.26,1.07–1.26,0.29,0.25,0.34,0.25–0.34,35
Nashville,TN,Single-family,"Single-family, 3,500 sq. ft.",1,3500,"Dense city neighborhood (10,000/sq. mi.)",1.1,1.07,1.12,1.07–1.12,0.09,0.08,0.09,0.08–0.09,36
Buffalo,NY,Single-family,"Single-family, 3,500 sq. ft.",1,3500,"Dense city neighborhood (10,000/sq. mi.)",1.08,0.76,1.4,0.76–1.4,0.25,0.12,0.38,0.12–0.38,37
Charleston,SC,Single-family,"Single-family, 3,500 sq. ft.",1,3500,"Dense city neighborhood (10,000/sq. mi.)",1.07,1.01,1.12,1.01–1.12,0.12,0.11,0.14,0.11–0.14,38
New Orleans,LA,Single-family,"Single-family, 3,500 sq. ft.",1,3500,"Dense city neighborhood (10,000/sq. mi.)",1.02,0.98,1.07,0.98–1.07,0.13,0.12,0.15,0.12–0.15,39
Little Rock,AR,Single-family,"Single-family, 3,500 sq. ft.",1,3500,"Dense city neighborhood (10,000/sq. mi.)",1.02,0.94,1.1,0.94–1.1,0.01,0.01,0.01,0.01–0.01,40
Omaha,NE,Single-family,"Single-family, 3,500 sq. ft.",1,3500,"Dense city neighborhood (10,000/sq. mi.)",0.99,0.93,1.06,0.93–1.06,0.03,0.02,0.03,0.02–0.03,41
Columbus,OH,Single-family,"Single-family, 3,500 sq. ft.",1,3500,"Dense city neighborhood (10,000/sq. mi.)",0.97,0.94,1,0.94–1,0.08,0.07,0.09,0.07–0.09,42
San Antonio,TX,Single-family,"Single-family, 3,500 sq. ft.",1,3500,"Dense city neighborhood (10,000/sq. mi.)",0.96,0.93,0.99,0.93–0.99,0.1,0.09,0.11,0.09–0.11,43
Raleigh,NC,Single-family,"Single-family, 3,500 sq. ft.",1,3500,"Dense city neighborhood (10,000/sq. mi.)",0.93,0.89,0.98,0.89–0.98,0.15,0.14,0.16,0.14–0.16,44
Baltimore,MD,Single-family,"Single-family, 3,500 sq. ft.",1,3500,"Dense city neighborhood (10,000/sq. mi.)",0.91,0.76,1.07,0.76–1.07,0.44,0.31,0.56,0.31–0.56,45
Norfolk,VA,Single-family,"Single-family, 3,500 sq. ft.",1,3500,"Dense city neighborhood (10,000/sq. mi.)",0.9,0.85,0.96,0.85–0.96,0.2,0.17,0.23,0.17–0.23,46
Boise,ID,Single-family,"Single-family, 3,500 sq. ft.",1,3500,"Dense city neighborhood (10,000/sq. mi.)",0.84,0.8,0.89,0.8–0.89,0.12,0.12,0.13,0.12–0.13,47
Durham,NC,Single-family,"Single-family, 3,500 sq. ft.",1,3500,"Dense city neighborhood (10,000/sq. mi.)",0.82,0.79,0.85,0.79–0.85,0.1,0.09,0.1,0.09–0.1,48
Oklahoma City,OK,Single-family,"Single-family, 3,500 sq. ft.",1,3500,"Dense city neighborhood (10,000/sq. mi.)",0.82,0.79,0.84,0.79–0.84,0.04,0.04,0.04,0.04–0.04,49
Louisville,KY,Single-family,"Single-family, 3,500 sq. ft.",1,3500,"Dense city neighborhood (10,000/sq. mi.)",0.76,0.71,0.81,0.71–0.81,0.03,0.03,0.04,0.03–0.04,50
El Paso,TX,Single-family,"Single-family, 3,500 sq. ft.",1,3500,"Dense city neighborhood (10,000/sq. mi.)",0.72,0.69,0.75,0.69–0.75,0.09,0.07,0.1,0.07–0.1,51
Phoenix,AZ,Single-family,"Single-family, 3,500 sq. ft.",1,3500,"Dense city neighborhood (10,000/sq. mi.)",0.71,0.7,0.72,0.7–0.72,0.07,0.06,0.07,0.06–0.07,52
Mesa,AZ,Single-family,"Single-family, 3,500 sq. ft.",1,3500,"Dense city neighborhood (10,000/sq. mi.)",0.68,0.65,0.7,0.65–0.7,0.11,0.1,0.12,0.1–0.12,53
Fort Worth,TX,Single-family,"Single-family, 3,500 sq. ft.",1,3500,"Dense city neighborhood (10,000/sq. mi.)",0.66,0.65,0.67,0.65–0.67,0.09,0.08,0.09,0.08–0.09,54
Wilmington,NC,Single-family,"Single-family, 3,500 sq. ft.",1,3500,"Dense city neighborhood (10,000/sq. mi.)",0.64,0.6,0.67,0.6–0.67,0.01,0,0.01,0–0.01,55
Colorado Springs,CO,Single-family,"Single-family, 3,500 sq. ft.",1,3500,"Dense city neighborhood (10,000/sq. mi.)",0.63,0.61,0.65,0.61–0.65,0.07,0.07,0.08,0.07–0.08,56
Indianapolis,IN,Single-family,"Single-family, 3,500 sq. ft.",1,3500,"Dense city neighborhood (10,000/sq. mi.)",0.51,0.47,0.55,0.47–0.55,0.02,0.01,0.02,0.01–0.02,57
Miami,FL,Single-family,"Single-family, 3,500 sq. ft.",1,3500,"Urban core (25,000/sq. mi.)",3.95,3.52,4.38,3.52–4.38,1.33,1.11,1.54,1.11–1.54,1
San Francisco,CA,Single-family,"Single-family, 3,500 sq. ft.",1,3500,"Urban core (25,000/sq. mi.)",3.64,3.13,4.15,3.13–4.15,1.32,1.05,1.58,1.05–1.58,2
Philadelphia,PA,Single-family,"Single-family, 3,500 sq. ft.",1,3500,"Urban core (25,000/sq. mi.)",3.16,2.84,3.48,2.84–3.48,0.25,0.2,0.31,0.2–0.31,3
St. Paul,MN,Single-family,"Single-family, 3,500 sq. ft.",1,3500,"Urban core (25,000/sq. mi.)",3.13,2.37,3.89,2.37–3.89,0.24,0.17,0.32,0.17–0.32,4
Oakland,CA,Single-family,"Single-family, 3,500 sq. ft.",1,3500,"Urban core (25,000/sq. mi.)",3.07,2.7,3.43,2.7–3.43,0.54,0.45,0.63,0.45–0.63,5
Pittsburgh,PA,Single-family,"Single-family, 3,500 sq. ft.",1,3500,"Urban core (25,000/sq. mi.)",3.06,2.18,3.95,2.18–3.95,2.54,1.31,3.76,1.31–3.76,6
Fort Lauderdale,FL,Single-family,"Single-family, 3,500 sq. ft.",1,3500,"Urban core (25,000/sq. mi.)",2.85,2.34,3.36,2.34–3.36,0.75,0.55,0.96,0.55–0.96,7
Boston,MA,Single-family,"Single-family, 3,500 sq. ft.",1,3500,"Urban core (25,000/sq. mi.)",2.84,2.42,3.27,2.42–3.27,1.14,0.9,1.37,0.9–1.37,8
New York,NY,Single-family,"Single-family, 3,500 sq. ft.",1,3500,"Urban core (25,000/sq. mi.)",2.82,2.73,2.91,2.73–2.91,0.65,0.61,0.69,0.61–0.69,9
Los Angeles,CA,Single-family,"Single-family, 3,500 sq. ft.",1,3500,"Urban core (25,000/sq. mi.)",2.6,2.55,2.65,2.55–2.65,0.67,0.65,0.69,0.65–0.69,10
San Diego,CA,Single-family,"Single-family, 3,500 sq. ft.",1,3500,"Urban core (25,000/sq. mi.)",2.44,2.28,2.6,2.28–2.6,0.75,0.68,0.82,0.68–0.82,11
San Jose,CA,Single-family,"Single-family, 3,500 sq. ft.",1,3500,"Urban core (25,000/sq. mi.)",2.21,1.69,2.74,1.69–2.74,0.27,0.15,0.4,0.15–0.4,12
Honolulu,HI,Single-family,"Single-family, 3,500 sq. ft.",1,3500,"Urban core (25,000/sq. mi.)",2.01,1.94,2.07,1.94–2.07,0.6,0.57,0.63,0.57–0.63,13
Providence,RI,Single-family,"Single-family, 3,500 sq. ft.",1,3500,"Urban core (25,000/sq. mi.)",1.97,1.34,2.61,1.34–2.61,0.11,0.07,0.16,0.07–0.16,14
Anaheim,CA,Single-family,"Single-family, 3,500 sq. ft.",1,3500,"Urban core (25,000/sq. mi.)",1.97,1.65,2.29,1.65–2.29,0.79,0.61,0.97,0.61–0.97,15
Seattle,WA,Single-family,"Single-family, 3,500 sq. ft.",1,3500,"Urban core (25,000/sq. mi.)",1.94,1.86,2.02,1.86–2.02,0.51,0.48,0.54,0.48–0.54,16
Tampa,FL,Single-family,"Single-family, 3,500 sq. ft.",1,3500,"Urban core (25,000/sq. mi.)",1.84,1.73,1.96,1.73–1.96,0.34,0.3,0.38,0.3–0.38,17
Boulder,CO,Single-family,"Single-family, 3,500 sq. ft.",1,3500,"Urban core (25,000/sq. mi.)",1.8,1.59,2.01,1.59–2.01,0.44,0.37,0.51,0.37–0.51,18
Houston,TX,Single-family,"Single-family, 3,500 sq. ft.",1,3500,"Urban core (25,000/sq. mi.)",1.79,1.7,1.89,1.7–1.89,0.3,0.27,0.33,0.27–0.33,19
Austin,TX,Single-family,"Single-family, 3,500 sq. ft.",1,3500,"Urban core (25,000/sq. mi.)",1.77,1.7,1.83,1.7–1.83,0.46,0.43,0.5,0.43–0.5,20
Albuquerque,NM,Single-family,"Single-family, 3,500 sq. ft.",1,3500,"Urban core (25,000/sq. mi.)",1.76,1.65,1.87,1.65–1.87,0.12,0.11,0.13,0.11–0.13,21
Denver,CO,Single-family,"Single-family, 3,500 sq. ft.",1,3500,"Urban core (25,000/sq. mi.)",1.71,1.65,1.78,1.65–1.78,0.54,0.5,0.59,0.5–0.59,22
Cleveland,OH,Single-family,"Single-family, 3,500 sq. ft.",1,3500,"Urban core (25,000/sq. mi.)",1.62,1.4,1.84,1.4–1.84,0.6,0.49,0.7,0.49–0.7,23
Cincinnati,OH,Single-family,"Single-family, 3,500 sq. ft.",1,3500,"Urban core (25,000/sq. mi.)",1.6,1.39,1.8,1.39–1.8,0.25,0.2,0.31,0.2–0.31,24
Atlanta,GA,Single-family,"Single-family, 3,500 sq. ft.",1,3500,"Urban core (25,000/sq. mi.)",1.59,1.51,1.68,1.51–1.68,0.45,0.39,0.51,0.39–0.51,25
Sacramento,CA,Single-family,"Single-family, 3,500 sq. ft.",1,3500,"Urban core (25,000/sq. mi.)",1.55,1.44,1.67,1.44–1.67,0.6,0.52,0.67,0.52–0.67,26
Tulsa,OK,Single-family,"Single-family, 3,500 sq. ft.",1,3500,"Urban core (25,000/sq. mi.)",1.55,1.37,1.72,1.37–1.72,0.16,0.12,0.2,0.12–0.2,27
Reno,NV,Single-family,"Single-family, 3,500 sq. ft.",1,3500,"Urban core (25,000/sq. mi.)",1.5,1.26,1.75,1.26–1.75,0.44,0.28,0.59,0.28–0.59,28
Spokane,WA,Single-family,"Single-family, 3,500 sq. ft.",1,3500,"Urban core (25,000/sq. mi.)",1.38,1.19,1.56,1.19–1.56,0.1,0.08,0.11,0.08–0.11,29
Orlando,FL,Single-family,"Single-family, 3,500 sq. ft.",1,3500,"Urban core (25,000/sq. mi.)",1.3,1.23,1.37,1.23–1.37,0.25,0.22,0.27,0.22–0.27,30
Portland,OR,Single-family,"Single-family, 3,500 sq. ft.",1,3500,"Urban core (25,000/sq. mi.)",1.3,1.23,1.36,1.23–1.36,0.4,0.37,0.43,0.37–0.43,31
Sioux Falls,SD,Single-family,"Single-family, 3,500 sq. ft.",1,3500,"Urban core (25,000/sq. mi.)",1.29,1,1.57,1–1.57,0.03,0.01,0.05,0.01–0.05,32
Ann Arbor,MI,Single-family,"Single-family, 3,500 sq. ft.",1,3500,"Urban core (25,000/sq. mi.)",1.27,1,1.54,1–1.54,0.19,0.09,0.28,0.09–0.28,33
Jacksonville,FL,Single-family,"Single-family, 3,500 sq. ft.",1,3500,"Urban core (25,000/sq. mi.)",1.26,1.21,1.31,1.21–1.31,0.16,0.16,0.17,0.16–0.17,34
Baton Rouge,LA,Single-family,"Single-family, 3,500 sq. ft.",1,3500,"Urban core (25,000/sq. mi.)",1.26,1.14,1.37,1.14–1.37,0.35,0.28,0.41,0.28–0.41,35
Charleston,SC,Single-family,"Single-family, 3,500 sq. ft.",1,3500,"Urban core (25,000/sq. mi.)",1.22,1.14,1.31,1.14–1.31,0.15,0.13,0.17,0.13–0.17,36
Nashville,TN,Single-family,"Single-family, 3,500 sq. ft.",1,3500,"Urban core (25,000/sq. mi.)",1.22,1.17,1.26,1.17–1.26,0.1,0.09,0.11,0.09–0.11,37
Columbus,OH,Single-family,"Single-family, 3,500 sq. ft.",1,3500,"Urban core (25,000/sq. mi.)",1.11,1.06,1.16,1.06–1.16,0.12,0.1,0.14,0.1–0.14,38
Little Rock,AR,Single-family,"Single-family, 3,500 sq. ft.",1,3500,"Urban core (25,000/sq. mi.)",1.06,0.97,1.16,0.97–1.16,0.01,0.01,0.01,0.01–0.01,39
Norfolk,VA,Single-family,"Single-family, 3,500 sq. ft.",1,3500,"Urban core (25,000/sq. mi.)",1.04,0.93,1.14,0.93–1.14,0.22,0.17,0.27,0.17–0.27,40
San Antonio,TX,Single-family,"Single-family, 3,500 sq. ft.",1,3500,"Urban core (25,000/sq. mi.)",1.03,1,1.06,1–1.06,0.12,0.11,0.13,0.11–0.13,41
Raleigh,NC,Single-family,"Single-family, 3,500 sq. ft.",1,3500,"Urban core (25,000/sq. mi.)",1.03,0.97,1.08,0.97–1.08,0.16,0.14,0.17,0.14–0.17,42
Omaha,NE,Single-family,"Single-family, 3,500 sq. ft.",1,3500,"Urban core (25,000/sq. mi.)",0.98,0.91,1.05,0.91–1.05,0.03,0.02,0.03,0.02–0.03,43
New Orleans,LA,Single-family,"Single-family, 3,500 sq. ft.",1,3500,"Urban core (25,000/sq. mi.)",0.96,0.91,1.01,0.91–1.01,0.12,0.1,0.14,0.1–0.14,44
Durham,NC,Single-family,"Single-family, 3,500 sq. ft.",1,3500,"Urban core (25,000/sq. mi.)",0.92,0.89,0.96,0.89–0.96,0.12,0.11,0.13,0.11–0.13,45
Boise,ID,Single-family,"Single-family, 3,500 sq. ft.",1,3500,"Urban core (25,000/sq. mi.)",0.88,0.84,0.93,0.84–0.93,0.13,0.12,0.14,0.12–0.14,46
Oklahoma City,OK,Single-family,"Single-family, 3,500 sq. ft.",1,3500,"Urban core (25,000/sq. mi.)",0.82,0.8,0.85,0.8–0.85,0.04,0.04,0.04,0.04–0.04,47
Louisville,KY,Single-family,"Single-family, 3,500 sq. ft.",1,3500,"Urban core (25,000/sq. mi.)",0.78,0.72,0.85,0.72–0.85,0.03,0.03,0.04,0.03–0.04,48
El Paso,TX,Single-family,"Single-family, 3,500 sq. ft.",1,3500,"Urban core (25,000/sq. mi.)",0.76,0.72,0.8,0.72–0.8,0.09,0.08,0.11,0.08–0.11,49
Buffalo,NY,Single-family,"Single-family, 3,500 sq. ft.",1,3500,"Urban core (25,000/sq. mi.)",0.75,0.49,1,0.49–1,0.15,0.06,0.24,0.06–0.24,50
Phoenix,AZ,Single-family,"Single-family, 3,500 sq. ft.",1,3500,"Urban core (25,000/sq. mi.)",0.73,0.71,0.74,0.71–0.74,0.08,0.07,0.08,0.07–0.08,51
Wilmington,NC,Single-family,"Single-family, 3,500 sq. ft.",1,3500,"Urban core (25,000/sq. mi.)",0.68,0.63,0.72,0.63–0.72,0.01,0,0.01,0–0.01,52
Mesa,AZ,Single-family,"Single-family, 3,500 sq. ft.",1,3500,"Urban core (25,000/sq. mi.)",0.66,0.63,0.69,0.63–0.69,0.13,0.12,0.15,0.12–0.15,53
Fort Worth,TX,Single-family,"Single-family, 3,500 sq. ft.",1,3500,"Urban core (25,000/sq. mi.)",0.66,0.65,0.67,0.65–0.67,0.09,0.08,0.09,0.08–0.09,54
Colorado Springs,CO,Single-family,"Single-family, 3,500 sq. ft.",1,3500,"Urban core (25,000/sq. mi.)",0.64,0.62,0.66,0.62–0.66,0.08,0.07,0.09,0.07–0.09,55
Baltimore,MD,Single-family,"Single-family, 3,500 sq. ft.",1,3500,"Urban core (25,000/sq. mi.)",0.63,0.49,0.76,0.49–0.76,0.29,0.2,0.38,0.2–0.38,56
Indianapolis,IN,Single-family,"Single-family, 3,500 sq. ft.",1,3500,"Urban core (25,000/sq. mi.)",0.54,0.5,0.59,0.5–0.59,0.02,0.01,0.03,0.01–0.03,57
San Francisco,CA,Single-family,"Single-family, 4,500 sq. ft.",1,4500,"Low-density suburb (1,000/sq. mi.)",4.76,4.22,5.3,4.22–5.3,1.26,1.02,1.49,1.02–1.49,1
Miami,FL,Single-family,"Single-family, 4,500 sq. ft.",1,4500,"Low-density suburb (1,000/sq. mi.)",3.4,2.83,3.96,2.83–3.96,1.64,1.27,2,1.27–2,2
Philadelphia,PA,Single-family,"Single-family, 4,500 sq. ft.",1,4500,"Low-density suburb (1,000/sq. mi.)",3.31,2.9,3.72,2.9–3.72,0.24,0.17,0.3,0.17–0.3,3
Oakland,CA,Single-family,"Single-family, 4,500 sq. ft.",1,4500,"Low-density suburb (1,000/sq. mi.)",3.1,2.55,3.66,2.55–3.66,0.47,0.34,0.6,0.34–0.6,4
Los Angeles,CA,Single-family,"Single-family, 4,500 sq. ft.",1,4500,"Low-density suburb (1,000/sq. mi.)",2.77,2.7,2.84,2.7–2.84,0.82,0.79,0.85,0.79–0.85,5
New York,NY,Single-family,"Single-family, 4,500 sq. ft.",1,4500,"Low-density suburb (1,000/sq. mi.)",2.68,2.57,2.79,2.57–2.79,0.73,0.67,0.8,0.67–0.8,6
Seattle,WA,Single-family,"Single-family, 4,500 sq. ft.",1,4500,"Low-density suburb (1,000/sq. mi.)",2.47,2.32,2.62,2.32–2.62,0.77,0.7,0.85,0.7–0.85,7
Boston,MA,Single-family,"Single-family, 4,500 sq. ft.",1,4500,"Low-density suburb (1,000/sq. mi.)",2.19,1.54,2.85,1.54–2.85,1.33,0.74,1.92,0.74–1.92,8
Providence,RI,Single-family,"Single-family, 4,500 sq. ft.",1,4500,"Low-density suburb (1,000/sq. mi.)",2.13,1.17,3.1,1.17–3.1,0.14,0.07,0.22,0.07–0.22,9
Honolulu,HI,Single-family,"Single-family, 4,500 sq. ft.",1,4500,"Low-density suburb (1,000/sq. mi.)",2.12,2.06,2.18,2.06–2.18,0.7,0.68,0.73,0.68–0.73,10
Boulder,CO,Single-family,"Single-family, 4,500 sq. ft.",1,4500,"Low-density suburb (1,000/sq. mi.)",2.08,1.86,2.3,1.86–2.3,0.51,0.45,0.57,0.45–0.57,11
San Diego,CA,Single-family,"Single-family, 4,500 sq. ft.",1,4500,"Low-density suburb (1,000/sq. mi.)",1.98,1.83,2.13,1.83–2.13,0.68,0.6,0.76,0.6–0.76,12
San Jose,CA,Single-family,"Single-family, 4,500 sq. ft.",1,4500,"Low-density suburb (1,000/sq. mi.)",1.93,1.42,2.44,1.42–2.44,0.33,0.11,0.54,0.11–0.54,13
Fort Lauderdale,FL,Single-family,"Single-family, 4,500 sq. ft.",1,4500,"Low-density suburb (1,000/sq. mi.)",1.82,1.56,2.09,1.56–2.09,0.45,0.34,0.57,0.34–0.57,14
Portland,OR,Single-family,"Single-family, 4,500 sq. ft.",1,4500,"Low-density suburb (1,000/sq. mi.)",1.79,1.69,1.88,1.69–1.88,0.6,0.55,0.65,0.55–0.65,15
Cleveland,OH,Single-family,"Single-family, 4,500 sq. ft.",1,4500,"Low-density suburb (1,000/sq. mi.)",1.78,1.55,2,1.55–2,0.69,0.57,0.8,0.57–0.8,16
Reno,NV,Single-family,"Single-family, 4,500 sq. ft.",1,4500,"Low-density suburb (1,000/sq. mi.)",1.71,1.43,1.99,1.43–1.99,0.46,0.3,0.62,0.3–0.62,17
Albuquerque,NM,Single-family,"Single-family, 4,500 sq. ft.",1,4500,"Low-density suburb (1,000/sq. mi.)",1.69,1.61,1.77,1.61–1.77,0.12,0.11,0.13,0.11–0.13,18
Houston,TX,Single-family,"Single-family, 4,500 sq. ft.",1,4500,"Low-density suburb (1,000/sq. mi.)",1.63,1.54,1.73,1.54–1.73,0.28,0.25,0.32,0.25–0.32,19
St. Paul,MN,Single-family,"Single-family, 4,500 sq. ft.",1,4500,"Low-density suburb (1,000/sq. mi.)",1.57,1.03,2.1,1.03–2.1,0.19,0.11,0.26,0.11–0.26,20
Cincinnati,OH,Single-family,"Single-family, 4,500 sq. ft.",1,4500,"Low-density suburb (1,000/sq. mi.)",1.55,1.37,1.73,1.37–1.73,0.19,0.15,0.23,0.15–0.23,21
Anaheim,CA,Single-family,"Single-family, 4,500 sq. ft.",1,4500,"Low-density suburb (1,000/sq. mi.)",1.5,1.28,1.72,1.28–1.72,0.47,0.37,0.57,0.37–0.57,22
Sacramento,CA,Single-family,"Single-family, 4,500 sq. ft.",1,4500,"Low-density suburb (1,000/sq. mi.)",1.46,1.34,1.57,1.34–1.57,0.33,0.28,0.38,0.28–0.38,23
Atlanta,GA,Single-family,"Single-family, 4,500 sq. ft.",1,4500,"Low-density suburb (1,000/sq. mi.)",1.39,1.32,1.46,1.32–1.46,0.38,0.33,0.43,0.33–0.43,24
Sioux Falls,SD,Single-family,"Single-family, 4,500 sq. ft.",1,4500,"Low-density suburb (1,000/sq. mi.)",1.34,1.04,1.65,1.04–1.65,0.06,0.02,0.09,0.02–0.09,25
Spokane,WA,Single-family,"Single-family, 4,500 sq. ft.",1,4500,"Low-density suburb (1,000/sq. mi.)",1.28,1.14,1.41,1.14–1.41,0.07,0.06,0.08,0.06–0.08,26
New Orleans,LA,Single-family,"Single-family, 4,500 sq. ft.",1,4500,"Low-density suburb (1,000/sq. mi.)",1.26,1.19,1.34,1.19–1.34,0.19,0.16,0.21,0.16–0.21,27
Orlando,FL,Single-family,"Single-family, 4,500 sq. ft.",1,4500,"Low-density suburb (1,000/sq. mi.)",1.24,1.19,1.29,1.19–1.29,0.25,0.23,0.27,0.23–0.27,28
Ann Arbor,MI,Single-family,"Single-family, 4,500 sq. ft.",1,4500,"Low-density suburb (1,000/sq. mi.)",1.21,0.99,1.42,0.99–1.42,0.15,0.08,0.22,0.08–0.22,29
Austin,TX,Single-family,"Single-family, 4,500 sq. ft.",1,4500,"Low-density suburb (1,000/sq. mi.)",1.16,1.12,1.21,1.12–1.21,0.18,0.16,0.19,0.16–0.19,30
Jacksonville,FL,Single-family,"Single-family, 4,500 sq. ft.",1,4500,"Low-density suburb (1,000/sq. mi.)",1.16,1.11,1.2,1.11–1.2,0.13,0.13,0.14,0.13–0.14,31
Baton Rouge,LA,Single-family,"Single-family, 4,500 sq. ft.",1,4500,"Low-density suburb (1,000/sq. mi.)",1.06,0.98,1.15,0.98–1.15,0.19,0.16,0.22,0.16–0.22,32
Little Rock,AR,Single-family,"Single-family, 4,500 sq. ft.",1,4500,"Low-density suburb (1,000/sq. mi.)",1.05,0.97,1.13,0.97–1.13,0.01,0.01,0.01,0.01–0.01,33
Omaha,NE,Single-family,"Single-family, 4,500 sq. ft.",1,4500,"Low-density suburb (1,000/sq. mi.)",1.02,0.96,1.09,0.96–1.09,0.03,0.03,0.04,0.03–0.04,34
Nashville,TN,Single-family,"Single-family, 4,500 sq. ft.",1,4500,"Low-density suburb (1,000/sq. mi.)",0.92,0.9,0.94,0.9–0.94,0.08,0.07,0.08,0.07–0.08,35
Oklahoma City,OK,Single-family,"Single-family, 4,500 sq. ft.",1,4500,"Low-density suburb (1,000/sq. mi.)",0.87,0.85,0.89,0.85–0.89,0.04,0.04,0.05,0.04–0.05,36
San Antonio,TX,Single-family,"Single-family, 4,500 sq. ft.",1,4500,"Low-density suburb (1,000/sq. mi.)",0.86,0.83,0.89,0.83–0.89,0.07,0.06,0.07,0.06–0.07,37
Tulsa,OK,Single-family,"Single-family, 4,500 sq. ft.",1,4500,"Low-density suburb (1,000/sq. mi.)",0.85,0.79,0.91,0.79–0.91,0.07,0.06,0.07,0.06–0.07,38
Charleston,SC,Single-family,"Single-family, 4,500 sq. ft.",1,4500,"Low-density suburb (1,000/sq. mi.)",0.83,0.79,0.87,0.79–0.87,0.09,0.08,0.09,0.08–0.09,39
Boise,ID,Single-family,"Single-family, 4,500 sq. ft.",1,4500,"Low-density suburb (1,000/sq. mi.)",0.8,0.76,0.85,0.76–0.85,0.12,0.11,0.12,0.11–0.12,40
Raleigh,NC,Single-family,"Single-family, 4,500 sq. ft.",1,4500,"Low-density suburb (1,000/sq. mi.)",0.79,0.75,0.83,0.75–0.83,0.14,0.13,0.15,0.13–0.15,41
Mesa,AZ,Single-family,"Single-family, 4,500 sq. ft.",1,4500,"Low-density suburb (1,000/sq. mi.)",0.77,0.74,0.79,0.74–0.79,0.09,0.08,0.1,0.08–0.1,42
Phoenix,AZ,Single-family,"Single-family, 4,500 sq. ft.",1,4500,"Low-density suburb (1,000/sq. mi.)",0.73,0.72,0.74,0.72–0.74,0.05,0.04,0.05,0.04–0.05,43
Columbus,OH,Single-family,"Single-family, 4,500 sq. ft.",1,4500,"Low-density suburb (1,000/sq. mi.)",0.7,0.68,0.72,0.68–0.72,0.03,0.03,0.03,0.03–0.03,44
El Paso,TX,Single-family,"Single-family, 4,500 sq. ft.",1,4500,"Low-density suburb (1,000/sq. mi.)",0.68,0.64,0.72,0.64–0.72,0.07,0.06,0.08,0.06–0.08,45
Tampa,FL,Single-family,"Single-family, 4,500 sq. ft.",1,4500,"Low-density suburb (1,000/sq. mi.)",0.68,0.64,0.72,0.64–0.72,0.12,0.11,0.13,0.11–0.13,46
Fort Worth,TX,Single-family,"Single-family, 4,500 sq. ft.",1,4500,"Low-density suburb (1,000/sq. mi.)",0.68,0.66,0.69,0.66–0.69,0.08,0.08,0.08,0.08–0.08,47
Louisville,KY,Single-family,"Single-family, 4,500 sq. ft.",1,4500,"Low-density suburb (1,000/sq. mi.)",0.67,0.65,0.7,0.65–0.7,0.04,0.03,0.04,0.03–0.04,48
Denver,CO,Single-family,"Single-family, 4,500 sq. ft.",1,4500,"Low-density suburb (1,000/sq. mi.)",0.67,0.64,0.7,0.64–0.7,0.1,0.09,0.11,0.09–0.11,49
Norfolk,VA,Single-family,"Single-family, 4,500 sq. ft.",1,4500,"Low-density suburb (1,000/sq. mi.)",0.65,0.57,0.73,0.57–0.73,0.16,0.12,0.19,0.12–0.19,50
Colorado Springs,CO,Single-family,"Single-family, 4,500 sq. ft.",1,4500,"Low-density suburb (1,000/sq. mi.)",0.63,0.61,0.64,0.61–0.64,0.06,0.05,0.06,0.05–0.06,51
Durham,NC,Single-family,"Single-family, 4,500 sq. ft.",1,4500,"Low-density suburb (1,000/sq. mi.)",0.62,0.6,0.63,0.6–0.63,0.06,0.05,0.06,0.05–0.06,52
Wilmington,NC,Single-family,"Single-family, 4,500 sq. ft.",1,4500,"Low-density suburb (1,000/sq. mi.)",0.57,0.55,0.59,0.55–0.59,0.01,0.01,0.01,0.01–0.01,53
Indianapolis,IN,Single-family,"Single-family, 4,500 sq. ft.",1,4500,"Low-density suburb (1,000/sq. mi.)",0.46,0.43,0.49,0.43–0.49,0.01,0.01,0.01,0.01–0.01,54
San Francisco,CA,Single-family,"Single-family, 4,500 sq. ft.",1,4500,"City neighborhood (4,000/sq. mi.)",4.38,3.89,4.87,3.89–4.87,1.33,1.11,1.56,1.11–1.56,1
Miami,FL,Single-family,"Single-family, 4,500 sq. ft.",1,4500,"City neighborhood (4,000/sq. mi.)",3.65,3.37,3.92,3.37–3.92,1.52,1.37,1.67,1.37–1.67,2
Philadelphia,PA,Single-family,"Single-family, 4,500 sq. ft.",1,4500,"City neighborhood (4,000/sq. mi.)",3.3,2.95,3.65,2.95–3.65,0.25,0.19,0.3,0.19–0.3,3
Oakland,CA,Single-family,"Single-family, 4,500 sq. ft.",1,4500,"City neighborhood (4,000/sq. mi.)",3.14,2.72,3.56,2.72–3.56,0.51,0.41,0.61,0.41–0.61,4
New York,NY,Single-family,"Single-family, 4,500 sq. ft.",1,4500,"City neighborhood (4,000/sq. mi.)",2.8,2.71,2.89,2.71–2.89,0.7,0.66,0.74,0.66–0.74,5
Los Angeles,CA,Single-family,"Single-family, 4,500 sq. ft.",1,4500,"City neighborhood (4,000/sq. mi.)",2.71,2.67,2.76,2.67–2.76,0.74,0.72,0.76,0.72–0.76,6
Boston,MA,Single-family,"Single-family, 4,500 sq. ft.",1,4500,"City neighborhood (4,000/sq. mi.)",2.45,2.03,2.86,2.03–2.86,1.24,0.92,1.57,0.92–1.57,7
Fort Lauderdale,FL,Single-family,"Single-family, 4,500 sq. ft.",1,4500,"City neighborhood (4,000/sq. mi.)",2.26,2.09,2.43,2.09–2.43,0.57,0.49,0.66,0.49–0.66,8
Seattle,WA,Single-family,"Single-family, 4,500 sq. ft.",1,4500,"City neighborhood (4,000/sq. mi.)",2.26,2.18,2.34,2.18–2.34,0.65,0.61,0.69,0.61–0.69,9
San Diego,CA,Single-family,"Single-family, 4,500 sq. ft.",1,4500,"City neighborhood (4,000/sq. mi.)",2.19,2.06,2.32,2.06–2.32,0.72,0.65,0.79,0.65–0.79,10
St. Paul,MN,Single-family,"Single-family, 4,500 sq. ft.",1,4500,"City neighborhood (4,000/sq. mi.)",2.13,1.75,2.51,1.75–2.51,0.22,0.18,0.26,0.18–0.26,11
Providence,RI,Single-family,"Single-family, 4,500 sq. ft.",1,4500,"City neighborhood (4,000/sq. mi.)",2.05,1.38,2.73,1.38–2.73,0.13,0.08,0.18,0.08–0.18,12
Honolulu,HI,Single-family,"Single-family, 4,500 sq. ft.",1,4500,"City neighborhood (4,000/sq. mi.)",2.05,2,2.11,2–2.11,0.65,0.63,0.68,0.63–0.68,13
San Jose,CA,Single-family,"Single-family, 4,500 sq. ft.",1,4500,"City neighborhood (4,000/sq. mi.)",2.03,1.6,2.46,1.6–2.46,0.3,0.16,0.43,0.16–0.43,14
Boulder,CO,Single-family,"Single-family, 4,500 sq. ft.",1,4500,"City neighborhood (4,000/sq. mi.)",1.95,1.78,2.12,1.78–2.12,0.48,0.43,0.52,0.43–0.52,15
Albuquerque,NM,Single-family,"Single-family, 4,500 sq. ft.",1,4500,"City neighborhood (4,000/sq. mi.)",1.76,1.67,1.85,1.67–1.85,0.12,0.11,0.13,0.11–0.13,16
Houston,TX,Single-family,"Single-family, 4,500 sq. ft.",1,4500,"City neighborhood (4,000/sq. mi.)",1.72,1.65,1.8,1.65–1.8,0.29,0.27,0.32,0.27–0.32,17
Anaheim,CA,Single-family,"Single-family, 4,500 sq. ft.",1,4500,"City neighborhood (4,000/sq. mi.)",1.72,1.51,1.93,1.51–1.93,0.59,0.48,0.7,0.48–0.7,18
Reno,NV,Single-family,"Single-family, 4,500 sq. ft.",1,4500,"City neighborhood (4,000/sq. mi.)",1.71,1.43,1.99,1.43–1.99,0.46,0.3,0.63,0.3–0.63,19
Cleveland,OH,Single-family,"Single-family, 4,500 sq. ft.",1,4500,"City neighborhood (4,000/sq. mi.)",1.71,1.54,1.88,1.54–1.88,0.66,0.58,0.74,0.58–0.74,20
Portland,OR,Single-family,"Single-family, 4,500 sq. ft.",1,4500,"City neighborhood (4,000/sq. mi.)",1.6,1.54,1.67,1.54–1.67,0.51,0.48,0.54,0.48–0.54,21
Cincinnati,OH,Single-family,"Single-family, 4,500 sq. ft.",1,4500,"City neighborhood (4,000/sq. mi.)",1.59,1.47,1.7,1.47–1.7,0.22,0.19,0.25,0.19–0.25,22
Sacramento,CA,Single-family,"Single-family, 4,500 sq. ft.",1,4500,"City neighborhood (4,000/sq. mi.)",1.51,1.39,1.63,1.39–1.63,0.43,0.37,0.49,0.37–0.49,23
Atlanta,GA,Single-family,"Single-family, 4,500 sq. ft.",1,4500,"City neighborhood (4,000/sq. mi.)",1.5,1.44,1.57,1.44–1.57,0.41,0.36,0.45,0.36–0.45,24
Buffalo,NY,Single-family,"Single-family, 4,500 sq. ft.",1,4500,"City neighborhood (4,000/sq. mi.)",1.46,0.9,2.03,0.9–2.03,0.36,0.14,0.59,0.14–0.59,25
Austin,TX,Single-family,"Single-family, 4,500 sq. ft.",1,4500,"City neighborhood (4,000/sq. mi.)",1.42,1.36,1.47,1.36–1.47,0.27,0.25,0.29,0.25–0.29,26
Spokane,WA,Single-family,"Single-family, 4,500 sq. ft.",1,4500,"City neighborhood (4,000/sq. mi.)",1.35,1.19,1.5,1.19–1.5,0.08,0.07,0.09,0.07–0.09,27
Sioux Falls,SD,Single-family,"Single-family, 4,500 sq. ft.",1,4500,"City neighborhood (4,000/sq. mi.)",1.33,1.03,1.63,1.03–1.63,0.04,0.02,0.07,0.02–0.07,28
Orlando,FL,Single-family,"Single-family, 4,500 sq. ft.",1,4500,"City neighborhood (4,000/sq. mi.)",1.31,1.25,1.37,1.25–1.37,0.26,0.24,0.28,0.24–0.28,29
Baltimore,MD,Single-family,"Single-family, 4,500 sq. ft.",1,4500,"City neighborhood (4,000/sq. mi.)",1.25,0.97,1.53,0.97–1.53,0.61,0.37,0.86,0.37–0.86,30
Ann Arbor,MI,Single-family,"Single-family, 4,500 sq. ft.",1,4500,"City neighborhood (4,000/sq. mi.)",1.23,1.02,1.43,1.02–1.43,0.16,0.09,0.23,0.09–0.23,31
Jacksonville,FL,Single-family,"Single-family, 4,500 sq. ft.",1,4500,"City neighborhood (4,000/sq. mi.)",1.22,1.17,1.27,1.17–1.27,0.14,0.14,0.15,0.14–0.15,32
Baton Rouge,LA,Single-family,"Single-family, 4,500 sq. ft.",1,4500,"City neighborhood (4,000/sq. mi.)",1.19,1.1,1.28,1.1–1.28,0.25,0.21,0.28,0.21–0.28,33
New Orleans,LA,Single-family,"Single-family, 4,500 sq. ft.",1,4500,"City neighborhood (4,000/sq. mi.)",1.15,1.09,1.2,1.09–1.2,0.16,0.14,0.18,0.14–0.18,34
Tulsa,OK,Single-family,"Single-family, 4,500 sq. ft.",1,4500,"City neighborhood (4,000/sq. mi.)",1.12,1.04,1.2,1.04–1.2,0.1,0.08,0.11,0.08–0.11,35
Little Rock,AR,Single-family,"Single-family, 4,500 sq. ft.",1,4500,"City neighborhood (4,000/sq. mi.)",1.12,1.03,1.21,1.03–1.21,0.01,0.01,0.01,0.01–0.01,36
Tampa,FL,Single-family,"Single-family, 4,500 sq. ft.",1,4500,"City neighborhood (4,000/sq. mi.)",1.08,1.05,1.11,1.05–1.11,0.19,0.18,0.2,0.18–0.2,37
Nashville,TN,Single-family,"Single-family, 4,500 sq. ft.",1,4500,"City neighborhood (4,000/sq. mi.)",1.07,1.05,1.1,1.05–1.1,0.09,0.08,0.09,0.08–0.09,38
Charleston,SC,Single-family,"Single-family, 4,500 sq. ft.",1,4500,"City neighborhood (4,000/sq. mi.)",1.02,0.97,1.08,0.97–1.08,0.11,0.1,0.12,0.1–0.12,39
Denver,CO,Single-family,"Single-family, 4,500 sq. ft.",1,4500,"City neighborhood (4,000/sq. mi.)",1.01,1,1.03,1–1.03,0.21,0.2,0.22,0.2–0.22,40
Omaha,NE,Single-family,"Single-family, 4,500 sq. ft.",1,4500,"City neighborhood (4,000/sq. mi.)",1,0.94,1.07,0.94–1.07,0.03,0.03,0.04,0.03–0.04,41
San Antonio,TX,Single-family,"Single-family, 4,500 sq. ft.",1,4500,"City neighborhood (4,000/sq. mi.)",0.95,0.92,0.98,0.92–0.98,0.09,0.08,0.09,0.08–0.09,42
Raleigh,NC,Single-family,"Single-family, 4,500 sq. ft.",1,4500,"City neighborhood (4,000/sq. mi.)",0.91,0.87,0.95,0.87–0.95,0.15,0.14,0.16,0.14–0.16,43
Oklahoma City,OK,Single-family,"Single-family, 4,500 sq. ft.",1,4500,"City neighborhood (4,000/sq. mi.)",0.88,0.85,0.9,0.85–0.9,0.04,0.04,0.05,0.04–0.05,44
Columbus,OH,Single-family,"Single-family, 4,500 sq. ft.",1,4500,"City neighborhood (4,000/sq. mi.)",0.86,0.84,0.89,0.84–0.89,0.06,0.05,0.06,0.05–0.06,45
Boise,ID,Single-family,"Single-family, 4,500 sq. ft.",1,4500,"City neighborhood (4,000/sq. mi.)",0.86,0.81,0.91,0.81–0.91,0.12,0.11,0.13,0.11–0.13,46
Norfolk,VA,Single-family,"Single-family, 4,500 sq. ft.",1,4500,"City neighborhood (4,000/sq. mi.)",0.8,0.74,0.86,0.74–0.86,0.18,0.16,0.21,0.16–0.21,47
Phoenix,AZ,Single-family,"Single-family, 4,500 sq. ft.",1,4500,"City neighborhood (4,000/sq. mi.)",0.76,0.75,0.77,0.75–0.77,0.06,0.06,0.06,0.06–0.06,48
El Paso,TX,Single-family,"Single-family, 4,500 sq. ft.",1,4500,"City neighborhood (4,000/sq. mi.)",0.74,0.7,0.79,0.7–0.79,0.08,0.07,0.1,0.07–0.1,49
Mesa,AZ,Single-family,"Single-family, 4,500 sq. ft.",1,4500,"City neighborhood (4,000/sq. mi.)",0.74,0.71,0.77,0.71–0.77,0.12,0.1,0.13,0.1–0.13,50
Durham,NC,Single-family,"Single-family, 4,500 sq. ft.",1,4500,"City neighborhood (4,000/sq. mi.)",0.74,0.71,0.76,0.71–0.76,0.07,0.07,0.08,0.07–0.08,51
Louisville,KY,Single-family,"Single-family, 4,500 sq. ft.",1,4500,"City neighborhood (4,000/sq. mi.)",0.71,0.67,0.74,0.67–0.74,0.04,0.03,0.04,0.03–0.04,52
Fort Worth,TX,Single-family,"Single-family, 4,500 sq. ft.",1,4500,"City neighborhood (4,000/sq. mi.)",0.68,0.66,0.69,0.66–0.69,0.08,0.08,0.09,0.08–0.09,53
Colorado Springs,CO,Single-family,"Single-family, 4,500 sq. ft.",1,4500,"City neighborhood (4,000/sq. mi.)",0.64,0.62,0.66,0.62–0.66,0.06,0.06,0.07,0.06–0.07,54
Wilmington,NC,Single-family,"Single-family, 4,500 sq. ft.",1,4500,"City neighborhood (4,000/sq. mi.)",0.62,0.59,0.64,0.59–0.64,0.01,0.01,0.01,0.01–0.01,55
Indianapolis,IN,Single-family,"Single-family, 4,500 sq. ft.",1,4500,"City neighborhood (4,000/sq. mi.)",0.5,0.47,0.54,0.47–0.54,0.01,0.01,0.02,0.01–0.02,56
San Francisco,CA,Single-family,"Single-family, 4,500 sq. ft.",1,4500,"Dense city neighborhood (10,000/sq. mi.)",4.14,3.64,4.65,3.64–4.65,1.38,1.14,1.63,1.14–1.63,1
Miami,FL,Single-family,"Single-family, 4,500 sq. ft.",1,4500,"Dense city neighborhood (10,000/sq. mi.)",3.82,3.58,4.06,3.58–4.06,1.45,1.32,1.58,1.32–1.58,2
Philadelphia,PA,Single-family,"Single-family, 4,500 sq. ft.",1,4500,"Dense city neighborhood (10,000/sq. mi.)",3.3,2.97,3.63,2.97–3.63,0.25,0.2,0.31,0.2–0.31,3
Oakland,CA,Single-family,"Single-family, 4,500 sq. ft.",1,4500,"Dense city neighborhood (10,000/sq. mi.)",3.17,2.78,3.57,2.78–3.57,0.54,0.44,0.64,0.44–0.64,4
Pittsburgh,PA,Single-family,"Single-family, 4,500 sq. ft.",1,4500,"Dense city neighborhood (10,000/sq. mi.)",2.94,2.28,3.59,2.28–3.59,1.4,0.78,2.01,0.78–2.01,5
New York,NY,Single-family,"Single-family, 4,500 sq. ft.",1,4500,"Dense city neighborhood (10,000/sq. mi.)",2.88,2.79,2.97,2.79–2.97,0.68,0.65,0.72,0.65–0.72,6
Los Angeles,CA,Single-family,"Single-family, 4,500 sq. ft.",1,4500,"Dense city neighborhood (10,000/sq. mi.)",2.68,2.63,2.73,2.63–2.73,0.7,0.68,0.71,0.68–0.71,7
Boston,MA,Single-family,"Single-family, 4,500 sq. ft.",1,4500,"Dense city neighborhood (10,000/sq. mi.)",2.63,2.31,2.96,2.31–2.96,1.19,0.96,1.42,0.96–1.42,8
St. Paul,MN,Single-family,"Single-family, 4,500 sq. ft.",1,4500,"Dense city neighborhood (10,000/sq. mi.)",2.62,2.18,3.06,2.18–3.06,0.24,0.19,0.29,0.19–0.29,9
Fort Lauderdale,FL,Single-family,"Single-family, 4,500 sq. ft.",1,4500,"Dense city neighborhood (10,000/sq. mi.)",2.61,2.31,2.9,2.31–2.9,0.67,0.55,0.79,0.55–0.79,10
San Diego,CA,Single-family,"Single-family, 4,500 sq. ft.",1,4500,"Dense city neighborhood (10,000/sq. mi.)",2.33,2.19,2.47,2.19–2.47,0.75,0.68,0.83,0.68–0.83,11
Seattle,WA,Single-family,"Single-family, 4,500 sq. ft.",1,4500,"Dense city neighborhood (10,000/sq. mi.)",2.13,2.06,2.19,2.06–2.19,0.58,0.55,0.61,0.55–0.61,12
San Jose,CA,Single-family,"Single-family, 4,500 sq. ft.",1,4500,"Dense city neighborhood (10,000/sq. mi.)",2.1,1.65,2.55,1.65–2.55,0.28,0.16,0.39,0.16–0.39,13
Honolulu,HI,Single-family,"Single-family, 4,500 sq. ft.",1,4500,"Dense city neighborhood (10,000/sq. mi.)",2.01,1.95,2.07,1.95–2.07,0.62,0.59,0.64,0.59–0.64,14
Providence,RI,Single-family,"Single-family, 4,500 sq. ft.",1,4500,"Dense city neighborhood (10,000/sq. mi.)",2,1.39,2.61,1.39–2.61,0.12,0.07,0.17,0.07–0.17,15
Anaheim,CA,Single-family,"Single-family, 4,500 sq. ft.",1,4500,"Dense city neighborhood (10,000/sq. mi.)",1.88,1.62,2.14,1.62–2.14,0.69,0.55,0.83,0.55–0.83,16
Boulder,CO,Single-family,"Single-family, 4,500 sq. ft.",1,4500,"Dense city neighborhood (10,000/sq. mi.)",1.87,1.69,2.04,1.69–2.04,0.46,0.4,0.52,0.4–0.52,17
Albuquerque,NM,Single-family,"Single-family, 4,500 sq. ft.",1,4500,"Dense city neighborhood (10,000/sq. mi.)",1.8,1.7,1.91,1.7–1.91,0.12,0.11,0.13,0.11–0.13,18
Houston,TX,Single-family,"Single-family, 4,500 sq. ft.",1,4500,"Dense city neighborhood (10,000/sq. mi.)",1.78,1.7,1.87,1.7–1.87,0.3,0.27,0.32,0.27–0.32,19
Reno,NV,Single-family,"Single-family, 4,500 sq. ft.",1,4500,"Dense city neighborhood (10,000/sq. mi.)",1.71,1.43,1.99,1.43–1.99,0.47,0.3,0.63,0.3–0.63,20
Cleveland,OH,Single-family,"Single-family, 4,500 sq. ft.",1,4500,"Dense city neighborhood (10,000/sq. mi.)",1.67,1.48,1.85,1.48–1.85,0.64,0.55,0.73,0.55–0.73,21
Austin,TX,Single-family,"Single-family, 4,500 sq. ft.",1,4500,"Dense city neighborhood (10,000/sq. mi.)",1.62,1.56,1.68,1.56–1.68,0.37,0.34,0.39,0.34–0.39,22
Cincinnati,OH,Single-family,"Single-family, 4,500 sq. ft.",1,4500,"Dense city neighborhood (10,000/sq. mi.)",1.61,1.47,1.76,1.47–1.76,0.23,0.2,0.27,0.2–0.27,23
Atlanta,GA,Single-family,"Single-family, 4,500 sq. ft.",1,4500,"Dense city neighborhood (10,000/sq. mi.)",1.58,1.51,1.65,1.51–1.65,0.43,0.38,0.48,0.38–0.48,24
Sacramento,CA,Single-family,"Single-family, 4,500 sq. ft.",1,4500,"Dense city neighborhood (10,000/sq. mi.)",1.55,1.42,1.67,1.42–1.67,0.51,0.43,0.58,0.43–0.58,25
Portland,OR,Single-family,"Single-family, 4,500 sq. ft.",1,4500,"Dense city neighborhood (10,000/sq. mi.)",1.49,1.42,1.56,1.42–1.56,0.46,0.43,0.48,0.43–0.48,26
Tampa,FL,Single-family,"Single-family, 4,500 sq. ft.",1,4500,"Dense city neighborhood (10,000/sq. mi.)",1.47,1.42,1.53,1.42–1.53,0.26,0.24,0.27,0.24–0.27,27
Spokane,WA,Single-family,"Single-family, 4,500 sq. ft.",1,4500,"Dense city neighborhood (10,000/sq. mi.)",1.39,1.22,1.57,1.22–1.57,0.09,0.08,0.1,0.08–0.1,28
Orlando,FL,Single-family,"Single-family, 4,500 sq. ft.",1,4500,"Dense city neighborhood (10,000/sq. mi.)",1.36,1.29,1.42,1.29–1.42,0.26,0.24,0.28,0.24–0.28,29
Tulsa,OK,Single-family,"Single-family, 4,500 sq. ft.",1,4500,"Dense city neighborhood (10,000/sq. mi.)",1.35,1.23,1.47,1.23–1.47,0.13,0.1,0.15,0.1–0.15,30
Denver,CO,Single-family,"Single-family, 4,500 sq. ft.",1,4500,"Dense city neighborhood (10,000/sq. mi.)",1.34,1.31,1.37,1.31–1.37,0.34,0.32,0.35,0.32–0.35,31
Sioux Falls,SD,Single-family,"Single-family, 4,500 sq. ft.",1,4500,"Dense city neighborhood (10,000/sq. mi.)",1.32,1.03,1.62,1.03–1.62,0.04,0.01,0.06,0.01–0.06,32
Baton Rouge,LA,Single-family,"Single-family, 4,500 sq. ft.",1,4500,"Dense city neighborhood (10,000/sq. mi.)",1.28,1.17,1.38,1.17–1.38,0.29,0.24,0.34,0.24–0.34,33
Jacksonville,FL,Single-family,"Single-family, 4,500 sq. ft.",1,4500,"Dense city neighborhood (10,000/sq. mi.)",1.26,1.21,1.31,1.21–1.31,0.15,0.14,0.16,0.14–0.16,34
Ann Arbor,MI,Single-family,"Single-family, 4,500 sq. ft.",1,4500,"Dense city neighborhood (10,000/sq. mi.)",1.24,1.01,1.47,1.01–1.47,0.17,0.08,0.25,0.08–0.25,35
Nashville,TN,Single-family,"Single-family, 4,500 sq. ft.",1,4500,"Dense city neighborhood (10,000/sq. mi.)",1.19,1.16,1.23,1.16–1.23,0.1,0.09,0.11,0.09–0.11,36
Charleston,SC,Single-family,"Single-family, 4,500 sq. ft.",1,4500,"Dense city neighborhood (10,000/sq. mi.)",1.18,1.1,1.25,1.1–1.25,0.13,0.12,0.15,0.12–0.15,37
Little Rock,AR,Single-family,"Single-family, 4,500 sq. ft.",1,4500,"Dense city neighborhood (10,000/sq. mi.)",1.17,1.07,1.27,1.07–1.27,0.01,0.01,0.01,0.01–0.01,38
New Orleans,LA,Single-family,"Single-family, 4,500 sq. ft.",1,4500,"Dense city neighborhood (10,000/sq. mi.)",1.08,1.02,1.13,1.02–1.13,0.15,0.13,0.16,0.13–0.16,39
San Antonio,TX,Single-family,"Single-family, 4,500 sq. ft.",1,4500,"Dense city neighborhood (10,000/sq. mi.)",1.02,0.98,1.05,0.98–1.05,0.1,0.09,0.11,0.09–0.11,40
Buffalo,NY,Single-family,"Single-family, 4,500 sq. ft.",1,4500,"Dense city neighborhood (10,000/sq. mi.)",1.01,0.67,1.36,0.67–1.36,0.22,0.09,0.35,0.09–0.35,41
Raleigh,NC,Single-family,"Single-family, 4,500 sq. ft.",1,4500,"Dense city neighborhood (10,000/sq. mi.)",1,0.96,1.05,0.96–1.05,0.15,0.14,0.16,0.14–0.16,42
Omaha,NE,Single-family,"Single-family, 4,500 sq. ft.",1,4500,"Dense city neighborhood (10,000/sq. mi.)",0.99,0.93,1.06,0.93–1.06,0.03,0.02,0.03,0.02–0.03,43
Columbus,OH,Single-family,"Single-family, 4,500 sq. ft.",1,4500,"Dense city neighborhood (10,000/sq. mi.)",0.99,0.95,1.02,0.95–1.02,0.08,0.07,0.09,0.07–0.09,44
Norfolk,VA,Single-family,"Single-family, 4,500 sq. ft.",1,4500,"Dense city neighborhood (10,000/sq. mi.)",0.92,0.85,0.99,0.85–0.99,0.2,0.17,0.24,0.17–0.24,45
Boise,ID,Single-family,"Single-family, 4,500 sq. ft.",1,4500,"Dense city neighborhood (10,000/sq. mi.)",0.9,0.84,0.96,0.84–0.96,0.12,0.11,0.13,0.11–0.13,46
Oklahoma City,OK,Single-family,"Single-family, 4,500 sq. ft.",1,4500,"Dense city neighborhood (10,000/sq. mi.)",0.88,0.85,0.91,0.85–0.91,0.04,0.04,0.05,0.04–0.05,47
Baltimore,MD,Single-family,"Single-family, 4,500 sq. ft.",1,4500,"Dense city neighborhood (10,000/sq. mi.)",0.86,0.7,1.02,0.7–1.02,0.41,0.28,0.55,0.28–0.55,48
Durham,NC,Single-family,"Single-family, 4,500 sq. ft.",1,4500,"Dense city neighborhood (10,000/sq. mi.)",0.83,0.8,0.86,0.8–0.86,0.09,0.08,0.09,0.08–0.09,49
El Paso,TX,Single-family,"Single-family, 4,500 sq. ft.",1,4500,"Dense city neighborhood (10,000/sq. mi.)",0.79,0.74,0.84,0.74–0.84,0.09,0.08,0.11,0.08–0.11,50
Phoenix,AZ,Single-family,"Single-family, 4,500 sq. ft.",1,4500,"Dense city neighborhood (10,000/sq. mi.)",0.78,0.77,0.79,0.77–0.79,0.07,0.06,0.07,0.06–0.07,51
Louisville,KY,Single-family,"Single-family, 4,500 sq. ft.",1,4500,"Dense city neighborhood (10,000/sq. mi.)",0.73,0.68,0.78,0.68–0.78,0.04,0.03,0.04,0.03–0.04,52
Mesa,AZ,Single-family,"Single-family, 4,500 sq. ft.",1,4500,"Dense city neighborhood (10,000/sq. mi.)",0.72,0.69,0.75,0.69–0.75,0.14,0.12,0.15,0.12–0.15,53
Fort Worth,TX,Single-family,"Single-family, 4,500 sq. ft.",1,4500,"Dense city neighborhood (10,000/sq. mi.)",0.68,0.66,0.69,0.66–0.69,0.08,0.08,0.09,0.08–0.09,54
Wilmington,NC,Single-family,"Single-family, 4,500 sq. ft.",1,4500,"Dense city neighborhood (10,000/sq. mi.)",0.65,0.62,0.69,0.62–0.69,0.01,0,0.01,0–0.01,55
Colorado Springs,CO,Single-family,"Single-family, 4,500 sq. ft.",1,4500,"Dense city neighborhood (10,000/sq. mi.)",0.65,0.63,0.67,0.63–0.67,0.07,0.06,0.08,0.06–0.08,56
Indianapolis,IN,Single-family,"Single-family, 4,500 sq. ft.",1,4500,"Dense city neighborhood (10,000/sq. mi.)",0.53,0.49,0.58,0.49–0.58,0.02,0.01,0.02,0.01–0.02,57
Miami,FL,Single-family,"Single-family, 4,500 sq. ft.",1,4500,"Urban core (25,000/sq. mi.)",4.01,3.56,4.45,3.56–4.45,1.38,1.16,1.61,1.16–1.61,1
San Francisco,CA,Single-family,"Single-family, 4,500 sq. ft.",1,4500,"Urban core (25,000/sq. mi.)",3.92,3.37,4.47,3.37–4.47,1.44,1.14,1.73,1.14–1.73,2
Philadelphia,PA,Single-family,"Single-family, 4,500 sq. ft.",1,4500,"Urban core (25,000/sq. mi.)",3.3,2.96,3.63,2.96–3.63,0.26,0.2,0.32,0.2–0.32,3
St. Paul,MN,Single-family,"Single-family, 4,500 sq. ft.",1,4500,"Urban core (25,000/sq. mi.)",3.21,2.37,4.04,2.37–4.04,0.27,0.18,0.36,0.18–0.36,4
Oakland,CA,Single-family,"Single-family, 4,500 sq. ft.",1,4500,"Urban core (25,000/sq. mi.)",3.2,2.76,3.64,2.76–3.64,0.57,0.46,0.68,0.46–0.68,5
Pittsburgh,PA,Single-family,"Single-family, 4,500 sq. ft.",1,4500,"Urban core (25,000/sq. mi.)",3.08,2.14,4.03,2.14–4.03,2.34,1.17,3.52,1.17–3.52,6
Fort Lauderdale,FL,Single-family,"Single-family, 4,500 sq. ft.",1,4500,"Urban core (25,000/sq. mi.)",3,2.45,3.56,2.45–3.56,0.78,0.56,1,0.56–1,7
New York,NY,Single-family,"Single-family, 4,500 sq. ft.",1,4500,"Urban core (25,000/sq. mi.)",2.97,2.87,3.07,2.87–3.07,0.66,0.62,0.7,0.62–0.7,8
Boston,MA,Single-family,"Single-family, 4,500 sq. ft.",1,4500,"Urban core (25,000/sq. mi.)",2.83,2.4,3.26,2.4–3.26,1.14,0.9,1.38,0.9–1.38,9
Los Angeles,CA,Single-family,"Single-family, 4,500 sq. ft.",1,4500,"Urban core (25,000/sq. mi.)",2.65,2.59,2.7,2.59–2.7,0.65,0.63,0.67,0.63–0.67,10
San Diego,CA,Single-family,"Single-family, 4,500 sq. ft.",1,4500,"Urban core (25,000/sq. mi.)",2.49,2.31,2.66,2.31–2.66,0.78,0.7,0.87,0.7–0.87,11
San Jose,CA,Single-family,"Single-family, 4,500 sq. ft.",1,4500,"Urban core (25,000/sq. mi.)",2.18,1.63,2.72,1.63–2.72,0.26,0.14,0.38,0.14–0.38,12
Anaheim,CA,Single-family,"Single-family, 4,500 sq. ft.",1,4500,"Urban core (25,000/sq. mi.)",2.05,1.69,2.42,1.69–2.42,0.8,0.6,1,0.6–1,13
Seattle,WA,Single-family,"Single-family, 4,500 sq. ft.",1,4500,"Urban core (25,000/sq. mi.)",2,1.92,2.09,1.92–2.09,0.52,0.48,0.55,0.48–0.55,14
Tampa,FL,Single-family,"Single-family, 4,500 sq. ft.",1,4500,"Urban core (25,000/sq. mi.)",2,1.87,2.13,1.87–2.13,0.34,0.3,0.39,0.3–0.39,15
Honolulu,HI,Single-family,"Single-family, 4,500 sq. ft.",1,4500,"Urban core (25,000/sq. mi.)",1.97,1.91,2.03,1.91–2.03,0.59,0.56,0.61,0.56–0.61,16
Providence,RI,Single-family,"Single-family, 4,500 sq. ft.",1,4500,"Urban core (25,000/sq. mi.)",1.95,1.28,2.63,1.28–2.63,0.11,0.06,0.16,0.06–0.16,17
Albuquerque,NM,Single-family,"Single-family, 4,500 sq. ft.",1,4500,"Urban core (25,000/sq. mi.)",1.85,1.73,1.97,1.73–1.97,0.13,0.11,0.14,0.11–0.14,18
Houston,TX,Single-family,"Single-family, 4,500 sq. ft.",1,4500,"Urban core (25,000/sq. mi.)",1.85,1.75,1.95,1.75–1.95,0.3,0.27,0.34,0.27–0.34,19
Austin,TX,Single-family,"Single-family, 4,500 sq. ft.",1,4500,"Urban core (25,000/sq. mi.)",1.84,1.77,1.91,1.77–1.91,0.49,0.45,0.53,0.45–0.53,20
Boulder,CO,Single-family,"Single-family, 4,500 sq. ft.",1,4500,"Urban core (25,000/sq. mi.)",1.79,1.58,2,1.58–2,0.44,0.37,0.51,0.37–0.51,21
Denver,CO,Single-family,"Single-family, 4,500 sq. ft.",1,4500,"Urban core (25,000/sq. mi.)",1.76,1.69,1.83,1.69–1.83,0.55,0.5,0.6,0.5–0.6,22
Reno,NV,Single-family,"Single-family, 4,500 sq. ft.",1,4500,"Urban core (25,000/sq. mi.)",1.72,1.43,2,1.43–2,0.47,0.3,0.64,0.3–0.64,23
Atlanta,GA,Single-family,"Single-family, 4,500 sq. ft.",1,4500,"Urban core (25,000/sq. mi.)",1.67,1.57,1.76,1.57–1.76,0.45,0.39,0.52,0.39–0.52,24
Cincinnati,OH,Single-family,"Single-family, 4,500 sq. ft.",1,4500,"Urban core (25,000/sq. mi.)",1.64,1.42,1.86,1.42–1.86,0.25,0.2,0.3,0.2–0.3,25
Cleveland,OH,Single-family,"Single-family, 4,500 sq. ft.",1,4500,"Urban core (25,000/sq. mi.)",1.63,1.4,1.85,1.4–1.85,0.62,0.51,0.73,0.51–0.73,26
Tulsa,OK,Single-family,"Single-family, 4,500 sq. ft.",1,4500,"Urban core (25,000/sq. mi.)",1.62,1.44,1.8,1.44–1.8,0.16,0.12,0.2,0.12–0.2,27
Sacramento,CA,Single-family,"Single-family, 4,500 sq. ft.",1,4500,"Urban core (25,000/sq. mi.)",1.58,1.45,1.72,1.45–1.72,0.6,0.51,0.69,0.51–0.69,28
Spokane,WA,Single-family,"Single-family, 4,500 sq. ft.",1,4500,"Urban core (25,000/sq. mi.)",1.44,1.23,1.66,1.23–1.66,0.1,0.08,0.11,0.08–0.11,29
Orlando,FL,Single-family,"Single-family, 4,500 sq. ft.",1,4500,"Urban core (25,000/sq. mi.)",1.41,1.34,1.49,1.34–1.49,0.26,0.24,0.28,0.24–0.28,30
Portland,OR,Single-family,"Single-family, 4,500 sq. ft.",1,4500,"Urban core (25,000/sq. mi.)",1.39,1.31,1.47,1.31–1.47,0.41,0.37,0.44,0.37–0.44,31
Baton Rouge,LA,Single-family,"Single-family, 4,500 sq. ft.",1,4500,"Urban core (25,000/sq. mi.)",1.37,1.25,1.5,1.25–1.5,0.35,0.28,0.41,0.28–0.41,32
Charleston,SC,Single-family,"Single-family, 4,500 sq. ft.",1,4500,"Urban core (25,000/sq. mi.)",1.35,1.25,1.45,1.25–1.45,0.16,0.13,0.18,0.13–0.18,33
Nashville,TN,Single-family,"Single-family, 4,500 sq. ft.",1,4500,"Urban core (25,000/sq. mi.)",1.32,1.27,1.38,1.27–1.38,0.11,0.1,0.12,0.1–0.12,34
Sioux Falls,SD,Single-family,"Single-family, 4,500 sq. ft.",1,4500,"Urban core (25,000/sq. mi.)",1.32,1.02,1.61,1.02–1.61,0.03,0.01,0.05,0.01–0.05,35
Jacksonville,FL,Single-family,"Single-family, 4,500 sq. ft.",1,4500,"Urban core (25,000/sq. mi.)",1.3,1.25,1.36,1.25–1.36,0.16,0.15,0.17,0.15–0.17,36
Ann Arbor,MI,Single-family,"Single-family, 4,500 sq. ft.",1,4500,"Urban core (25,000/sq. mi.)",1.26,0.97,1.54,0.97–1.54,0.17,0.07,0.27,0.07–0.27,37
Little Rock,AR,Single-family,"Single-family, 4,500 sq. ft.",1,4500,"Urban core (25,000/sq. mi.)",1.22,1.1,1.33,1.1–1.33,0.01,0.01,0.01,0.01–0.01,38
Columbus,OH,Single-family,"Single-family, 4,500 sq. ft.",1,4500,"Urban core (25,000/sq. mi.)",1.13,1.08,1.19,1.08–1.19,0.13,0.11,0.15,0.11–0.15,39
Raleigh,NC,Single-family,"Single-family, 4,500 sq. ft.",1,4500,"Urban core (25,000/sq. mi.)",1.11,1.05,1.16,1.05–1.16,0.16,0.15,0.17,0.15–0.17,40
San Antonio,TX,Single-family,"Single-family, 4,500 sq. ft.",1,4500,"Urban core (25,000/sq. mi.)",1.09,1.05,1.13,1.05–1.13,0.13,0.11,0.14,0.11–0.14,41
Norfolk,VA,Single-family,"Single-family, 4,500 sq. ft.",1,4500,"Urban core (25,000/sq. mi.)",1.05,0.94,1.17,0.94–1.17,0.23,0.17,0.28,0.17–0.28,42
New Orleans,LA,Single-family,"Single-family, 4,500 sq. ft.",1,4500,"Urban core (25,000/sq. mi.)",1.01,0.95,1.07,0.95–1.07,0.13,0.11,0.15,0.11–0.15,43
Omaha,NE,Single-family,"Single-family, 4,500 sq. ft.",1,4500,"Urban core (25,000/sq. mi.)",0.98,0.91,1.05,0.91–1.05,0.03,0.02,0.03,0.02–0.03,44
Boise,ID,Single-family,"Single-family, 4,500 sq. ft.",1,4500,"Urban core (25,000/sq. mi.)",0.94,0.88,1.01,0.88–1.01,0.13,0.12,0.14,0.12–0.14,45
Durham,NC,Single-family,"Single-family, 4,500 sq. ft.",1,4500,"Urban core (25,000/sq. mi.)",0.94,0.89,0.98,0.89–0.98,0.11,0.1,0.11,0.1–0.11,46
Oklahoma City,OK,Single-family,"Single-family, 4,500 sq. ft.",1,4500,"Urban core (25,000/sq. mi.)",0.89,0.86,0.92,0.86–0.92,0.04,0.04,0.05,0.04–0.05,47
El Paso,TX,Single-family,"Single-family, 4,500 sq. ft.",1,4500,"Urban core (25,000/sq. mi.)",0.84,0.78,0.89,0.78–0.89,0.1,0.08,0.12,0.08–0.12,48
Phoenix,AZ,Single-family,"Single-family, 4,500 sq. ft.",1,4500,"Urban core (25,000/sq. mi.)",0.8,0.79,0.82,0.79–0.82,0.08,0.07,0.09,0.07–0.09,49
Louisville,KY,Single-family,"Single-family, 4,500 sq. ft.",1,4500,"Urban core (25,000/sq. mi.)",0.76,0.69,0.83,0.69–0.83,0.03,0.03,0.04,0.03–0.04,50
Mesa,AZ,Single-family,"Single-family, 4,500 sq. ft.",1,4500,"Urban core (25,000/sq. mi.)",0.71,0.67,0.74,0.67–0.74,0.16,0.14,0.18,0.14–0.18,51
Buffalo,NY,Single-family,"Single-family, 4,500 sq. ft.",1,4500,"Urban core (25,000/sq. mi.)",0.7,0.44,0.96,0.44–0.96,0.13,0.05,0.22,0.05–0.22,52
Wilmington,NC,Single-family,"Single-family, 4,500 sq. ft.",1,4500,"Urban core (25,000/sq. mi.)",0.69,0.64,0.74,0.64–0.74,0.01,0,0.01,0–0.01,53
Fort Worth,TX,Single-family,"Single-family, 4,500 sq. ft.",1,4500,"Urban core (25,000/sq. mi.)",0.68,0.66,0.69,0.66–0.69,0.09,0.08,0.09,0.08–0.09,54
Colorado Springs,CO,Single-family,"Single-family, 4,500 sq. ft.",1,4500,"Urban core (25,000/sq. mi.)",0.66,0.63,0.68,0.63–0.68,0.07,0.07,0.08,0.07–0.08,55
Baltimore,MD,Single-family,"Single-family, 4,500 sq. ft.",1,4500,"Urban core (25,000/sq. mi.)",0.59,0.45,0.74,0.45–0.74,0.28,0.18,0.38,0.18–0.38,56
Indianapolis,IN,Single-family,"Single-family, 4,500 sq. ft.",1,4500,"Urban core (25,000/sq. mi.)",0.57,0.52,0.62,0.52–0.62,0.02,0.01,0.03,0.01–0.03,57
